sep=|
- - 2022 AADT Report for Town of Appalachia - -
LINKID|SEQUENCENUMBER|RTE_NM|RTE_NM_2|RTE_NM_3|RTE_NM_4|Host RTE_NM|Route Label|Street Name|Physical Jurisdiction|Physical Jurisdiciton Name|Maintenance Jurisdiction|Maintenance Jurisdiciton Name|    Start Label|Start Node|Start Node Route Sequence|Star tOffset|Start Milepoint|    End Label|End Node|End Node Route Sequence|End Offset|End Milepoint|    VPDDate|AADT|AADT Quality|Passenger Vehicle|Bus|Truck 2 Axle|Truck 3 Axle|Truck 1 Trailer|Truck 2 Trailer|Class Quality|K Factor|K Factor Quality|Direction Factor|AAWDT|AAWDT Quality|AADT Dir|AADT Quality Dir|PassengerVehicle Dir|Bus Dir|Truck 2 Axle Dir|Truck 3 Axle Dir|Truck 1 Trailer Dir|Truck 2 Trailer Dir|Class Quality Dir|K Factor Dir|K Factor Quality Dir|Direction Factor Dir|AAWDT Dir|AAWDT Quality Dir
010122|0|R-VA   SR00068EB||||R-VA   SR00068EB|VA 68|Exeter Rd|164|Town of Appalachia|097|Wise County|    Jurisdiction Boundary: 097 Wise County|1276837|0|0|5.84|    | 661690|0|0|6.13|    01/01/2022|925|G|97|1|1|0|1|0|C|.101|6 |.67|916|G||||||||||||||
010027|0|R-VA   SR00078NB||||R-VA   SR00078NB|VA 78|Callahan Ave|164|Town of Appalachia|097|Wise County|    Bus US 23, ALT US 58| 661953|0|0|0|    Physical Jurisdiction Boundary: 164 Town of Appalachia / 097 Wise County| 662051|0|0|1.39|    01/01/2022|2377|G|92|0|1|0|6|0|C|.098|6 |.5|2594|G||||||||||||||
010429|0|R-VA   SR00160EB||||R-VA   SR00160EB|VA 160|Trail of the Lonesome Pine|164|Town of Appalachia|097|Wise County|    Jurisdiction Boundary: 097 Wise County| 662057|0|0|6.31|    Physical Jurisdiction Boundary: 097 Wise County / 164 Town of Appalachia| 662031|0|0|8.02|    01/01/2022|219|G|91|0|1|2|5|0|C|.124|6 |1|217|G||||||||||||||
606210|0|R-VA   US00023NBBUS004||||R-VA   US00023NBBUS004|BUS US 23|E 5th St|164|Town of Appalachia|097|Wise County|    | 700612|0|0|3.57|    Physical Jurisdiction Boundary: 164 Town of Appalachia / 097 Wise County| 661951|0|0|5.51|    01/01/2022|6507|G|97|0|1|0|2|0|C|.084|6 |.52|7077|G||||||||||||||
777903|0|R-VA097SC00601NB||||R-VA097SC00601NB|97-601| |164|Town of Appalachia|097|Wise County|    Dead End| 661854|0|0|0|    SR 78| 661003|0|0|1.01|    08/09/2021|341|R|||||||X||24|||X||||||||||||||
777999|0|R-VA097SC00669EB||||R-VA097SC00669EB|97-669| |164|Town of Appalachia|097|Wise County|    97-601| 661004|0|0|0|    SR 78| 661255|0|0|.02|    08/09/2021|51|R|||||||X||24|||X||||||||||||||
778374|0|R-VA097SC01301EB||||R-VA097SC01301EB|97-1301| |164|Town of Appalachia|097|Wise County|    97-601| 661005|0|0|0|    97-1302| 661652|0|0|.05|    08/02/2021|103|R|||||||X||24|||X||||||||||||||
778375|0|R-VA097SC01302NB||||R-VA097SC01302NB|97-1302| |164|Town of Appalachia|097|Wise County|    97-1303 Chestnut St| 661653|0|0|0|    97-1301| 661652|0|0|.15|    08/02/2021|97|R|||||||X||24|||X||||||||||||||
778376|0|R-VA097SC01303EB||||R-VA097SC01303EB|97-1303|Chestnut St|164|Town of Appalachia|097|Wise County|    97-601| 661006|0|0|0|    97-1302| 661653|0|0|.06|    08/02/2021|152|R|||||||X||24|||X||||||||||||||
778377|0|R-VA097SC01304NB||||R-VA097SC01304NB|97-1304|Bell Ave|164|Town of Appalachia|097|Wise County|    US 23| 661654|0|0|0|    97-1305 Henry St| 661655|0|0|.08|    08/02/2021|302|R|||||||X||24|||X||||||||||||||
778378|0|R-VA097SC01304NB||||R-VA097SC01304NB|97-1304|Bell Ave|164|Town of Appalachia|097|Wise County|    97-1305 Henry St| 661655|0|0|.08|    97-1333 Richmond St| 661657|0|0|.15|    08/02/2021|187|R|||||||X||24|||X||||||||||||||
778379|0|R-VA097SC01305EB||||R-VA097SC01305EB|97-1305|Henry St|164|Town of Appalachia|097|Wise County|    Dead End| 661658|0|0|0|    97-1304 Bell Ave| 661655|0|0|.4|    10/30/2021|155|T|||||||X||24|||X||||||||||||||
778380|0|R-VA097SC01306EB||||R-VA097SC01306EB|97-1306|Oak St|164|Town of Appalachia|097|Wise County|    US 23| 661659|0|0|0|    Dead End| 661660|0|0|.15|    10/30/2021|70|T|||||||X||24|||X||||||||||||||
778381|0|R-VA097SC01307NB||||R-VA097SC01307NB|97-1307|Railroad Ave|164|Town of Appalachia|097|Wise County|    Bus US 23| 661952|0|0|0|    Dead End| 661855|0|0|.36|    10/30/2021|390|T|||||||X||24|||X||||||||||||||
778382|0|R-VA097SC01308EB||||R-VA097SC01308EB|97-1308|Depot St|164|Town of Appalachia|097|Wise County|    SR 78| 661662|0|0|0|    Dead End| 661664|0|0|.07|    10/30/2021|589|T|||||||X||24|||X||||||||||||||
778383|0|R-VA097SC01309NB||||R-VA097SC01309NB|97-1309|Kilbourne Ave|164|Town of Appalachia|097|Wise County|    97-1310 Brown St| 661667|0|0|0|    97-1312 River St| 661665|0|0|.13|    08/13/2021|488|R|||||||X||24|||X||||||||||||||
778384|0|R-VA097SC01309NB||||R-VA097SC01309NB|97-1309|Kilbourne Ave|164|Town of Appalachia|097|Wise County|    97-1312 River St| 661665|0|0|.13|    97-1308 Depot St| 661663|0|0|.2|    08/02/2021|1041|R|||||||X||24|||X||||||||||||||
778385|0|R-VA097SC01310EB||||R-VA097SC01310EB|97-1310|Brown St|164|Town of Appalachia|097|Wise County|    97-1319 Powell St; Spruce St| 661668|0|0|0|    97-1315 Blondell Ave| 661669|0|0|.31|    08/02/2021|378|R|||||||X||24|||X||||||||||||||
778386|0|R-VA097SC01310EB||||R-VA097SC01310EB|97-1310|Brown St|164|Town of Appalachia|097|Wise County|    97-1315 Blondell Ave| 661669|0|0|.31|    97-1313 Dixon St| 661670|0|0|.36|    08/02/2021|229|R|||||||X||24|||X||||||||||||||
778387|0|R-VA097SC01311EB||||R-VA097SC01311EB|97-1311|Cornett St|164|Town of Appalachia|097|Wise County|    97-1309 Kilbourne Ave| 661666|0|0|0|    97-1315 Blondell Ave| 661671|0|0|.05|    08/02/2021|131|R|||||||X||24|||X||||||||||||||
778388|0|R-VA097SC01311EB||||R-VA097SC01311EB|97-1311|Cornett St|164|Town of Appalachia|097|Wise County|    97-1315 Blondell Ave| 661671|0|0|.05|    97-1313 Dixon St| 661672|0|0|.1|    08/02/2021|40|R|||||||X||24|||X||||||||||||||
778389|0|R-VA097SC01312EB||||R-VA097SC01312EB|97-1312|River St|164|Town of Appalachia|097|Wise County|    97-1309 Kilbourne Ave| 661665|0|0|0|    97-1315 Blondell Ave| 661673|0|0|.05|    08/02/2021|460|R|||||||X||24|||X||||||||||||||
778390|0|R-VA097SC01313NB||||R-VA097SC01313NB|97-1313|Dixon St|164|Town of Appalachia|097|Wise County|    97-1317 Wilson St| 661675|0|0|0|    97-1311 Cornett St| 661672|0|0|.17|    08/02/2021|61|R|||||||X||24|||X||||||||||||||
778391|0|R-VA097SC01314EB||||R-VA097SC01314EB|97-1314|Templeton St|164|Town of Appalachia|097|Wise County|    Dead End| 661677|0|0|0|    97-1313 Dixon St| 661674|0|0|.22|    10/30/2021|90|T|||||||X||24|||X||||||||||||||
778392|0|R-VA097SC01315NB||||R-VA097SC01315NB|97-1315|Blondell Ave|164|Town of Appalachia|097|Wise County|    97-1316 Harding St| 661679|0|0|0|    97-1312 River St| 661673|0|0|.26|    08/02/2021|321|R|||||||X||24|||X||||||||||||||
778393|0|R-VA097SC01316EB||||R-VA097SC01316EB|97-1316|Harding St|164|Town of Appalachia|097|Wise County|    Dead End| 661680|0|0|0|    97-1315 Blondell Ave| 661679|0|0|.11|    10/30/2021|97|T|||||||X||24|||X||||||||||||||
778394|0|R-VA097SC01317EB||||R-VA097SC01317EB|97-1317|Wilson St|164|Town of Appalachia|097|Wise County|    97-1315 Blondell Ave| 661678|0|0|0|    97-1313 Dixon St| 661675|0|0|.1|    08/02/2021|12|R|||||||X||24|||X||||||||||||||
778395|0|R-VA097SC01319NB||||R-VA097SC01319NB|97-1319|Spruce St|164|Town of Appalachia|097|Wise County|    Dead End| 661687|0|0|0|    97-1321 Inman St| 661686|0|0|.05|    10/30/2021|100|T|||||||X||24|||X||||||||||||||
778396|0|R-VA097SC01319NB||||R-VA097SC01319NB|97-1319|Spruce St|164|Town of Appalachia|097|Wise County|    97-1321 Inman St| 661686|0|0|.05|    97-1310 Brown St| 661668|0|0|.3|    08/04/2021|900|R|||||||X||24|||X||||||||||||||
778397|0|R-VA097SC01319NB||||R-VA097SC01319NB|97-1319|Powell St|164|Town of Appalachia|097|Wise County|    97-1310 Brown St| 661668|0|0|.3|    97-1328 Pine St| 661682|0|0|.46|    08/04/2021|390|R|||||||X||24|||X||||||||||||||
778398|0|R-VA097SC01319NB||||R-VA097SC01319NB|97-1319|Railroad Dr|164|Town of Appalachia|097|Wise County|    97-1328 Pine St| 661682|0|0|.46|    SR 78| 661681|0|0|.5|    08/04/2021|341|R|||||||X||24|||X||||||||||||||
778399|0|R-VA097SC01320NB||||R-VA097SC01320NB|97-1320|Spruce St|164|Town of Appalachia|097|Wise County|    Dead End| 661689|0|0|0|    US 23| 661688|0|0|.02|    10/30/2021|100|T|||||||X||24|||X||||||||||||||
778400|0|R-VA097SC01321EB||||R-VA097SC01321EB|97-1321|Inman St|164|Town of Appalachia|097|Wise County|    Bus US 23| 661690|0|0|0|    97-1319 Spruce St| 661686|0|0|.15|    08/04/2021|660|R|||||||X||24|||X||||||||||||||
778401|0|R-VA097SC01322EB||||R-VA097SC01322EB|97-1322|Roberts St|164|Town of Appalachia|097|Wise County|    97-1319 Spruce St| 661685|0|0|0|    Dead End| 661856|0|0|.29|    10/30/2021|430|T|||||||X||24|||X||||||||||||||
778402|0|R-VA097SC01323EB||||R-VA097SC01323EB|97-1323|Carroll St|164|Town of Appalachia|097|Wise County|    97-1319 Spruce St| 661684|0|0|0|    97-1326 Fifth St| 661692|0|0|.05|    08/04/2021|157|R|||||||X||24|||X||||||||||||||
778403|0|R-VA097SC01324EB||||R-VA097SC01324EB|97-1324|Edmond St|164|Town of Appalachia|097|Wise County|    97-1325 Wise St| 661693|0|0|0|    97-1326 Fifth St| 661694|0|0|.1|    08/04/2021|140|R|||||||X||24|||X||||||||||||||
778404|0|R-VA097SC01325NB||||R-VA097SC01325NB|97-1325|Wise St|164|Town of Appalachia|097|Wise County|    Dead End| 661695|0|0|0|    97-1324 Edmond St| 661693|0|0|.09|    10/30/2021|90|T|||||||X||24|||X||||||||||||||
778405|0|R-VA097SC01326NB||||R-VA097SC01326NB|97-1326|Fifth St|164|Town of Appalachia|097|Wise County|    0.08 MW 97-1327| 661857|0|0|0|    Dead End| 661697|0|0|.54|    08/04/2021|58|R|||||||X||24|||X||||||||||||||
778406|0|R-VA097SC01327EB||||R-VA097SC01327EB|97-1327|Sixth St|164|Town of Appalachia|097|Wise County|    97-1326 Fifth St|1200495|0|0|0|    Dead End| 661698|0|0|.04|    10/30/2021|45|T|||||||X||24|||X||||||||||||||
778407|0|R-VA097SC01328NB||||R-VA097SC01328NB|97-1328|Pine St|164|Town of Appalachia|097|Wise County|    97-1319 Railroad Dr; Powell St| 661682|0|0|0|    US 23| 661699|0|0|.02|    08/04/2021|202|R|||||||X||24|||X||||||||||||||
778408|0|R-VA097SC01329NB||||R-VA097SC01329NB|97-1329|Kentucky Ave|164|Town of Appalachia|097|Wise County|    US 23| 661700|0|0|0|    97-1330 Mouser St| 661701|0|0|.1|    08/04/2021|404|R|||||||X||24|||X||||||||||||||
778409|0|R-VA097SC01330EB||||R-VA097SC01330EB|97-1330|Mouser St|164|Town of Appalachia|097|Wise County|    97-601| 661007|0|0|0|    97-1329 Kentucky Ave| 661701|0|0|.04|    08/16/2021|341|R|||||||X||24|||X||||||||||||||
778410|0|R-VA097SC01330EB||||R-VA097SC01330EB|97-1330| |164|Town of Appalachia|097|Wise County|    97-1329 Kentucky Ave| 661701|0|0|.04|    US 23| 661702|0|0|.33|    08/16/2021|89|R|||||||X||24|||X||||||||||||||
778411|0|R-VA097SC01332NB||||R-VA097SC01332NB|97-1332|Lee St|164|Town of Appalachia|097|Wise County|    Bus US 23| 661703|0|0|0|    97-1333 Richmond St| 661704|0|0|.15|    08/16/2021|602|R|||||||X||24|||X||||||||||||||
778412|0|R-VA097SC01333EB||||R-VA097SC01333EB|97-1333|Richmond St|164|Town of Appalachia|097|Wise County|    97-1304 Bell Ave| 661657|0|0|0|    97-1332 Lee St| 661704|0|0|.06|    08/16/2021|44|R|||||||X||24|||X||||||||||||||
778413|0|R-VA097SC01334EB||||R-VA097SC01334EB|97-1334|Richmond St|164|Town of Appalachia|097|Wise County|    Dead End| 661858|0|0|0|    97-1304 Bell Ave| 661656|0|0|.09|    10/30/2021|30|T|||||||X||24|||X||||||||||||||
778456|0|R-VA097SC09677EB||||R-VA097SC09677EB|97-9677|W River Rd|164|Town of Appalachia|097|Wise County|    Appalachia Elementary Sch| 661740|0|0|0|    97-1321 Inman St| 661739|0|0|.05|    08/23/2021|428|R|||||||X||24|||X||||||||||||||
778460|0|R-VA097SC09779EB||||R-VA097SC09779EB|97-9779| |164|Town of Appalachia|097|Wise County|    Appalachia High School| 661748|0|0|0|    US 23|1209150|0|0|.29|    08/23/2021|21|R|||||||X||24|||X||||||||||||||
