sep=|
- - 2022 AADT Report for Town of Stony Creek - -
LINKID|SEQUENCENUMBER|RTE_NM|RTE_NM_2|RTE_NM_3|RTE_NM_4|Host RTE_NM|Route Label|Street Name|Physical Jurisdiction|Physical Jurisdiciton Name|Maintenance Jurisdiction|Maintenance Jurisdiciton Name|    Start Label|Start Node|Start Node Route Sequence|Star tOffset|Start Milepoint|    End Label|End Node|End Node Route Sequence|End Offset|End Milepoint|    VPDDate|AADT|AADT Quality|Passenger Vehicle|Bus|Truck 2 Axle|Truck 3 Axle|Truck 1 Trailer|Truck 2 Trailer|Class Quality|K Factor|K Factor Quality|Direction Factor|AAWDT|AAWDT Quality|AADT Dir|AADT Quality Dir|PassengerVehicle Dir|Bus Dir|Truck 2 Axle Dir|Truck 3 Axle Dir|Truck 1 Trailer Dir|Truck 2 Trailer Dir|Class Quality Dir|K Factor Dir|K Factor Quality Dir|Direction Factor Dir|AAWDT Dir|AAWDT Quality Dir
050375|0|R-VA   IS00095NB||||R-VA   IS00095NB|I-95| |305|Town of Stony Creek|091|Sussex County|    | 631501|0|0|31.14|    Physical Jurisdiction Boundary: 305 Town of Stony Creek / 091 Sussex County| 631502|0|0|31.23|    01/01/2022|39701|A|83|1|1|1|14|0|F|.119|1 |.53|35337|A|19937|A|83|1|1|1|15|0|F|.13|1 |1|17752|A
050370|0|R-VA   SR00040EB||||R-VA   SR00040EB|VA 40|Sussex Dr|305|Town of Stony Creek|091|Sussex County|    | 631208|0|0|195.86|    Physical Jurisdiction Boundary: 091 Sussex County / 305 Town of Stony Creek| 631478|0|0|196.34|    01/01/2022|2637|G|85|1|2|2|8|0|F|.084|6 |.56|2575|G||||||||||||||
050369|0|R-VA   SR00040EB||||R-VA   SR00040EB|VA 40|Sussex Dr|305|Town of Stony Creek|091|Sussex County|    US 301 Blue Star Hwy| 631478|0|0|196.34|    I-95| 631477|0|0|196.42|    01/01/2022|4082|G|85|1|2|2|8|0|C|.08|6 |.56|4031|G||||||||||||||
050368|0|R-VA   SR00040EB||||R-VA   SR00040EB|VA 40|Sussex Dr|305|Town of Stony Creek|091|Sussex County|    I-95| 631477|0|0|196.42|    Physical Jurisdiction Boundary: 305 Town of Stony Creek / 091 Sussex County| 631476|0|0|196.58|    01/01/2022|2375|G|82|1|2|2|11|0|C|.087|6 |.54|2319|G||||||||||||||
050371|0|R-VA   SR00040EBBUS001||||R-VA   SR00040EBBUS001|BUS VA 40|Lee Ave|305|Town of Stony Creek|091|Sussex County|    Jurisdiction Boundary: 091 Sussex County| 631483|0|0|.37|    US 301 Blue Star Hwy| 631481|0|0|1.11|    01/01/2022|216|G|99|0|0|0|0|0|C|.13|6 |.59|211|G||||||||||||||
050451|0|R-VA   US00301NB||||R-VA   US00301NB|US 301|Blue Star Hwy|305|Town of Stony Creek|091|Sussex County|    | 631486|0|0|30.79|    BUS SR 40| 631481|0|0|31.01|    01/01/2022|3157|G|89|1|2|1|6|0|C|.092|6 |.6|3080|G||||||||||||||
050377|0|R-VA   US00301NB||||R-VA   US00301NB|US 301|Blue Star Hwy|305|Town of Stony Creek|091|Sussex County|    BUS SR 40| 631481|0|0|31.01|    Physical Jurisdiction Boundary: 305 Town of Stony Creek / 091 Sussex County| 631485|0|0|31.03|    01/01/2022|2189|G|90|1|1|1|6|0|C|.102|6 |.53|2134|G||||||||||||||
300365|0|R-VA091SC00657NB||||R-VA091SC00657NB|91-657|Palestine Rd|305|Town of Stony Creek|091|Sussex County|    Jurisdiction Boundary: 091 Sussex County| 631209|0|0|3.619|    Bus SR 40 WEST| 631211|0|0|3.81|    01/01/2022|216|G|99|0|1|0|0|0|C|.107|6 |.52|213|G||||||||||||||
300366|0|R-VA091SC00657NB||||R-VA091SC00657NB|91-657|Main St|305|Town of Stony Creek|091|Sussex County|    Bus SR 40 EAST| 631414|0|0|3.86|    91-658 Flatfoot Rd; Halifax Rd| 631212|0|0|4.031|    01/01/2022|531|G|95|1|2|0|1|0|C|.14|6 |.5|524|G||||||||||||||
300367|0|R-VA091SC00657NB||||R-VA091SC00657NB|91-657|Main St|305|Town of Stony Creek|091|Sussex County|    91-658 Flatfoot Rd; Halifax Rd| 631212|0|0|4.031|    91-670 Cedar Rd| 631213|0|0|4.259|    01/01/2022|354|G|96|1|0|0|1|0|C|.109|6 |.51|349|G||||||||||||||
300368|0|R-VA091SC00657NB||||R-VA091SC00657NB|91-657|Main St|305|Town of Stony Creek|091|Sussex County|    91-670 Cedar Rd| 631213|0|0|4.259|    Physical Jurisdiction Boundary: 305 Town of Stony Creek / 091 Sussex County| 631214|0|0|4.577|    01/01/2022|293|G|96|1|1|1|1|0|C|.117|6 |.58|289|G||||||||||||||
775425|0|R-VA091SC00658EB||||R-VA091SC00658EB|91-658| |305|Town of Stony Creek|091|Sussex County|    | 631217|0|0|1.435|    Bus SR 40| 631483|0|0|1.52|    07/17/2014|508|R|||||||X||24|||X||||||||||||||
775426|0|R-VA091SC00658EB||||R-VA091SC00658EB|91-658|Flatfoot Rd|305|Town of Stony Creek|091|Sussex County|    Bus SR 40| 631483|0|0|1.52|    91-703 Park Ave| 631219|0|0|1.6|    05/13/2014|233|R|||||||X||24|||X||||||||||||||
775427|0|R-VA091SC00658EB||||R-VA091SC00658EB|91-658|Flatfoot Rd|305|Town of Stony Creek|091|Sussex County|    91-703 Park Ave| 631219|0|0|1.6|    91-702 Owen Ave| 631220|0|0|1.75|    05/13/2014|148|R|||||||X||24|||X||||||||||||||
775428|0|R-VA091SC00658EB||||R-VA091SC00658EB|91-658|Flatfoot Rd|305|Town of Stony Creek|091|Sussex County|    91-702 Owen Ave| 631220|0|0|1.75|    91-657 Main St| 631212|0|0|1.9|    05/13/2014|410|R|||||||X||24|||X||||||||||||||
775429|0|R-VA091SC00658EB||||R-VA091SC00658EB|91-658|Halifax Rd|305|Town of Stony Creek|091|Sussex County|    91-657 Main St| 631212|0|0|1.9|    91-1203 Hartley St| 631221|0|0|1.95|    05/13/2014|660|R|||||||X||24|||X||||||||||||||
775430|0|R-VA091SC00658EB||||R-VA091SC00658EB|91-658|Halifax Rd|305|Town of Stony Creek|091|Sussex County|    91-1203 Hartley St| 631221|0|0|1.95|    91-668 Church St| 631222|0|0|2.01|    05/13/2014|522|R|||||||X||24|||X||||||||||||||
775431|0|R-VA091SC00658EB||||R-VA091SC00658EB|91-658|Halifax Rd|305|Town of Stony Creek|091|Sussex County|    91-668 Church St| 631222|0|0|2.01|    91-1201 May St| 631223|0|0|2.12|    05/13/2014|477|R|||||||X||24|||X||||||||||||||
775432|0|R-VA091SC00658EB||||R-VA091SC00658EB|91-658|Halifax Rd|305|Town of Stony Creek|091|Sussex County|    91-1201 May St| 631223|0|0|2.12|    91-1204 Confederate Ave| 631224|0|0|2.3|    05/13/2014|588|R|||||||X||24|||X||||||||||||||
775433|0|R-VA091SC00658EB||||R-VA091SC00658EB|91-658|Halifax Rd|305|Town of Stony Creek|091|Sussex County|    91-1204 Confederate Ave| 631224|0|0|2.3|    ECL Stony Creek| 631225|0|0|2.33|    05/13/2014|502|R|||||||X||24|||X||||||||||||||
775447|0|R-VA091SC00668NB||||R-VA091SC00668NB|91-668|Church St|305|Town of Stony Creek|091|Sussex County|    Bus SR 40| 631240|0|0|0|    91-669 S, Hardy St| 631415|0|0|.07|    05/13/2014|186|R|||||||X||24|||X||||||||||||||
775448|0|R-VA091SC00668NB||||R-VA091SC00668NB|91-668|Church St|305|Town of Stony Creek|091|Sussex County|    91-669 S, Hardy St| 631415|0|0|.07|    91-669 N, Hardy St| 631239|0|0|.08|    05/13/2014|62|R|||||||X||24|||X||||||||||||||
775449|0|R-VA091SC00668NB||||R-VA091SC00668NB|91-668|Church St|305|Town of Stony Creek|091|Sussex County|    91-669 N, Hardy St| 631239|0|0|.08|    91-658 Halifax Rd| 631222|0|0|.16|    05/13/2014|91|R|||||||X||24|||X||||||||||||||
775450|0|R-VA091SC00669NB||||R-VA091SC00669NB|91-669|Maplewood Ave|305|Town of Stony Creek|091|Sussex County|    Dead End| 631244|0|0|0|    Bus SR 40| 631243|0|0|.3|    05/13/2014|68|R|||||||X||24|||X||||||||||||||
775451|0|R-VA091SC00669NB||||R-VA091SC00669NB|91-669|Maplewood Ave|305|Town of Stony Creek|091|Sussex County|    Bus SR 40| 631243|0|0|.3|    91-1201 May St| 631242|0|0|.41|    05/13/2014|167|R|||||||X||24|||X||||||||||||||
775452|0|R-VA091SC00669NB||||R-VA091SC00669NB|91-669|Maplewood Ave|305|Town of Stony Creek|091|Sussex County|    91-1201 May St| 631242|0|0|.41|    91-668 S, Church St| 631415|0|0|.51|    05/13/2014|112|R|||||||X||24|||X||||||||||||||
775453|0|R-VA091SC00669NB||||R-VA091SC00669NB|91-669|Maplewood Ave|305|Town of Stony Creek|091|Sussex County|    91-668 N, Church St| 631239|0|0|.52|    91-1203 Hartley St| 631241|0|0|.58|    05/13/2014|56|R|||||||X||24|||X||||||||||||||
775454|0|R-VA091SC00670EB||||R-VA091SC00670EB|91-670|Cedar Rd|305|Town of Stony Creek|091|Sussex County|    91-657 Main St| 631213|0|0|0|    Physical Jurisdiction Boundary: 305 Town of Stony Creek / 091 Sussex County| 631245|0|0|.4|    05/13/2014|226|R|||||||X||24|||X||||||||||||||
775491|0|R-VA091SC00702NB||||R-VA091SC00702NB|91-702|Owen St|305|Town of Stony Creek|091|Sussex County|    Bus SR 40| 631280|0|0|0|    91-703 Park Ave| 631281|0|0|.07|    04/10/2014|242|R|||||||X||24|||X||||||||||||||
775492|0|R-VA091SC00702NB||||R-VA091SC00702NB|91-702|Owen St|305|Town of Stony Creek|091|Sussex County|    91-703 Park Ave| 631281|0|0|.07|    91-658 Flatfoot Rd| 631220|0|0|.17|    04/10/2014|176|R|||||||X||24|||X||||||||||||||
775493|0|R-VA091SC00703EB||||R-VA091SC00703EB|91-703|Park Ave|305|Town of Stony Creek|091|Sussex County|    91-658 Flatfoot Rd| 631219|0|0|0|    91-702 Owen St| 631281|0|0|.08|    04/10/2014|96|R|||||||X||24|||X||||||||||||||
775494|0|R-VA091SC00703EB||||R-VA091SC00703EB|91-703|Park Ave|305|Town of Stony Creek|091|Sussex County|    91-702 Owen St| 631281|0|0|.08|    Dead End| 631416|0|0|.12|    04/08/2014|54|R|||||||X||24|||X||||||||||||||
775633|0|R-VA091SC01201NB||||R-VA091SC01201NB|91-1201|May St|305|Town of Stony Creek|091|Sussex County|    91-669 Maplewood Ave| 631242|0|0|0|    91-658 Halifax Rd| 631223|0|0|.05|    10/14/2014|41|R|||||||X||24|||X||||||||||||||
775635|0|R-VA091SC01203NB||||R-VA091SC01203NB|91-1203|Hartley St|305|Town of Stony Creek|091|Sussex County|    Bus SR 40| 631367|0|0|0|    91-669 Maplewood Ave| 631241|0|0|.08|    10/14/2014|158|R|||||||X||24|||X||||||||||||||
775636|0|R-VA091SC01203NB||||R-VA091SC01203NB|91-1203|Hartley St|305|Town of Stony Creek|091|Sussex County|    91-669 Maplewood Ave| 631241|0|0|.08|    91-658 Halifax Rd| 631221|0|0|.18|    10/14/2014|145|R|||||||X||24|||X||||||||||||||
775637|0|R-VA091SC01204NB||||R-VA091SC01204NB|91-1204|Confederate Ave|305|Town of Stony Creek|091|Sussex County|    Bus SR 40| 631368|0|0|0|    91-1205 Peebles St| 631369|0|0|.07|    10/14/2014|82|R|||||||X||24|||X||||||||||||||
775638|0|R-VA091SC01204NB||||R-VA091SC01204NB|91-1204|Confederate Ave|305|Town of Stony Creek|091|Sussex County|    91-1205 Peebles St| 631369|0|0|.07|    91-658 Halifax Rd| 631224|0|0|.11|    10/14/2014|71|R|||||||X||24|||X||||||||||||||
775639|0|R-VA091SC01205EB||||R-VA091SC01205EB|91-1205|Peebles St|305|Town of Stony Creek|091|Sussex County|    Bus SR 40| 631370|0|0|0|    91-1204 Confederate Ave| 631369|0|0|.15|    10/14/2014|45|R|||||||X||24|||X||||||||||||||
775643|0|R-VA091SC01212EB||||R-VA091SC01212EB|91-1212| |305|Town of Stony Creek|091|Sussex County|    91-657 Main St| 631210|0|0|0|    Dead End| 631465|0|0|.12|    01/25/2017|3|R|||||||X||24|||X||||||||||||||
775657|0|R-VA091SC09875EB||||R-VA091SC09875EB|91-9875| |305|Town of Stony Creek|091|Sussex County|    91-1204 Confederate Ave| 631384|0|0|0|    Dead End| 631385|0|0|.05|    03/20/2014|137|R|||||||X||24|||X||||||||||||||
