sep=|
- - 2022 AADT Report for Town of Honaker - -
LINKID|SEQUENCENUMBER|RTE_NM|RTE_NM_2|RTE_NM_3|RTE_NM_4|Host RTE_NM|Route Label|Street Name|Physical Jurisdiction|Physical Jurisdiciton Name|Maintenance Jurisdiction|Maintenance Jurisdiciton Name|    Start Label|Start Node|Start Node Route Sequence|Star tOffset|Start Milepoint|    End Label|End Node|End Node Route Sequence|End Offset|End Milepoint|    VPDDate|AADT|AADT Quality|Passenger Vehicle|Bus|Truck 2 Axle|Truck 3 Axle|Truck 1 Trailer|Truck 2 Trailer|Class Quality|K Factor|K Factor Quality|Direction Factor|AAWDT|AAWDT Quality|AADT Dir|AADT Quality Dir|PassengerVehicle Dir|Bus Dir|Truck 2 Axle Dir|Truck 3 Axle Dir|Truck 1 Trailer Dir|Truck 2 Trailer Dir|Class Quality Dir|K Factor Dir|K Factor Quality Dir|Direction Factor Dir|AAWDT Dir|AAWDT Quality Dir
010285|0|R-VA   SR00067EB||||R-VA   SR00067EB|VA 67|Swords Creek Rd|239|Town of Honaker|083|Russell County|    SR 80 Honnaker Rd| 591796|0|0|0|    Physical Jurisdiction Boundary: 239 Town of Honaker / 083 Russell County|1280082|0|0|.31|    01/01/2022|2647|G|93|1|1|3|3|0|C|.092|6 |.5|2610|G||||||||||||||
769168|0|R-VA083SC00637EB||||R-VA083SC00637EB|83-637||239|Town of Honaker|083|Russell County|    Dead End| 591806|0|0|1.04|    SR 80 S, Rosebud Hwy| 591776|0|0|1.98|    05/05/2015|894|R|||||||X||24|||X||||||||||||||
405608|0|R-VA083SC00637EB||||R-VA083SC00637EB|83-637|Putnam Rd & Drill Rd|239|Town of Honaker|083|Russell County|    ECL Honaker| 591776|0|0|1.98|    83-624 Drill Rd| 591134|0|0|3.19|    01/01/2022|2007|G|94|0|0|1|4|0|C|.093|6 |.58|2079|G||||||||||||||
405609|0|R-VA083SC00637EB||||R-VA083SC00637EB|83-637|Wysor Valley Rd|239|Town of Honaker|083|Russell County|    83-624 Drill Rd| 591134|0|0|3.19|    SR 67 N, Swords Creek Rd| 591165|0|0|5.43|    01/01/2022|365|G|95|0|1|5|0|0|C|.115|6 |.59|360|G||||||||||||||
769169|0|R-VA083SC00637EB||||R-VA083SC00637EB|83-637|Gardner Rd|239|Town of Honaker|083|Russell County|    SR 67 N, Swords Creek Rd| 591165|0|0|5.43|    SR 67 MID| 591163|0|0|6.48|    03/19/2015|93|R|||||||X||24|||X||||||||||||||
769193|0|R-VA083SC00645EB||||R-VA083SC00645EB|83-645|Heritage Dr|239|Town of Honaker|083|Russell County|    |1215078|0|0|19.08|    83-1101 Railroad Ave| 591204|0|0|19.13|    01/01/2022|672|G|98|1|0|0|0|0|C|.102|6 |.59|672|G||||||||||||||
769213|0|R-VA083SC00653NB||||R-VA083SC00653NB|83-653|Lewis Creek Rd|239|Town of Honaker|083|Russell County|    SCL Honaker| 591231|0|0|1.23|    | 591205|0|0|1.421|    01/01/2022|226|G|98|0|0|0|0|0|C|.115|6 |.55|234|G||||||||||||||
769315|0|R-VA083SC00706EB||||R-VA083SC00706EB|83-706|Fairmont St|239|Town of Honaker|083|Russell County|    SR 80 Redbud Hwy| 591355|0|0|0|    83-707 Fairmont St| 591356|0|0|.04|    04/21/2015|453|R|||||||X||24|||X||||||||||||||
769316|0|R-VA083SC00706EB||||R-VA083SC00706EB|83-706|Fairmont St|239|Town of Honaker|083|Russell County|    83-707 Fairmont St| 591356|0|0|.04|    83-1102 Wallace St| 591357|0|0|.07|    04/21/2015|1125|R|||||||X||24|||X||||||||||||||
769317|0|R-VA083SC00706EB||||R-VA083SC00706EB|83-706|Fairmont St|239|Town of Honaker|083|Russell County|    83-1102 Wallace St| 591357|0|0|.07|    83-1103 Maple St| 591358|0|0|.12|    04/21/2015|292|R|||||||X||24|||X||||||||||||||
769318|0|R-VA083SC00707NB||||R-VA083SC00707NB|83-707|Fairmont St|239|Town of Honaker|083|Russell County|    SR 80 Redbud Hwy| 591359|0|0|0|    83-706 Fairmont St| 591356|0|0|.03|    04/21/2015|782|R|||||||X||24|||X||||||||||||||
769320|0|R-VA083SC00709NB||||R-VA083SC00709NB|83-709|Factory Rd|239|Town of Honaker|083|Russell County|    Dead End| 591361|0|0|0|    83-637 Putman Rd|1215807|0|0|.21|    04/07/2015|347|R|||||||X||24|||X||||||||||||||
769329|0|R-VA083SC00716NB||||R-VA083SC00716NB|83-716|Coxtown Rd|239|Town of Honaker|083|Russell County|    83-653, SCL Honaker| 591231|0|0|.36|    SR 80 Redbud Hwy| 591371|0|0|.77|    01/01/2022|1285|G|97|0|1|1|1|0|C|.091|6 |.61|1332|G||||||||||||||
405606|0|R-VA083SC00943NB||||R-VA083SC00943NB|83-943||239|Town of Honaker|083|Russell County|    SR 80 N, Redbud Hwy| 591173|0|0|0|    83-1102 Elm St| 591171|0|0|.22|    01/01/2021|498|G|||||||X|.106|6 |.56||X||||||||||||||
405607|0|R-VA083SC00943NB||||R-VA083SC00943NB|83-943|Putnam Rd|239|Town of Honaker|083|Russell County|    83-1102 Elm St| 591171|0|0|.22|    ECL Honaker|1215853|0|0|.65|    01/01/2022|566|G|98|1|1|0|0|0|C|.098|6 |.59|587|G||||||||||||||
769572|0|R-VA083SC01101NB||||R-VA083SC01101NB|83-1101|Railroad Ave|239|Town of Honaker|083|Russell County|    SR 80; 83-645|1215078|0|0|0|    83-637 Thomasson Creek Rd| 591174|0|0|.42|    05/05/2015|618|R|||||||X||24|||X||||||||||||||
769573|0|R-VA083SC01102NB||||R-VA083SC01102NB|83-1102|Elm St|239|Town of Honaker|083|Russell County|    83-637 Putnam Rd| 591171|0|0|0|    83-706 Fairmont St| 591357|0|0|.2|    04/07/2015|536|R|||||||X||24|||X||||||||||||||
769574|0|R-VA083SC01103NB||||R-VA083SC01103NB|83-1103|Walnut St|239|Town of Honaker|083|Russell County|    83-706 Fairmont St| 591358|0|0|0|    83-1105 Dogwood St| 591555|0|0|.08|    04/07/2015|227|R|||||||X||24|||X||||||||||||||
769575|0|R-VA083SC01103NB||||R-VA083SC01103NB|83-1103|Walnut St|239|Town of Honaker|083|Russell County|    83-1105 Dogwood St| 591555|0|0|.08|    83-1104 Crestwood St| 591554|0|0|.16|    04/07/2015|174|R|||||||X||24|||X||||||||||||||
769576|0|R-VA083SC01103NB||||R-VA083SC01103NB|83-1103|Walnut St|239|Town of Honaker|083|Russell County|    83-1104 Crestwood St| 591554|0|0|.16|    83-637 Putman Rd| 591170|0|0|.2|    04/07/2015|118|R|||||||X||24|||X||||||||||||||
769577|0|R-VA083SC01104EB||||R-VA083SC01104EB|83-1104|Crestwood St|239|Town of Honaker|083|Russell County|    83-1103 Maple St| 591554|0|0|0|    83-1109 Skyline Dr| 591556|0|0|.06|    04/21/2015|137|R|||||||X||24|||X||||||||||||||
769578|0|R-VA083SC01104EB||||R-VA083SC01104EB|83-1104|Fairview St|239|Town of Honaker|083|Russell County|    83-1109 Skyline Dr| 591556|0|0|.06|    83-1105 Dogwood St| 591557|0|0|.22|    04/21/2015|35|R|||||||X||24|||X||||||||||||||
769579|0|R-VA083SC01105EB||||R-VA083SC01105EB|83-1105|Dogwood St|239|Town of Honaker|083|Russell County|    83-1103 Maple St| 591555|0|0|0|    83-1109 Skyline Dr| 591558|0|0|.05|    04/21/2015|209|R|||||||X||24|||X||||||||||||||
769580|0|R-VA083SC01105EB||||R-VA083SC01105EB|83-1105|Dogwood St|239|Town of Honaker|083|Russell County|    83-1109 Skyline Dr| 591558|0|0|.05|    83-1104 Fairview St| 591557|0|0|.15|    04/21/2015|81|R|||||||X||24|||X||||||||||||||
769581|0|R-VA083SC01106NB||||R-VA083SC01106NB|83-1106|Mountain View Circle|239|Town of Honaker|083|Russell County|    SR 80 S, Redbud Hwy| 591561|0|0|0|    NCL Honaker| 591560|0|0|.2|    04/21/2015|72|R|||||||X||24|||X||||||||||||||
769584|0|R-VA083SC01108NB||||R-VA083SC01108NB|83-1108|Maplewood Dr|239|Town of Honaker|083|Russell County|    Dead End| 591772|0|0|0|    83-637 Putnam Rd| 591172|0|0|.15|    04/21/2015|97|R|||||||X||24|||X||||||||||||||
769585|0|R-VA083SC01109NB||||R-VA083SC01109NB|83-1109|Skyline Dr|239|Town of Honaker|083|Russell County|    83-1105 Dogwood St| 591558|0|0|0|    83-1104 Fairview St; Crestwood St| 591556|0|0|.09|    04/21/2015|24|R|||||||X||24|||X||||||||||||||
793410|0|R-VA083SC01119EB||||R-VA083SC01119EB|83-1119|Yellow Finch Lane|239|Town of Honaker|083|Russell County|    83-709 Factory Rd| 744424|0|0|0|    Dead End| 744425|0|0|.05|    02/24/2015|45|T|||||||X||24|||X||||||||||||||
769587|0|R-VA083SC01120NB||||R-VA083SC01120NB|83-1120|Green Acres Rd|239|Town of Honaker|083|Russell County|    Dead End| 731329|0|0|0|    SR 80 Redbud Hwy| 591566|0|0|.95|    03/31/2015|419|R|||||||X||24|||X||||||||||||||
769617|0|R-VA083SC09377NB||||R-VA083SC09377NB|83-9377|Honaker High School|239|Town of Honaker|083|Russell County|    83-637 Putnam Rd| 591591|0|0|0|    Honaker High Sch| 591592|0|0|.1|    05/05/2015|421|R|||||||X||24|||X||||||||||||||
