sep=|
- - 2022 AADT Report for Town of Iron Gate - -
LINKID|SEQUENCENUMBER|RTE_NM|RTE_NM_2|RTE_NM_3|RTE_NM_4|Host RTE_NM|Route Label|Street Name|Physical Jurisdiction|Physical Jurisdiciton Name|Maintenance Jurisdiction|Maintenance Jurisdiciton Name|    Start Label|Start Node|Start Node Route Sequence|Star tOffset|Start Milepoint|    End Label|End Node|End Node Route Sequence|End Offset|End Milepoint|    VPDDate|AADT|AADT Quality|Passenger Vehicle|Bus|Truck 2 Axle|Truck 3 Axle|Truck 1 Trailer|Truck 2 Trailer|Class Quality|K Factor|K Factor Quality|Direction Factor|AAWDT|AAWDT Quality|AADT Dir|AADT Quality Dir|PassengerVehicle Dir|Bus Dir|Truck 2 Axle Dir|Truck 3 Axle Dir|Truck 1 Trailer Dir|Truck 2 Trailer Dir|Class Quality Dir|K Factor Dir|K Factor Quality Dir|Direction Factor Dir|AAWDT Dir|AAWDT Quality Dir
080278|0|R-VA   SR00042NB|R-VA   US00220NB|||R-VA   US00220NB|US 220, VA 42|Market Ave|241|Town of Iron Gate|003|Alleghany County|    Botetourt County Line|  50298|0|0|147.86|    Physical Jurisdiction Boundary: 241 Town of Iron Gate / 003 Alleghany County| 115649|0|0|148.74|    01/01/2022|6362|G|93|1|1|1|4|0|F|.078|6 |.54|6902|G||||||||||||||
080278|0|R-VA   US00220NB|R-VA   SR00042NB|||R-VA   US00220NB|US 220, VA 42|Market Ave|241|Town of Iron Gate|003|Alleghany County|    Botetourt County Line|  50298|0|0|109.15|    Physical Jurisdiction Boundary: 241 Town of Iron Gate / 003 Alleghany County| 115649|0|0|110.03|    01/01/2022|6362|G|93|1|1|1|4|0|F|.078|6 |.54|6902|G||||||||||||||
702465|0|R-VA003SC00701NB||||R-VA003SC00701NB|03-701|Earnest Ave|241|Town of Iron Gate|003|Alleghany County|    WCL Irongate| 115245|0|0|.16|    US 220 Market Ave| 115244|0|0|.5|    01/01/2022|990|G|99|0|0|0|0|0|C|.094|6 |.51|990|G||||||||||||||
702690|0|R-VA003SC01701EB||||R-VA003SC01701EB|03-1701|Earnest Ave|241|Town of Iron Gate|003|Alleghany County|    03-1706 Commerce Ave| 115384|0|0|0|    03-1711 Railroad Ave| 115385|0|0|.05|    05/18/2020|67|R|||||||X||24|||X||||||||||||||
702691|0|R-VA003SC01702EB||||R-VA003SC01702EB|03-1702|Fourth St|241|Town of Iron Gate|003|Alleghany County|    03-1708 Seventh St| 115386|0|0|0|    US 220 Market Ave| 115387|0|0|.06|    03/17/2011|35|R|||||||X||24|||X||||||||||||||
702692|0|R-VA003SC01702EB||||R-VA003SC01702EB|03-1702|Fourth St|241|Town of Iron Gate|003|Alleghany County|    US 220 Market Ave| 115387|0|0|.06|    03-1706 Commerce Ave| 115388|0|0|.12|    05/18/2020|109|R|||||||X||24|||X||||||||||||||
702693|0|R-VA003SC01702EB||||R-VA003SC01702EB|03-1702|Fourth St|241|Town of Iron Gate|003|Alleghany County|    03-1706 Commerce St| 115388|0|0|.12|    03-1711 Railroad Ave| 115389|0|0|.17|    06/16/2014|93|R|||||||X||24|||X||||||||||||||
702694|0|R-VA003SC01703EB||||R-VA003SC01703EB|03-1703|Fifth St|241|Town of Iron Gate|003|Alleghany County|    03-1708 Chaylbeate; Riverview| 115390|0|0|0|    US 220 Market Ave| 115391|0|0|.05|    05/18/2020|62|R|||||||X||24|||X||||||||||||||
702695|0|R-VA003SC01703EB||||R-VA003SC01703EB|03-1703|Fifth St|241|Town of Iron Gate|003|Alleghany County|    US 220 Market Ave| 115391|0|0|.05|    03-1706 Commerce Ave| 115392|0|0|.11|    03/22/2011|170|R|||||||X||24|||X||||||||||||||
702696|0|R-VA003SC01703EB||||R-VA003SC01703EB|03-1703|Fifth St|241|Town of Iron Gate|003|Alleghany County|    03-1706 Commerce Ave| 115392|0|0|.11|    03-1711 Railroad Ave| 115393|0|0|.16|    05/18/2020|62|R|||||||X||24|||X||||||||||||||
702697|0|R-VA003SC01704EB||||R-VA003SC01704EB|03-1704|Ninth St|241|Town of Iron Gate|003|Alleghany County|    Dead End| 706125|0|0|0|    US 220 Market Ave| 115394|0|0|.06|    06/16/2014|81|R|||||||X||24|||X||||||||||||||
702698|0|R-VA003SC01704EB||||R-VA003SC01704EB|03-1704|Ninth St|241|Town of Iron Gate|003|Alleghany County|    US 220 Market Ave| 115394|0|0|.06|    03-1706 Commerce Ave| 115395|0|0|.11|    03/17/2011|94|R|||||||X||24|||X||||||||||||||
702699|0|R-VA003SC01705NB||||R-VA003SC01705NB|03-1705|Tenth St|241|Town of Iron Gate|003|Alleghany County|    US 220 Botetourt County Line|  50298|0|0|0|    03-1706 Commerce Ave| 115396|0|0|.05|    05/18/2020|241|R|||||||X||24|||X||||||||||||||
702700|0|R-VA003SC01705NB||||R-VA003SC01705NB|03-1705|Tenth St|241|Town of Iron Gate|003|Alleghany County|    03-1706 Commerce Ave| 115396|0|0|.05|    Dead End| 115503|0|0|.7|    10/16/2017|222|R|||||||X||24|||X||||||||||||||
702701|0|R-VA003SC01706NB||||R-VA003SC01706NB|03-1706|Commerce Ave|241|Town of Iron Gate|003|Alleghany County|    03-1705 Tenth St| 115396|0|0|0|    03-1704 Ninth St| 115395|0|0|.07|    06/16/2014|100|R|||||||X||24|||X||||||||||||||
702702|0|R-VA003SC01706NB||||R-VA003SC01706NB|03-1706|Commerce Ave|241|Town of Iron Gate|003|Alleghany County|    03-1704 Ninth St| 115395|0|0|.07|    03-1709 Eighth St| 115400|0|0|.15|    03/22/2011|200|R|||||||X||24|||X||||||||||||||
702703|0|R-VA003SC01706NB||||R-VA003SC01706NB|03-1706|Commerce Ave|241|Town of Iron Gate|003|Alleghany County|    03-1709 Eighth St| 115400|0|0|.15|    03-1708 Seventh St| 115399|0|0|.21|    05/18/2020|161|R|||||||X||24|||X||||||||||||||
702704|0|R-VA003SC01706NB||||R-VA003SC01706NB|03-1706|Commerce Ave|241|Town of Iron Gate|003|Alleghany County|    03-1708 Seventh St| 115399|0|0|.21|    03-1707 Sixth St| 115398|0|0|.36|    03/22/2011|163|R|||||||X||24|||X||||||||||||||
702705|0|R-VA003SC01706NB||||R-VA003SC01706NB|03-1706|Commerce Ave|241|Town of Iron Gate|003|Alleghany County|    03-1707 Sixth St| 115398|0|0|.36|    03-1703 Fifth St| 115392|0|0|.46|    05/18/2020|182|R|||||||X||24|||X||||||||||||||
702706|0|R-VA003SC01706NB||||R-VA003SC01706NB|03-1706|Commerce St|241|Town of Iron Gate|003|Alleghany County|    03-1703 Fifth St| 115392|0|0|.46|    03-1702 Fourth St| 115388|0|0|.55|    03/22/2011|284|R|||||||X||24|||X||||||||||||||
702707|0|R-VA003SC01706NB||||R-VA003SC01706NB|03-1706|Commerce Ave|241|Town of Iron Gate|003|Alleghany County|    03-1702 Fourth St| 115388|0|0|.55|    03-1701 Earnest Ave| 115384|0|0|.64|    05/18/2020|208|R|||||||X||24|||X||||||||||||||
702708|0|R-VA003SC01706NB||||R-VA003SC01706NB|03-1706|Commerce Ave|241|Town of Iron Gate|003|Alleghany County|    03-1701 Earnest Ave| 115384|0|0|.64|    US 220 Market Ave| 115397|0|0|.74|    03/22/2011|318|R|||||||X||24|||X||||||||||||||
702709|0|R-VA003SC01707EB||||R-VA003SC01707EB|03-1707|Sixth St|241|Town of Iron Gate|003|Alleghany County|    03-1708 Seventh St| 115401|0|0|0|    US 220 Market Ave| 115402|0|0|.05|    06/16/2014|69|R|||||||X||24|||X||||||||||||||
702710|0|R-VA003SC01707EB||||R-VA003SC01707EB|03-1707|Sixth St|241|Town of Iron Gate|003|Alleghany County|    US 220 Market Ave| 115402|0|0|.05|    03-1706 Commerce Ave| 115398|0|0|.1|    03/22/2011|242|R|||||||X||24|||X||||||||||||||
702711|0|R-VA003SC01707EB||||R-VA003SC01707EB|03-1707|Sixth St|241|Town of Iron Gate|003|Alleghany County|    03-1706 Commerce Ave| 115398|0|0|.1|    03-1711 Railroad Ave| 115403|0|0|.15|    05/18/2020|71|R|||||||X||24|||X||||||||||||||
702712|0|R-VA003SC01708EB||||R-VA003SC01708EB|03-1708|Seventh St|241|Town of Iron Gate|003|Alleghany County|    03-1702 Fourth St| 115386|0|0|0|    03-1703 Fifth St| 115390|0|0|.09|    03/17/2011|37|R|||||||X||24|||X||||||||||||||
702713|0|R-VA003SC01708EB||||R-VA003SC01708EB|03-1708|Seventh St|241|Town of Iron Gate|003|Alleghany County|    03-1703 Fifth St| 115390|0|0|.09|    US 220 Market Ave| 115404|0|0|.29|    05/18/2020|6|R|||||||X||24|||X||||||||||||||
702714|0|R-VA003SC01708EB||||R-VA003SC01708EB|03-1708|Seventh St|241|Town of Iron Gate|003|Alleghany County|    US 220 Market Ave| 115504|0|0|.33|    03-1706 Commerce Ave| 115399|0|0|.38|    03/17/2011|72|R|||||||X||24|||X||||||||||||||
702715|0|R-VA003SC01708EB||||R-VA003SC01708EB|03-1708|Seventh St|241|Town of Iron Gate|003|Alleghany County|    03-1706 Commerce Ave| 115399|0|0|.38|    03-1711 Railroad Ave| 115405|0|0|.43|    05/18/2020|18|R|||||||X||24|||X||||||||||||||
702716|0|R-VA003SC01709EB||||R-VA003SC01709EB|03-1709|Eighth St|241|Town of Iron Gate|003|Alleghany County|    US 220 Market Ave| 115406|0|0|0|    03-1706 Commerce Ave| 115400|0|0|.05|    03/17/2011|87|R|||||||X||24|||X||||||||||||||
702717|0|R-VA003SC01709EB||||R-VA003SC01709EB|03-1709|Eighth St|241|Town of Iron Gate|003|Alleghany County|    03-1706 Commerce Ave| 115400|0|0|.05|    03-1711 Railroad Ave| 115412|0|0|.1|    05/18/2020|39|R|||||||X||24|||X||||||||||||||
702720|0|R-VA003SC01710EB||||R-VA003SC01710EB|03-1710|Park Ave|241|Town of Iron Gate|003|Alleghany County|    NCL Irongate| 115410|0|0|.36|    03-1715 Ferrol Ave| 115409|0|0|.49|    10/16/2017|305|R|||||||X||24|||X||||||||||||||
702721|0|R-VA003SC01710EB||||R-VA003SC01710EB|03-1710|Park Ave|241|Town of Iron Gate|003|Alleghany County|    03-1715 Ferrol Ave| 115409|0|0|.49|    WCL Irongate| 115408|0|0|.54|    06/02/2014|352|R|||||||X||24|||X||||||||||||||
702724|0|R-VA003SC01711NB||||R-VA003SC01711NB|03-1711|Railroad Ave|241|Town of Iron Gate|003|Alleghany County|    03-1709 Eighth St| 115412|0|0|0|    03-1708 Seventh St| 115405|0|0|.08|    03/22/2011|21|R|||||||X||24|||X||||||||||||||
702725|0|R-VA003SC01711NB||||R-VA003SC01711NB|03-1711|Railroad Ave|241|Town of Iron Gate|003|Alleghany County|    Dead End; Gap| 706127|0|0|.08|    03-1707 Sixth St| 115403|0|0|.14|    05/18/2020|21|R|||||||X||24|||X||||||||||||||
702726|0|R-VA003SC01711NB||||R-VA003SC01711NB|03-1711|Railroad Ave|241|Town of Iron Gate|003|Alleghany County|    03-1707 Sixth St| 115403|0|0|.14|    03-1703 Fifth St| 115393|0|0|.24|    05/18/2020|44|R|||||||X||24|||X||||||||||||||
702727|0|R-VA003SC01711NB||||R-VA003SC01711NB|03-1711|Railroad Ave|241|Town of Iron Gate|003|Alleghany County|    03-1703 Fifth St| 115393|0|0|.24|    03-1702 Fourth St| 115389|0|0|.34|    03/22/2011|71|R|||||||X||24|||X||||||||||||||
702728|0|R-VA003SC01711NB||||R-VA003SC01711NB|03-1711|Railroad Ave|241|Town of Iron Gate|003|Alleghany County|    03-1702 Fourth St| 115389|0|0|.34|    03-1701 Earnest Ave| 115385|0|0|.43|    05/18/2020|43|R|||||||X||24|||X||||||||||||||
702729|0|R-VA003SC01711NB||||R-VA003SC01711NB|03-1711|Railroad Ave|241|Town of Iron Gate|003|Alleghany County|    03-1701 Earnest Ave| 115385|0|0|.43|    Dead End| 115413|0|0|.59|    03/22/2011|66|R|||||||X||24|||X||||||||||||||
