sep=|
- - 2022 AADT Report for Town of Vinton - -
LINKID|SEQUENCENUMBER|RTE_NM|RTE_NM_2|RTE_NM_3|RTE_NM_4|Host RTE_NM|Route Label|Street Name|Physical Jurisdiction|Physical Jurisdiciton Name|Maintenance Jurisdiction|Maintenance Jurisdiciton Name|    Start Label|Start Node|Start Node Route Sequence|Star tOffset|Start Milepoint|    End Label|End Node|End Node Route Sequence|End Offset|End Milepoint|    VPDDate|AADT|AADT Quality|Passenger Vehicle|Bus|Truck 2 Axle|Truck 3 Axle|Truck 1 Trailer|Truck 2 Trailer|Class Quality|K Factor|K Factor Quality|Direction Factor|AAWDT|AAWDT Quality|AADT Dir|AADT Quality Dir|PassengerVehicle Dir|Bus Dir|Truck 2 Axle Dir|Truck 3 Axle Dir|Truck 1 Trailer Dir|Truck 2 Trailer Dir|Class Quality Dir|K Factor Dir|K Factor Quality Dir|Direction Factor Dir|AAWDT Dir|AAWDT Quality Dir
687806|0|R-VA   SR00024EB||||R-VA   SR00024EB|VA 24|Virginia Ave|149|Town of Vinton|149|Town of Vinton|    WCL Vinton| 572764|0|0|1.98|    Pollard St| 574058|0|0|2.49|    01/01/2022|26638|G|98|0|1|0|1|0|F|.087|6 |.62|47165|G||||||||||||||
687007|0|R-VA   SR00024EB||||R-VA   SR00024EB|VA 24|Virginia Ave|149|Town of Vinton|149|Town of Vinton|    Pollard St| 574058|0|0|2.49|    Clearview St| 572762|0|0|3.29|    01/01/2022|21220|G|98|0|1|0|0|0|C|.081|6 |.61|37578|G||||||||||||||
687807|0|R-VA   SR00024EB||||R-VA   SR00024EB|VA 24|By Pass Rd|149|Town of Vinton|149|Town of Vinton|    Hardy Rd| 572762|0|0|3.29|    Washington Ave| 573025|0|0|3.68|    01/01/2022|14899|G|98|0|1|0|0|0|F|.085|6 |.57|26371|G||||||||||||||
687808|0|R-VA   SR00024EB||||R-VA   SR00024EB|VA 24|Washington Ave|149|Town of Vinton|149|Town of Vinton|    Bypass Rd| 573025|0|0|3.68|    | 572759|0|0|4.21|    01/01/2022|23730|G|98|0|1|0|0|0|F|.093|6 |.67|42008|G||||||||||||||
687800|0|S-VA149PR GUS NICKS BLVD||||S-VA149PR GUS NICKS BLVD|Gus Nicks Blvd|Gus W Nicks Blvd|149|Town of Vinton|149|Town of Vinton|    Pollard St| 573016|0|0|0|    NCL Vinton| 573455|0|0|.29|    01/01/2022|21676|G|97|1|1|1|1|0|F|.083|6 |.59|40515|G||||||||||||||
687259|0|S-VA149PR HARDY RD||||S-VA149PR HARDY RD|Hardy Rd|Hardy Rd|149|Town of Vinton|149|Town of Vinton|    SR 24|1084335|0|0|.53|    |1269125|0|0|1.15|    01/01/2022|11792|G|99|0|1|0|0|0|F|.094|6 |.65|21619|G||||||||||||||
587004|1|S-VA149PR LEE AVE||||S-VA149PR LEE AVE|Lee Ave||149|Town of Vinton|149|Town of Vinton|    | 713017|0|0|.074|    Jurisdiction Boundary: 149 Town of Vinton / |1024170|0|0|.444|    01/01/2022|555|G|||||||X|.122|6 |.53|798|G||||||||||||||
687805|0|S-VA149PR LEE AVE||||S-VA149PR LEE AVE|Lee Ave|W Lee Ave|149|Town of Vinton|149|Town of Vinton|    Walnut Ave| 713017|0|0|.074|    Jurisdiction Boundary: 149 Town of Vinton / |1024170|0|0|.444|    01/01/2022|6863|G|99|0|0|0|0|0|F|.12|6 |.7|12584|G||||||||||||||
796413|0|S-VA149PR MOUNTAIN VIEW RD||||S-VA149PR MOUNTAIN VIEW RD|Mountain View Rd|Mountain View Rd|149|Town of Vinton|149|Town of Vinton|    Washington St| 573022|0|0|0|    80-1217 Olney Rd; ECL Vinton| 571191|0|0|1.13|    01/01/2022|4021|G|98|1|1|0|0|0|C|.102|6 |.61|7370|G||||||||||||||
687803|0|S-VA149PR POLLARD ST||||S-VA149PR POLLARD ST|Pollard St|Pollard St|149|Town of Vinton|149|Town of Vinton|    Virginia Ave| 713035|0|0|.376|    Jackson Ave| 713039|0|0|.61|    01/01/2022|6223|G|99|0|1|0|0|0|C|.091|6 |.56|11411|G||||||||||||||
687004|0|S-VA149PR POLLARD ST||||S-VA149PR POLLARD ST|Pollard St|Pollard St|149|Town of Vinton|149|Town of Vinton|    Jackson Ave| 713039|0|0|.61|    Jurisdiction Boundary: 149 Town of Vinton / |1024175|0|0|.8|    01/01/2022|7014|G|99|0|1|0|0|0|F|.09|6 |.58|12859|G||||||||||||||
687804|0|S-VA149PR WALNUT AVE||||S-VA149PR WALNUT AVE|Walnut Ave|Walnut Ave|149|Town of Vinton|149|Town of Vinton|    Roanoke County Line| 713017|0|0|0|    W Lee Ave|1083737|0|0|.999|    01/01/2022|5453|G|99|0|0|0|0|0|C|.134|6 |.79|9719|G||||||||||||||
687003|0|S-VA149PR WASHINGTON AVE||||S-VA149PR WASHINGTON AVE|Washington Ave|Washington St|149|Town of Vinton|149|Town of Vinton|    Pollard St| 573016|0|0|0|    | 573023|0|0|.66|    01/01/2022|20254|G|97|1|1|1|1|0|C|.093|6 |.67|35868|G||||||||||||||
687801|0|S-VA149PR WASHINGTON AVE||||S-VA149PR WASHINGTON AVE|Washington Ave|Washington St|149|Town of Vinton|149|Town of Vinton|    Mitchell St| 573023|0|0|.66|    SR 24 Washington Ave; By Pass Rd| 573025|0|0|.95|    01/01/2022|17908|G|97|1|1|1|1|0|F|.094|6 |.54|31704|G||||||||||||||
