sep=|
- - 2022 AADT Report for Greene County - -
LINKID|SEQUENCENUMBER|RTE_NM|RTE_NM_2|RTE_NM_3|RTE_NM_4|Host RTE_NM|Route Label|Street Name|Physical Jurisdiction|Physical Jurisdiciton Name|Maintenance Jurisdiction|Maintenance Jurisdiciton Name|    Start Label|Start Node|Start Node Route Sequence|Star tOffset|Start Milepoint|    End Label|End Node|End Node Route Sequence|End Offset|End Milepoint|    VPDDate|AADT|AADT Quality|Passenger Vehicle|Bus|Truck 2 Axle|Truck 3 Axle|Truck 1 Trailer|Truck 2 Trailer|Class Quality|K Factor|K Factor Quality|Direction Factor|AAWDT|AAWDT Quality|AADT Dir|AADT Quality Dir|PassengerVehicle Dir|Bus Dir|Truck 2 Axle Dir|Truck 3 Axle Dir|Truck 1 Trailer Dir|Truck 2 Trailer Dir|Class Quality Dir|K Factor Dir|K Factor Quality Dir|Direction Factor Dir|AAWDT Dir|AAWDT Quality Dir
780895|0|R-VA   FR00981EB||||R-VA   FR00981EB|FR 981|Reva Lane|039|Greene County|039|Greene County|    39-1019 Reva Lane| 703578|0|0|0|    US 33 Spotswood Trail; 39-609 Fredericksburg Rd| 358029|0|0|.4|    02/09/2017|161|R|||||||X||24|||X||||||||||||||
202201|0|R-VA   OT90124NB||||R-VA   OT90124NB|90124||039|Greene County|US |Federal|    |1274204|0|0|0|    R-VA   SR00048NB, S-VA082PR BELDOR RD|1107993|0|0|.32|    ||X||||||||||||||||||||||||||
202202|0|R-VA   OT90125NB||||R-VA   OT90125NB|90125||039|Greene County|US |Federal|    |1274212|0|0|0|    VA 48 Skyline Dr, Skyline Dr| 732710|0|0|.5|    ||X||||||||||||||||||||||||||
787368|0|R-VA   SR00048NB||||R-VA   SR00048NB|VA 48|Skyline Dr|039|Greene County|US |Federal|    | 732703|0|0|247.08|    Physical Jurisdiction Boundary: 039 Greene County / 082 Rockingham County| 732704|0|0|249.16|    01/01/2022|394|O|||||||X||24|||X||||||||||||||
787368|0|R-VA   SR00048NB||||R-VA   SR00048NB|VA 48|Skyline Dr|039|Greene County|US |Federal|    | 732705|0|0|252.42|    Physical Jurisdiction Boundary: 039 Greene County / 082 Rockingham County| 732706|0|0|253.75|    01/01/2022|394|O|||||||X||24|||X||||||||||||||
787368|0|R-VA   SR00048NB||||R-VA   SR00048NB|VA 48|Skyline Dr|039|Greene County|US |Federal|    | 732707|0|0|255.68|    Physical Jurisdiction Boundary: 039 Greene County / 082 Rockingham County| 732708|0|0|256.69|    01/01/2022|394|O|||||||X||24|||X||||||||||||||
787495|0|R-VA   SR00048NB||||R-VA   SR00048NB|VA 48|Skyline Dr|039|Greene County|US |Federal|    | 732710|0|0|259.48|    Physical Jurisdiction Boundary: 039 Greene County / 082 Rockingham County| 732711|0|0|260.81|    01/01/2022|798|O|||||||X||24|||X||||||||||||||
070052|0|R-VA   SR00230EB||||R-VA   SR00230EB|VA 230|Madison Rd|302|Town of Stanardsville|039|Greene County|    Bus US 33 Main St| 358232|0|0|0|    Physical Jurisdiction Boundary: 302 Town of Stanardsville / 039 Greene County| 358233|0|0|.5|    01/01/2022|4039|G|95|1|1|1|1|0|F|.089|6 |.71|4073|G||||||||||||||
070052|0|R-VA   SR00230EB||||R-VA   SR00230EB|VA 230|Madison Rd|039|Greene County|039|Greene County|    Jurisdiction Boundary: | 358233|0|0|.5|    Madison County Line|  50282|0|0|3.41|    01/01/2022|4039|G|95|1|1|1|1|0|F|.089|6 |.71|4073|G||||||||||||||
070292|0|R-VA   US00029NB||||R-VA   US00029NB|US 29|Seminole Trail|039|Greene County|039|Greene County|    Albemarle County Line|  50279|0|0|150.21|    | 358229|0|0|153.42|    01/01/2022|28627|G|96|1|1|1|2|0|F|.089|6 |.6|29788|G||||||||||||||
070112|0|R-VA   US00029NB||||R-VA   US00029NB|US 29|Seminole Trail|039|Greene County|039|Greene County|    US 33 Spotswood Trail| 358229|0|0|153.42|    |  50281|0|0|157.1|    01/01/2022|18207|G|94|1|1|1|4|0|F|.081|6 |.54|16727|G||||||||||||||
070190|0|R-VA   US00033EB||||R-VA   US00033EB|US 33|Spotswood Trail|039|Greene County|039|Greene County|    Rockingham County Line|  50283|0|0|46.01|    Jurisdiction Boundary: 082 Rockingham County / 039 Greene County| 358107|0|0|50.12|    01/01/2022|5168|G|93|1|1|1|4|0|C|.102|6 |.57|5207|G||||||||||||||
070188|0|R-VA   US00033EB||||R-VA   US00033EB|US 33|Spotswood Trail|039|Greene County|039|Greene County|    39-638 Turkey Ridge Rd| 358107|0|0|50.12|    | 730800|0|0|53.12|    01/01/2022|5855|G|93|1|1|1|4|0|F|.101|6 |.59|5898|G||||||||||||||
070192|0|R-VA   US00033EB||||R-VA   US00033EB|US 33|Standardsville Bypass|039|Greene County|039|Greene County|    Bus US 33 Spotswood Trail| 730800|0|0|53.12|    Bus US 33 Spotswood Trail| 358063|0|0|55.21|    01/01/2022|2794|G|95|2|1|1|2|0|C|.091|6 |.57|2754|G||||||||||||||
070186|0|R-VA   US00033EB||||R-VA   US00033EB|US 33|Spotswood Trail|039|Greene County|039|Greene County|    Bus US 33 Spotswood Trail| 358063|0|0|55.21|    39-609 Fredericksburg Rd| 358029|0|0|55.71|    01/01/2022|4759|G|96|1|1|1|1|0|C|.087|6 |.58|4691|G||||||||||||||
070184|0|R-VA   US00033EB||||R-VA   US00033EB|US 33|Spotswood Trail|039|Greene County|039|Greene County|    39-609 Fredericksburg Rd| 358029|0|0|55.71|    | 358091|0|0|57.86|    01/01/2022|4905|G|96|1|1|1|1|0|F|.087|6 |.59|4835|G||||||||||||||
070182|0|R-VA   US00033EB||||R-VA   US00033EB|US 33|Spotswood Trail|039|Greene County|039|Greene County|    39-633 Amicus Rd| 358091|0|0|57.86|    | 358229|0|0|59.95|    01/01/2022|20938|G|96|1|1|1|1|0|F|.085|6 |.58|21119|G||||||||||||||
070180|0|R-VA   US00033EB||||R-VA   US00033EB|US 33|Spotswood Trail|039|Greene County|039|Greene County|    US 29 Seminole Trail| 358229|0|0|59.95|    |  50280|0|0|62.205|    01/01/2022|7202|G|93|1|1|2|3|0|F|.082|6 |.59|7256|G||||||||||||||
070191|0|R-VA   US00033EBBUS002||||R-VA   US00033EBBUS002|BUS US 33|Spotswood Trail|039|Greene County|039|Greene County|    US 33 Stanardsville Bypass|1001258|0|0|0|    Physical Jurisdiction Boundary: 039 Greene County / 302 Town of Stanardsville| 358231|0|0|.75|    01/01/2022|2395|G|96|1|1|0|1|0|C|.128|6 |.73|2415|G||||||||||||||
070191|0|R-VA   US00033EBBUS002||||R-VA   US00033EBBUS002|BUS US 33|Spotswood Trail|302|Town of Stanardsville|039|Greene County|    Jurisdiction Boundary: 039 Greene County| 358231|0|0|.75|    WCL Stanardsville| 358232|0|0|1.1|    01/01/2022|2395|G|96|1|1|0|1|0|C|.128|6 |.73|2415|G||||||||||||||
070293|0|R-VA   US00033EBBUS002||||R-VA   US00033EBBUS002|BUS US 33|Main St|302|Town of Stanardsville|039|Greene County|    SR 230 Madison Rd| 358232|0|0|1.1|    Physical Jurisdiction Boundary: 302 Town of Stanardsville / 039 Greene County| 358230|0|0|1.21|    01/01/2022|4738|G|93|1|1|1|4|0|F|.102|6 |.54|4776|G||||||||||||||
070293|0|R-VA   US00033EBBUS002||||R-VA   US00033EBBUS002|BUS US 33|Main St|039|Greene County|039|Greene County|    | 358230|0|0|1.21|    US 33 Stanardsville Bypass; 39-623| 358063|0|0|2.52|    01/01/2022|4738|G|93|1|1|1|4|0|F|.102|6 |.54|4776|G||||||||||||||
789785|0|R-VA002SC00810NB||||R-VA002SC00810NB|02-810|Simmons Gap Rd|039|Greene County|002|Albemarle County|    |1123077|0|0|18.92|    Physical Jurisdiction Boundary: 039 Greene County / 002 Albemarle County|1123078|0|0|19.25|    01/01/2022|648|G|94|1|0|1|2|0|C|.12|6 |.52|625|G||||||||||||||
742373|0|R-VA039SC00600NB||||R-VA039SC00600NB|39-600|Shotwell Rd|039|Greene County|039|Greene County|    39-607 Matthew Mill Rd| 358003|0|0|0|    39-659 Ashley Lane; Gap| 358002|0|0|.1|    07/29/2020|180|R|||||||X||24|||X||||||||||||||
742374|0|R-VA039SC00600NB||||R-VA039SC00600NB|39-600|Deane Rd|039|Greene County|039|Greene County|    Dead End; Gap| 358213|0|0|.1|    |1001267|0|0|.55|    08/06/2020|91|R|||||||X||24|||X||||||||||||||
742375|0|R-VA039SC00601EB||||R-VA039SC00601EB|39-601|Mission Home Rd|039|Greene County|039|Greene County|    Albemarle County Line| 802002|0|0|0|    39-628 Simmons Gap Rd| 358005|0|0|.9|    06/11/2020|109|R|||||||X||24|||X||||||||||||||
742376|0|R-VA039SC00602EB||||R-VA039SC00602EB|39-602|Sylvia Ridge Rd|039|Greene County|039|Greene County|    39-603 Bingham Mtn Rd| 358006|0|0|0|    Dead End| 358007|0|0|1.2|    06/16/2020|102|R|||||||X||24|||X||||||||||||||
742377|0|R-VA039SC00603NB||||R-VA039SC00603NB|39-603|Bingham Mountain Rd|039|Greene County|039|Greene County|    Albemarle County Line| 802003|0|0|0|    39-648 Chapman Rd| 358008|0|0|1|    06/16/2020|362|R|||||||X||24|||X||||||||||||||
742378|0|R-VA039SC00603NB||||R-VA039SC00603NB|39-603|Bingham Mountain Rd|039|Greene County|039|Greene County|    39-648 Chapman Rd| 358008|0|0|1|    39-612 March Rd| 358009|0|0|2|    06/16/2020|313|R|||||||X||24|||X||||||||||||||
742379|0|R-VA039SC00603NB||||R-VA039SC00603NB|39-603|Bingham Mountain Rd|039|Greene County|039|Greene County|    39-612 March Rd| 358009|0|0|2|    39-633 Amicus Rd| 358010|0|0|2.7|    06/16/2020|126|R|||||||X||24|||X||||||||||||||
302471|0|R-VA039SC00604NB||||R-VA039SC00604NB|39-604|Celt Rd|039|Greene County|039|Greene County|    Albemarle County Line| 802004|0|0|0|    39-651 N, Still Pond Rd| 358214|0|0|1.38|    01/01/2022|1352|G|98|1|0|0|0|0|C|.13|6 |1|1363|G||||||||||||||
302472|0|R-VA039SC00604NB||||R-VA039SC00604NB|39-604|Celt Rd|039|Greene County|039|Greene County|    39-651 N, Still Pond Rd| 358214|0|0|1.38|    39-648 Chapman Rd| 358013|0|0|2.03|    01/01/2022|1464|G|98|1|0|0|0|0|C|.132|6 |.8|1475|G||||||||||||||
302473|0|R-VA039SC00604NB||||R-VA039SC00604NB|39-604|Celt Rd|039|Greene County|039|Greene County|    39-648 Chapman Rd| 358013|0|0|2.03|    39-674 Parker Mtn Rd| 358015|0|0|5.18|    01/01/2022|951|G|98|1|1|0|0|0|C|.132|6 |.64|959|G||||||||||||||
302474|0|R-VA039SC00604NB||||R-VA039SC00604NB|39-604|Celt Rd|039|Greene County|039|Greene County|    39-674 Parker Mtn Rd| 358015|0|0|5.18|    39-624 Pea Ridge Rd| 358016|0|0|5.78|    01/01/2022|1084|G|98|1|1|0|0|0|F|.13|6 |.53|1093|G||||||||||||||
742380|0|R-VA039SC00605NB||||R-VA039SC00605NB|39-605|Durrett Ridge Rd|039|Greene County|039|Greene County|    Albemarle County Line| 802005|0|0|0|    39-604 Celt Rd| 358011|0|0|.21|    06/24/2020|253|R|||||||X||24|||X||||||||||||||
742381|0|R-VA039SC00606NB||||R-VA039SC00606NB|39-606|Spring Hill Rd|039|Greene County|039|Greene County|    Jurisdiction Boundary: 002 Albemarle County| 802006|0|0|.04|    39-1112 Valley Rd| 358018|0|0|.2|    01/01/2022|1562|G|99|0|0|0|0|0|C|.114|6 |.84|1562|G||||||||||||||
742382|0|R-VA039SC00606NB||||R-VA039SC00606NB|39-606|Spring Hill Rd|039|Greene County|039|Greene County|    39-1112 Valley Rd| 358018|0|0|.2|    39-607 Cedar Grove Rd| 358019|0|0|1.2|    01/01/2022|1593|G|99|1|0|0|0|0|C|.11|6 |.6|1593|G||||||||||||||
302475|0|R-VA039SC00607EB||||R-VA039SC00607EB|39-607|Cedar Grove Rd|039|Greene County|039|Greene County|    39-644; 39-743 Advance Mills Rd| 358025|0|0|0|    39-1150 Rolling Hills Rd| 706100|0|0|.39|    01/01/2022|3224|G|98|0|0|1|0|0|F|.107|6 |.63|3421|G||||||||||||||
302476|0|R-VA039SC00607EB||||R-VA039SC00607EB|39-607|Cedar Grove Rd|039|Greene County|039|Greene County|    39-1150 Rolling Hills Rd| 706100|0|0|.39|    39-606 Spring Hill Rd| 358019|0|0|.7|    01/01/2022|3500|G|98|0|0|1|0|0|F|.104|6 |.65|3713|G||||||||||||||
302477|0|R-VA039SC00607EB||||R-VA039SC00607EB|39-607|Cedar Grove Rd|039|Greene County|039|Greene County|    39-606 Spring Hill Rd| 358019|0|0|.7|    US 29 Seminole Trail| 358024|0|0|1.4|    01/01/2022|3956|G|98|0|0|1|0|0|C|.099|6 |.62|4196|G||||||||||||||
302478|0|R-VA039SC00607EB||||R-VA039SC00607EB|39-607|Cedar Grove Rd|039|Greene County|039|Greene County|    US 29 Seminole Trail| 358024|0|0|1.4|    39-670 Preddy Creek Rd| 358023|0|0|1.57|    01/01/2022|6923|G|98|0|1|0|0|0|F|.099|6 |.65|7339|G||||||||||||||
302479|0|R-VA039SC00607EB||||R-VA039SC00607EB|39-607|Matthew Mill Rd|039|Greene County|039|Greene County|    39-670 Preddy Creek Rd| 358023|0|0|1.57|    39-661 Mohican Trail| 358021|0|0|2.65|    01/01/2022|4198|G|98|0|1|0|0|0|C|.099|6 |.68|4453|G||||||||||||||
302480|0|R-VA039SC00607EB||||R-VA039SC00607EB|39-607|Matthew Mill Rd|039|Greene County|039|Greene County|    39-661 Mohican Trail| 358021|0|0|2.65|    39-616 Carpenter Mill Rd| 358020|0|0|2.9|    01/01/2022|3615|G|98|0|1|0|0|0|F|.1|6 |.69|3834|G||||||||||||||
302481|0|R-VA039SC00607EB||||R-VA039SC00607EB|39-607|Carpenters Mill Rd|039|Greene County|039|Greene County|    39-616; Matthew Mill Rd| 358020|0|0|2.9|    Orange County Line| 852001|0|0|3.53|    01/01/2022|3404|G|98|0|1|0|0|0|F|.097|6 |.68|3611|G||||||||||||||
742383|0|R-VA039SC00608EB||||R-VA039SC00608EB|39-608|Stephens Loop|039|Greene County|039|Greene County|    39-633 Dairy Loop| 358028|0|0|0|    US 33 Spotswood Trail| 358026|0|0|.46|    07/15/2020|422|R|||||||X||24|||X||||||||||||||
742384|0|R-VA039SC00609EB||||R-VA039SC00609EB|39-609|Fredericksburg Rd|039|Greene County|039|Greene County|    US 33 Spotswood Trail| 358029|0|0|0|    39-672 Miller Mtn Rd| 358030|0|0|.55|    01/01/2022|1271|G|96|1|1|0|1|0|C|.109|6 |.71|1271|G||||||||||||||
742385|0|R-VA039SC00609EB||||R-VA039SC00609EB|39-609|Fredericksburg Rd|039|Greene County|039|Greene County|    39-672 Miller Mtn Rd| 358030|0|0|.55|    39-619 Dundee Rd| 358031|0|0|2.35|    01/01/2022|966|G|96|1|0|0|1|0|C|.115|6 |.69|966|G||||||||||||||
742386|0|R-VA039SC00609EB||||R-VA039SC00609EB|39-609|Fredericksburg Rd|039|Greene County|039|Greene County|    39-619 Dundee Rd| 358031|0|0|2.35|    US 29 Seminole Trail| 358032|0|0|4|    01/01/2022|1369|G|98|1|0|0|1|0|C|.097|6 |.52|1369|G||||||||||||||
302482|0|R-VA039SC00609EB||||R-VA039SC00609EB|39-609|Fredericksburg Rd|039|Greene County|039|Greene County|    US 29 Seminole Trail| 358032|0|0|4|    Orange County Line| 852002|0|0|7.15|    01/01/2022|637|G|96|1|0|0|1|0|C|.118|6 |.66|642|G||||||||||||||
742387|0|R-VA039SC00610EB||||R-VA039SC00610EB|39-610|Toms Rd|039|Greene County|039|Greene County|    US 33 Spotswood Trail| 358034|0|0|0|    39-618 Heights Hill Rd| 358035|0|0|.8|    01/01/2022|1538|G|97|1|1|2|0|0|C|.101|6 |.81|1538|G||||||||||||||
742388|0|R-VA039SC00610EB||||R-VA039SC00610EB|39-610|Toms Rd|039|Greene County|039|Greene County|    39-618 Heights Hill Rd| 358035|0|0|.8|    39-657 Albano Rd| 358036|0|0|3.75|    01/01/2022|688|G|98|1|1|0|0|0|C|.108|6 |.74|688|G||||||||||||||
742389|0|R-VA039SC00610EB||||R-VA039SC00610EB|39-610|Toms Rd|039|Greene County|039|Greene County|    39-657 Albano Rd| 358036|0|0|3.75|    39-609 Fredericksburg Rd| 358033|0|0|4.75|    01/01/2022|371|G|96|2|1|0|0|0|C|.121|6 |.62|371|G||||||||||||||
742390|0|R-VA039SC00611EB||||R-VA039SC00611EB|39-611|Liberty Loop|039|Greene County|039|Greene County|    39-667 N, Middle River Rd| 358215|0|0|0|    39-667 S, Middle River Rd| 358037|0|0|.22|    06/30/2020|5|R|||||||X||24|||X||||||||||||||
742391|0|R-VA039SC00612EB||||R-VA039SC00612EB|39-612|March Rd|039|Greene County|039|Greene County|    39-810 Dyke Rd| 358038|0|0|0|    39-603 Bingham Mountain Rd| 358009|0|0|1.44|    06/16/2020|183|R|||||||X||24|||X||||||||||||||
742392|0|R-VA039SC00613EB||||R-VA039SC00613EB|39-613|Willy Miser Lane|039|Greene County|039|Greene County|    39-667 Middle River Rd| 358039|0|0|0|    Madison County Line| 852007|0|0|.01|    06/30/2020|273|R|||||||X||24|||X||||||||||||||
742393|0|R-VA039SC00614EB||||R-VA039SC00614EB|39-614|Brokenback Mountain Rd|039|Greene County|039|Greene County|    39-628 Simmons Gap Rd| 358042|0|0|0|    39-632 Wyatt Mountain Rd| 358041|0|0|1.1|    06/11/2020|14|R|||||||X||24|||X||||||||||||||
742394|0|R-VA039SC00614EB||||R-VA039SC00614EB|39-614|Brokenback Mountain Rd|039|Greene County|039|Greene County|    39-632 Wyatt Mountain Rd| 358041|0|0|1.1|    39-627 Bacon Hollow Rd| 358040|0|0|3.2|    06/11/2020|31|R|||||||X||24|||X||||||||||||||
742395|0|R-VA039SC00615EB||||R-VA039SC00615EB|39-615|Evergreen Church Rd|039|Greene County|039|Greene County|    39-627 Bacon Hollow Rd| 358045|0|0|0|    39-810 Dyke Rd| 358043|0|0|1.93|    06/11/2020|295|R|||||||X||24|||X||||||||||||||
742396|0|R-VA039SC00616NB||||R-VA039SC00616NB|39-616|Carpenters Mill Rd|039|Greene County|039|Greene County|    39-607 Matthew Mill Rd| 358020|0|0|0|    Jurisdiction Boundary: 039 Greene County| 358047|0|0|1.5|    07/29/2020|729|R|||||||X||24|||X||||||||||||||
742397|0|R-VA039SC00616NB||||R-VA039SC00616NB|39-616|Carpenters Mill Rd|039|Greene County|039|Greene County|    39-678 Rucker Dr| 358047|0|0|1.5|    US 29 Seminole Trail|1092126|0|0|1.71|    07/29/2020|1099|R|||||||X||24|||X||||||||||||||
742398|0|R-VA039SC00617NB||||R-VA039SC00617NB|39-617|Dunnes Shop Rd|039|Greene County|039|Greene County|    39-743 Advance Mills Rd| 358050|0|0|0|    1.50 MN 39-743 Advance Mills Rd| 358050|0|1.5|1.5|    07/15/2020|495|R|||||||X||24|||X||||||||||||||
742399|0|R-VA039SC00617NB||||R-VA039SC00617NB|39-617|Dunnes Shop Rd|039|Greene County|039|Greene County|    1.50 MN 39-743 Advance Mills Rd| 358050|0|1.5|1.5|    39-633 Amicus Rd| 358049|0|0|3.5|    07/15/2020|486|R|||||||X||24|||X||||||||||||||
742400|0|R-VA039SC00618EB||||R-VA039SC00618EB|39-618|Heights Hill Rd|039|Greene County|039|Greene County|    39-610 Toms Rd| 358035|0|0|0|    0.34 ME 39-610 Toms Rd| 358035|0|.34|.34|    07/22/2020|324|R|||||||X||24|||X||||||||||||||
742401|0|R-VA039SC00618EB||||R-VA039SC00618EB|39-618|Heights Hill Rd|039|Greene County|039|Greene County|    0.34 ME 39-610 Toms Rd| 358035|0|.34|.34|    Orange County Line| 852003|0|0|.8|    07/22/2020|241|R|||||||X||24|||X||||||||||||||
742402|0|R-VA039SC00619NB||||R-VA039SC00619NB|39-619|Dundee Rd|039|Greene County|039|Greene County|    39-609 Fredericksburg Rd| 358031|0|0|0|    39-655 Cardinal Court| 358051|0|0|3.9|    01/01/2022|460|G|97|1|0|2|0|0|C|.123|6 |.61|460|G||||||||||||||
742403|0|R-VA039SC00619NB||||R-VA039SC00619NB|39-619|Dundee Rd|039|Greene County|039|Greene County|    39-655 Cardinal Court| 358051|0|0|3.9|    SR 230 Madison Rd| 358052|0|0|4.3|    01/01/2022|681|G|96|2|0|1|1|0|C|.108|6 |.77|681|G||||||||||||||
742405|0|R-VA039SC00621NB||||R-VA039SC00621NB|39-621|South River Rd|039|Greene County|039|Greene County|    Dead End| 358058|0|0|0|    0.55 MN Dead End| 358058|0|.55|.55|    07/07/2020|69|R|||||||X||24|||X||||||||||||||
742406|0|R-VA039SC00621NB||||R-VA039SC00621NB|39-621|South River Rd|039|Greene County|039|Greene County|    0.55 MN Dead End| 358058|0|.55|.55|    39-673 Robin Lane| 358057|0|0|.8|    07/07/2020|75|R|||||||X||24|||X||||||||||||||
742407|0|R-VA039SC00621NB||||R-VA039SC00621NB|39-621|South River Rd|039|Greene County|039|Greene County|    39-673 Robin Lane| 358057|0|0|.8|    SR 230 Madison Rd| 358056|0|0|1.6|    07/07/2020|237|R|||||||X||24|||X||||||||||||||
302483|0|R-VA039SC00621NB||||R-VA039SC00621NB|39-621|South River Rd|039|Greene County|039|Greene County|    SR 230 Madison Rd| 358056|0|0|1.6|    39-637 South River Rd; Octonia Rd| 358055|0|0|3.6|    01/01/2022|446|G|96|1|0|0|1|0|F|.105|6 |.65|448|G||||||||||||||
302484|0|R-VA039SC00622NB||||R-VA039SC00622NB|39-622|Celt Rd|039|Greene County|039|Greene County|    39-624 Beazley Rd| 358059|0|0|0|    39-675 Southard Rd| 358060|0|0|.7|    01/01/2022|1168|G|96|1|1|1|1|0|C|.131|6 |.51|1177|G||||||||||||||
302485|0|R-VA039SC00622NB||||R-VA039SC00622NB|39-622|Celt Rd|039|Greene County|039|Greene County|    39-675 Southard Rd| 358060|0|0|.7|    US 33 Stanardsville Bypass| 358207|0|0|1.8|    01/01/2022|1919|G|97|1|1|0|1|0|C|.113|6 |.56|1935|G||||||||||||||
302486|0|R-VA039SC00622NB||||R-VA039SC00622NB|39-622|Celt Rd|039|Greene County|039|Greene County|    US 33 Stanardsville Bypass| 358207|0|0|1.8|    Bus US 33; Main St| 358062|0|0|2.16|    01/01/2022|1874|G|97|1|1|0|1|0|F|.102|6 |.61|1889|G||||||||||||||
302487|0|R-VA039SC00623NB||||R-VA039SC00623NB|39-623|Swift Run Rd|039|Greene County|039|Greene County|    39-633 Amicus Rd| 358066|0|0|0|    39-624 Beazley Rd| 358065|0|0|.1|    01/01/2022|1038|G|97|1|0|0|0|0|C|.114|6 |.56|1047|G||||||||||||||
302488|0|R-VA039SC00623NB||||R-VA039SC00623NB|39-623|Swift Run Rd|039|Greene County|039|Greene County|    39-624 Beazley Rd| 358065|0|0|.1|    39-654 Mays Rd| 358064|0|0|2.7|    01/01/2022|1793|G|98|1|0|0|0|0|C|.115|6 |.77|1808|G||||||||||||||
302489|0|R-VA039SC00623NB||||R-VA039SC00623NB|39-623|Swift Run Rd|039|Greene County|039|Greene County|    39-654 Mays Rd| 358064|0|0|2.7|    US 33; Bus US 33 Spotswood Trail| 358063|0|0|2.9|    01/01/2022|2492|G|98|1|0|0|0|0|F|.107|6 |.59|2514|G||||||||||||||
742408|0|R-VA039SC00624NB||||R-VA039SC00624NB|39-624|Beazley Rd|039|Greene County|039|Greene County|    39-623 Swift Run Rd| 358065|0|0|0|    0.55 MN 39-623 Swift Run Rd| 358065|0|.55|.55|    06/24/2020|257|R|||||||X||24|||X||||||||||||||
742409|0|R-VA039SC00624NB||||R-VA039SC00624NB|39-624|Beazley Rd|039|Greene County|039|Greene County|    0.55 MN 39-623 Swift Run Rd| 358065|0|.55|.55|    39-622 Celt Rd| 358059|0|0|1.7|    06/24/2020|330|R|||||||X||24|||X||||||||||||||
302490|0|R-VA039SC00624NB||||R-VA039SC00624NB|39-624|Pea Ridge Rd, Celt Rd|039|Greene County|039|Greene County|    39-622 Celt Rd| 358059|0|0|1.7|    39-604 Celt Rd| 358016|0|0|2.03|    01/01/2022|1085|G|96|1|1|1|1|0|C|.128|6 |.52|1093|G||||||||||||||
742410|0|R-VA039SC00624NB||||R-VA039SC00624NB|39-624|Pea Ridge Rd|039|Greene County|039|Greene County|    39-604 Celt Rd| 358016|0|0|2.03|    39-646 E, Blue Run Rd| 358067|0|0|3.26|    06/24/2020|163|R|||||||X||24|||X||||||||||||||
742411|0|R-VA039SC00624NB||||R-VA039SC00624NB|39-624|Pea Ridge Rd|039|Greene County|039|Greene County|    39-646 E, Blue Run Rd| 358067|0|0|3.26|    39-810 Dyke Rd| 753368|0|0|4.21|    06/24/2020|174|R|||||||X||24|||X||||||||||||||
742412|0|R-VA039SC00625NB||||R-VA039SC00625NB|39-625|Golden Horseshoe Rd|039|Greene County|039|Greene County|    US 33 Spotswood Trail| 358069|0|0|0|    39-636 Goose Pond Rd| 358070|0|0|.01|    06/24/2020|151|R|||||||X||24|||X||||||||||||||
742413|0|R-VA039SC00625NB||||R-VA039SC00625NB|39-625|Golden Horseshoe Rd|039|Greene County|039|Greene County|    39-636 Goose Pond Rd| 358070|0|0|.01|    Shen Natl Park Bndy| 358071|0|0|.21|    06/24/2020|30|R|||||||X||24|||X||||||||||||||
742414|0|R-VA039SC00626EB||||R-VA039SC00626EB|39-626|Snow Mtn Rd|039|Greene County|039|Greene County|    Shen Natl Park Bndy| 358074|0|0|0|    4.11 ME of Bndy| 358074|0|4.11|4.11|    06/16/2020|26|R|||||||X||24|||X||||||||||||||
742415|0|R-VA039SC00626EB||||R-VA039SC00626EB|39-626|Snow Mtn Rd|039|Greene County|039|Greene County|    4.11 ME of Bndy| 358074|0|4.11|4.11|    39-630 Rosebrook Dr| 358073|0|0|5.32|    06/16/2020|260|R|||||||X||24|||X||||||||||||||
742416|0|R-VA039SC00626EB||||R-VA039SC00626EB|39-626|Snow Mtn Rd|039|Greene County|039|Greene County|    39-630 Rosebrook Dr| 358073|0|0|5.32|    39-810 Dyke Rd| 358072|0|0|5.42|    06/16/2020|383|R|||||||X||24|||X||||||||||||||
742417|0|R-VA039SC00627EB||||R-VA039SC00627EB|39-627|Bacon Hollow Rd|039|Greene County|039|Greene County|    Shen Natl Park Bndy| 358077|0|0|0|    0.28 ME of Bndy| 358077|0|.28|.28|    08/19/2020|21|R|||||||X||24|||X||||||||||||||
742418|0|R-VA039SC00627EB||||R-VA039SC00627EB|39-627|Bacon Hollow Rd|039|Greene County|039|Greene County|    0.28 ME of Bndy| 358077|0|.28|.28|    39-632 Wyatt Mtn Rd| 358076|0|0|1.59|    08/19/2020|89|R|||||||X||24|||X||||||||||||||
302491|0|R-VA039SC00627EB||||R-VA039SC00627EB|39-627|Bacon Hollow Rd|039|Greene County|039|Greene County|    39-632 Wyatt Mtn Rd| 358076|0|0|1.59|    39-615 Evergreen Church Rd| 358045|0|0|3.616|    01/01/2022|368|G|96|2|0|0|0|0|C|.122|6 |.75|370|G||||||||||||||
302492|0|R-VA039SC00627EB||||R-VA039SC00627EB|39-627|Bacon Hollow Rd|039|Greene County|039|Greene County|    39-615 Evergreen Church Rd| 358045|0|0|3.616|    39-810 Dyke Rd| 358075|0|0|5.39|    01/01/2022|349|G|96|1|0|1|1|0|C|.122|6 |.65|351|G||||||||||||||
742419|0|R-VA039SC00628EB||||R-VA039SC00628EB|39-628|Simmons Gap Rd|039|Greene County|039|Greene County|    Shen Natl Park Bndy| 358079|0|0|0|    39-676 Shifflett Rd| 358078|0|0|.5|    08/19/2020|467|R|||||||X||24|||X||||||||||||||
742420|0|R-VA039SC00628EB||||R-VA039SC00628EB|39-628|Simmons Gap Rd|039|Greene County|039|Greene County|    39-676 Shifflett Rd| 358078|0|0|.5|    39-601 Mission Home Rd| 358005|0|0|2.9|    06/24/2020|127|R|||||||X||24|||X||||||||||||||
742421|0|R-VA039SC00628EB||||R-VA039SC00628EB|39-628|Simmons Gap Rd|039|Greene County|039|Greene County|    39-601 Mission Home Rd| 358005|0|0|2.9|    39-614 Brokenback Mountain Rd| 358042|0|0|4.1|    06/24/2020|221|R|||||||X||24|||X||||||||||||||
742422|0|R-VA039SC00628EB||||R-VA039SC00628EB|39-628|Simmons Gap Rd|039|Greene County|039|Greene County|    39-614 Brokenback Mountain Rd| 358042|0|0|4.1|    Albemarle County Line| 802015|0|0|5|    06/24/2020|528|R|||||||X||24|||X||||||||||||||
742423|0|R-VA039SC00629NB||||R-VA039SC00629NB|39-629|Welsh Run Rd|039|Greene County|039|Greene County|    39-743 Advance Mills Rd| 358082|0|0|0|    0.64 MN 39-743 Advance Mills Rd| 358082|0|.64|.64|    06/16/2020|110|R|||||||X||24|||X||||||||||||||
742424|0|R-VA039SC00629NB||||R-VA039SC00629NB|39-629|Welsh Run Rd|039|Greene County|039|Greene County|    0.64 MN 39-743 Advance Mills Rd| 358082|0|.64|.64|    2.93 MN 39-743 Advance Mills Rd| 751710|0|2.1|2.93|    06/16/2020|116|R|||||||X||24|||X||||||||||||||
742425|0|R-VA039SC00629NB||||R-VA039SC00629NB|39-629|Welsh Run Rd|039|Greene County|039|Greene County|    2.93 MN 39-743 Advance Mills Rd| 751710|0|2.1|2.93|    39-658 S, Parrotts Rd| 358216|0|0|3.31|    06/16/2020|65|R|||||||X||24|||X||||||||||||||
742426|0|R-VA039SC00629NB||||R-VA039SC00629NB|39-629|Welsh Run Rd|039|Greene County|039|Greene County|    39-658 S, Parrotts Rd| 358216|0|0|3.31|    39-633 Amicus Rd| 358080|0|0|3.93|    06/16/2020|262|R|||||||X||24|||X||||||||||||||
742427|0|R-VA039SC00630NB||||R-VA039SC00630NB|39-630|Rosebrook Dr|039|Greene County|039|Greene County|    39-810 Dyke Rd| 358083|0|0|0|    0.01 MW 39-810 Dyke Rd| 358083|0|.01|.01|    06/16/2020|169|R|||||||X||24|||X||||||||||||||
742428|0|R-VA039SC00630NB||||R-VA039SC00630NB|39-630|Rosebrook Dr|039|Greene County|039|Greene County|    0.01 MW 39-810 Dyke Rd| 358083|0|.01|.01|    39-631 Haneytown Rd| 358084|0|0|.92|    06/11/2020|23|R|||||||X||24|||X||||||||||||||
742429|0|R-VA039SC00630NB||||R-VA039SC00630NB|39-630|Rosebrook Dr|039|Greene County|039|Greene County|    39-631 Haneytown Rd| 358234|0|0|.94|    39-626 Snow Mtn Rd| 358073|0|0|2.34|    06/11/2020|68|R|||||||X||24|||X||||||||||||||
742430|0|R-VA039SC00631EB||||R-VA039SC00631EB|39-631|Haneytown Rd|039|Greene County|039|Greene County|    Dead End| 358217|0|0|0|    39-630 W, Rosebrook Rd| 358084|0|0|1.5|    07/15/2020|908|R|||||||X||24|||X||||||||||||||
742431|0|R-VA039SC00631EB||||R-VA039SC00631EB|39-631|Haneytown Rd|039|Greene County|039|Greene County|    39-630 W, Rosebrook Rd| 358084|0|0|1.5|    39-810 Dyke Rd| 358085|0|0|1.92|    07/15/2020|481|R|||||||X||24|||X||||||||||||||
742432|0|R-VA039SC00632NB||||R-VA039SC00632NB|39-632|Wyatt Mountain Rd|039|Greene County|039|Greene County|    39-614 Brokenback Mountain Rd| 358041|0|0|0|    39-676 Shifflett Rd| 358086|0|0|1.4|    07/15/2020|301|R|||||||X||24|||X||||||||||||||
742433|0|R-VA039SC00632NB||||R-VA039SC00632NB|39-632|Wyatt Mountain Rd|039|Greene County|039|Greene County|    39-676 Shifflett Rd| 358086|0|0|1.4|    39-627 Bacon Hollow Rd| 358076|0|0|3.7|    06/16/2020|253|R|||||||X||24|||X||||||||||||||
302493|0|R-VA039SC00633EB||||R-VA039SC00633EB|39-633|Amicus Rd|039|Greene County|039|Greene County|    39-810 Dyke Rd| 358093|0|0|0|    39-603 Bingham Mountain Rd| 358010|0|0|1.1|    01/01/2022|398|G|97|1|1|0|0|0|C|.097|6 |.52|401|G||||||||||||||
302494|0|R-VA039SC00633EB||||R-VA039SC00633EB|39-633|Amicus Rd|039|Greene County|039|Greene County|    39-603 Bingham Mountain Rd| 358010|0|0|1.1|    39-604 Celt Rd| 358014|0|0|2.7|    01/01/2022|759|G|98|1|1|0|0|0|C|.107|6 |.69|765|G||||||||||||||
302495|0|R-VA039SC00633EB||||R-VA039SC00633EB|39-633|Amicus Rd|039|Greene County|039|Greene County|    39-604 Celt Rd| 358014|0|0|2.7|    39-641 Davis Rd| 358092|0|0|4.3|    01/01/2022|1032|G|98|0|1|0|0|0|C|.109|6 |.52|1040|G||||||||||||||
302496|0|R-VA039SC00633EB||||R-VA039SC00633EB|39-633|Amicus Rd|039|Greene County|039|Greene County|    39-641 Davis Rd| 358092|0|0|4.3|    39-623 Swift Run Rd| 358066|0|0|4.5|    01/01/2022|1109|G|99|0|1|0|0|0|C|.113|6 |.51|1117|G||||||||||||||
302497|0|R-VA039SC00633EB||||R-VA039SC00633EB|39-633|Amicus Rd|039|Greene County|039|Greene County|    39-623 Swift Run Rd| 358066|0|0|4.5|    39-629 Welsh Run Rd| 358080|0|0|6.17|    01/01/2022|2224|G|98|0|0|0|0|0|C|.101|6 |.64|2240|G||||||||||||||
302498|0|R-VA039SC00633EB||||R-VA039SC00633EB|39-633|Amicus Rd|039|Greene County|039|Greene County|    39-629 Welsh Run Rd| 358080|0|0|6.17|    39-617 Dunnes Shop Rd| 358049|0|0|7.1|    01/01/2022|3539|G|98|0|0|0|0|0|F|.097|6 |.66|3565|G||||||||||||||
302499|0|R-VA039SC00633EB||||R-VA039SC00633EB|39-633|Amicus Rd|039|Greene County|039|Greene County|    39-617 Dunnes Shop Rd| 358049|0|0|7.1|    |1092131|0|0|7.75|    01/01/2022|3906|G|98|0|0|0|0|0|F|.1|6 |.62|3925|G||||||||||||||
742434|0|R-VA039SC00633EB||||R-VA039SC00633EB|39-633|Dairy Rd|039|Greene County|039|Greene County|    US 33 W, Spotswood Trail| 358218|0|0|7.88|    39-608 Stephens Loop| 358028|0|0|8.18|    06/24/2020|5|R|||||||X||24|||X||||||||||||||
742435|0|R-VA039SC00633EB||||R-VA039SC00633EB|39-633|Dairy Rd|039|Greene County|039|Greene County|    39-608 Stephens Loop| 358028|0|0|8.18|    | 358088|0|0|8.73|    06/24/2020|102|R|||||||X||24|||X||||||||||||||
742436|0|R-VA039SC00633EB||||R-VA039SC00633EB|39-633|Dairy Rd|039|Greene County|039|Greene County|    39-640 Watson Rd| 358088|0|0|8.73|    US 29 Seminole Trail|1279005|0|0|11.03|    06/30/2020|1114|R|||||||X||24|||X||||||||||||||
742437|0|R-VA039SC00634NB||||R-VA039SC00634NB|39-634|Mutton Hollow Rd|039|Greene County|039|Greene County|    39-810 Dyke Rd| 358094|0|0|0|    39-635 Matties Run Rd| 358095|0|0|1.56|    06/30/2020|1300|R|||||||X||24|||X||||||||||||||
742438|0|R-VA039SC00634NB||||R-VA039SC00634NB|39-634|Mutton Hollow Rd|039|Greene County|039|Greene County|    39-635 Matties Run Rd| 358095|0|0|1.56|    1.72 MN 39-635 Matties Run Rd| 358095|0|1.72|3.28|    06/30/2020|315|R|||||||X||24|||X||||||||||||||
742439|0|R-VA039SC00634NB||||R-VA039SC00634NB|39-634|Mutton Hollow Rd|039|Greene County|039|Greene County|    1.72 MN 39-635 Matties Run Rd| 358095|0|1.72|3.28|    1.78 MN 39-635 Matties Run Rd| 358095|0|1.78|3.34|    06/30/2020|277|R|||||||X||24|||X||||||||||||||
742440|0|R-VA039SC00634NB||||R-VA039SC00634NB|39-634|Mutton Hollow Rd|039|Greene County|039|Greene County|    1.78 MN 39-635 Matties Run Rd| 358095|0|1.78|3.34|    1.95 MN 39-635 Matties Run Rd| 358095|0|1.95|3.51|    07/01/2020|145|R|||||||X||24|||X||||||||||||||
742441|0|R-VA039SC00634NB||||R-VA039SC00634NB|39-634|Mutton Hollow Rd|039|Greene County|039|Greene County|    1.95 MN 39-635 Matties Run Rd| 358095|0|1.95|3.51|    US 33 W, Spotswood Trail| 358096|0|0|3.56|    06/30/2020|89|R|||||||X||24|||X||||||||||||||
742442|0|R-VA039SC00634NB||||R-VA039SC00634NB|39-634|Bull Yearling Rd|039|Greene County|039|Greene County|    US 33 E, Spotswood Trail| 358219|0|0|3.7|    39-639 Saddleback Rd| 358097|0|0|4.1|    06/30/2020|103|R|||||||X||24|||X||||||||||||||
742443|0|R-VA039SC00634NB||||R-VA039SC00634NB|39-634|Bull Yearling Rd|039|Greene County|039|Greene County|    39-639 Saddleback Rd| 358097|0|0|4.1|    39-638 Turkey Ridge Rd| 358098|0|0|6.4|    06/30/2020|155|R|||||||X||24|||X||||||||||||||
742444|0|R-VA039SC00635EB||||R-VA039SC00635EB|39-635|Matties Run Rd|039|Greene County|039|Greene County|    Dead End| 358099|0|0|0|    39-634 Mutton Hollow Rd| 358095|0|0|1.2|    06/30/2020|49|R|||||||X||24|||X||||||||||||||
742445|0|R-VA039SC00636NB||||R-VA039SC00636NB|39-636|Goose Pond Rd|039|Greene County|039|Greene County|    Shen Natl Park Bndy| 358100|0|0|0|    0.80 MN of Bndy| 358100|0|.8|.8|    06/30/2020|43|R|||||||X||24|||X||||||||||||||
742446|0|R-VA039SC00636NB||||R-VA039SC00636NB|39-636|Goose Pond Rd|039|Greene County|039|Greene County|    0.80 MN of Bndy| 358100|0|.8|.8|    39-625 Golden Horshoe Rd| 358070|0|0|1.2|    07/15/2020|202|R|||||||X||24|||X||||||||||||||
742447|0|R-VA039SC00637NB||||R-VA039SC00637NB|39-637|Octonia Rd|039|Greene County|039|Greene County|    SR 230 Madison Rd| 358101|0|0|0|    39-1001 Ford Ave| 358102|0|0|.3|    07/15/2020|35|R|||||||X||24|||X||||||||||||||
742448|0|R-VA039SC00637NB||||R-VA039SC00637NB|39-637|Octonia Rd|039|Greene County|039|Greene County|    39-1001 Ford Ave| 358102|0|0|.3|    0.10 MN 39-1001 Ford Ave| 358102|0|.1|.4|    06/30/2020|27|R|||||||X||24|||X||||||||||||||
742449|0|R-VA039SC00637NB||||R-VA039SC00637NB|39-637|Octonia Rd|039|Greene County|039|Greene County|    0.10 MN 39-1001 Ford Ave| 358102|0|.1|.4|    39-621 South River Rd| 358055|0|0|2.3|    06/30/2020|152|R|||||||X||24|||X||||||||||||||
302500|0|R-VA039SC00637NB||||R-VA039SC00637NB|39-637|South River Rd|039|Greene County|039|Greene County|    39-621 South River Rd| 358055|0|0|2.3|    39-647 McMullen Mill Rd| 358104|0|0|3.8|    01/01/2022|627|G|98|1|1|0|0|0|F|.115|6 |.71|630|G||||||||||||||
742450|0|R-VA039SC00637NB||||R-VA039SC00637NB|39-637|South River Rd|039|Greene County|039|Greene County|    39-647 McMullen Mill Rd| 358104|0|0|3.8|    39-642 S, Taylor Mtn Rd| 358105|0|0|4.6|    06/30/2020|277|R|||||||X||24|||X||||||||||||||
742451|0|R-VA039SC00637NB||||R-VA039SC00637NB|39-637|South River Rd|039|Greene County|039|Greene County|    39-642 S, Taylor Mtn Rd| 358105|0|0|4.6|    39-642 N, Simms Rd| 358221|0|0|4.9|    07/01/2020|145|R|||||||X||24|||X||||||||||||||
742452|0|R-VA039SC00637NB||||R-VA039SC00637NB|39-637|Pocosan Mtn Rd|039|Greene County|039|Greene County|    39-642 N, Simms Rd| 358221|0|0|4.9|    Dead End| 358106|0|0|7.5|    06/30/2020|89|R|||||||X||24|||X||||||||||||||
742453|0|R-VA039SC00638EB||||R-VA039SC00638EB|39-638|Turkey Ridge Rd|039|Greene County|039|Greene County|    US 33 Spotswood Trail| 358107|0|0|0|    39-634 Bull Yearling Rd| 358098|0|0|2.4|    06/30/2020|103|R|||||||X||24|||X||||||||||||||
742454|0|R-VA039SC00638EB||||R-VA039SC00638EB|39-638|Turkey Ridge Rd|039|Greene County|039|Greene County|    39-634 Bull Yearling Rd| 358098|0|0|2.4|    39-637 W, South River Rd| 358220|0|0|2.6|    06/30/2020|155|R|||||||X||24|||X||||||||||||||
742455|0|R-VA039SC00638EB||||R-VA039SC00638EB|39-638|Teel Mtn Rd|039|Greene County|039|Greene County|    39-637 E, South River Rd| 358103|0|0|3.2|    39-667 Middle River Rd| 358108|0|0|5.3|    06/30/2020|49|R|||||||X||24|||X||||||||||||||
742456|0|R-VA039SC00639NB||||R-VA039SC00639NB|39-639|Saddleback Rd|039|Greene County|039|Greene County|    39-634 Bull Yearling Rd| 358097|0|0|0|    Shen Natl Park Bndy| 358109|0|0|1|    06/30/2020|43|R|||||||X||24|||X||||||||||||||
742457|0|R-VA039SC00640NB||||R-VA039SC00640NB|39-640|Watson Rd|039|Greene County|039|Greene County|    39-633 Dairy Rd| 358088|0|0|0|    0.89 MN 39-633 Dairy Rd| 358088|0|.89|.89|    07/15/2020|202|R|||||||X||24|||X||||||||||||||
742458|0|R-VA039SC00640NB||||R-VA039SC00640NB|39-640|Watson Rd|039|Greene County|039|Greene County|    0.89 MN 39-633 Dairy Rd| 358088|0|.89|.89|    Dead End| 358222|0|0|1.2|    07/15/2020|35|R|||||||X||24|||X||||||||||||||
742459|0|R-VA039SC00641NB||||R-VA039SC00641NB|39-641|Davis Rd|039|Greene County|039|Greene County|    Dead End| 358110|0|0|0|    39-633 Amicus Rd| 358092|0|0|.5|    02/02/2017|50|R|||||||X||24|||X||||||||||||||
742460|0|R-VA039SC00642EB||||R-VA039SC00642EB|39-642|Taylor Mtn Rd|039|Greene County|039|Greene County|    Dead End, Shenandoah National Park| 358113|0|0|0|    39-643 Entry Run Rd| 358112|0|0|1.4|    06/30/2020|27|R|||||||X||24|||X||||||||||||||
742461|0|R-VA039SC00642EB||||R-VA039SC00642EB|39-642|Entry Run Rd|039|Greene County|039|Greene County|    39-643; Taylor Mtn Rd| 358112|0|0|1.4|    39-637 S, South River Rd| 358105|0|0|2.1|    06/30/2020|152|R|||||||X||24|||X||||||||||||||
742462|0|R-VA039SC00642EB||||R-VA039SC00642EB|39-642|Simms Rd|039|Greene County|039|Greene County|    39-637 N, Pocosan Mtn Rd; South River Rd| 358221|0|0|2.4|    39-667 Middle River Rd| 358111|0|0|4.6|    06/30/2020|59|R|||||||X||24|||X||||||||||||||
742463|0|R-VA039SC00643NB||||R-VA039SC00643NB|39-643|Entry Run Rd|039|Greene County|039|Greene County|    39-642 Taylor Mtn Rd| 358112|0|0|0|    Dead End| 358114|0|0|1.1|    06/30/2020|26|R|||||||X||24|||X||||||||||||||
742464|0|R-VA039SC00644NB||||R-VA039SC00644NB|39-644|Gilbert Rd|039|Greene County|039|Greene County|    Dead End| 358115|0|0|0|    39-607 Cedar Grove Rd; 39-743 Advance Mills Rd| 358025|0|0|1|    07/15/2020|155|R|||||||X||24|||X||||||||||||||
742466|0|R-VA039SC00645NB||||R-VA039SC00645NB|39-645|Moore Rd|039|Greene County|039|Greene County|    US 33 E, Spotswood Trail| 358117|0|0|0|    Jurisdiction Boundary: 039 Greene County|1001268|0|0|2.9|    07/20/2020|159|R|||||||X||24|||X||||||||||||||
742467|0|R-VA039SC00646EB||||R-VA039SC00646EB|39-646|Garth Rd|039|Greene County|039|Greene County|    39-810 Dyke Rd| 358120|0|0|0|    39-624 W, Pea Ridge Rd| 700732|0|0|1.4|    06/24/2020|19|R|||||||X||24|||X||||||||||||||
742468|0|R-VA039SC00646EB||||R-VA039SC00646EB|39-646|Blue Run Rd|039|Greene County|039|Greene County|    39-624 E, Pea Ridge Rd| 358067|0|0|1.87|    US 33 Spotswood Trail|1092137|0|0|2.87|    06/24/2020|322|R|||||||X||24|||X||||||||||||||
742469|0|R-VA039SC00647EB||||R-VA039SC00647EB|39-647|McMullen Mill Rd|039|Greene County|039|Greene County|    Dead End| 358121|0|0|0|    0.05 ME Dead End| 358121|0|.05|.05|    06/30/2020|216|R|||||||X||24|||X||||||||||||||
742470|0|R-VA039SC00647EB||||R-VA039SC00647EB|39-647|McMullen Mill Rd|039|Greene County|039|Greene County|    0.05 ME Dead End| 358121|0|.05|.05|    39-637 South River Rd| 358104|0|0|.25|    06/30/2020|229|R|||||||X||24|||X||||||||||||||
742471|0|R-VA039SC00648EB||||R-VA039SC00648EB|39-648|Chapman Rd|039|Greene County|039|Greene County|    39-603 Bingham Mtn Rd| 358008|0|0|0|    39-604 Celt Rd| 358013|0|0|1.8|    06/16/2020|473|R|||||||X||24|||X||||||||||||||
302501|0|R-VA039SC00649NB||||R-VA039SC00649NB|39-649|Stanard St|302|Town of Stanardsville|039|Greene County|    39-622 Celt Rd| 358061|0|0|0|    Blakely Ave| 358123|0|0|.15|    01/01/2022|354|G|99|0|0|0|0|0|C|.127|6 |.67|357|G||||||||||||||
302502|0|R-VA039SC00649NB||||R-VA039SC00649NB|39-649|Blakely Ave|302|Town of Stanardsville|039|Greene County|    Stanard St| 358123|0|0|.15|    Bus US 33 Main St| 358124|0|0|.2|    01/01/2022|253|G|99|0|0|0|0|0|F|.118|6 |.62|256|G||||||||||||||
742472|0|R-VA039SC00650NB||||R-VA039SC00650NB|39-650|Mount Olivet Rd|039|Greene County|039|Greene County|    Dead End| 358127|0|0|0|    39-656 Old Schoolhouse Lane| 358126|0|0|.707|    06/16/2020|76|R|||||||X||24|||X||||||||||||||
742473|0|R-VA039SC00650NB||||R-VA039SC00650NB|39-650|Mount Olivet Rd|039|Greene County|039|Greene County|    39-656 Old Schoolhouse Lane| 358126|0|0|.707|    39-810 Dyke Rd| 358125|0|0|.811|    06/16/2020|74|R|||||||X||24|||X||||||||||||||
742474|0|R-VA039SC00650NB||||R-VA039SC00650NB|39-650|Mount Olivet Rd|039|Greene County|039|Greene County|    39-810 Dyke Rd| 358125|0|0|.811|    39-615 Evergreen Church Rd| 358044|0|0|1.7|    06/16/2020|70|R|||||||X||24|||X||||||||||||||
742475|0|R-VA039SC00651NB||||R-VA039SC00651NB|39-651|Still Pond Rd|039|Greene County|039|Greene County|    39-604 S, Celt Rd| 358012|0|0|0|    39-604 N, Celt Rd| 358214|0|0|.23|    06/24/2020|15|R|||||||X||24|||X||||||||||||||
742476|0|R-VA039SC00652NB||||R-VA039SC00652NB|39-652|Sassafras lane|039|Greene County|039|Greene County|    Dead End| 358129|0|0|0|    US 33 Spotswood Trail|1001261|0|0|.19|    07/22/2020|353|R|||||||X||24|||X||||||||||||||
742477|0|R-VA039SC00653EB||||R-VA039SC00653EB|39-653|Fairlane Dr|039|Greene County|039|Greene County|    Cul-de-Sac| 358131|0|0|0|    US 33 Spotswood Trail|1279006|0|0|.47|    02/09/2017|550|R|||||||X||24|||X||||||||||||||
742478|0|R-VA039SC00654NB||||R-VA039SC00654NB|39-654|Mays Rd|039|Greene County|039|Greene County|    Dead End| 358224|0|0|0|    39-623 Swift Run Rd| 358064|0|0|.32|    07/15/2020|909|R|||||||X||24|||X||||||||||||||
742479|0|R-VA039SC00655NB||||R-VA039SC00655NB|39-655|Cardinal Court|039|Greene County|039|Greene County|    Dead End| 358225|0|0|0|    39-619 Dundee Rd| 358051|0|0|.21|    02/02/2017|65|R|||||||X||24|||X||||||||||||||
742480|0|R-VA039SC00656NB||||R-VA039SC00656NB|39-656|Old Schoolhouse Lane|039|Greene County|039|Greene County|    39-650 Mt Olivet Rd| 358126|0|0|0|    Dead End| 358226|0|0|.19|    02/08/2017|55|R|||||||X||24|||X||||||||||||||
742481|0|R-VA039SC00657NB||||R-VA039SC00657NB|39-657|Albano Rd|039|Greene County|039|Greene County|    Orange County Line| 852004|0|0|0|    39-610 Toms Rd| 358036|0|0|.6|    07/22/2020|145|R|||||||X||24|||X||||||||||||||
742482|0|R-VA039SC00658NB||||R-VA039SC00658NB|39-658|Parrotts Rd|039|Greene County|039|Greene County|    39-629 S, Welsh Run Rd| 358216|0|0|0|    39-629 N, Welsh Run Rd| 358081|0|0|.44|    06/24/2020|20|R|||||||X||24|||X||||||||||||||
742483|0|R-VA039SC00659EB||||R-VA039SC00659EB|39-659|Ashley Lane|039|Greene County|039|Greene County|    39-600 Shotwell Rd| 358002|0|0|0|    Cul-de-Sac| 358132|0|0|.19|    02/02/2017|110|R|||||||X||24|||X||||||||||||||
742484|0|R-VA039SC00660NB||||R-VA039SC00660NB|39-660|Iroquois Trail|039|Greene County|039|Greene County|    39-607 Matthew Mill Rd| 358022|0|0|0|    39-661 Mohican Trail| 358133|0|0|.28|    02/10/2017|113|R|||||||X||24|||X||||||||||||||
742485|0|R-VA039SC00661EB||||R-VA039SC00661EB|39-661|Mohican Trail|039|Greene County|039|Greene County|    Cul-de-Sac| 358134|0|0|0|    39-660 Iroquois Trail| 358133|0|0|.12|    02/09/2017|75|R|||||||X||24|||X||||||||||||||
742486|0|R-VA039SC00661EB||||R-VA039SC00661EB|39-661|Mohican Trail|039|Greene County|039|Greene County|    39-660 Iroquois Trail| 358133|0|0|.12|    39-607 Matthew Mill Rd| 358021|0|0|.38|    02/10/2017|91|R|||||||X||24|||X||||||||||||||
798346|0|R-VA039SC00662EB||||R-VA039SC00662EB|39-662| |039|Greene County|039|Greene County|    39-654 Dead End|1204742|0|0|0|    39-654 Mays Rd| 753573|0|0|.53|    07/15/2020|187|R|||||||X||24|||X||||||||||||||
742487|0|R-VA039SC00667NB||||R-VA039SC00667NB|39-667|Middle River Rd|039|Greene County|039|Greene County|    SR 230 Madison Rd| 358135|0|0|0|    39-642 Simms Rd| 358111|0|0|3.94|    06/30/2020|644|R|||||||X||24|||X||||||||||||||
742488|0|R-VA039SC00667NB||||R-VA039SC00667NB|39-667|Middle River Rd|039|Greene County|039|Greene County|    39-642 Simms Rd| 358111|0|0|3.94|    56-675 Fletcher Rd| 852005|0|0|5.85|    07/07/2020|264|R|||||||X||24|||X||||||||||||||
742489|0|R-VA039SC00667NB||||R-VA039SC00667NB|39-667|Middle River Rd|039|Greene County|039|Greene County|    56-675 Fletcher Rd| 852005|0|0|5.85|    Madison County Line| 358136|0|0|7.11|    07/07/2020|67|R|||||||X||24|||X||||||||||||||
742490|0|R-VA039SC00667NB||||R-VA039SC00667NB|39-667|Middle River Rd|056|Madison County|039|Greene County|    Greene County Line| 358136|0|0|7.11|    Dead End| 358137|0|0|8.84|    07/07/2020|20|R|||||||X||24|||X||||||||||||||
742491|0|R-VA039SC00668NB||||R-VA039SC00668NB|39-668|Peyton Lane|039|Greene County|039|Greene County|    US 33 Spotswood Trail| 358138|0|0|0|    Dead End| 358139|0|0|.2|    07/15/2020|30|T|||||||X||24|||X||||||||||||||
742492|0|R-VA039SC00669EB||||R-VA039SC00669EB|39-669|Bingham Church Lane|039|Greene County|039|Greene County|    Dead End| 358140|0|0|0|    39-810 Dyke Rd| 802040|0|0|.11|    06/11/2020|25|T|||||||X||24|||X||||||||||||||
742493|0|R-VA039SC00670EB||||R-VA039SC00670EB|39-670|Preddy Creek Rd|039|Greene County|039|Greene County|    39-607 Cedar Grove Rd| 358023|0|0|0|    39-1130 Lumber Lane| 358141|0|0|1.24|    06/11/2020|3702|R|||||||X||24|||X||||||||||||||
742494|0|R-VA039SC00670EB||||R-VA039SC00670EB|39-670|Preddy Creek Rd|039|Greene County|039|Greene County|    39-1130 Lumber Lane| 358141|0|0|1.24|    | 852006|0|0|2.4|    01/01/2022|757|G|100|0|0|0|0|0|C|.116|6 |.69|757|G||||||||||||||
742495|0|R-VA039SC00671EB||||R-VA039SC00671EB|39-671|Sam Durrer Rd|039|Greene County|039|Greene County|    Dead End| 358144|0|0|0|    39-685 Marshall Rd| 358143|0|0|.05|    02/08/2017|70|R|||||||X||24|||X||||||||||||||
742496|0|R-VA039SC00671EB||||R-VA039SC00671EB|39-671|Sam Durrer Rd|039|Greene County|039|Greene County|    39-685 Marshall Rd| 358143|0|0|.05|    39-743 Advance Mills Rd| 358142|0|0|.6|    07/15/2020|152|R|||||||X||24|||X||||||||||||||
742497|0|R-VA039SC00672NB||||R-VA039SC00672NB|39-672|Miller Mtn Rd|039|Greene County|039|Greene County|    39-609 Fredericksburg Rd| 358030|0|0|0|    Dead End| 358145|0|0|.95|    07/15/2020|140|R|||||||X||24|||X||||||||||||||
742498|0|R-VA039SC00673EB||||R-VA039SC00673EB|39-673|Robin Lane|039|Greene County|039|Greene County|    39-621 South River Rd| 358057|0|0|0|    Dead End| 358146|0|0|.31|    07/07/2020|85|T|||||||X||24|||X||||||||||||||
742499|0|R-VA039SC00674EB||||R-VA039SC00674EB|39-674|Parker Mtn Rd|039|Greene County|039|Greene County|    Dead End| 358147|0|0|0|    39-604 Celt Rd| 358015|0|0|1.95|    06/24/2020|239|R|||||||X||24|||X||||||||||||||
742500|0|R-VA039SC00675NB||||R-VA039SC00675NB|39-675|Southard Rd|039|Greene County|039|Greene County|    39-622 Celt Rd| 358060|0|0|0|    Dead End| 358148|0|0|.5|    06/24/2020|35|T|||||||X||24|||X||||||||||||||
742501|0|R-VA039SC00676EB||||R-VA039SC00676EB|39-676|Shifflett Rd|039|Greene County|039|Greene County|    39-628 Simmons Gap Rd| 358078|0|0|0|    0.30 ME 39-628 Simmons Gap Rd| 358078|0|.3|.3|    06/11/2020|19|R|||||||X||24|||X||||||||||||||
742502|0|R-VA039SC00676EB||||R-VA039SC00676EB|39-676|Shifflett Rd|039|Greene County|039|Greene County|    0.30 ME 39-628 Simmons Gap Rd| 358078|0|.3|.3|    39-632 Wyatt Mountain Rd| 358086|0|0|2.2|    06/11/2020|38|R|||||||X||24|||X||||||||||||||
742503|0|R-VA039SC00677EB||||R-VA039SC00677EB|39-677|Ice House Rd|039|Greene County|039|Greene County|    Bus US 33 WEST| 358149|0|0|0|    39-1010 Holmes Run Rd| 358150|0|0|.18|    07/07/2020|216|R|||||||X||24|||X||||||||||||||
742504|0|R-VA039SC00677EB||||R-VA039SC00677EB|39-677|Ice House Rd|039|Greene County|039|Greene County|    39-1010 Holmes Run Rd| 358150|0|0|.18|    Bus US 33 EAST| 358151|0|0|.34|    07/07/2020|146|R|||||||X||24|||X||||||||||||||
742505|0|R-VA039SC00678EB||||R-VA039SC00678EB|39-678|Rucker Dr|039|Greene County|039|Greene County|    39-616 Carpenters Mill Rd| 358047|0|0|0|    Cul-de-Sac| 358152|0|0|.15|    02/02/2017|85|R|||||||X||24|||X||||||||||||||
742506|0|R-VA039SC00680NB||||R-VA039SC00680NB|39-680|Pinewood Court|039|Greene County|039|Greene County|    US 33 Spotswood Trail| 358153|0|0|0|    Cul-de-Sac| 358154|0|0|.11|    02/08/2017|50|R|||||||X||24|||X||||||||||||||
742507|0|R-VA039SC00685EB||||R-VA039SC00685EB|39-685|Marshall Rd|039|Greene County|039|Greene County|    Dead End| 358227|0|0|0|    39-671 Sam Durrer Rd| 358143|0|0|.11|    02/08/2017|45|R|||||||X||24|||X||||||||||||||
784042|0|R-VA039SC00690NB||||R-VA039SC00690NB|39-690|Business Park Dr|039|Greene County|039|Greene County|    US 33; 39-1103| 358179|0|0|0|    Cul-de-Sac| 727809|0|0|.22|    07/15/2020|124|R|||||||X||24|||X||||||||||||||
784043|0|R-VA039SC00691EB||||R-VA039SC00691EB|39-691|Business Park Circle|039|Greene County|039|Greene County|    Cul-de-Sac| 727811|0|0|0|    39-690| 727810|0|0|.11|    07/15/2020|55|T|||||||X||24|||X||||||||||||||
742508|0|R-VA039SC00743NB||||R-VA039SC00743NB|39-743|Advance Mills Rd|039|Greene County|039|Greene County|    Jurisdiction Boundary: 002 Albemarle County| 802029|0|0|.01|    39-629 Welsh Run Rd| 358082|0|0|1|    01/01/2022|1021|G|97|1|0|1|0|0|C|.124|6 |.57|1021|G||||||||||||||
742509|0|R-VA039SC00743NB||||R-VA039SC00743NB|39-743|Advance Mills Rd|039|Greene County|039|Greene County|    39-629 Welsh Run Rd| 358082|0|0|1|    39-617 Dunnes Shop Rd| 358050|0|0|2.12|    01/01/2022|1579|G|97|1|1|1|1|0|C|.112|6 |.59|1579|G||||||||||||||
742510|0|R-VA039SC00743NB||||R-VA039SC00743NB|39-743|Advance Mills Rd|039|Greene County|039|Greene County|    39-617 Dunnes Shop Rd| 358050|0|0|2.12|    39-607 Cedar Grove Rd; 39-644 Gilbert Rd| 358025|0|0|2.62|    01/01/2022|2091|G|96|0|0|2|0|0|C|.108|6 |.53|2091|G||||||||||||||
302503|0|R-VA039SC00743NB||||R-VA039SC00743NB|39-743|Advance Mills Rd|039|Greene County|039|Greene County|    39-607 Cedar Grove Rd; 39-644 Gilbert Rd| 358025|0|0|2.62|    39-671 Sam Durrer Rd| 358142|0|0|3.47|    01/01/2022|2073|G|98|1|0|0|0|0|C|.134|6 |.6|2198|G||||||||||||||
302504|0|R-VA039SC00743NB||||R-VA039SC00743NB|39-743|Advance Mills Rd|039|Greene County|039|Greene County|    39-671 Sam Durrer Rd| 358142|0|0|3.47|    US 33 Spotswood Trail| 358155|0|0|4.68|    01/01/2022|2005|G|98|1|0|0|0|0|F|.133|6 |.57|2126|G||||||||||||||
302505|0|R-VA039SC00810EB||||R-VA039SC00810EB|39-810|Dyke Rd|039|Greene County|039|Greene County|    Albermarle County Line| 802040|0|0|0|    39-633 Amicus Rd| 358093|0|0|3.36|    01/01/2022|1188|G|97|1|1|0|0|0|C|.108|6 |.63|1197|G||||||||||||||
302506|0|R-VA039SC00810EB||||R-VA039SC00810EB|39-810|Dyke Rd|039|Greene County|039|Greene County|    39-633 Amicus Rd| 358093|0|0|3.36|    39-626 Rosebrook Rd| 358072|0|0|5.55|    01/01/2022|1422|G|97|1|1|0|0|0|C|.116|6 |.54|1433|G||||||||||||||
302507|0|R-VA039SC00810EB||||R-VA039SC00810EB|39-810|Dyke Rd|039|Greene County|039|Greene County|    39-626 Rosebrook Rd| 358072|0|0|5.55|    |1092138|0|0|8.02|    01/01/2022|1764|G|97|1|1|0|0|0|F|.107|6 |.59|1777|G||||||||||||||
742511|0|R-VA039SC01001NB||||R-VA039SC01001NB|39-1001|Ford Ave|302|Town of Stanardsville|039|Greene County|    39-649 Blakely Ave| 358122|0|0|0|    Bus US 33 Main St| 358158|0|0|.09|    07/07/2020|234|R|||||||X||24|||X||||||||||||||
742512|0|R-VA039SC01001NB||||R-VA039SC01001NB|39-1001|Ford Ave|302|Town of Stanardsville|039|Greene County|    Bus US 33 Main St| 358158|0|0|.09|    NCL Stanardsville| 358159|0|0|.56|    07/07/2020|761|R|||||||X||24|||X||||||||||||||
742513|0|R-VA039SC01001NB||||R-VA039SC01001NB|39-1001|Ford Ave|039|Greene County|039|Greene County|    NCL Stanardsville| 358159|0|0|.56|    39-637 McMullen Mill Rd| 358102|0|0|1.47|    06/20/2014|343|R|||||||X||24|||X||||||||||||||
742514|0|R-VA039SC01002EB||||R-VA039SC01002EB|39-1002|Court St|302|Town of Stanardsville|039|Greene County|    39-1001 Ford Ave| 358157|0|0|0|    39-649 Blakely Ave| 358123|0|0|.04|    07/07/2020|134|R|||||||X||24|||X||||||||||||||
742515|0|R-VA039SC01003NB||||R-VA039SC01003NB|39-1003|Shiloh Rd|302|Town of Stanardsville|039|Greene County|    Dead End| 358161|0|0|0|    Bus US 33 Main St| 358160|0|0|.17|    02/09/2017|110|R|||||||X||24|||X||||||||||||||
742516|0|R-VA039SC01004NB||||R-VA039SC01004NB|39-1004|Childs Rd|039|Greene County|039|Greene County|    Dead End| 358164|0|0|0|    ECL Stanardsville| 358163|0|0|.07|    07/07/2020|50|T|||||||X||24|||X||||||||||||||
742517|0|R-VA039SC01004NB||||R-VA039SC01004NB|39-1004|Childs Rd|302|Town of Stanardsville|039|Greene County|    ECL Stanardsville| 358163|0|0|.07|    SR 230 Madison Rd| 358162|0|0|.17|    07/07/2020|90|R|||||||X||24|||X||||||||||||||
742518|0|R-VA039SC01005EB||||R-VA039SC01005EB|39-1005|Commonwealth Dr|302|Town of Stanardsville|039|Greene County|    SR 230 Madison Rd| 358165|0|0|0|    ECL Stanardsville| 358166|0|0|.09|    07/07/2020|9|R|||||||X||24|||X||||||||||||||
742519|0|R-VA039SC01005EB||||R-VA039SC01005EB|39-1005|Commonwealth Dr|039|Greene County|039|Greene County|    ECL Stanardsville| 358166|0|0|.09|    Dead End| 358167|0|0|.26|    07/07/2020|10|T|||||||X||24|||X||||||||||||||
742520|0|R-VA039SC01006NB||||R-VA039SC01006NB|39-1006|Reservoir Dr|039|Greene County|039|Greene County|    Bus US 33| 358168|0|0|0|    Dead End| 358169|0|0|.19|    02/02/2017|70|R|||||||X||24|||X||||||||||||||
742521|0|R-VA039SC01007EB||||R-VA039SC01007EB|39-1007|Lake View Dr|039|Greene County|039|Greene County|    39-633 Dairy Rd| 358090|0|0|0|    39-1008 Lake View Ct| 358170|0|0|.1|    07/15/2020|255|R|||||||X||24|||X||||||||||||||
742522|0|R-VA039SC01007EB||||R-VA039SC01007EB|39-1007|Lake View Dr|039|Greene County|039|Greene County|    39-1008 Lake View Ct| 358170|0|0|.1|    | 358171|0|0|.2|    07/15/2020|72|R|||||||X||24|||X||||||||||||||
742523|0|R-VA039SC01007EB||||R-VA039SC01007EB|39-1007|Lake View Dr|039|Greene County|039|Greene County|    39-1009 Hoods Court| 358171|0|0|.2|    Cul-de-Sac| 358172|0|0|.27|    02/08/2017|55|R|||||||X||24|||X||||||||||||||
742524|0|R-VA039SC01008NB||||R-VA039SC01008NB|39-1008|Lake View Ct|039|Greene County|039|Greene County|    Cul-de-Sac| 358173|0|0|0|    39-1007 Lake View Dr| 358170|0|0|.16|    02/08/2017|75|R|||||||X||24|||X||||||||||||||
742525|0|R-VA039SC01009NB||||R-VA039SC01009NB|39-1009|Hoods Court|039|Greene County|039|Greene County|    39-1007 Lake View Dr| 358171|0|0|0|    Jurisdiction Boundary: 039 Greene County| 358089|0|0|.06|    07/15/2020|37|R|||||||X||24|||X||||||||||||||
742526|0|R-VA039SC01010NB||||R-VA039SC01010NB|39-1010|Holmes Run Rd|039|Greene County|039|Greene County|    Cul-de-Sac| 358175|0|0|0|    39-1011 Holmes Run Place| 358174|0|0|.13|    07/07/2020|60|T|||||||X||24|||X||||||||||||||
742527|0|R-VA039SC01010NB||||R-VA039SC01010NB|39-1010|Holmes Run Rd|039|Greene County|039|Greene County|    39-1011 Holmes Run Place| 358174|0|0|.13|    39-677 Ice House Rd| 358150|0|0|.25|    07/07/2020|165|R|||||||X||24|||X||||||||||||||
742528|0|R-VA039SC01011NB||||R-VA039SC01011NB|39-1011|Holmes Run Place|039|Greene County|039|Greene County|    Cul-de-Sac| 358176|0|0|0|    39-1010 Holmes Run Rd| 358174|0|0|.06|    02/02/2017|40|R|||||||X||24|||X||||||||||||||
791697|0|R-VA039SC01012EB||||R-VA039SC01012EB|39-1012| |039|Greene County|039|Greene County|    39-1013| 739809|0|0|0|    39-637 Octonia Rd| 739808|0|0|.12|    06/30/2020|10|R|||||||X||24|||X||||||||||||||
791698|0|R-VA039SC01013NB||||R-VA039SC01013NB|39-1013|Mountainside Dr|039|Greene County|039|Greene County|    Dead End| 739810|0|0|0|    Dead End| 739812|0|0|.49|    06/30/2020|125|T|||||||X||24|||X||||||||||||||
742529|0|R-VA039SC01014NB||||R-VA039SC01014NB|39-1014|Oliver Lane|039|Greene County|039|Greene County|    39-633 Dairy Rd| 709273|0|0|0|    Cul-de-Sac| 709274|0|0|.13|    07/15/2020|85|T|||||||X||24|||X||||||||||||||
793039|0|R-VA039SC01016NB||||R-VA039SC01016NB|39-1016|Mill Stone Ln|039|Greene County|039|Greene County|    Dead End| 743022|0|0|0|    Bus US 33| 743024|0|0|.16|    07/07/2020|55|R|||||||X||24|||X||||||||||||||
793040|0|R-VA039SC01017EB||||R-VA039SC01017EB|39-1017|Mill Ridge Ct|039|Greene County|039|Greene County|    39-1016| 743023|0|0|0|    Dead End| 743026|0|0|.05|    07/07/2020|155|R|||||||X||24|||X||||||||||||||
788561|0|R-VA039SC01018NB||||R-VA039SC01018NB|39-1018|Old Mill Rd|039|Greene County|039|Greene County|    End Loop| 737141|0|0|0|    39-619 Dundee Rd| 737139|0|0|.69|    07/07/2020|100|R|||||||X||24|||X||||||||||||||
784044|0|R-VA039SC01019EB||||R-VA039SC01019EB|39-1019|Reva Lane|039|Greene County|039|Greene County|    Cul-de-Sac| 726735|0|0|0|    FR-981 Reva Lane| 703578|0|0|.15|    07/15/2020|70|T|||||||X||24|||X||||||||||||||
742530|0|R-VA039SC01020EB||||R-VA039SC01020EB|39-1020|Buck Dr|039|Greene County|039|Greene County|    39-1015 Deerfield Dr|1265402|0|0|0|    US 29 Seminole Trail|1265827|0|0|.44|    07/29/2020|849|R|||||||X||24|||X||||||||||||||
742531|0|R-VA039SC01021NB||||R-VA039SC01021NB|39-1021|Deer Dr|039|Greene County|039|Greene County|    39-1020 Buck Dr| 709167|0|0|0|    39-1023 Bambi Dr| 709175|0|0|.57|    07/29/2020|898|R|||||||X||24|||X||||||||||||||
784045|0|R-VA039SC01021NB||||R-VA039SC01021NB|39-1021|Deer Dr|039|Greene County|039|Greene County|    39-1023 Bambi Dr| 709175|0|0|.57|    39-1025 Rudolph St| 726981|0|0|.77|    07/29/2020|434|R|||||||X||24|||X||||||||||||||
742532|0|R-VA039SC01022EB||||R-VA039SC01022EB|39-1022|Fawn Court|039|Greene County|039|Greene County|    39-1021 Deer Dr| 709168|0|0|0|    Cul-de-Sac| 709182|0|0|.07|    07/22/2020|50|T|||||||X||24|||X||||||||||||||
784046|0|R-VA039SC01023EB||||R-VA039SC01023EB|39-1023|Bambi Dr|039|Greene County|039|Greene County|    Cul-de-Sac| 726980|0|0|0|    39-1021 Deer Dr| 709175|0|0|.18|    07/22/2020|85|T|||||||X||24|||X||||||||||||||
784047|0|R-VA039SC01024EB||||R-VA039SC01024EB|39-1024|Doe Dr|039|Greene County|039|Greene County|    Cul-de-Sac| 726983|0|0|0|    39-1021 Deer Dr| 726982|0|0|.32|    07/22/2020|130|T|||||||X||24|||X||||||||||||||
788562|0|R-VA039SC01024EB||||R-VA039SC01024EB|39-1024|Doe Dr North|039|Greene County|039|Greene County|    39-1021 Deer Dr| 726982|0|0|.32|    Cul-de-Sac| 734771|0|0|.49|    02/08/2017|130|R|||||||X||24|||X||||||||||||||
784048|0|R-VA039SC01025NB||||R-VA039SC01025NB|39-1025|Rudolph St|039|Greene County|039|Greene County|    Cul-de-Sac| 726984|0|0|0|    Cul-de-Sac| 726985|0|0|.42|    07/22/2020|180|T|||||||X||24|||X||||||||||||||
788563|0|R-VA039SC01026NB||||R-VA039SC01026NB|39-1026|Stag Dr|039|Greene County|039|Greene County|    Cul-de-Sac| 734773|0|0|0|    39-1024 Doe Dr North| 734772|0|0|.14|    07/22/2020|70|T|||||||X||24|||X||||||||||||||
794771|0|R-VA039SC01027EB||||R-VA039SC01027EB|39-1027|Lake Dr|039|Greene County|039|Greene County|    39-1021 Deer Dr| 747424|0|0|0|    Cul-de-Sac| 747425|0|0|.45|    07/22/2020|210|T|||||||X||24|||X||||||||||||||
786337|0|R-VA039SC01029NB||||R-VA039SC01029NB|39-1029|Windham Dr|039|Greene County|039|Greene County|    Cul-de-Sac| 732547|0|0|0|    39-607 Matthew Mill Rd| 732546|0|0|.15|    07/29/2020|85|T|||||||X||24|||X||||||||||||||
742533|0|R-VA039SC01030EB||||R-VA039SC01030EB|39-1030|Valley View Rd|039|Greene County|039|Greene County|    39-629 S, Welsh Run Rd| 713675|0|0|0|    39-629 N, Welsh Run Rd| 713676|0|0|.98|    02/09/2017|41|R|||||||X||24|||X||||||||||||||
795679|0|R-VA039SC01032EB||||R-VA039SC01032EB|39-1032|Sterling Lamm Rd|039|Greene County|039|Greene County|    39-607 Matthew Mill Rd| 748840|0|0|0|    Dead End| 748842|0|0|.35|    08/06/2020|151|R|||||||X||24|||X||||||||||||||
795680|0|R-VA039SC01033NB||||R-VA039SC01033NB|39-1033| |039|Greene County|039|Greene County|    39-1032| 748844|0|0|0|    39-607 Matthew Mill Rd| 748841|0|0|.26|    08/06/2020|68|R|||||||X||24|||X||||||||||||||
795681|0|R-VA039SC01034NB||||R-VA039SC01034NB|39-1034|Neil Ct|039|Greene County|039|Greene County|    Cul-de-Sac| 748845|0|0|0|    39-1032| 748843|0|0|.05|    07/29/2020|35|T|||||||X||24|||X||||||||||||||
790404|0|R-VA039SC01040NB||||R-VA039SC01040NB|39-1040|Lexington Way|039|Greene County|039|Greene County|    Cul-de-Sac| 737663|0|0|0|    39-810 Dyke Rd| 737662|0|0|.41|    06/16/2020|51|R|||||||X||24|||X||||||||||||||
790405|0|R-VA039SC01041NB||||R-VA039SC01041NB|39-1041|Lexington Ct|039|Greene County|039|Greene County|    Cul-de-Sac| 737665|0|0|0|    39-1040| 737664|0|0|.12|    06/16/2020|35|T|||||||X||24|||X||||||||||||||
802906|0|R-VA039SC01042NB||||R-VA039SC01042NB|39-1042| |039|Greene County|039|Greene County|    39-810 Dyke Rd| 756908|0|0|0|    Cul-de-Sac| 756909|0|0|.12|    06/16/2020|25|T|||||||X||24|||X||||||||||||||
796504|0|R-VA039SC01046NB||||R-VA039SC01046NB|39-1046|Wind Ridge Ct|039|Greene County|039|Greene County|    US 33 Spotswood Trail| 750663|0|0|0|    Cul-de-Sac| 750664|0|0|.19|    07/22/2020|75|R|||||||X||24|||X||||||||||||||
795682|0|R-VA039SC01047EB||||R-VA039SC01047EB|39-1047| |039|Greene County|039|Greene County|    US 33 Spotswood Trail| 749710|0|0|0|    Dead End|1090524|0|0|.89|    07/22/2020|281|R|||||||X||24|||X||||||||||||||
794582|0|R-VA039SC01049NB||||R-VA039SC01049NB|39-1049| |039|Greene County|039|Greene County|    US 33 Spotswood Trail| 746772|0|0|0|    Cul-de-Sac| 746773|0|0|.64|    07/22/2020|105|R|||||||X||24|||X||||||||||||||
797025|0|R-VA039SC01050EB||||R-VA039SC01050EB|39-1050|Greencroft Blvd|039|Greene County|039|Greene County|    Dead End| 751200|0|0|0|    US 33 Spotswood Trail; 39-1106 New Life Dr| 358239|0|0|.24|    08/06/2020|1504|R|||||||X||24|||X||||||||||||||
798828|0|R-VA039SC01060NB||||R-VA039SC01060NB|39-1060||039|Greene County|039|Greene County|    Cul-de-Sac| 754678|0|0|0|    39-1061| 751711|0|0|.18|    06/24/2020|25|T|||||||X||24|||X||||||||||||||
797026|0|R-VA039SC01060NB||||R-VA039SC01060NB|39-1060| |039|Greene County|039|Greene County|    39-1061| 751711|0|0|.18|    39-629 Welsh Run Rd| 751710|0|0|.47|    07/15/2020|129|R|||||||X||24|||X||||||||||||||
797027|0|R-VA039SC01061NB||||R-VA039SC01061NB|39-1061| |039|Greene County|039|Greene County|    39-1062 (pre-update)|1119939|0|0|0|    39-1060| 751711|0|0|.42|    07/15/2020|62|R|||||||X||24|||X||||||||||||||
797028|0|R-VA039SC01062EB||||R-VA039SC01062EB|39-1062|Creekside Ct|039|Greene County|039|Greene County|    Cul-de-Sac| 751713|0|0|0|    39-1061| 751712|0|0|.12|    07/15/2020|25|T|||||||X||24|||X||||||||||||||
798347|0|R-VA039SC01070EB||||R-VA039SC01070EB|39-1070| |039|Greene County|039|Greene County|    US 29 Seminole Trail| 754830|0|0|0|    39-1071| 754827|0|0|.03|    07/29/2020|2251|R|||||||X||24|||X||||||||||||||
798348|0|R-VA039SC01071NB||||R-VA039SC01071NB|39-1071| |039|Greene County|039|Greene County|    US 33 Spotswood Trail| 754824|0|0|0|    End State Maintenance| 754825|0|0|.43|    07/29/2020|7702|R|||||||X||24|||X||||||||||||||
798349|0|R-VA039SC01072EB||||R-VA039SC01072EB|39-1072| |039|Greene County|039|Greene County|    US 29 Seminole Trail| 754829|0|0|0|    39-1071| 754826|0|0|.11|    07/29/2020|772|R|||||||X||24|||X||||||||||||||
742534|0|R-VA039SC01101NB||||R-VA039SC01101NB|39-1101|Freelan Rd|039|Greene County|039|Greene County|    39-608 Stephens Loop| 358027|0|0|0|    39-1102 Thomas Court| 358177|0|0|.16|    02/09/2017|149|R|||||||X||24|||X||||||||||||||
742535|0|R-VA039SC01102NB||||R-VA039SC01102NB|39-1102|Thomas Court|039|Greene County|039|Greene County|    39-1101 Freelan Rd| 358177|0|0|0|    Cul-de-Sac| 358178|0|0|.14|    02/02/2017|80|R|||||||X||24|||X||||||||||||||
742536|0|R-VA039SC01103NB||||R-VA039SC01103NB|39-1103|Industrial Dr|039|Greene County|039|Greene County|    Cul-de-Sac| 358180|0|0|0|    US 33 Spotswood Trail| 358179|0|0|.39|    02/09/2017|671|R|||||||X||24|||X||||||||||||||
742537|0|R-VA039SC01105NB||||R-VA039SC01105NB|39-1105|Locust Lane|039|Greene County|039|Greene County|    US 33 Spotswood Trail| 358155|0|0|0|    Cul-de-Sac| 358182|0|0|.62|    02/09/2017|457|R|||||||X||24|||X||||||||||||||
742538|0|R-VA039SC01106EB||||R-VA039SC01106EB|39-1106|New Life Dr|039|Greene County|039|Greene County|    US 33 Spotswood Trail| 358239|0|0|0|    Cul-de-Sac| 708107|0|0|.2|    07/22/2020|284|R|||||||X||24|||X||||||||||||||
742539|0|R-VA039SC01110NB||||R-VA039SC01110NB|39-1110|Westwood Dr|039|Greene County|039|Greene County|    39-606 Spring Hill Rd| 358017|0|0|0|    39-1111 E, Greene Lea Dr| 358183|0|0|.11|    08/19/2020|233|R|||||||X||24|||X||||||||||||||
742540|0|R-VA039SC01110NB||||R-VA039SC01110NB|39-1110|Westwood Dr|039|Greene County|039|Greene County|    39-1111 E, Greene Lea Dr| 358183|0|0|.11|    39-1114 Knobhill Circle| 358184|0|0|.32|    08/19/2020|301|R|||||||X||24|||X||||||||||||||
742541|0|R-VA039SC01110NB||||R-VA039SC01110NB|39-1110|Westwood Dr|039|Greene County|039|Greene County|    39-1114 Knobhill Circle| 358184|0|0|.32|    39-1111 W, Greene Lea Dr| 358228|0|0|.36|    08/19/2020|177|R|||||||X||24|||X||||||||||||||
742542|0|R-VA039SC01110NB||||R-VA039SC01110NB|39-1110|Westwood Dr|039|Greene County|039|Greene County|    39-1111 W, Greene Lea Dr| 358228|0|0|.36|    39-1113 Meadow Lane| 358185|0|0|.42|    08/19/2020|218|R|||||||X||24|||X||||||||||||||
742543|0|R-VA039SC01110NB||||R-VA039SC01110NB|39-1110|Westwood Dr|039|Greene County|039|Greene County|    39-1113 Meadow Lane| 358185|0|0|.42|    39-1116 Branchland Court| 358186|0|0|.45|    07/22/2020|125|R|||||||X||24|||X||||||||||||||
742544|0|R-VA039SC01110NB||||R-VA039SC01110NB|39-1110|Westwood Dr|039|Greene County|039|Greene County|    39-1116 Branchland Court| 358186|0|0|.45|    Cul-de-Sac| 358187|0|0|.55|    02/08/2017|70|R|||||||X||24|||X||||||||||||||
742545|0|R-VA039SC01111NB||||R-VA039SC01111NB|39-1111|Greene Lea Dr|039|Greene County|039|Greene County|    39-1110 E, Westwood Dr| 358183|0|0|0|    39-1112 Valley Rd| 358188|0|0|.09|    08/19/2020|49|R|||||||X||24|||X||||||||||||||
742546|0|R-VA039SC01111NB||||R-VA039SC01111NB|39-1111|Greene Lea Dr|039|Greene County|039|Greene County|    39-1112 Valley Rd| 358188|0|0|.09|    39-1117 Cedar Lane| 358189|0|0|.19|    08/19/2020|210|R|||||||X||24|||X||||||||||||||
742547|0|R-VA039SC01111NB||||R-VA039SC01111NB|39-1111|Greene Lea Dr|039|Greene County|039|Greene County|    39-1117 Cedar Lane| 358189|0|0|.19|    39-1115 Holly Lane| 358190|0|0|.26|    08/19/2020|181|R|||||||X||24|||X||||||||||||||
742548|0|R-VA039SC01111NB||||R-VA039SC01111NB|39-1111|Greene Lea Dr|039|Greene County|039|Greene County|    39-1115 Holly Lane| 358190|0|0|.26|    39-1110 W, Westwood Rd| 358228|0|0|.36|    08/19/2020|105|R|||||||X||24|||X||||||||||||||
742549|0|R-VA039SC01112EB||||R-VA039SC01112EB|39-1112|Valley Rd|039|Greene County|039|Greene County|    39-1111 Greene Lea Dr| 358188|0|0|0|    39-606 Spring Hill Rd| 358018|0|0|.07|    08/19/2020|266|R|||||||X||24|||X||||||||||||||
742550|0|R-VA039SC01113NB||||R-VA039SC01113NB|39-1113|Meadow Lane|039|Greene County|039|Greene County|    Cul-de-Sac| 358191|0|0|0|    39-1110 Westwood Dr| 358185|0|0|.06|    02/02/2017|50|R|||||||X||24|||X||||||||||||||
742551|0|R-VA039SC01114EB||||R-VA039SC01114EB|39-1114|Knobhill Circle|039|Greene County|039|Greene County|    Cul-de-Sac| 358192|0|0|0|    39-1110 Westwood Dr| 358184|0|0|.03|    02/02/2017|40|R|||||||X||24|||X||||||||||||||
742552|0|R-VA039SC01115NB||||R-VA039SC01115NB|39-1115|Holly Lane|039|Greene County|039|Greene County|    39-1111 Greene Lea Dr| 358190|0|0|0|    Cul-de-Sac| 358193|0|0|.08|    02/02/2017|55|R|||||||X||24|||X||||||||||||||
742553|0|R-VA039SC01116NB||||R-VA039SC01116NB|39-1116|Branchland Ct|039|Greene County|039|Greene County|    39-1110 Westwood Dr| 358186|0|0|0|    Cul-de-Sac| 358194|0|0|.08|    02/02/2017|45|R|||||||X||24|||X||||||||||||||
742554|0|R-VA039SC01117NB||||R-VA039SC01117NB|39-1117|Cedar Lane|039|Greene County|039|Greene County|    Cul-de-Sac| 358195|0|0|0|    39-1111 Greene Lea Dr| 358189|0|0|.05|    02/02/2017|40|R|||||||X||24|||X||||||||||||||
791699|0|R-VA039SC01118EB||||R-VA039SC01118EB|39-1118|Spring Haven Lane|039|Greene County|039|Greene County|    39-606 Spring Hill Rd| 740039|0|0|0|    Dead End| 740040|0|0|.41|    02/02/2017|120|R|||||||X||24|||X||||||||||||||
794583|0|R-VA039SC01119EB||||R-VA039SC01119EB|39-1119|Wellington Circle|039|Greene County|039|Greene County|    Cul-de-Sac| 746605|0|0|0|    39-606 Spring Hill Rd| 740039|0|0|.07|    07/22/2020|40|T|||||||X||24|||X||||||||||||||
742555|0|R-VA039SC01120EB||||R-VA039SC01120EB|39-1120|Lake Sapon Dr|039|Greene County|039|Greene County|    US 29 Seminole Trail| 358196|0|0|0|    Commercial Park Lot| 358235|0|0|.11|    08/06/2020|562|R|||||||X||24|||X||||||||||||||
742556|0|R-VA039SC01120EB||||R-VA039SC01120EB|39-1120|Lake Sapon Dr|039|Greene County|039|Greene County|    Commercial Park Lot| 358235|0|0|.11|    39-1121 Flintstone Dr| 358197|0|0|.32|    10/01/2014|476|R|||||||X||24|||X||||||||||||||
742557|0|R-VA039SC01121NB||||R-VA039SC01121NB|39-1121|Flintstone Dr|039|Greene County|039|Greene County|    Cul-de-Sac| 358198|0|0|0|    39-1120 Lake Sapon Dr| 358197|0|0|.23|    02/09/2017|170|R|||||||X||24|||X||||||||||||||
794584|0|R-VA039SC01122NB||||R-VA039SC01122NB|39-1122|Southridge Dr|039|Greene County|039|Greene County|    Cul-de-Sac| 746622|0|0|0|    39-606 Spring Hill Rd| 709188|0|0|.42|    07/22/2020|185|T|||||||X||24|||X||||||||||||||
798350|0|R-VA039SC01123EB||||R-VA039SC01123EB|39-1123| |039|Greene County|039|Greene County|    39-1121 Flintstone Dr| 358197|0|0|0|    Jurisdiction Boundary: 039 Greene County| 753868|0|0|.57|    08/06/2020|228|R|||||||X||24|||X||||||||||||||
798351|0|R-VA039SC01124NB||||R-VA039SC01124NB|39-1124|Flinstone Ct|039|Greene County|039|Greene County|    39-1123| 753867|0|0|0|    Cul-de-Sac| 753869|0|0|.03|    08/06/2020|65|T|||||||X||24|||X||||||||||||||
742558|0|R-VA039SC01125EB||||R-VA039SC01125EB|39-1125|Ruckersville Heights Rd|039|Greene County|039|Greene County|    39-616 Carpenters Mill Rd| 358048|0|0|0|    39-1126 Ruckersville Heights Ct| 358199|0|0|.09|    02/10/2017|219|R|||||||X||24|||X||||||||||||||
742559|0|R-VA039SC01125EB||||R-VA039SC01125EB|39-1125|Ruckersville Heights Rd|039|Greene County|039|Greene County|    39-1126 Ruckersville Heights Ct| 358199|0|0|.09|    Cul-de-Sac| 719655|0|0|.21|    02/09/2017|100|R|||||||X||24|||X||||||||||||||
742560|0|R-VA039SC01126NB||||R-VA039SC01126NB|39-1126|Ruckersville Heights Ct|039|Greene County|039|Greene County|    Cul-de-Sac| 358201|0|0|0|    39-1125 Ruckersville Heights Rd| 358199|0|0|.09|    02/02/2017|55|R|||||||X||24|||X||||||||||||||
795683|0|R-VA039SC01127NB||||R-VA039SC01127NB|39-1127|Red Cedar Rd|039|Greene County|039|Greene County|    Cul-de-Sac| 748849|0|0|0|    39-1172 White Cedar Rd| 748847|0|0|.29|    08/06/2020|132|R|||||||X||24|||X||||||||||||||
795684|0|R-VA039SC01128EB||||R-VA039SC01128EB|39-1128|Hemlock Ln|039|Greene County|039|Greene County|    39-1127| 748850|0|0|0|    Cul-de-Sac| 748851|0|0|.18|    07/29/2020|70|T|||||||X||24|||X||||||||||||||
742561|0|R-VA039SC01130NB||||R-VA039SC01130NB|39-1130|Lumber Lane|039|Greene County|039|Greene County|    Cul-de-Sac| 358203|0|0|0|    Jurisdiction Boundary: 039 Greene County| 358202|0|0|.03|    02/02/2017|40|R|||||||X||24|||X||||||||||||||
742562|0|R-VA039SC01130NB||||R-VA039SC01130NB|39-1130|Lumber Lane|039|Greene County|039|Greene County|    39-1131 Tanglewood Dr| 358202|0|0|.03|    39-670 Preddy Creek Rd| 358141|0|0|.18|    08/06/2020|173|R|||||||X||24|||X||||||||||||||
742563|0|R-VA039SC01131EB||||R-VA039SC01131EB|39-1131|Tanglewood Dr|039|Greene County|039|Greene County|    Cul-de-Sac| 358205|0|0|0|    39-1130 Lumber Lane| 358202|0|0|.08|    08/06/2020|132|R|||||||X||24|||X||||||||||||||
742564|0|R-VA039SC01131EB||||R-VA039SC01131EB|39-1131|Tanglewood Dr|039|Greene County|039|Greene County|    39-1130 Lumber Lane| 358202|0|0|.08|    39-1132 Pin Oak Court| 358204|0|0|.2|    07/29/2020|25|R|||||||X||24|||X||||||||||||||
742565|0|R-VA039SC01132NB||||R-VA039SC01132NB|39-1132|Pin Oak Court|039|Greene County|039|Greene County|    Cul-de-Sac| 358206|0|0|0|    39-1131 Tanglewood Dr| 358204|0|0|.09|    07/29/2020|50|T|||||||X||24|||X||||||||||||||
742566|0|R-VA039SC01133EB||||R-VA039SC01133EB|39-1133|Daniels Rd|039|Greene County|039|Greene County|    Cul-de-Sac| 709234|0|0|0|    39-670 Preddy Creek Rd| 709229|0|0|.38|    08/06/2020|183|R|||||||X||24|||X||||||||||||||
742567|0|R-VA039SC01134NB||||R-VA039SC01134NB|39-1134|Estes Court|039|Greene County|039|Greene County|    Cul-de-Sac| 709262|0|0|0|    39-1133 Daniels Rd| 709232|0|0|.09|    07/29/2020|45|T|||||||X||24|||X||||||||||||||
793041|0|R-VA039SC01137EB||||R-VA039SC01137EB|39-1137|Autumn Oaks Ln|039|Greene County|039|Greene County|    39-670 Preddy Creek Rd| 744639|0|0|0|    Cul-de-Sac| 744641|0|0|.33|    07/29/2020|90|T|||||||X||24|||X||||||||||||||
793042|0|R-VA039SC01138EB||||R-VA039SC01138EB|39-1138|Oak View Rd|039|Greene County|039|Greene County|    39-670 Preddy Creek Rd| 744638|0|0|0|    Cul-de-Sac| 744640|0|0|.34|    07/27/2020|105|T|||||||X||24|||X||||||||||||||
785695|0|R-VA039SC01139NB||||R-VA039SC01139NB|39-1139|Millwood Dr|039|Greene County|039|Greene County|    Cul-de-Sac| 729355|0|0|0|    39-607 Cedar Grove Rd| 729354|0|0|.13|    07/22/2020|235|R|||||||X||24|||X||||||||||||||
742569|0|R-VA039SC01140EB||||R-VA039SC01140EB|39-1140|Cordelia Dr|039|Greene County|039|Greene County|    Cul-de-Sac| 702455|0|0|0|    39-606 Spring Hill Rd| 702454|0|0|.51|    08/06/2020|522|R|||||||X||24|||X||||||||||||||
742570|0|R-VA039SC01141NB||||R-VA039SC01141NB|39-1141|John Blvd|039|Greene County|039|Greene County|    Cul-de-Sac| 713672|0|0|0|    39-1140 Cordelia Dr| 713670|0|0|.12|    02/02/2017|50|R|||||||X||24|||X||||||||||||||
742571|0|R-VA039SC01142NB||||R-VA039SC01142NB|39-1142|Lilian St|039|Greene County|039|Greene County|    Cul-de-Sac| 713671|0|0|0|    39-1140 Cordelia Dr| 713669|0|0|.11|    02/02/2017|90|R|||||||X||24|||X||||||||||||||
788565|0|R-VA039SC01143NB||||R-VA039SC01143NB|39-1143|Bernice Lane|039|Greene County|039|Greene County|    39-1147 William Rd| 734783|0|0|0|    39-1140 Cordelia Dr| 734782|0|0|.13|    08/06/2020|160|R|||||||X||24|||X||||||||||||||
782487|0|R-VA039SC01144NB||||R-VA039SC01144NB|39-1144|Northridge Rd|039|Greene County|039|Greene County|    39-606 Spring Hill Rd| 723473|0|0|0|    Dead End| 723474|0|0|.5|    08/06/2020|224|R|||||||X||24|||X||||||||||||||
742572|0|R-VA039SC01145NB||||R-VA039SC01145NB|39-1145|Rustling Oaks Way|039|Greene County|039|Greene County|    39-606 Spring Hill Rd| 709188|0|0|0|    39-1146 Spring Oaks Lane| 709189|0|0|.36|    08/06/2020|279|R|||||||X||24|||X||||||||||||||
742573|0|R-VA039SC01146EB||||R-VA039SC01146EB|39-1146|Spring Oaks Lane|039|Greene County|039|Greene County|    Cul-de-Sac| 709190|0|0|0|    Cul-de-Sac| 709191|0|0|.27|    08/06/2020|175|T|||||||X||24|||X||||||||||||||
788566|0|R-VA039SC01147EB||||R-VA039SC01147EB|39-1147|William Rd|039|Greene County|039|Greene County|    Cul-de-Sac| 734784|0|0|0|    Cul-de-Sac| 734785|0|0|.22|    08/06/2020|226|R|||||||X||24|||X||||||||||||||
742574|0|R-VA039SC01150NB||||R-VA039SC01150NB|39-1150|Rolling Hills Rd|039|Greene County|039|Greene County|    39-607 Cedar Grove Rd| 706100|0|0|0|    39-1151 Marjorie Lane| 706101|0|0|.14|    08/06/2020|300|R|||||||X||24|||X||||||||||||||
742575|0|R-VA039SC01150NB||||R-VA039SC01150NB|39-1150|Rolling Hills Rd|039|Greene County|039|Greene County|    39-1151 Marjorie Lane| 706101|0|0|.14|    Cul-de-Sac| 706102|0|0|.23|    01/20/2021|30|T|||||||X||24|||X||||||||||||||
742576|0|R-VA039SC01151EB||||R-VA039SC01151EB|39-1151|Marjorie Lane|039|Greene County|039|Greene County|    Cul-de-Sac| 706103|0|0|0|    39-1150 Rolling Hills Rd| 706101|0|0|.1|    07/22/2020|75|T|||||||X||24|||X||||||||||||||
742577|0|R-VA039SC01152EB||||R-VA039SC01152EB|39-1152|Hillcrest Dr|039|Greene County|039|Greene County|    39-1150 Rolling Hills Rd| 713673|0|0|0|    Cul-de-Sac| 713674|0|0|.2|    07/22/2020|115|T|||||||X||24|||X||||||||||||||
785696|0|R-VA039SC01155EB||||R-VA039SC01155EB|39-1155|Carodon Dr|039|Greene County|039|Greene County|    39-743 Advance Mills Rd| 729356|0|0|0|    Cul-de-Sac (pre-update)| 737148|1|0|1.25|    07/15/2020|385|R|||||||X||24|||X||||||||||||||
785697|0|R-VA039SC01156NB||||R-VA039SC01156NB|39-1156|Greene Court|039|Greene County|039|Greene County|    39-1155 Carodon Dr| 729358|0|0|0|    Cul-de-Sac| 729359|0|0|.15|    07/15/2020|75|T|||||||X||24|||X||||||||||||||
793043|0|R-VA039SC01157NB||||R-VA039SC01157NB|39-1157|Willow Creek Dr|039|Greene County|039|Greene County|    39-607| 744036|0|0|0|    Dead End| 744038|0|0|.31|    07/29/2020|205|T|||||||X||24|||X||||||||||||||
793044|0|R-VA039SC01158EB||||R-VA039SC01158EB|39-1158| |039|Greene County|039|Greene County|    39-1159| 744039|0|0|0|    39-1157| 744037|0|0|.39|    07/29/2020|296|R|||||||X||24|||X||||||||||||||
793045|0|R-VA039SC01159EB||||R-VA039SC01159EB|39-1159|Doris Dr|039|Greene County|039|Greene County|    Dead End| 744040|0|0|0|    Dead End| 744041|0|0|.15|    07/29/2020|160|T|||||||X||24|||X||||||||||||||
785698|0|R-VA039SC01160NB||||R-VA039SC01160NB|39-1160|Preddy Creek Dr|039|Greene County|039|Greene County|    39-670 Preddy Creek Rd| 729471|0|0|0|    39-1161 Fir Tree Lane| 729474|0|0|.08|    08/06/2020|378|R|||||||X||24|||X||||||||||||||
788567|0|R-VA039SC01160NB||||R-VA039SC01160NB|39-1160|Preddy Creek Dr|039|Greene County|039|Greene County|    39-1161 Fir Tree Lane| 729474|0|0|.08|    Dead End| 734774|0|0|.96|    08/06/2020|143|R|||||||X||24|||X||||||||||||||
785699|0|R-VA039SC01161EB||||R-VA039SC01161EB|39-1161|Fir Tree Lane|039|Greene County|039|Greene County|    39-1162 White Oak Way| 729477|0|0|0|    Pine Tree Dr| 729479|0|0|.29|    08/06/2020|69|R|||||||X||24|||X||||||||||||||
785700|0|R-VA039SC01162NB||||R-VA039SC01162NB|39-1162|White Oak Way|039|Greene County|039|Greene County|    Cul-de-Sac| 729488|0|0|0|    Cul-de-Sac| 729489|0|0|.13|    07/29/2020|85|T|||||||X||24|||X||||||||||||||
785701|0|R-VA039SC01163NB||||R-VA039SC01163NB|39-1163|Spruce Court|039|Greene County|039|Greene County|    39-1161 Fir Tree Lane| 729480|0|0|0|    Cul-de-Sac| 729485|0|0|.07|    07/29/2020|35|T|||||||X||24|||X||||||||||||||
788568|0|R-VA039SC01164NB||||R-VA039SC01164NB|39-1164|Magnolia Court|039|Greene County|039|Greene County|    39-1160 Preddy Creek Dr| 734776|0|0|0|    Cul-de-Sac| 734781|0|0|.08|    07/29/2020|50|T|||||||X||24|||X||||||||||||||
788569|0|R-VA039SC01165NB||||R-VA039SC01165NB|39-1165|Birch Way|039|Greene County|039|Greene County|    Cul-de-Sac| 734780|0|0|0|    39-1160 Preddy Creek Dr| 734778|0|0|.09|    07/29/2020|55|T|||||||X||24|||X||||||||||||||
788570|0|R-VA039SC01166NB||||R-VA039SC01166NB|39-1166|Hickory Lane|039|Greene County|039|Greene County|    39-1160 S, Preddy Creek Dr| 734777|0|0|0|    39-1160 N, Preddy Creek Dr| 734779|0|0|.18|    08/06/2020|56|R|||||||X||24|||X||||||||||||||
788571|0|R-VA039SC01167NB||||R-VA039SC01167NB|39-1167|Walnut Way|039|Greene County|039|Greene County|    39-670 Preddy Creek Rd| 735996|0|0|0|    39-1172 White Cedar Rd| 740188|0|0|.41|    08/06/2020|499|R|||||||X||24|||X||||||||||||||
788572|0|R-VA039SC01168EB||||R-VA039SC01168EB|39-1168|Little Walnut Way|039|Greene County|039|Greene County|    39-1167 Walnut Way| 735997|0|0|0|    Dead End| 736002|0|0|.07|    07/29/2020|30|T|||||||X||24|||X||||||||||||||
788573|0|R-VA039SC01169EB||||R-VA039SC01169EB|39-1169|Butternut Lane|039|Greene County|039|Greene County|    39-1167 Walnut Way| 735998|0|0|0|    Dead End| 736003|0|0|.09|    07/29/2020|36|R|||||||X||24|||X||||||||||||||
795463|0|R-VA039SC01170EB||||R-VA039SC01170EB|39-1170|Cottonwood Dr|039|Greene County|039|Greene County|    Dead End| 736004|0|0|0|    39-1167 Walnut Way| 735999|0|0|.07|    07/29/2020|40|T|||||||X||24|||X||||||||||||||
788574|0|R-VA039SC01170EB||||R-VA039SC01170EB|39-1170|Cottonwood Dr|039|Greene County|039|Greene County|    39-1167 Walnut Way| 735999|0|0|.07|    Dead End| 736005|0|0|.32|    07/29/2020|95|T|||||||X||24|||X||||||||||||||
788575|0|R-VA039SC01171EB||||R-VA039SC01171EB|39-1171|Cypress Circle|039|Greene County|039|Greene County|    39-1167 Walnut Way| 736000|0|0|0|    Dead End| 736006|0|0|.21|    07/29/2020|80|T|||||||X||24|||X||||||||||||||
795464|0|R-VA039SC01172EB||||R-VA039SC01172EB|39-1172|White Cedar Rd|039|Greene County|039|Greene County|    Dead End| 740189|0|0|0|    39-1167 Walnut Way| 740188|0|0|.09|    07/29/2020|223|R|||||||X||24|||X||||||||||||||
791700|0|R-VA039SC01172EB||||R-VA039SC01172EB|39-1172|White Cedar Rd|039|Greene County|039|Greene County|    39-1167 Walnut Way| 740188|0|0|.09|    Dead End| 740190|0|0|.46|    08/06/2020|50|T|||||||X||24|||X||||||||||||||
742568|0|R-VA039SC01173EB||||R-VA039SC01173EB|39-1173| |039|Greene County|039|Greene County|    Cul-de-Sac| 722301|0|0|0|    Physical Jurisdiction Boundary: 039 Greene County / 068 Orange County| 729479|0|0|.11|    07/29/2020|233|R|||||||X||24|||X||||||||||||||
742568|0|R-VA039SC01173EB||||R-VA039SC01173EB|39-1173| |068|Orange County|039|Greene County|    Jurisdiction Boundary: 039 Greene County| 729479|0|0|.11|    39-670 Preddy Creek Rd| 722300|0|0|.15|    07/29/2020|233|R|||||||X||24|||X||||||||||||||
788564|0|R-VA039SC01174EB||||R-VA039SC01174EB|39-1174| |039|Greene County|039|Greene County|    39-1160 Preddy Creek Dr| 734775|0|0|0|    39-1173| 734774|0|0|.22|    08/06/2020|50|R|||||||X||24|||X||||||||||||||
742578|0|R-VA039SC09177EB||||R-VA039SC09177EB|39-9177|Monroe Dr|039|Greene County|039|Greene County|    Bus US 33| 358210|0|0|0|    Bus US 33|1122459|0|0|.293|    02/09/2017|2034|R|||||||X||24|||X||||||||||||||
742579|0|R-VA039SC09177EB||||R-VA039SC09177EB|39-9177|Green Co Primary School|039|Greene County|039|Greene County|    Bus US 33|1122459|0|0|.293|    0.10 ME US 33|1122459|0|.1|.393|    02/09/2017|1084|R|||||||X||24|||X||||||||||||||
742580|0|R-VA039SC09177EB||||R-VA039SC09177EB|39-9177|Green Co Primary School|039|Greene County|039|Greene County|    0.10 ME US 33|1122459|0|.1|.393|    0.23 ME US 33|1122506|0|0|.516|    02/09/2017|525|R|||||||X||24|||X||||||||||||||
742581|0|R-VA039SC09177EB||||R-VA039SC09177EB|39-9177|Green Co Primary School|039|Greene County|039|Greene County|    0.23 ME US 33|1122506|0|0|.516|    39-622 Celt Rd| 358207|0|0|.64|    02/09/2017|573|R|||||||X||24|||X||||||||||||||
742583|0|R-VA039SC09692NB||||R-VA039SC09692NB|39-9692| |039|Greene County|039|Greene County|    US 33 Spotswood Trail| 358211|0|0|0|    Green County Tech Ctr| 358212|0|0|.08|    04/30/2014|244|R|||||||X||24|||X||||||||||||||
