sep=|
- - 2022 AADT Report for Bland County - -
LINKID|SEQUENCENUMBER|RTE_NM|RTE_NM_2|RTE_NM_3|RTE_NM_4|Host RTE_NM|Route Label|Street Name|Physical Jurisdiction|Physical Jurisdiciton Name|Maintenance Jurisdiction|Maintenance Jurisdiciton Name|    Start Label|Start Node|Start Node Route Sequence|Star tOffset|Start Milepoint|    End Label|End Node|End Node Route Sequence|End Offset|End Milepoint|    VPDDate|AADT|AADT Quality|Passenger Vehicle|Bus|Truck 2 Axle|Truck 3 Axle|Truck 1 Trailer|Truck 2 Trailer|Class Quality|K Factor|K Factor Quality|Direction Factor|AAWDT|AAWDT Quality|AADT Dir|AADT Quality Dir|PassengerVehicle Dir|Bus Dir|Truck 2 Axle Dir|Truck 3 Axle Dir|Truck 1 Trailer Dir|Truck 2 Trailer Dir|Class Quality Dir|K Factor Dir|K Factor Quality Dir|Direction Factor Dir|AAWDT Dir|AAWDT Quality Dir
780266|0|R-VA   FR00001NB||||R-VA   FR00001NB|FR 1|Sugar Bottom Dr|010|Bland County|010|Bland County|    Dead End| 153249|0|0|0|    10-617 Waddletown Rd| 153250|0|0|.96|    10/25/2021|44|R|||||||X||24|||X||||||||||||||
780267|0|R-VA   FR00002NB||||R-VA   FR00002NB|FR 2|Sandy Hollow Rd|010|Bland County|010|Bland County|    10-616 Sandy Hollow Rd| 153053|0|0|0|    Dead End| 153251|0|0|.17|    12/09/2021|27|T|||||||X||24|||X||||||||||||||
780268|0|R-VA   FR00003NB||||R-VA   FR00003NB|FR 3|Arrowhead Dr|010|Bland County|010|Bland County|    Dead End| 153252|0|0|0|    10-666 Indian Village Trail| 153127|0|0|.24|    12/09/2021|32|T|||||||X||24|||X||||||||||||||
791098|0|R-VA   FR00003NB||||R-VA   FR00003NB|FR 3|Arrowhead Dr|010|Bland County|010|Bland County|    10-666 Indian Village Trail| 153127|0|0|.24|    Dead End| 153253|0|0|.53|    12/09/2021|27|T|||||||X||24|||X||||||||||||||
780307|0|R-VA   FR00048NB||||R-VA   FR00048NB|FR 48|Crab Orchard Dr|010|Bland County|010|Bland County|    US 52 South Scenic Hwy| 153254|0|0|0|    Dead End| 153255|0|0|.45|    12/09/2021|91|T|||||||X||24|||X||||||||||||||
010442|0|R-VA   IS00077NB||||R-VA   IS00077NB|I-77| |010|Bland County|010|Bland County|    | 666661|0|0|46.68|    10-717 Little Creek Hwy| 666585|0|0|47.37|    01/01/2022|30373|A|74|1|1|1|22|1|F|.124|1 |.54|28810|A|14855|A|74|1|1|1|22|1|F|.131|1 |1|14154|A
010198|0|R-VA   IS00077NB||||R-VA   IS00077NB|I-77| |010|Bland County|010|Bland County|    10-717 Little Creek Hwy| 666585|0|0|47.37|    US 52, SR 42| 153221|0|0|52.82|    01/01/2022|26803|G|74|1|1|1|22|1|F|.076|6 |.52|24219|G|13181|G|74|1|1|1|22|1|F|.08|6 |1|11963|G
010200|0|R-VA   IS00077NB||||R-VA   IS00077NB|I-77| |010|Bland County|010|Bland County|    US 52, SR 42| 153221|0|0|52.82|    | 153224|0|0|58.93|    01/01/2022|28247|G|74|1|1|1|22|1|F|.073|6 |.53|25522|G|13620|G|74|1|1|1|22|1|F|.077|6 |1|12361|G
010201|0|R-VA   IS00077NB||||R-VA   IS00077NB|I-77| |010|Bland County|010|Bland County|    10-666 Indian Village Trail| 153224|0|0|58.93|    | 153228|0|0|62.87|    01/01/2022|28954|G|74|1|1|1|22|1|F|.074|6 |.5|26161|G|13910|G|74|1|1|1|22|1|F|.077|6 |1|12625|G
010477|0|R-VA   IS00077NB||||R-VA   IS00077NB|I-77| |010|Bland County|010|Bland County|    10-606 Wilderness Rd| 153228|0|0|62.87|    US 52, SR 61| 153230|0|0|64.84|    01/01/2022|30967|G|74|1|1|1|22|1|F|.075|6 |.5|27983|G|15519|G|74|1|1|1|22|1|F|.077|6 |1|14084|G
010148|0|R-VA   IS00077NB||||R-VA   IS00077NB|I-77| |010|Bland County|010|Bland County|    US 52, SR 61| 153230|0|0|64.84|    US 52; SR 598| 153233|0|0|67.08|    01/01/2022|29820|A|74|1|1|1|22|1|C|.128|1 |.53|27320|A|14828|A|74|1|1|1|22|1|C|.131|1 |1|13643|A
010533|0|R-VA   IS00077NB||||R-VA   IS00077NB|I-77| |010|Bland County|010|Bland County|    US 52; SR 598| 153233|0|0|67.08|    Physical Jurisdiction Boundary: 010 Bland County / WV  West Virginia|  50018|0|0|67.87|    01/01/2022|31130|G|74|1|1|1|22|1|F|.07|6 |.5|28129|G|15371|G|74|1|1|1|22|1|F|.078|6 |1|13950|G
010533|0|R-VA   IS00077NB||||R-VA   IS00077NB|I-77| |WV |West Virginia|010|Bland County|    |  50018|0|0|67.87|    End of Tunnel, West Virginia| 153263|0|0|68.37|    01/01/2022|31130|G|74|1|1|1|22|1|F|.07|6 |.5|28129|G|15371|G|74|1|1|1|22|1|F|.078|6 |1|13950|G
789231|0|R-VA   IS00077NB      RMP047.00A||||R-VA   IS00077NB      RMP047.00A|I-77  NB EXIT 47A|Ramp|010|Bland County|010|Bland County|    I-77 North| 666585|0|0|0|    10-717 Little Creek Hwy| 153137|0|0|.22|    01/01/2022|196|G|||||||X|.136|6 |1|192|G||||||||||||||
789232|0|R-VA   IS00077NB      RMP052.00A||||R-VA   IS00077NB      RMP052.00A|I-77  NB EXIT 52A|Ramp|010|Bland County|010|Bland County|    I-77 North| 153221|0|0|0|    US 52 South Scenic Hwy| 153211|0|0|.23|    01/01/2022|1462|G|||||||X|.113|6 |1|1432|G||||||||||||||
789233|0|R-VA   IS00077NB      RMP058.00A||||R-VA   IS00077NB      RMP058.00A|I-77  NB EXIT 58A|Ramp|010|Bland County|010|Bland County|    I-77 North| 153224|0|0|0|    10-666 Indian Village Trail| 153126|0|0|.2|    01/01/2022|1196|G|||||||X|.097|6 |1|1171|G||||||||||||||
789234|0|R-VA   IS00077NB      RMP062.00A||||R-VA   IS00077NB      RMP062.00A|I-77  NB EXIT 62A|Ramp|010|Bland County|010|Bland County|    I-77 North| 153228|0|0|0|    10-606 Wilderness Rd| 153014|0|0|.21|    01/01/2022|527|G|||||||X|.115|6 |1|516|G||||||||||||||
789235|0|R-VA   IS00077NB      RMP064.00A||||R-VA   IS00077NB      RMP064.00A|I-77  NB EXIT 64A|Ramp|010|Bland County|010|Bland County|    I-77 North| 153230|0|0|0|    US 52 Clear Fork Creek Hwy| 153203|0|0|.2|    01/01/2022|1093|G|97|0|1|1|1|0|F|.101|6 |1|1084|G||||||||||||||
789236|0|R-VA   IS00077NB      RMP066.00A||||R-VA   IS00077NB      RMP066.00A|I-77  NB EXIT 66A|Ramp|010|Bland County|010|Bland County|    I-77 North| 153232|0|0|0|    US 52 North Scenic Hwy| 153200|0|0|.14|    01/01/2022|75|G|||||||X|.193|6 |1|73|G||||||||||||||
789815|0|R-VA   IS00077NB      RST061.00R||||R-VA   IS00077NB      RST061.00R|I-77  NB Rest Area 61|Rocky Gap Rest Area Ramp|010|Bland County|010|Bland County|    Exit Rest Area Parking Lot| 737221|0|0|.13|    I-77 North from Rest Area| 153227|0|0|.37|    01/01/2022|667|G|81|1|1|0|16|1|C|.104|6 |1|662|G||||||||||||||
789813|0|R-VA   IS00077NB      WST052.00S||||R-VA   IS00077NB      WST052.00S|I-77  NB Weigh Station 52|Ramp|010|Bland County|010|Bland County|    I-77 North to Scales| 153219|0|0|0|    I-77 North from Scales| 153220|0|0|.22|    01/01/2022|2645|G|||||||X|.183|6 |1|2626|G||||||||||||||
110039|0|R-VA   IS00077SB||||R-VA   IS00077SB|I-77| |010|Bland County|010|Bland County|    10-717 Little Creek Hwy| 666662|0|0|47.18|    US 52, SR 42| 153238|0|0|52.88|    01/01/2022|26803|G|74|1|1|1|22|1|F|.074|6 |.55|24219|G|13622|G|74|1|1|1|22|1|F|.075|6 |1|12256|G
110038|0|R-VA   IS00077SB||||R-VA   IS00077SB|I-77| |010|Bland County|010|Bland County|    US 52, SR 42| 153238|0|0|52.88|    10-666 Indian Village Trail| 153240|0|0|58.93|    01/01/2022|28247|G|74|1|1|1|22|1|F|.074|6 |.5|25522|G|14627|G|74|1|1|1|22|1|F|.077|6 |1|13161|G
110037|0|R-VA   IS00077SB||||R-VA   IS00077SB|I-77| |010|Bland County|010|Bland County|    10-666 Indian Village Trail| 153240|0|0|58.93|    10-606 Wilderness Rd| 153244|0|0|62.8|    01/01/2022|28954|G|74|1|1|1|22|1|F|.074|6 |.5|26161|G|15044|G|74|1|1|1|22|1|F|.078|6 |1|13536|G
110036|0|R-VA   IS00077SB||||R-VA   IS00077SB|I-77| |010|Bland County|010|Bland County|    10-606 Wilderness Rd| 153244|0|0|62.8|    SR 61 Clear Fork Creek Rd| 153246|0|0|64.92|    01/01/2022|30967|G|74|1|1|1|22|1|F|.074|6 |.53|27983|G|15448|G|74|1|1|1|22|1|F|.079|6 |1|13899|G
110035|0|R-VA   IS00077SB||||R-VA   IS00077SB|I-77| |010|Bland County|010|Bland County|    SR 61 Clear Fork Creek Rd| 153246|0|0|64.92|    US 52; SR 598| 153248|0|0|66.71|    01/01/2022|29820|A|74|1|1|1|22|1|C|.128|1 |.53|27320|A|14992|A|74|1|1|1|22|1|C|.136|1 |1|13677|A
110034|0|R-VA   IS00077SB||||R-VA   IS00077SB|I-77| |010|Bland County|010|Bland County|    SR 598| 153248|0|0|66.71|    Physical Jurisdiction Boundary: 010 Bland County / WV  West Virginia|  50604|0|0|67.5|    01/01/2022|31130|G|74|1|1|1|22|1|F|.074|6 |.51|28129|G|15759|G|74|1|1|1|22|1|F|.076|6 |1|14179|G
110034|0|R-VA   IS00077SB||||R-VA   IS00077SB|I-77| |WV |West Virginia|010|Bland County|    |  50604|0|0|67.5|    End of Tunnel, West Virginia| 153264|0|0|68|    01/01/2022|31130|G|74|1|1|1|22|1|F|.074|6 |.51|28129|G|15759|G|74|1|1|1|22|1|F|.076|6 |1|14179|G
789244|0|R-VA   IS00077SB      RMP047.00A||||R-VA   IS00077SB      RMP047.00A|I-77  SB EXIT 47A|Ramp|010|Bland County|010|Bland County|    I-77 South| 666662|0|0|0|    10-717 Little Creek Hwy| 153138|0|0|.2|    01/01/2022|133|G|||||||X|.139|6 |1|130|G||||||||||||||
789245|0|R-VA   IS00077SB      RMP052.00A||||R-VA   IS00077SB      RMP052.00A|I-77  SB EXIT 52A|Ramp|010|Bland County|010|Bland County|    I-77 South| 153238|0|0|0|    US 52 South Scenic Hwy| 153212|0|0|.22|    01/01/2022|1468|G|||||||X|.108|6 |1|1438|G||||||||||||||
789246|0|R-VA   IS00077SB      RMP058.00A||||R-VA   IS00077SB      RMP058.00A|I-77  SB EXIT 58A|Ramp|010|Bland County|010|Bland County|    I-77 South| 153240|0|0|0|    10-666 Indian Village Trail| 153125|0|0|.19|    01/01/2022|1704|G|||||||X|.103|6 |1|1670|G||||||||||||||
789247|0|R-VA   IS00077SB      RMP062.00A||||R-VA   IS00077SB      RMP062.00A|I-77  SB EXIT 62A|Ramp|010|Bland County|010|Bland County|    I-77 South| 153244|0|0|0|    10-606 Wilderness Rd| 153013|0|0|.15|    01/01/2022|466|G|||||||X|.113|6 |1|456|G||||||||||||||
789248|0|R-VA   IS00077SB      RMP064.00A||||R-VA   IS00077SB      RMP064.00A|I-77  SB EXIT 64A|Ramp|010|Bland County|010|Bland County|    I-77 South| 153246|0|0|0|    US 52 Clear Fork Creek Hwy| 153204|0|0|.28|    01/01/2022|430|G|||||||X|.138|6 |1|421|G||||||||||||||
789249|0|R-VA   IS00077SB      RMP066.00A||||R-VA   IS00077SB      RMP066.00A|I-77  SB EXIT 66A|Ramp|010|Bland County|010|Bland County|    I-77 South| 153248|0|0|0|    SR 598 E River Mountain Rd| 153217|0|0|.17|    01/01/2022|400|G|||||||X|.128|6 |1|391|G||||||||||||||
789822|0|R-VA   IS00077SB      RST061.00R||||R-VA   IS00077SB      RST061.00R|I-77  SB Rest Area 61|Rocky Gap Welcome Center|010|Bland County|010|Bland County|    Exit Welcome Center Parking Lot| 737222|0|0|.17|    I-77 South from Welcome Center| 153241|0|0|.29|    01/01/2022|1459|F|65|1|1|1|28|1|C|.186|1 |1|1009|F||||||||||||||
789821|0|R-VA   IS00077SB      WST051.00S||||R-VA   IS00077SB      WST051.00S|I-77  SB Weigh Station 51|Ramp|010|Bland County|010|Bland County|    I-77 South to Scales| 153236|0|0|0|    I-77 South from Scales| 153235|0|0|.22|    01/01/2022|1936|G|||||||X|.06|6 |1|1922|G||||||||||||||
010036|0|R-VA   SR00042NB||||R-VA   SR00042NB|VA 42|West Blue Grass Hwy|010|Bland County|010|Bland County|    Smyth County Line|  50013|0|0|18.2|    10-622 Foglesong Valley Rd West of Ceres| 153063|0|0|27.78|    01/01/2022|123|G|95|1|2|1|1|0|C|.132|6 |.69|123|G||||||||||||||
010034|0|R-VA   SR00042NB||||R-VA   SR00042NB|VA 42|West Blue Grass Hwy|010|Bland County|010|Bland County|    10-622 Foglesong Valley West of Ceres| 153063|0|0|27.78|    US 52 West of Bland Court House| 153198|0|0|33.17|    01/01/2022|452|G|93|1|2|1|0|0|C|.104|6 |.59|449|G||||||||||||||
010043|0|R-VA   SR00042NB|R-VA   US00052NB|||R-VA   US00052NB|US 52, VA 42|South Scenic Hwy|010|Bland County|010|Bland County|    SR 42 West of Bland C.H.| 153198|0|0|33.17|    I-77 West of Bland C.H.| 153212|0|0|37.14|    01/01/2022|1933|G|96|1|1|1|1|0|C|.098|6 |.6|1912|G||||||||||||||
110068|0|R-VA   SR00042NB|R-VA   US00052NB|||R-VA   US00052NB|US 52, VA 42|South Scenic Hwy|010|Bland County|010|Bland County|    I-77 West of Bland C.H.| 153212|0|0|37.14|    | 153197|0|0|38.05|    01/01/2022|4506|G|96|0|1|1|1|0|F|.095|6 |.55|4455|G||||||||||||||
010033|0|R-VA   SR00042NB||||R-VA   SR00042NB|VA 42|E Bluegrass Trl|010|Bland County|010|Bland County|    US 52 Bland Court House| 153197|0|0|38.05|    | 153139|0|0|48.3|    01/01/2022|2626|G|94|1|1|1|3|0|C|.114|6 |.59|2596|G||||||||||||||
010031|0|R-VA   SR00042NB||||R-VA   SR00042NB|VA 42|East Blue Grass Hwy|010|Bland County|010|Bland County|    10-738 Mechanicsburg| 153139|0|0|48.3|    10-606 Wilderness Rd| 153021|0|0|51.38|    01/01/2022|656|G|94|1|2|1|2|0|C|.096|6 |.65|651|G||||||||||||||
010029|0|R-VA   SR00042NB||||R-VA   SR00042NB|VA 42|East Blue Grass Hwy|010|Bland County|010|Bland County|    10-606 Wilderness Rd| 153021|0|0|51.38|    Giles County Line|  50016|0|0|53.68|    01/01/2022|1018|G|93|1|2|1|3|0|C|.099|6 |.57|1011|G||||||||||||||
010049|0|R-VA   SR00061EB||||R-VA   SR00061EB|VA 61|Clear Fork Creek Hwy|010|Bland County|010|Bland County|    Tazewell County Line|  50011|0|0|16.02|    US 52 North Scenic Hwy| 153206|0|0|26.55|    01/01/2022|425|G|94|1|1|1|3|0|C|.107|6 |.59|420|G||||||||||||||
010047|0|R-VA   SR00061EB|R-VA   US00052NB|||R-VA   US00052NB|US 52, VA 61|Clear Fork Creek Hwy|010|Bland County|010|Bland County|    I-77 West of Rocky Gap| 153204|0|0|26.61|    SR 61 Wolf Creek Hwy| 153202|0|0|26.99|    01/01/2022|1943|G|96|1|1|1|1|0|C|.108|6 |.61|1921|G||||||||||||||
010045|0|R-VA   SR00061EB||||R-VA   SR00061EB|VA 61|Wolf Creek Hwy|010|Bland County|010|Bland County|    US 52 Clear Fork Creek Hwy| 153202|0|0|26.99|    Giles County Line|  50017|0|0|34.41|    01/01/2022|412|G|95|1|1|0|1|0|C|.108|6 |.5|408|G||||||||||||||
010202|0|R-VA   SR00098EB||||R-VA   SR00098EB|VA 98|Main St|010|Bland County|010|Bland County|    US 52 S Scenic Hwy Bland CH| 153153|0|0|0|    | 153010|0|0|.5|    01/01/2022|261|G|96|0|3|0|0|0|C|.111|6 |.59|258|G||||||||||||||
010051|0|R-VA   SR00598NB|R-VA   US00052NB|||R-VA   SR00598NB|US 52, VA 598|E River Mountain Rd|010|Bland County|010|Bland County|    West Virginia State Line|  50019|0|0|0|    I-77; US 52 North Scenic Hwy| 153200|0|0|4.27|    01/01/2022|173|G|97|1|0|0|0|0|C|.121|6 |.54|171|G||||||||||||||
789641|0|R-VA   SR00598UK      RMP004.00A||||R-VA   SR00598UK      RMP004.00A|VA 598  EXIT 4A|Ramp|010|Bland County|010|Bland County|    SR 598 E River Mountain Rd| 153216|0|0|0|    I-77 South| 153247|0|0|.22|    01/01/2022|56|G|||||||X|.179|6 |1|56|G||||||||||||||
789642|0|R-VA   SR00598UK      RMP004.00B||||R-VA   SR00598UK      RMP004.00B|VA 598  EXIT 4B|Ramp|010|Bland County|010|Bland County|    US 52 North Scenic Hwy| 153199|0|0|0|    I-77 North| 153233|0|0|.1|    01/01/2022|207|G|||||||X|.149|6 |1|204|G||||||||||||||
010195|0|R-VA   US00052NB||||R-VA   US00052NB|US 52|South Scenic Hwy|010|Bland County|010|Bland County|    |1264870|0|0|58.16|    SR 42 West of Bland C.H.| 153198|0|0|62.31|    01/01/2022|197|G|87|1|2|2|6|0|C|.117|6 |.59|195|G||||||||||||||
010043|0|R-VA   US00052NB|R-VA   SR00042NB|||R-VA   US00052NB|US 52, VA 42|South Scenic Hwy|010|Bland County|010|Bland County|    SR 42 West of Bland C.H.| 153198|0|0|62.31|    I-77 West of Bland C.H.| 153212|0|0|66.28|    01/01/2022|1933|G|96|1|1|1|1|0|C|.098|6 |.6|1912|G||||||||||||||
110068|0|R-VA   US00052NB|R-VA   SR00042NB|||R-VA   US00052NB|US 52, VA 42|South Scenic Hwy|010|Bland County|010|Bland County|    I-77 West of Bland C.H.| 153212|0|0|66.28|    | 153197|0|0|67.19|    01/01/2022|4506|G|96|0|1|1|1|0|F|.095|6 |.55|4455|G||||||||||||||
010194|0|R-VA   US00052NB||||R-VA   US00052NB|US 52|North Scenic Hwy|010|Bland County|010|Bland County|    SR 42 Bland C.H.| 153197|0|0|67.19|    10-615 S Angels Pass| 153043|0|0|71.77|    01/01/2022|1157|G|97|0|1|0|1|0|C|.114|6 |.58|1144|G||||||||||||||
010041|0|R-VA   US00052NB||||R-VA   US00052NB|US 52|North Scenic Hwy|010|Bland County|010|Bland County|    10-615 S Angels Pass| 153043|0|0|71.77|    10-666 Indian Village Trail| 153124|0|0|73.82|    01/01/2022|1432|G|96|0|1|1|1|0|C|.1|6 |.5|1416|G||||||||||||||
010047|0|R-VA   US00052NB|R-VA   SR00061EB|||R-VA   US00052NB|US 52, VA 61|Clear Fork Creek Hwy|010|Bland County|010|Bland County|    I-77 West of Rocky Gap| 153204|0|0|80.02|    SR 61 Wolf Creek Hwy| 153202|0|0|80.4|    01/01/2022|1943|G|96|1|1|1|1|0|C|.108|6 |.61|1921|G||||||||||||||
010038|0|R-VA   US00052NB||||R-VA   US00052NB|US 52|North Scenic Hwy|010|Bland County|010|Bland County|    SR 61 Wolf Creek Hwy| 153202|0|0|80.4|    I-77| 153200|0|0|82.49|    01/01/2022|928|G|95|0|2|2|1|0|C|.104|6 |.54|918|G||||||||||||||
010051|0|R-VA   US00052NB|R-VA   SR00598NB|||R-VA   SR00598NB|US 52, VA 598|E River Mountain Rd|010|Bland County|010|Bland County|    West Virginia State Line| 153200|0|0|82.49|    I-77; US 52 North Scenic Hwy| 153200|0|0|86.76|    01/01/2022|173|G|97|1|0|0|0|0|C|.121|6 |.54|171|G||||||||||||||
789672|0|R-VA   US00052UK      RMP066.00A||||R-VA   US00052UK      RMP066.00A|US 52  EXIT 66A|Ramp|010|Bland County|010|Bland County|    US 52 South Scenic Hwy| 153212|0|0|0|    I-77 South| 153237|0|0|.24|    01/01/2022|1473|G|||||||X|.1|6 |1|1442|G||||||||||||||
789673|0|R-VA   US00052UK      RMP066.00B||||R-VA   US00052UK      RMP066.00B|US 52  EXIT 66B|Ramp|010|Bland County|010|Bland County|    US 52 South Scenic Hwy| 153211|0|0|0|    I-77 North| 153222|0|0|.24|    01/01/2022|968|G|||||||X|.152|6 |1|949|G||||||||||||||
789674|0|R-VA   US00052UK      RMP080.00A||||R-VA   US00052UK      RMP080.00A|US 52  EXIT 80A|Ramp|010|Bland County|010|Bland County|    US 52 Clear Fork Creek Hwy| 153204|0|0|0|    I-77 South| 153245|0|0|.18|    01/01/2022|715|G|||||||X|.131|6 |1|715|G||||||||||||||
789675|0|R-VA   US00052UK      RMP080.00B||||R-VA   US00052UK      RMP080.00B|US 52  EXIT 80B|Ramp|010|Bland County|010|Bland County|    US 52 Clear Fork Creek Hwy| 153203|0|0|0|    I-77 North| 153231|0|0|.18|    01/01/2022|407|G|||||||X|.105|6 |1|399|G||||||||||||||
706645|0|R-VA010SC00600NB||||R-VA010SC00600NB|10-600| |010|Bland County|010|Bland County|    Wythe County Line|1264972|0|0|0|    10-601 Little Creek Hwy| 153001|0|0|2.6|    10/18/2021|11|R|||||||X||24|||X||||||||||||||
706646|0|R-VA010SC00601EB||||R-VA010SC00601EB|10-601|Little Creek Hwy|010|Bland County|010|Bland County|    10-603; 10-617| 153002|0|0|0|    Pulaski County Line| 811002|0|0|11.4|    01/01/2022|205|G|97|1|2|0|0|0|C|.109|6 |.57|204|G||||||||||||||
706647|0|R-VA010SC00602EB||||R-VA010SC00602EB|10-602|Spur Branch Rd|010|Bland County|010|Bland County|    Dead End| 153006|0|0|0|    1.25 ME of Dead End| 153006|0|1.25|1.25|    10/18/2021|14|R|||||||X||24|||X||||||||||||||
706648|0|R-VA010SC00602EB||||R-VA010SC00602EB|10-602|Spur Branch Rd|010|Bland County|010|Bland County|    1.25 ME of Dead End| 153006|0|1.25|1.25|    10-668 Long Spur School Rd| 153005|0|0|2.05|    10/18/2021|34|R|||||||X||24|||X||||||||||||||
706649|0|R-VA010SC00602EB||||R-VA010SC00602EB|10-602|Spur Branch jRd|010|Bland County|010|Bland County|    10-668 Long Spur School Rd| 153005|0|0|2.05|    10-632 Parcell Dr| 153004|0|0|2.4|    10/18/2021|57|R|||||||X||24|||X||||||||||||||
706650|0|R-VA010SC00602EB||||R-VA010SC00602EB|10-602|Spur Branch Rd|010|Bland County|010|Bland County|    10-632 Parcell Dr| 153004|0|0|2.4|    0.40 ME 10-632| 153004|0|.4|2.8|    10/18/2021|44|R|||||||X||24|||X||||||||||||||
706651|0|R-VA010SC00602EB||||R-VA010SC00602EB|10-602|Spur Branch Rd|010|Bland County|010|Bland County|    0.40 ME 10-632| 153004|0|.4|2.8|    10-601 Little Creek Hwy| 153003|0|0|3.6|    10/18/2021|62|R|||||||X||24|||X||||||||||||||
706652|0|R-VA010SC00603NB||||R-VA010SC00603NB|10-603|Smith Hollow Rd|010|Bland County|010|Bland County|    Wythe County Line| 811003|0|0|0|    10-601; 10-717| 153002|0|0|1.6|    10/18/2021|44|R|||||||X||24|||X||||||||||||||
706653|0|R-VA010SC00604EB||||R-VA010SC00604EB|10-604|Walkers Creek Rd|010|Bland County|010|Bland County|    SR 42, E Bluegrass Trail| 153007|0|0|0|    10-651 Rock Wall Dr| 747905|0|0|3.45|    09/27/2021|271|R|||||||X||24|||X||||||||||||||
706654|0|R-VA010SC00604EB||||R-VA010SC00604EB|10-604|Walkers Creek Rd|010|Bland County|010|Bland County|    10-651 Rock Wall Dr| 747905|0|0|3.45|    1.52 ME 10-651| 747905|0|1.52|4.97|    09/27/2021|47|R|||||||X||24|||X||||||||||||||
706655|0|R-VA010SC00604EB||||R-VA010SC00604EB|10-604|Walkers Creek Rd|010|Bland County|010|Bland County|    1.50 ME 10-651| 747905|0|1.52|4.97|    10-608 Skydusky Rd| 153009|0|0|7.07|    09/27/2021|118|R|||||||X||24|||X||||||||||||||
706656|0|R-VA010SC00604EB||||R-VA010SC00604EB|10-604|Point Pleasant Rd|010|Bland County|010|Bland County|    10-608 Skydusky Rd| 153009|0|0|7.07|    0.40 ME 10-608| 153009|0|.4|7.47|    09/27/2021|121|R|||||||X||24|||X||||||||||||||
706657|0|R-VA010SC00604EB||||R-VA010SC00604EB|10-604|Point Pleasant Rd|010|Bland County|010|Bland County|    0.40 ME 10-608| 153009|0|.4|7.47|    Dead End| 153170|0|0|7.97|    12/09/2021|63|T|||||||X||24|||X||||||||||||||
706658|0|R-VA010SC00605NB||||R-VA010SC00605NB|10-605|Main St|010|Bland County|010|Bland County|    Dead End| 153011|0|0|0|    0.30 MW Dead End| 153011|0|.3|.3|    12/09/2021|42|T|||||||X||24|||X||||||||||||||
706659|0|R-VA010SC00605NB||||R-VA010SC00605NB|10-605|Main St|010|Bland County|010|Bland County|    0.30 MW Dead End| 153011|0|.3|.3|    0.89 MW Dead End| 153011|0|.89|.89|    10/25/2021|86|R|||||||X||24|||X||||||||||||||
706660|0|R-VA010SC00605NB||||R-VA010SC00605NB|10-605|Main St|010|Bland County|010|Bland County|    0.89 MW Dead End| 153011|0|.89|.89|    1.10 MW Dead End| 153011|0|1.1|1.1|    12/09/2021|147|T|||||||X||24|||X||||||||||||||
706661|0|R-VA010SC00605NB||||R-VA010SC00605NB|10-605|Main St|010|Bland County|010|Bland County|    1.10 MW Dead End| 153011|0|1.1|1.1|    SR 98 Main St| 153010|0|0|1.6|    12/09/2021|196|T|||||||X||24|||X||||||||||||||
010039|1|R-VA010SC00606EB||||R-VA010SC00606EB|10-606||010|Bland County|010|Bland County|    US 52 North Scenic Hwy| 153012|0|0|0|    I-77| 153013|0|0|.06|    01/01/2022|617|G|92|1|2|1|4|0|C|.115|6 |.68|610|G||||||||||||||
402632|0|R-VA010SC00606EB||||R-VA010SC00606EB|10-606|Wilderness Rd|010|Bland County|010|Bland County|    I-77| 153013|0|0|.06|    10-608 W, Wesendenck Rd| 153015|0|0|5.09|    01/01/2022|1046|G|97|0|1|1|1|0|C|.098|6 |.64|1039|G||||||||||||||
402633|0|R-VA010SC00606EB||||R-VA010SC00606EB|10-606|Wilderness Rd|010|Bland County|010|Bland County|    10-608 W, Wesendonck Rd| 153015|0|0|5.09|    10-608 MID Price Ridge Rd| 153256|0|0|9.58|    01/01/2022|760|G|97|1|1|1|1|0|C|.104|6 |.54|755|G||||||||||||||
402634|0|R-VA010SC00606EB||||R-VA010SC00606EB|10-606|Wilderness Rd|010|Bland County|010|Bland County|    10-608 MID Price Ridge Rd| 153256|0|0|9.58|    SR 42, E Bluegrass Hwy| 153021|0|0|13.52|    01/01/2022|724|G|97|0|1|1|1|0|C|.118|6 |.64|719|G||||||||||||||
784155|0|R-VA010SC00606UK      RMP000.00A||||R-VA010SC00606UK      RMP000.00A|10-606  EXIT 0A|Ramp|010|Bland County|010|Bland County|    10-606 Wilderness Rd| 153013|0|0|0|    I-77 South| 153243|0|0|.2|    01/01/2022|186|G|||||||X|.153|6 |1|186|G||||||||||||||
784812|0|R-VA010SC00606UK      RMP000.00B||||R-VA010SC00606UK      RMP000.00B|10-606  EXIT 0B|Ramp|010|Bland County|010|Bland County|    10-606 Wilderness Rd| 153014|0|0|0|    I-77 North| 153229|0|0|.14|    01/01/2022|617|G|||||||X|.134|6 |1|606|G||||||||||||||
706662|0|R-VA010SC00607EB||||R-VA010SC00607EB|10-607|Burtons Pond Rd|010|Bland County|010|Bland County|    10-608 Price Ridge Rd| 153022|0|0|0|    1.89 ME 10-608| 153022|0|1.89|1.89|    10/18/2021|41|R|||||||X||24|||X||||||||||||||
706663|0|R-VA010SC00607EB||||R-VA010SC00607EB|10-607|Burtons Pond Rd|010|Bland County|010|Bland County|    1.89 ME 10-608| 153022|0|1.89|1.89|    10-606 Wilderness Rd| 153020|0|0|2.6|    10/18/2021|40|R|||||||X||24|||X||||||||||||||
706664|0|R-VA010SC00608NB||||R-VA010SC00608NB|10-608|Skydusky Rd|010|Bland County|010|Bland County|    SR 42 W, E Bluegrass Trail| 153028|0|0|0|    10-604 Point Pleasant Rd; Walkers Creek Rd| 153009|0|0|.6|    09/27/2021|201|R|||||||X||24|||X||||||||||||||
706665|0|R-VA010SC00608NB||||R-VA010SC00608NB|10-608|Skydusky Rd|010|Bland County|010|Bland County|    10-604 Point Pleasant Rd; Walkers Creek Rd| 153009|0|0|.6|    1.10 ME 10-604| 153009|0|1.1|1.7|    09/27/2021|64|R|||||||X||24|||X||||||||||||||
706666|0|R-VA010SC00608NB||||R-VA010SC00608NB|10-608|Skydusky Rd|010|Bland County|010|Bland County|    1.10 ME 10-604| 153009|0|1.1|1.7|    Jefferson Forest Bndy|1206747|0|2.225|3.6|    09/27/2021|43|R|||||||X||24|||X||||||||||||||
706667|0|R-VA010SC00608NB||||R-VA010SC00608NB|10-608|Skydusky Rd|010|Bland County|010|Bland County|    Jefferson Forest Bndy|1206747|0|2.225|3.6|    10-639 Grandaddys Dr| 153027|0|0|5|    09/27/2021|18|R|||||||X||24|||X||||||||||||||
706668|0|R-VA010SC00608NB||||R-VA010SC00608NB|10-608|Skydusky Rd|010|Bland County|010|Bland County|    10-639 Grandaddys Dr| 153027|0|0|5|    SR 42 E, E Bluegrass Trail| 153175|0|0|5.6|    09/27/2021|133|R|||||||X||24|||X||||||||||||||
706669|0|R-VA010SC00608NB||||R-VA010SC00608NB|10-608|Price Ridge Rd|010|Bland County|010|Bland County|    SR 42 E, E Bluegrass Trail| 153026|0|0|5.63|    10-606 E, Wilderness Rd| 153171|0|0|9.03|    01/01/2022|237|G|98|0|1|0|0|0|C|.099|6 |.64|235|G||||||||||||||
706670|0|R-VA010SC00608NB||||R-VA010SC00608NB|10-608|Wesendonick Rd|010|Bland County|010|Bland County|    10-606 W, Wilderness Rd| 153256|0|0|9.05|    10-677 No Business Creek Rd| 153025|0|0|11.49|    10/18/2021|200|R|||||||X||24|||X||||||||||||||
706671|0|R-VA010SC00608NB||||R-VA010SC00608NB|10-608|Wesendonick Rd|010|Bland County|010|Bland County|    10-677 No Business Creek Rd| 153025|0|0|11.49|    10-609 Dinky Track Rd| 153024|0|0|12.39|    10/18/2021|113|R|||||||X||24|||X||||||||||||||
706672|0|R-VA010SC00608NB||||R-VA010SC00608NB|10-608|Wesendonick Rd|010|Bland County|010|Bland County|    10-609 Dinky Track Rd| 153024|0|0|12.39|    10-606 N, Wilderness Rd| 153015|0|0|14.67|    10/18/2021|204|R|||||||X||24|||X||||||||||||||
706673|0|R-VA010SC00609EB||||R-VA010SC00609EB|10-609|Dinky Track Rd|010|Bland County|010|Bland County|    10-608 Wesendonick Rd| 153024|0|0|0|    10-677 No Business Creek Rd| 153029|0|0|1.8|    10/18/2021|33|R|||||||X||24|||X||||||||||||||
706674|0|R-VA010SC00610NB||||R-VA010SC00610NB|10-610|Nebo Rd|010|Bland County|010|Bland County|    Smyth County Line| 811004|0|0|0|    10-742 Shady Grove Rd| 153031|0|0|1.1|    10/20/2021|63|R|||||||X||24|||X||||||||||||||
706675|0|R-VA010SC00610NB||||R-VA010SC00610NB|10-610|Nebo Rd|010|Bland County|010|Bland County|    10-742 Shady Grove Rd| 153031|0|0|1.1|    SR 42 , W Blue Grass Hwy| 153030|0|0|1.9|    10/20/2021|77|R|||||||X||24|||X||||||||||||||
706676|0|R-VA010SC00611NB||||R-VA010SC00611NB|10-611|Slide Mountain Rd|010|Bland County|010|Bland County|    SR 42, E Bluegrass Trail| 153032|0|0|0|    0.10 MN SR 42| 153032|0|.1|.1|    10/13/2021|61|R|||||||X||24|||X||||||||||||||
706677|0|R-VA010SC00611NB||||R-VA010SC00611NB|10-611|Slide Mountain Rd|010|Bland County|010|Bland County|    0.10 MN SR 42| 153032|0|.1|.1|    0.60 MN SR 42| 153032|0|.6|.6|    10/13/2021|70|R|||||||X||24|||X||||||||||||||
706678|0|R-VA010SC00611NB||||R-VA010SC00611NB|10-611|Slide Mountain Rd|010|Bland County|010|Bland County|    0.60 MN SR 42| 153032|0|.6|.6|    10-612 Kimberling Rd| 153033|0|0|2.13|    10/13/2021|18|R|||||||X||24|||X||||||||||||||
706679|0|R-VA010SC00612EB||||R-VA010SC00612EB|10-612|Kimberling Rd|010|Bland County|010|Bland County|    US 52 North Scenic Hwy| 153034|0|0|0|    0.56 ME US 52| 153034|0|.56|.56|    10/13/2021|137|R|||||||X||24|||X||||||||||||||
706680|0|R-VA010SC00612EB||||R-VA010SC00612EB|10-612|Kimberling Rd|010|Bland County|010|Bland County|    0.56 ME US 52| 153034|0|.56|.56|    4.78 ME US 52| 153034|0|4.78|4.78|    10/13/2021|108|R|||||||X||24|||X||||||||||||||
706681|0|R-VA010SC00612EB||||R-VA010SC00612EB|10-612|Kimberling Rd|010|Bland County|010|Bland County|    4.78 ME US 52| 153034|0|4.78|4.78|    5.67 ME US 52| 153034|0|5.67|5.67|    10/13/2021|112|R|||||||X||24|||X||||||||||||||
706682|0|R-VA010SC00612EB||||R-VA010SC00612EB|10-612|Kimberling Rd|010|Bland County|010|Bland County|    5.67 ME US 52| 153034|0|5.67|5.67|    10-627 Dalton Hollow Rd| 153035|0|0|6.42|    10/13/2021|101|R|||||||X||24|||X||||||||||||||
706683|0|R-VA010SC00612EB||||R-VA010SC00612EB|10-612|Kimberling Rd|010|Bland County|010|Bland County|    10-627 Dalton Hollow Rd| 153035|0|0|6.42|    10-611 Slide Mountain Rd| 153033|0|0|7.97|    10/13/2021|123|R|||||||X||24|||X||||||||||||||
706684|0|R-VA010SC00612EB||||R-VA010SC00612EB|10-612|Kimberling Rd|010|Bland County|010|Bland County|    10-611 Slide Mountain Rd| 153033|0|0|7.97|    10-631 Pinch Creek Rd| 153036|0|0|10.87|    10/13/2021|136|R|||||||X||24|||X||||||||||||||
706685|0|R-VA010SC00612EB||||R-VA010SC00612EB|10-612|Kimberling Rd|010|Bland County|010|Bland County|    10-631 Pinch Creek Rd| 153036|0|0|10.87|    10-606 Wilderness Rd| 153016|0|0|11.68|    10/13/2021|402|R|||||||X||24|||X||||||||||||||
706686|0|R-VA010SC00613EB||||R-VA010SC00613EB|10-613|Dry Fork Rd|010|Bland County|010|Bland County|    Dead End| 153172|0|0|0|    0.37 ME Dead End| 153172|0|.37|.37|    12/09/2021|28|T|||||||X||24|||X||||||||||||||
706687|0|R-VA010SC00613EB||||R-VA010SC00613EB|10-613|Dry Fork Rd|010|Bland County|010|Bland County|    0.37 ME Dead End| 153172|0|.37|.37|    0.97 ME Dead End| 153172|0|.97|.97|    10/20/2021|86|R|||||||X||24|||X||||||||||||||
706688|0|R-VA010SC00613EB||||R-VA010SC00613EB|10-613|Dry Fork Rd|010|Bland County|010|Bland County|    0.97 ME Dead End| 153172|0|.97|.97|    1.17 ME Dead End| 153172|0|1.17|1.17|    12/09/2021|111|T|||||||X||24|||X||||||||||||||
706689|0|R-VA010SC00613EB||||R-VA010SC00613EB|10-613|Dry Fork Rd|010|Bland County|010|Bland County|    1.17 ME Dead End| 153172|0|1.17|1.17|    10-663 Dangerfield Dr| 153037|0|0|5.88|    10/20/2021|370|R|||||||X||24|||X||||||||||||||
706690|0|R-VA010SC00613EB||||R-VA010SC00613EB|10-613|Laurel Fork Rd|010|Bland County|010|Bland County|    10-663 Dangerfield Dr| 153037|0|0|5.88|    US 52 North Scenic Hwy| 153038|0|0|6.38|    10/20/2021|394|R|||||||X||24|||X||||||||||||||
706691|0|R-VA010SC00613EB||||R-VA010SC00613EB|10-613|Dry Fork Rd|010|Bland County|010|Bland County|    US 52 North Scenic Hwy| 153038|0|0|6.38|    Dead End| 153039|0|0|12.54|    10/20/2021|797|R|||||||X||24|||X||||||||||||||
706692|0|R-VA010SC00614EB||||R-VA010SC00614EB|10-614|Grapefield Rd|010|Bland County|010|Bland County|    Tazewell County Line| 811005|0|0|0|    US 52 North Scenic Hwy| 153040|0|0|12.7|    01/01/2022|585|G|98|0|1|0|0|0|C|.102|6 |.73|578|G||||||||||||||
706693|0|R-VA010SC00615NB||||R-VA010SC00615NB|10-615|Suiter Rd|010|Bland County|010|Bland County|    US 52 S, South Scenic Hwy| 153051|0|0|0|    10-620 White Pine Dr| 153050|0|0|1.2|    01/01/2022|299|G|98|1|0|0|0|0|C|.12|6 |.56|297|G||||||||||||||
706694|0|R-VA010SC00615NB||||R-VA010SC00615NB|10-615|Suiter Rd|010|Bland County|010|Bland County|    10-620 White Pine Dr| 153050|0|0|1.2|    2.95 MN 10-620| 153050|0|2.95|4.15|    01/01/2022|34|G|91|0|3|1|0|0|C|.219|6 |.57|33|G||||||||||||||
706695|0|R-VA010SC00615NB||||R-VA010SC00615NB|10-615|Suiter Rd|010|Bland County|010|Bland County|    2.95 MN 10-620| 153050|0|2.95|4.15|    10-618 Lodge Dr| 153049|0|0|4.4|    01/01/2022|49|G|95|0|2|2|0|0|C|.2|6 |.56|48|G||||||||||||||
706696|0|R-VA010SC00615NB||||R-VA010SC00615NB|10-615|Railroad Trail|010|Bland County|010|Bland County|    10-618 Lodge Dr| 153049|0|0|4.4|    10-649 Pep St| 153046|0|0|8.653|    01/01/2022|128|G|95|2|2|1|0|0|C|.11|6 |.59|127|G||||||||||||||
706697|0|R-VA010SC00615NB||||R-VA010SC00615NB|10-615|Railroad Trail|010|Bland County|010|Bland County|    10-649 Pep St| 153046|0|0|8.653|    US 52 N, North Scenic Hwy| 153043|0|0|9.147|    01/01/2022|780|G|98|0|1|1|0|0|C|.109|6 |.67|774|G||||||||||||||
706698|0|R-VA010SC00615NB||||R-VA010SC00615NB|10-615|Bears Trail|010|Bland County|010|Bland County|    US 52 N, North Scenic Hwy| 153043|0|0|9.147|    Dead End| 153042|0|0|9.69|    10/25/2021|233|R|||||||X||24|||X||||||||||||||
706699|0|R-VA010SC00616EB||||R-VA010SC00616EB|10-616|Sandy Hollow Rd|010|Bland County|010|Bland County|    10-617 Waddletown Rd| 153052|0|0|0|    FR-2 Sandy Hollow Rd| 153053|0|0|.3|    09/29/2021|154|R|||||||X||24|||X||||||||||||||
706700|0|R-VA010SC00617EB||||R-VA010SC00617EB|10-617|Waddletown Rd|010|Bland County|010|Bland County|    US 52 S, South Scenic Hwy| 153054|0|0|0|    10-619 Green Hill Rd| 153055|0|0|3.8|    09/29/2021|67|R|||||||X||24|||X||||||||||||||
706701|0|R-VA010SC00617EB||||R-VA010SC00617EB|10-617|Waddletown Rd|010|Bland County|010|Bland County|    10-619 Green Hill Rd| 153055|0|0|3.8|    10-616 Sandy Hollow Rd| 153052|0|0|5.77|    09/29/2021|97|R|||||||X||24|||X||||||||||||||
706702|0|R-VA010SC00617EB||||R-VA010SC00617EB|10-617|Waddletown Rd|010|Bland County|010|Bland County|    10-616 Sandy Hollow Rd| 153052|0|0|5.77|    US 52 N, South Scenic Hwy| 153056|0|0|6.77|    09/29/2021|44|R|||||||X||24|||X||||||||||||||
706703|0|R-VA010SC00618NB||||R-VA010SC00618NB|10-618|Lodge Dr|010|Bland County|010|Bland County|    10-615 Suiter Rd| 153049|0|0|0|    Dead End| 153257|0|0|1.2|    10/13/2021|34|R|||||||X||24|||X||||||||||||||
706704|0|R-VA010SC00619EB||||R-VA010SC00619EB|10-619|Green Hill Rd|010|Bland County|010|Bland County|    10-617 Waddletown Rd| 153055|0|0|0|    Dead End| 153057|0|0|.4|    12/09/2021|42|T|||||||X||24|||X||||||||||||||
706705|0|R-VA010SC00620EB||||R-VA010SC00620EB|10-620|White Pine Dr|010|Bland County|010|Bland County|    Dead End| 153058|0|0|0|    10-615 Suiter Rd| 153050|0|0|1.8|    10/13/2021|128|R|||||||X||24|||X||||||||||||||
706706|0|R-VA010SC00621EB||||R-VA010SC00621EB|10-621|Old Mountain Rd|010|Bland County|010|Bland County|    SR 42, W Blue Grass Hwy| 153060|0|0|0|    US 52 South Scenic Hwy| 153059|0|0|3|    10/25/2021|183|R|||||||X||24|||X||||||||||||||
706707|0|R-VA010SC00622EB||||R-VA010SC00622EB|10-622|Birch Grove Rd|010|Bland County|010|Bland County|    SR 42 S, W Blue Grass Hwy| 153068|0|0|0|    1.00 ME SR 42| 153068|0|1|1|    10/20/2021|33|R|||||||X||24|||X||||||||||||||
706708|0|R-VA010SC00622EB||||R-VA010SC00622EB|10-622|Birch Grove Rd|010|Bland County|010|Bland County|    1.00 ME SR 42| 153068|0|1|1|    10-626 W, Stowers Hill Rd| 153176|0|0|1.3|    10/20/2021|26|R|||||||X||24|||X||||||||||||||
706709|0|R-VA010SC00622EB||||R-VA010SC00622EB|10-622|Birch Grove Rd|010|Bland County|010|Bland County|    10-626 W, Stowers Hill Rd| 153176|0|0|1.3|    10-626 E, Bethany Rd; Stowers Hill Rd| 153067|0|0|2.7|    09/29/2021|115|R|||||||X||24|||X||||||||||||||
706710|0|R-VA010SC00622EB||||R-VA010SC00622EB|10-622|Birch Grove Rd|010|Bland County|010|Bland County|    10-626 E, Bethany Rd; Stowers Hill Rd| 153067|0|0|2.7|    0.30 ME 10-626| 153067|0|.3|3|    10/06/2021|30|R|||||||X||24|||X||||||||||||||
706711|0|R-VA010SC00622EB||||R-VA010SC00622EB|10-622|Birch Grove Rd|010|Bland County|010|Bland County|    0.30 ME 10-626| 153067|0|.3|3|    Jefferson Forest Bndy| 153262|0|0|3.4|    10/06/2021|25|R|||||||X||24|||X||||||||||||||
706712|0|R-VA010SC00622EB||||R-VA010SC00622EB|10-622|Birch Grove Rd|010|Bland County|010|Bland County|    Jefferson Forest Bndy| 153262|0|0|3.4|    10-625 W, Mountain Glen Dr| 153066|0|0|3.8|    10/06/2021|33|R|||||||X||24|||X||||||||||||||
706713|0|R-VA010SC00622EB||||R-VA010SC00622EB|10-622|Birch Grove Rd|010|Bland County|010|Bland County|    10-625 W, Mountain Glen Dr| 153066|0|0|3.8|    10-625 E, Ceres School Rd| 153178|0|0|4.33|    10/06/2021|51|R|||||||X||24|||X||||||||||||||
706714|0|R-VA010SC00622EB||||R-VA010SC00622EB|10-622|Birch Grove Rd|010|Bland County|010|Bland County|    10-625 E, Ceres School Rd| 153178|0|0|4.33|    10-624 Ravens Cliff Rd| 153065|0|0|5.03|    10/06/2021|52|R|||||||X||24|||X||||||||||||||
706715|0|R-VA010SC00622EB||||R-VA010SC00622EB|10-622|Foglesong Valley Rd|010|Bland County|010|Bland County|    10-624 Ravens Cliff Rd| 153065|0|0|5.03|    10-623 Red Oak Rd| 153064|0|0|7.33|    10/06/2021|92|R|||||||X||24|||X||||||||||||||
706716|0|R-VA010SC00622EB||||R-VA010SC00622EB|10-622|Foglesong Valley Rd|010|Bland County|010|Bland County|    10-623 Red Oak Rd| 153064|0|0|7.33|    SR 42 W, W Blue Grass Hwy| 153063|0|0|10.03|    09/29/2021|22|R|||||||X||24|||X||||||||||||||
706717|0|R-VA010SC00622EB||||R-VA010SC00622EB|10-622|Whackertown Rd|010|Bland County|010|Bland County|    SR 42 W, W Blue Grass Hwy| 153063|0|0|10.03|    SR 42 E, W Blue Grass Hwy| 153062|0|0|12.33|    09/29/2021|51|R|||||||X||24|||X||||||||||||||
706718|0|R-VA010SC00622EB||||R-VA010SC00622EB|10-622|Shewey Valley Rd|010|Bland County|010|Bland County|    SR 42 E, W Blue Grass Hwy| 153062|0|0|12.33|    Dead End| 153061|0|0|13.73|    09/29/2021|72|R|||||||X||24|||X||||||||||||||
706719|0|R-VA010SC00623NB||||R-VA010SC00623NB|10-623|Red Oak Rd|010|Bland County|010|Bland County|    10-622 Foglesong Valley Rd| 153064|0|0|0|    SR 42 W, West Blue Grass Hwy| 153177|0|0|.81|    09/29/2021|100|R|||||||X||24|||X||||||||||||||
706720|0|R-VA010SC00623NB||||R-VA010SC00623NB|10-623|Sharon Springs Rd|010|Bland County|010|Bland County|    SR 42 E, W Blue Grass Hwy| 153069|0|0|1.55|    Tazewell County Line| 811006|0|0|8.95|    09/29/2021|50|R|||||||X||24|||X||||||||||||||
706721|0|R-VA010SC00624NB||||R-VA010SC00624NB|10-624|Ravens Cliff Rd|010|Bland County|010|Bland County|    Dead End| 153070|0|0|0|    10-622 Foglesong Valley Rd; Birch Grove Rd| 153065|0|0|1|    10/06/2021|124|R|||||||X||24|||X||||||||||||||
706722|0|R-VA010SC00625NB||||R-VA010SC00625NB|10-625|Mountain Glen Dr|010|Bland County|010|Bland County|    Dead End| 153179|0|0|0|    10-622 W, Birch Grove Rd| 153066|0|0|.5|    12/09/2021|42|T|||||||X||24|||X||||||||||||||
706723|0|R-VA010SC00625NB||||R-VA010SC00625NB|10-625|Ceres School Rd|010|Bland County|010|Bland County|    10-622 E, Birch Grove Rd| 153178|0|0|1.03|    SR 42, W Blue Grass Hwy| 153071|0|0|1.63|    10/06/2021|143|R|||||||X||24|||X||||||||||||||
706724|0|R-VA010SC00625NB||||R-VA010SC00625NB|10-625|Poor Valley Rd|010|Bland County|010|Bland County|    SR 42, W Blue Grass Hwy| 153071|0|0|1.63|    10-647 Willow Springs Rd| 153072|0|0|2.03|    10/06/2021|60|R|||||||X||24|||X||||||||||||||
706725|0|R-VA010SC00625NB||||R-VA010SC00625NB|10-625|Poor Valley Rd|010|Bland County|010|Bland County|    10-647 Willow Springs Rd| 153072|0|0|2.03|    0.30 MN 10-647| 153072|0|.3|2.33|    10/06/2021|44|R|||||||X||24|||X||||||||||||||
706726|0|R-VA010SC00625NB||||R-VA010SC00625NB|10-625|Poor Valley Rd|010|Bland County|010|Bland County|    0.30 MN 10-647| 153072|0|.3|2.33|    Dead End| 153073|0|0|8.73|    10/06/2021|11|R|||||||X||24|||X||||||||||||||
706727|0|R-VA010SC00626NB||||R-VA010SC00626NB|10-626|Stowers Hill Rd|010|Bland County|010|Bland County|    10-622 W, Birch Grove Rd| 153176|0|0|0|    2.20 ME 10-622| 153176|0|2.2|2.2|    10/20/2021|38|R|||||||X||24|||X||||||||||||||
706728|0|R-VA010SC00626NB||||R-VA010SC00626NB|10-626|Stowers Hill Rd|010|Bland County|010|Bland County|    2.20 ME 10-622| 153176|0|2.2|2.2|    10-622 E, Birch Grove Rd| 153067|0|0|2.8|    10/20/2021|38|R|||||||X||24|||X||||||||||||||
706729|0|R-VA010SC00626NB||||R-VA010SC00626NB|10-626|Bethany Rd|010|Bland County|010|Bland County|    10-622 E, Birch Grove Rd|1208166|0|0|2.822|    SR 42, W Blue Grass Hwy| 153074|0|0|3.65|    10/20/2021|82|R|||||||X||24|||X||||||||||||||
706730|0|R-VA010SC00627EB||||R-VA010SC00627EB|10-627|Dalton Hollow Rd|010|Bland County|010|Bland County|    Dead End| 153075|0|0|0|    10-612 Kimberling Rd| 153035|0|0|.8|    10/13/2021|8|R|||||||X||24|||X||||||||||||||
706731|0|R-VA010SC00628EB||||R-VA010SC00628EB|10-628|Eagles Rd|010|Bland County|010|Bland County|    US 52 North Scenic Hwy| 153076|0|0|0|    10-652 Fernwood Dr| 153077|0|0|.08|    10/25/2021|318|R|||||||X||24|||X||||||||||||||
706732|0|R-VA010SC00629EB||||R-VA010SC00629EB|10-629|Flat Top Rd|010|Bland County|010|Bland County|    10-606 Wilderness Rd| 153019|0|0|0|    Dead End| 153180|0|0|1.3|    10/18/2021|136|R|||||||X||24|||X||||||||||||||
706733|0|R-VA010SC00630NB||||R-VA010SC00630NB|10-630|Creekside Dr|010|Bland County|010|Bland County|    Dead End| 153081|0|0|0|    10-665 Quarry Dr| 153080|0|0|.19|    12/09/2021|14|T|||||||X||24|||X||||||||||||||
706734|0|R-VA010SC00631NB||||R-VA010SC00631NB|10-631|Pinch Creek Rd|010|Bland County|010|Bland County|    10-612 Kimberling Rd| 153036|0|0|0|    Dead End| 153181|0|0|1.75|    10/13/2021|246|R|||||||X||24|||X||||||||||||||
706735|0|R-VA010SC00632NB||||R-VA010SC00632NB|10-632|Parcell Dr|010|Bland County|010|Bland County|    10-602 Spur Branch Rd| 153004|0|0|0|    Dead End| 153083|0|0|.24|    12/09/2021|24|T|||||||X||24|||X||||||||||||||
706736|0|R-VA010SC00633EB||||R-VA010SC00633EB|10-633|Short Ridge Dr|010|Bland County|010|Bland County|    Dead End| 153084|0|0|0|    10-631 Pinch Creek Rd| 153082|0|0|.65|    10/13/2021|28|R|||||||X||24|||X||||||||||||||
706737|0|R-VA010SC00634EB||||R-VA010SC00634EB|10-634|Mechanicsburg Rd|010|Bland County|010|Bland County|    10-738 Byrnes Chapel Rd| 153086|0|0|0|    SR 42, E Blue Grass Hwy| 153085|0|0|.57|    10/25/2021|98|R|||||||X||24|||X||||||||||||||
706738|0|R-VA010SC00635NB||||R-VA010SC00635NB|10-635|Pearl St|010|Bland County|010|Bland County|    10-637 Starks St| 153087|0|0|0|    Cul-de-Sac| 153088|0|0|.07|    12/09/2021|29|T|||||||X||24|||X||||||||||||||
706739|0|R-VA010SC00636EB||||R-VA010SC00636EB|10-636|Walnut Dr|010|Bland County|010|Bland County|    Dead End| 153182|0|0|0|    10-615 Railroad Trail| 153044|0|0|.1|    12/09/2021|96|T|||||||X||24|||X||||||||||||||
706740|0|R-VA010SC00636EB||||R-VA010SC00636EB|10-636|Walnut Dr|010|Bland County|010|Bland County|    10-615 Railroad Trail| 153044|0|0|.1|    10-648 Angles Pass Dr| 153089|0|0|.16|    10/25/2021|21|R|||||||X||24|||X||||||||||||||
706741|0|R-VA010SC00637NB||||R-VA010SC00637NB|10-637|Starks St|010|Bland County|010|Bland County|    10-615 Railroad Trail| 153045|0|0|0|    10-636 Walnut Dr| 153090|0|0|.1|    10/25/2021|56|R|||||||X||24|||X||||||||||||||
706742|0|R-VA010SC00638NB||||R-VA010SC00638NB|10-638|Wright Mountain Dr|010|Bland County|010|Bland County|    10-629 Flat Top Rd| 153079|0|0|0|    Dead End| 153091|0|0|.47|    12/09/2021|84|T|||||||X||24|||X||||||||||||||
706743|0|R-VA010SC00639EB||||R-VA010SC00639EB|10-639|Grandaddys Dr|010|Bland County|010|Bland County|    10-608 Skydusky Rd| 153027|0|0|0|    Dead End| 153092|0|0|.2|    12/09/2021|53|T|||||||X||24|||X||||||||||||||
706744|0|R-VA010SC00640EB||||R-VA010SC00640EB|10-640|Crystal Springs Dr|010|Bland County|010|Bland County|    Dead End| 153093|0|0|0|    10-738 Byrnes Chapel Rd| 153094|0|0|1|    09/29/2021|27|R|||||||X||24|||X||||||||||||||
706745|0|R-VA010SC00640EB||||R-VA010SC00640EB|10-640|Trails End Dr|010|Bland County|010|Bland County|    10-738 Byrnes Chapel Rd| 153183|0|0|1.1|    3.00 ME 10-738| 153183|0|3|4.1|    09/29/2021|113|R|||||||X||24|||X||||||||||||||
706746|0|R-VA010SC00640EB||||R-VA010SC00640EB|10-640|Trails End Dr|010|Bland County|010|Bland County|    3.00 ME 10-738| 153183|0|3|4.1|    Dead End| 153184|0|0|4.8|    09/29/2021|16|R|||||||X||24|||X||||||||||||||
706747|0|R-VA010SC00641NB||||R-VA010SC00641NB|10-641|Walnut Hollow Dr|010|Bland County|010|Bland County|    10-606 Wilderness Rd| 153018|0|0|0|    0.03 MN 10-606| 153018|0|.03|.03|    10/18/2021|4|R|||||||X||24|||X||||||||||||||
706748|0|R-VA010SC00641NB||||R-VA010SC00641NB|10-641|Walnut Hollow Dr|010|Bland County|010|Bland County|    0.03 MN 10-606| 153018|0|.03|.03|    Dead End| 153258|0|0|.15|    12/09/2021|12|T|||||||X||24|||X||||||||||||||
706749|0|R-VA010SC00642NB||||R-VA010SC00642NB|10-642|Hicksville Rd|010|Bland County|010|Bland County|    US 52 S, North Scenic Hwy| 153095|0|0|0|    US 52 N, North Scenic Hwy| 153096|0|0|.7|    10/20/2021|14|R|||||||X||24|||X||||||||||||||
706750|0|R-VA010SC00643EB||||R-VA010SC00643EB|10-643|Grassy Branch Dr|010|Bland County|010|Bland County|    Dead End| 153098|0|0|0|    US 52 South Scenic Hwy| 153097|0|0|.4|    12/09/2021|36|T|||||||X||24|||X||||||||||||||
706751|0|R-VA010SC00644NB||||R-VA010SC00644NB|10-644|Niday Dr|010|Bland County|010|Bland County|    Dead End| 153100|0|0|0|    SR 61 Wolf Creek Hwy| 153099|0|0|.4|    12/09/2021|62|T|||||||X||24|||X||||||||||||||
706752|0|R-VA010SC00645NB||||R-VA010SC00645NB|10-645|Stillhouse Spring Dr|010|Bland County|010|Bland County|    Dead End| 153102|0|0|0|    SR 42, E Bluegrass Trail| 153101|0|0|1.1|    10/13/2021|47|R|||||||X||24|||X||||||||||||||
706753|0|R-VA010SC00646EB||||R-VA010SC00646EB|10-646|Hunting Camp Rd|010|Bland County|010|Bland County|    10-615 W, Railroad Trail| 153174|0|0|0|    0.37 ME 10-615| 153174|0|.37|.37|    10/13/2021|64|R|||||||X||24|||X||||||||||||||
706754|0|R-VA010SC00646EB||||R-VA010SC00646EB|10-646|Hunting Camp Rd|010|Bland County|010|Bland County|    0.37 ME 10-615| 153174|0|.37|.37|    10-615 E, Railroad Trail| 153048|0|0|2.68|    10/13/2021|184|R|||||||X||24|||X||||||||||||||
706755|0|R-VA010SC00647EB||||R-VA010SC00647EB|10-647|Willow Springs Rd|010|Bland County|010|Bland County|    Dead End| 153103|0|0|0|    10-625 Poor Valley Rd| 153072|0|0|.32|    12/09/2021|26|T|||||||X||24|||X||||||||||||||
706756|0|R-VA010SC00648EB||||R-VA010SC00648EB|10-648|Angles Pass Dr|010|Bland County|010|Bland County|    US 52 North Scenic Hwy|1208155|0|0|0|    Dead End| 153106|0|0|.49|    12/09/2021|69|T|||||||X||24|||X||||||||||||||
706757|0|R-VA010SC00649NB||||R-VA010SC00649NB|10-649|West Camp Dr|010|Bland County|010|Bland County|    Dead End| 153108|0|0|0|    10-654 Chase St| 153107|0|0|.03|    12/09/2021|74|T|||||||X||24|||X||||||||||||||
706758|0|R-VA010SC00649NB||||R-VA010SC00649NB|10-649|Pep St|010|Bland County|010|Bland County|    10-654 Chase St| 153107|0|0|.03|    10-615 Railroad Trail| 153046|0|0|.17|    10/25/2021|102|R|||||||X||24|||X||||||||||||||
706759|0|R-VA010SC00650NB||||R-VA010SC00650NB|10-650|Round Bottom Dr|010|Bland County|010|Bland County|    Dead End| 153110|0|0|0|    SR 61 Wolf Creek Hwy| 153109|0|0|.9|    10/20/2021|22|R|||||||X||24|||X||||||||||||||
706760|0|R-VA010SC00651NB||||R-VA010SC00651NB|10-651|Rock Wall Dr|010|Bland County|010|Bland County|    Dead End| 153111|0|0|0|    10-604 Walkers Creek Rd| 747905|0|0|.22|    12/09/2021|13|T|||||||X||24|||X||||||||||||||
706761|0|R-VA010SC00652EB||||R-VA010SC00652EB|10-652|Fernwood Dr|010|Bland County|010|Bland County|    Dead End| 153185|0|0|0|    10-628 Eagles Rd| 153077|0|0|.05|    12/09/2021|37|T|||||||X||24|||X||||||||||||||
706762|0|R-VA010SC00653EB||||R-VA010SC00653EB|10-653|Osborne Dr|010|Bland County|010|Bland County|    10-738 Byrnes Chapel Rd| 153112|0|0|0|    Dead End| 153114|0|0|.2|    12/09/2021|41|T|||||||X||24|||X||||||||||||||
706763|0|R-VA010SC00654NB||||R-VA010SC00654NB|10-654|Chase St|010|Bland County|010|Bland County|    10-649 Pep St; West Camp Dr| 153107|0|0|0|    10-615 Railroad Trail| 153047|0|0|.08|    10/25/2021|234|R|||||||X||24|||X||||||||||||||
706764|0|R-VA010SC00655EB||||R-VA010SC00655EB|10-655|Elm Dr|010|Bland County|010|Bland County|    US 52 North Scenic Hwy| 153115|0|0|0|    Dead End| 153116|0|0|.16|    12/09/2021|42|T|||||||X||24|||X||||||||||||||
706765|0|R-VA010SC00656NB||||R-VA010SC00656NB|10-656|Raleigh Grayson Tpke|010|Bland County|010|Bland County|    Dead End| 153186|0|0|0|    10-658 Old Mill Rd| 153119|0|0|.86|    09/27/2021|31|R|||||||X||24|||X||||||||||||||
706766|0|R-VA010SC00656NB||||R-VA010SC00656NB|10-656|Raleigh Grayson Tpke|010|Bland County|010|Bland County|    10-658 Old Mill Rd| 153119|0|0|.86|    10-1001 Jackson St| 153118|0|0|2.26|    10/25/2021|121|R|||||||X||24|||X||||||||||||||
706767|0|R-VA010SC00656NB||||R-VA010SC00656NB|10-656|Raleigh Grayson Tpke|010|Bland County|010|Bland County|    10-1001 Jackson St| 153118|0|0|2.26|    SR 98 Main St| 153117|0|0|2.33|    10/25/2021|96|R|||||||X||24|||X||||||||||||||
706768|0|R-VA010SC00657NB||||R-VA010SC00657NB|10-657|Villa Heights Dr|010|Bland County|010|Bland County|    10-614 Grapefield Rd| 153041|0|0|0|    Dead End| 153187|0|0|.25|    12/09/2021|49|T|||||||X||24|||X||||||||||||||
706769|0|R-VA010SC00658EB||||R-VA010SC00658EB|10-658|Old Mill Rd|010|Bland County|010|Bland County|    Dead End| 153188|0|0|0|    10-656 Raleigh Grayson Tpke| 153119|0|0|1.21|    09/27/2021|14|R|||||||X||24|||X||||||||||||||
706770|0|R-VA010SC00659EB||||R-VA010SC00659EB|10-659|GB Keglely Dr|010|Bland County|010|Bland County|    US 52 South Scenic Hwy| 153120|0|0|0|    Dead End| 153121|0|0|.45|    12/09/2021|49|T|||||||X||24|||X||||||||||||||
706771|0|R-VA010SC00660NB||||R-VA010SC00660NB|10-660|ML Thompson Dr|010|Bland County|010|Bland County|    Dead End| 700982|0|0|0|    SR 61 Wolf Creek Hwy| 153215|0|0|.1|    12/09/2021|175|T|||||||X||24|||X||||||||||||||
706772|0|R-VA010SC00661NB||||R-VA010SC00661NB|10-661|Parking Lot|010|Bland County|010|Bland County|    10-653 Osborne Dr| 153113|0|0|0|    Dead End| 153189|0|0|.03|    12/09/2021|13|T|||||||X||24|||X||||||||||||||
706773|0|R-VA010SC00662NB||||R-VA010SC00662NB|10-662|Hungry Hollow Dr|010|Bland County|010|Bland County|    10-606 Wilderness Rd| 153017|0|0|0|    Dead End| 153190|0|0|.3|    12/09/2021|49|T|||||||X||24|||X||||||||||||||
706774|0|R-VA010SC00663EB||||R-VA010SC00663EB|10-663|Dangerfield Dr|010|Bland County|010|Bland County|    10-613 Dry Fork Rd| 153037|0|0|0|    Dead End|1275531|0|0|.15|    12/09/2021|44|T|||||||X||24|||X||||||||||||||
706775|0|R-VA010SC00664EB||||R-VA010SC00664EB|10-664| |010|Bland County|010|Bland County|    Dead End| 153191|0|0|0|    10-608 Wesendonick Rd| 153023|0|0|.2|    12/09/2021|37|T|||||||X||24|||X||||||||||||||
706776|0|R-VA010SC00665NB||||R-VA010SC00665NB|10-665|Quarry Dr|010|Bland County|010|Bland County|    Dead End| 153192|0|0|0|    US 52 Clear Fork Creek Hwy| 153123|0|0|.55|    10/25/2021|200|R|||||||X||24|||X||||||||||||||
706777|0|R-VA010SC00666EB||||R-VA010SC00666EB|10-666|Indian Village Trail|010|Bland County|010|Bland County|    US 52 North Scenic Hwy| 153124|0|0|0|    I-77 WEST Ramp| 153125|0|0|.16|    01/01/2022|6429|G|64|1|1|1|31|1|C|.08|6 |.5|6358|G||||||||||||||
706778|0|R-VA010SC00666EB||||R-VA010SC00666EB|10-666|Indian Village Trail|010|Bland County|010|Bland County|    I-77 WEST Ramp| 153125|0|0|.16|    I-77 EAST Ramp| 153126|0|0|.292|    01/01/2022|1728|G|||||||X|.116|6 |.6|1711|G||||||||||||||
706779|0|R-VA010SC00666EB||||R-VA010SC00666EB|10-666|Indian Village Trail|010|Bland County|010|Bland County|    I-77 EAST Ramp| 153126|0|0|.292|    FR-3 Arrowhead Dr| 153127|0|0|.33|    01/01/2022|662|G|84|1|2|6|3|0|C|.093|6 |.5|660|G||||||||||||||
784864|0|R-VA010SC00666UK      RMP000.00A||||R-VA010SC00666UK      RMP000.00A|10-666  EXIT 0A|Ramp|010|Bland County|010|Bland County|    10-666 Indian Village Trail| 153125|0|0|0|    I-77 South| 153239|0|0|.19|    01/01/2022|1539|G|||||||X|.085|6 |1|1508|G||||||||||||||
784865|0|R-VA010SC00666UK      RMP000.00B||||R-VA010SC00666UK      RMP000.00B|10-666  EXIT 0B|Ramp|010|Bland County|010|Bland County|    10-666 Indian Village Trail| 153126|0|0|0|    I-77 North| 153225|0|0|.19|    01/01/2022|1253|G|||||||X|.12|6 |1|1228|G||||||||||||||
706780|0|R-VA010SC00667NB||||R-VA010SC00667NB|10-667|Bland Farm Rd|010|Bland County|010|Bland County|    Dead End| 153129|0|0|0|    SR 42, E Blue Grass Hwy| 153128|0|0|.49|    12/09/2021|576|T|||||||X||24|||X||||||||||||||
706781|0|R-VA010SC00668NB||||R-VA010SC00668NB|10-668|Long Spur School Rd|010|Bland County|010|Bland County|    Dead End| 153193|0|0|0|    10-602 Spur Branch Rd| 153005|0|0|.05|    12/09/2021|7|T|||||||X||24|||X||||||||||||||
706782|0|R-VA010SC00670EB||||R-VA010SC00670EB|10-670|Mount Zion Rd|010|Bland County|010|Bland County|    10-738 Byrnes Chapel Rd| 153130|0|0|0|    1.75 ME 10-738| 153130|0|1.75|1.75|    09/29/2021|76|R|||||||X||24|||X||||||||||||||
706783|0|R-VA010SC00670EB||||R-VA010SC00670EB|10-670|Mount Zion Rd|010|Bland County|010|Bland County|    1.75 ME 10-738| 153130|0|1.75|1.75|    Giles County Line| 811007|0|0|3.3|    09/29/2021|60|R|||||||X||24|||X||||||||||||||
706784|0|R-VA010SC00671NB||||R-VA010SC00671NB|10-671|Dismal Creek Rd|010|Bland County|010|Bland County|    10-606 Wilderness Rd| 700979|0|0|0|    Dead End| 700980|0|0|.42|    12/09/2021|112|T|||||||X||24|||X||||||||||||||
785999|0|R-VA010SC00674NB||||R-VA010SC00674NB|10-674|Meadowview Rd|010|Bland County|010|Bland County|    US 52 South Scenic Hwy| 153213|0|0|0|    Dead End|1265788|0|0|.15|    12/09/2021|63|T|||||||X||24|||X||||||||||||||
795556|0|R-VA010SC00676EB||||R-VA010SC00676EB|10-676|Eagles Rd|010|Bland County|010|Bland County|    Dead End| 749776|0|0|0|    US 52 Clear Fork Creek Hwy| 153078|0|0|.25|    12/09/2021|732|T|||||||X||24|||X||||||||||||||
706785|0|R-VA010SC00677NB||||R-VA010SC00677NB|10-677|No Business Creek Rd|010|Bland County|010|Bland County|    10-608 Wesendonick Rd| 153025|0|0|0|    10-609 Dinky Track Rd| 153029|0|0|1.2|    10/18/2021|114|R|||||||X||24|||X||||||||||||||
706786|0|R-VA010SC00677NB||||R-VA010SC00677NB|10-677|No Business Creek Rd|010|Bland County|010|Bland County|    10-609 Dinky Track Rd| 153029|0|0|1.2|    Giles County Line| 153131|0|0|1.3|    10/18/2021|62|R|||||||X||24|||X||||||||||||||
706787|0|R-VA010SC00677NB||||R-VA010SC00677NB|10-677|No Business Creek Rd|035|Giles County|010|Bland County|    Giles County Line| 153131|0|0|1.3|    Dead End| 153132|0|0|3.2|    10/18/2021|60|R|||||||X||24|||X||||||||||||||
706788|0|R-VA010SC00678EB||||R-VA010SC00678EB|10-678|Shady Branch Circle|010|Bland County|010|Bland County|    SR 61 W, Wolf Creek Hwy| 153133|0|0|0|    1.65 ME SR 61| 153133|0|1.65|1.65|    10/25/2021|101|R|||||||X||24|||X||||||||||||||
706791|0|R-VA010SC00678EB||||R-VA010SC00678EB|10-678|Shady Branch Circle|010|Bland County|010|Bland County|    1.65 ME SR 61| 153133|0|1.65|1.65|    2.45 ME SR 61| 153133|0|2.45|2.45|    10/25/2021|46|R|||||||X||24|||X||||||||||||||
706792|0|R-VA010SC00678EB||||R-VA010SC00678EB|10-678|Shady Branch Circle|010|Bland County|010|Bland County|    2.45 ME SR 61| 153133|0|2.45|2.45|    SR 61 E, Wolf Creek Hwy| 153134|0|0|3.57|    10/25/2021|40|R|||||||X||24|||X||||||||||||||
706793|0|R-VA010SC00679EB||||R-VA010SC00679EB|10-679|Depot Dr|010|Bland County|010|Bland County|    Dead End| 153136|0|0|0|    US 52 North Scenic Hwy| 153135|0|0|.1|    12/09/2021|52|T|||||||X||24|||X||||||||||||||
782182|0|R-VA010SC00680EB||||R-VA010SC00680EB|10-680|Brushy Mountain Rd|010|Bland County|010|Bland County|    10-615; 10-620| 153050|0|0|0|    Cul-de-Sac| 724084|0|0|.89|    10/13/2021|144|R|||||||X||24|||X||||||||||||||
792296|0|R-VA010SC00684NB||||R-VA010SC00684NB|10-684|Ridgeway Dr|010|Bland County|010|Bland County|    10-617 Waddletown Rd| 742065|0|0|0|    Dead End| 742066|0|0|.32|    12/09/2021|221|T|||||||X||24|||X||||||||||||||
706794|0|R-VA010SC00690EB||||R-VA010SC00690EB|10-690|ML Thompson Dr|010|Bland County|010|Bland County|    10-660 ML Thompson Dr| 700982|0|0|0|    Dead End| 713782|0|0|.3|    12/09/2021|169|T|||||||X||24|||X||||||||||||||
706796|0|R-VA010SC00717EB||||R-VA010SC00717EB|10-717|Little Creek Hwy|010|Bland County|010|Bland County|    Wythe County Line; I-77| 736288|0|0|0|    | 153002|0|0|2.18|    01/01/2022|324|G|98|0|1|0|0|0|C|.104|6 |.73|322|G||||||||||||||
784866|0|R-VA010SC00717UK      RMP000.00A||||R-VA010SC00717UK      RMP000.00A|10-717  EXIT 0A|Ramp|010|Bland County|010|Bland County|    10-717 Little Creek Hwy| 736288|0|0|0|    I-77 Southbound| 700653|0|0|.32|    01/01/2022|198|G|||||||X|.116|6 |1|193|G||||||||||||||
784867|0|R-VA010SC00717UK      RMP000.00B||||R-VA010SC00717UK      RMP000.00B|10-717  EXIT 0B|Ramp|010|Bland County|010|Bland County|    10-717 Little Creek Hwy| 736284|0|0|0|    I-77 North| 666586|0|0|.15|    01/01/2022|143|G|||||||X|.164|6 |1|139|G||||||||||||||
706797|0|R-VA010SC00738NB||||R-VA010SC00738NB|10-738|Byrnes Chapel Rd|010|Bland County|010|Bland County|    Pulaski County Line| 811009|0|0|0|    10-670 Mount Zion Rd| 153130|0|0|2.31|    09/27/2021|22|R|||||||X||24|||X||||||||||||||
706798|0|R-VA010SC00738NB||||R-VA010SC00738NB|10-738|Byrnes Chapel Rd|010|Bland County|010|Bland County|    10-670 Mount Zion Rd| 153130|0|0|2.31|    10-640 S, Crystal Springs Dr| 153094|0|0|5.16|    09/27/2021|240|R|||||||X||24|||X||||||||||||||
706799|0|R-VA010SC00738NB||||R-VA010SC00738NB|10-738|Byrnes Chapel Rd|010|Bland County|010|Bland County|    10-640 S, Crystal Springs Dr| 153094|0|0|5.16|    10-634 Mechanicsburg Rd| 153086|0|0|5.69|    10/25/2021|312|R|||||||X||24|||X||||||||||||||
706800|0|R-VA010SC00738NB||||R-VA010SC00738NB|10-738|Byrnes Chapel Rd|010|Bland County|010|Bland County|    10-634 Mechanicsburg Rd| 153086|0|0|5.69|    SR 42, E Bluegrass Trail| 153139|0|0|6.06|    10/25/2021|266|R|||||||X||24|||X||||||||||||||
706801|0|R-VA010SC00742NB||||R-VA010SC00742NB|10-742|Shady Grove Rd|010|Bland County|010|Bland County|    Smyth County Line| 811010|0|0|0|    10-610 Nebo Rd| 153031|0|0|.3|    10/20/2021|6|R|||||||X||24|||X||||||||||||||
706802|0|R-VA010SC01001NB||||R-VA010SC01001NB|10-1001|Jackson St|010|Bland County|010|Bland County|    10-656 Raleigh Grayson Tpke| 153118|0|0|0|    10-1002 Fairground St| 153143|0|0|.13|    10/25/2021|117|R|||||||X||24|||X||||||||||||||
706803|0|R-VA010SC01001NB||||R-VA010SC01001NB|10-1001|Jackson St|010|Bland County|010|Bland County|    10-1002 Fairground St| 153143|0|0|.13|    US 52 South Scenic Hwy| 153141|0|0|.31|    10/25/2021|123|R|||||||X||24|||X||||||||||||||
706804|0|R-VA010SC01001NB||||R-VA010SC01001NB|10-1001|Jackson St|010|Bland County|010|Bland County|    US 52 South Scenic Hwy| 153141|0|0|.31|    10-1005 Seddon St; First St| 153140|0|0|.4|    10/25/2021|167|R|||||||X||24|||X||||||||||||||
706805|0|R-VA010SC01002EB||||R-VA010SC01002EB|10-1002|Fairground St|010|Bland County|010|Bland County|    10-1001 Jackson St| 153143|0|0|0|    SR 98 Main St| 153144|0|0|.05|    01/01/2022|329|G|92|1|2|0|1|0|C|.128|6 |.54|325|G||||||||||||||
783125|0|R-VA010SC01002EB||||R-VA010SC01002EB|10-1002|Fairground St|010|Bland County|010|Bland County|    SR 98 Main St| 153144|0|0|.05|    Dead End| 710273|0|0|.13|    12/09/2021|326|T|||||||X||24|||X||||||||||||||
706806|0|R-VA010SC01003EB||||R-VA010SC01003EB|10-1003|Courthouse St|010|Bland County|010|Bland County|    10-1001 Jackson St| 153142|0|0|0|    SR 98 Main St| 153146|0|0|.05|    10/25/2021|429|R|||||||X||24|||X||||||||||||||
706807|0|R-VA010SC01004NB||||R-VA010SC01004NB|10-1004|Lee St|010|Bland County|010|Bland County|    Dead End| 153194|0|0|0|    SR 42, E Bluegrass Trail| 153151|0|0|.16|    12/09/2021|42|T|||||||X||24|||X||||||||||||||
706808|0|R-VA010SC01005EB||||R-VA010SC01005EB|10-1005|Seddon St|010|Bland County|010|Bland County|    US 52 W, South Scenic Hwy| 153148|0|0|0|    10-1001 Jackson St| 153140|0|0|.35|    10/25/2021|370|R|||||||X||24|||X||||||||||||||
706809|0|R-VA010SC01005EB||||R-VA010SC01005EB|10-1005|Seddon St|010|Bland County|010|Bland County|    10-1001 Jackson St| 153140|0|0|.35|    US 52 E, North Scenic Hwy| 153149|0|0|.47|    10/25/2021|104|R|||||||X||24|||X||||||||||||||
706810|0|R-VA010SC01005EB||||R-VA010SC01005EB|10-1005|Fifth St|010|Bland County|010|Bland County|    US 52 E, North Scenic Hwy| 153149|0|0|.47|    10-1006 First St| 153150|0|0|.55|    10/25/2021|76|R|||||||X||24|||X||||||||||||||
706811|0|R-VA010SC01005EB||||R-VA010SC01005EB|10-1005|Fifth St|010|Bland County|010|Bland County|    10-1006 First St| 153150|0|0|.55|    SR 42, E Bluegrass Trail| 153151|0|0|.57|    10/25/2021|228|R|||||||X||24|||X||||||||||||||
706812|0|R-VA010SC01006NB||||R-VA010SC01006NB|10-1006|First St|010|Bland County|010|Bland County|    10-1005 Fifth St| 153150|0|0|0|    Dead End| 153152|0|0|.1|    12/09/2021|76|T|||||||X||24|||X||||||||||||||
706813|0|R-VA010SC01007EB||||R-VA010SC01007EB|10-1007|Jefferson St|010|Bland County|010|Bland County|    US 52 South Scenic Hwy| 153153|0|0|0|    10-1004 Lee St| 153147|0|0|.05|    10/25/2021|14|R|||||||X||24|||X||||||||||||||
706814|0|R-VA010SC01008NB||||R-VA010SC01008NB|10-1008|Fairview St|010|Bland County|010|Bland County|    US 42| 153154|0|0|0|    Dead End| 153195|0|0|.11|    12/09/2021|225|T|||||||X||24|||X||||||||||||||
706815|0|R-VA010SC01009EB||||R-VA010SC01009EB|10-1009|JEB Stuart St|010|Bland County|010|Bland County|    10-1008 Fairview St| 153155|0|0|0|    Dead End| 153196|0|0|.07|    12/09/2021|37|T|||||||X||24|||X||||||||||||||
706816|0|R-VA010SC01010EB||||R-VA010SC01010EB|10-1010|Short Run Dr|010|Bland County|010|Bland County|    Dead End| 153157|0|0|0|    US 52 South Scenic Hwy| 153156|0|0|.15|    12/09/2021|28|T|||||||X||24|||X||||||||||||||
706817|0|R-VA010SC01011NB||||R-VA010SC01011NB|10-1011|Industry Dr|010|Bland County|010|Bland County|    SR 42, E Bluegrass Trail| 153158|0|0|0|    Dead End| 153159|0|0|.22|    12/09/2021|1894|T|||||||X||24|||X||||||||||||||
706818|0|R-VA010SC09049NB||||R-VA010SC09049NB|10-9049|Community Center|010|Bland County|010|Bland County|    10-606 Wilderness Rd| 153163|0|0|0|    Holly Brook School| 153162|0|0|.03|    10/25/2021|22|R|||||||X||24|||X||||||||||||||
706819|0|R-VA010SC09050NB||||R-VA010SC09050NB|10-9050|Rocket Dr|010|Bland County|010|Bland County|    SR 42, E Bluegrass Trail| 153165|0|0|0|    Bland Elementary School| 153164|0|0|.08|    10/25/2021|612|R|||||||X||24|||X||||||||||||||
706820|0|R-VA010SC09051NB||||R-VA010SC09051NB|10-9051|Ruritan Rd|010|Bland County|010|Bland County|    Ceres Elementary School| 153167|0|0|0|    10-625 Ceres School Rd| 153166|0|0|.1|    10/25/2021|4|R|||||||X||24|||X||||||||||||||
706821|0|R-VA010SC09628EB||||R-VA010SC09628EB|10-9628|Bland Co School Board Rd|010|Bland County|010|Bland County|    10-615 Bears Trail| 153169|0|0|0|    Bastian Elementary School| 153168|0|0|.08|    10/25/2021|32|R|||||||X||24|||X||||||||||||||
