sep=|
- - 2022 AADT Report for Town of Haysi - -
LINKID|SEQUENCENUMBER|RTE_NM|RTE_NM_2|RTE_NM_3|RTE_NM_4|Host RTE_NM|Route Label|Street Name|Physical Jurisdiction|Physical Jurisdiciton Name|Maintenance Jurisdiction|Maintenance Jurisdiciton Name|    Start Label|Start Node|Start Node Route Sequence|Star tOffset|Start Milepoint|    End Label|End Node|End Node Route Sequence|End Offset|End Milepoint|    VPDDate|AADT|AADT Quality|Passenger Vehicle|Bus|Truck 2 Axle|Truck 3 Axle|Truck 1 Trailer|Truck 2 Trailer|Class Quality|K Factor|K Factor Quality|Direction Factor|AAWDT|AAWDT Quality|AADT Dir|AADT Quality Dir|PassengerVehicle Dir|Bus Dir|Truck 2 Axle Dir|Truck 3 Axle Dir|Truck 1 Trailer Dir|Truck 2 Trailer Dir|Class Quality Dir|K Factor Dir|K Factor Quality Dir|Direction Factor Dir|AAWDT Dir|AAWDT Quality Dir
010222|0|R-VA   SR00063NB||||R-VA   SR00063NB|VA 63|Big Ridge Rd|234|Town of Haysi|025|Dickenson County|    | 243504|0|0|38.49|    N SR 80 & SR 83| 243514|0|0|39.28|    01/01/2022|1070|G|98|1|1|0|0|0|C|.096|6 |.59|1064|G||||||||||||||
010228|0|R-VA   SR00080NB||||R-VA   SR00080NB|VA 80|Helen Henderson Hwy|234|Town of Haysi|025|Dickenson County|    SCL Haysi| 243510|0|0|55.51|    SR 83 S Dickenson Hwy| 243509|0|0|55.78|    01/01/2022|2227|G|94|1|1|1|3|0|C|.093|6 |.56|2225|G||||||||||||||
010232|0|R-VA   SR00080NB|R-VA   SR00083EB|||R-VA   SR00083EB|VA 80, VA 83|Dickenson Hwy|234|Town of Haysi|025|Dickenson County|    SR 80 Haysi| 243509|0|0|55.78|    E SR 63| 243514|0|0|56.12|    01/01/2022|3779|G|94|1|2|1|2|0|F|.097|6 |.51|3736|G||||||||||||||
010558|0|R-VA   SR00080NB|R-VA   SR00083EB|||R-VA   SR00083EB|VA 80, VA 83|Dickenson Hwy|234|Town of Haysi|025|Dickenson County|    E SR 63| 243514|0|0|56.12|    Physical Jurisdiction Boundary: 234 Town of Haysi / 025 Dickenson County| 243513|0|0|57.2|    01/01/2022|2858|G|94|1|2|1|2|0|F|.093|6 |.58|2825|G||||||||||||||
010559|0|R-VA   SR00083EB||||R-VA   SR00083EB|VA 83|Dickenson Hwy|234|Town of Haysi|025|Dickenson County|    | 243515|0|0|26.13|    SR 80 Haysi| 243509|0|0|26.69|    01/01/2022|2608|G|90|1|2|1|6|0|C|.098|6 |.59|2577|G||||||||||||||
010232|0|R-VA   SR00083EB|R-VA   SR00080NB|||R-VA   SR00083EB|VA 80, VA 83|Dickenson Hwy|234|Town of Haysi|025|Dickenson County|    SR 80 Haysi| 243509|0|0|26.69|    E SR 63| 243514|0|0|27.03|    01/01/2022|3779|G|94|1|2|1|2|0|F|.097|6 |.51|3736|G||||||||||||||
010558|0|R-VA   SR00083EB|R-VA   SR00080NB|||R-VA   SR00083EB|VA 80, VA 83|Dickenson Hwy|234|Town of Haysi|025|Dickenson County|    E SR 63| 243514|0|0|27.03|    Physical Jurisdiction Boundary: 234 Town of Haysi / 025 Dickenson County| 243513|0|0|28.11|    01/01/2022|2858|G|94|1|2|1|2|0|F|.093|6 |.58|2825|G||||||||||||||
010231|0|R-VA   SR00083EB||||R-VA   SR00083EB|VA 83|Dickenson Hwy|234|Town of Haysi|025|Dickenson County|    | 243512|0|0|28.16|    Physical Jurisdiction Boundary: 234 Town of Haysi / 025 Dickenson County| 243511|0|0|28.2|    01/01/2022|1855|G|93|1|1|1|3|0|F|.092|6 |.51|1834|G||||||||||||||
720566|0|R-VA025SC00613NB||||R-VA025SC00613NB|25-613|Splashdam Rd|234|Town of Haysi|025|Dickenson County|    SR 63| 243063|0|0|0|    NCL Haysi| 243064|0|0|.47|    01/10/2022|606|R|||||||X||24|||X||||||||||||||
720567|0|R-VA025SC00613NB||||R-VA025SC00613NB|25-613| |234|Town of Haysi|025|Dickenson County|    NCL Haysi| 243064|0|0|.47|    0.30 MM of NCL| 243064|0|.3|.77|    01/10/2022|327|R|||||||X||24|||X||||||||||||||
720568|0|R-VA025SC00613NB||||R-VA025SC00613NB|25-613| |234|Town of Haysi|025|Dickenson County|    0.30 MN of NCL| 243064|0|.3|.77|    Dead End| 243065|0|0|1.57|    01/10/2022|44|R|||||||X||24|||X||||||||||||||
720644|0|R-VA025SC00652NB||||R-VA025SC00652NB|25-652| |234|Town of Haysi|025|Dickenson County|    | 243166|0|0|23.86|    SR 83| 243165|0|0|24.34|    12/15/2021|191|R|||||||X||24|||X||||||||||||||
720699|0|R-VA025SC00685NB||||R-VA025SC00685NB|25-685|Bridge St|234|Town of Haysi|025|Dickenson County|    25-693 Bartley St| 243235|0|0|0|    SR 63| 243234|0|0|.02|    01/10/2022|402|R|||||||X||24|||X||||||||||||||
720708|0|R-VA025SC00693NB||||R-VA025SC00693NB|25-693|Bartley St|234|Town of Haysi|025|Dickenson County|    Dead End| 243428|0|0|0|    25-717 North McClure Btm; J and M Belcher Dr| 243241|0|0|.07|    12/08/2021|66|T|||||||X||24|||X||||||||||||||
720709|0|R-VA025SC00693NB||||R-VA025SC00693NB|25-693|Bartley St|234|Town of Haysi|025|Dickenson County|    25-717 North McClure Btm; J and M Belcher Dr| 243241|0|0|.07|    25-685 Bridge St| 243235|0|0|.35|    01/10/2022|200|R|||||||X||24|||X||||||||||||||
720710|0|R-VA025SC00693NB||||R-VA025SC00693NB|25-693|Bartley St|234|Town of Haysi|025|Dickenson County|    25-685 Bridge St| 243235|0|0|.35|    SR 83| 243240|0|0|.62|    01/10/2022|256|R|||||||X||24|||X||||||||||||||
720741|0|R-VA025SC00717NB||||R-VA025SC00717NB|25-717|J and M Belcher Dr|234|Town of Haysi|025|Dickenson County|    Dead End| 243438|0|0|0|    25-693 Bartley St| 243241|0|0|.12|    12/29/2021|91|T|||||||X||24|||X||||||||||||||
720742|0|R-VA025SC00717NB||||R-VA025SC00717NB|25-717|North McClure Btm|234|Town of Haysi|025|Dickenson County|    25-693 Bartley St| 243241|0|0|.12|    SR 63| 243274|0|0|.28|    01/10/2022|33|R|||||||X||24|||X||||||||||||||
720757|0|R-VA025SC00732NB||||R-VA025SC00732NB|25-732|Fearls Br|234|Town of Haysi|025|Dickenson County|    SR 83 Dickenson Hwy| 243281|0|0|0|    Dead End| 243282|0|0|.38|    12/29/2021|56|T|||||||X||24|||X||||||||||||||
720795|0|R-VA025SC00767EB||||R-VA025SC00767EB|25-767|OQuinn St|234|Town of Haysi|025|Dickenson County|    SR 83 Dickenson Hwy| 243313|0|0|0|    Dead End| 243314|0|0|.05|    12/29/2021|28|T|||||||X||24|||X||||||||||||||
720832|0|R-VA025SC00803NB||||R-VA025SC00803NB|25-803|Burrhead Dr|234|Town of Haysi|025|Dickenson County|    Jurisdiction Boundary: 025 Dickenson County| 704574|0|0|.06|    25-652 Backbone Ridge| 704573|0|0|.18|    12/29/2021|49|T|||||||X||24|||X||||||||||||||
720834|0|R-VA025SC00806EB||||R-VA025SC00806EB|25-806|Railroad St|234|Town of Haysi|025|Dickenson County|    Dead End| 706766|0|0|0|    25-717 North McClure Btm| 706765|0|0|.08|    12/29/2021|42|T|||||||X||24|||X||||||||||||||
720836|0|R-VA025SC00812EB||||R-VA025SC00812EB|25-812|Kiwanis Park Rd|234|Town of Haysi|025|Dickenson County|    25-613| 704566|0|0|0|    Cul-de-Sac| 746185|0|0|1.55|    01/10/2022|340|R|||||||X||24|||X||||||||||||||
