sep=|
- - 2022 AADT Report for Town of Columbia - -
LINKID|SEQUENCENUMBER|RTE_NM|RTE_NM_2|RTE_NM_3|RTE_NM_4|Host RTE_NM|Route Label|Street Name|Physical Jurisdiction|Physical Jurisdiciton Name|Maintenance Jurisdiction|Maintenance Jurisdiciton Name|    Start Label|Start Node|Start Node Route Sequence|Star tOffset|Start Milepoint|    End Label|End Node|End Node Route Sequence|End Offset|End Milepoint|    VPDDate|AADT|AADT Quality|Passenger Vehicle|Bus|Truck 2 Axle|Truck 3 Axle|Truck 1 Trailer|Truck 2 Trailer|Class Quality|K Factor|K Factor Quality|Direction Factor|AAWDT|AAWDT Quality|AADT Dir|AADT Quality Dir|PassengerVehicle Dir|Bus Dir|Truck 2 Axle Dir|Truck 3 Axle Dir|Truck 1 Trailer Dir|Truck 2 Trailer Dir|Class Quality Dir|K Factor Dir|K Factor Quality Dir|Direction Factor Dir|AAWDT Dir|AAWDT Quality Dir
170032|0|R-VA   SR00006EB||||R-VA   SR00006EB|VA 6|East River Rd|200|Town of Columbia|032|Fluvanna County|    Jurisdiction Boundary: 032 Fluvanna County| 323306|0|0|58.96|    Goochland County Line, ECL Columbia|1280137|0|0|59.6|    01/01/2022|1847|G|92|1|2|2|3|0|F|.092|6 |.52|1862|G||||||||||||||
302459|0|R-VA032SC00659NB||||R-VA032SC00659NB|32-659|Stage Junction Rd|200|Town of Columbia|032|Fluvanna County|    SR 6 Saint James St| 323165|0|0|0|    NCL Columbia| 323164|0|0|.23|    01/01/2022|346|G|94|2|1|1|1|0|C|.121|6 |.53|348|G||||||||||||||
738027|0|R-VA032SC00667EB||||R-VA032SC00667EB|32-667|Old Columbia Rd|200|Town of Columbia|032|Fluvanna County|    SR 6; 32-690| 323171|0|0|0|    32-1101; 32-1108| 323172|0|0|.05|    05/04/2020|187|R|||||||X||24|||X||||||||||||||
738028|0|R-VA032SC00667EB||||R-VA032SC00667EB|32-667|Old Columbia Rd|200|Town of Columbia|032|Fluvanna County|    32-1101; 32-1108| 323172|0|0|.05|    Goochland County Line| 845012|0|0|.2|    05/04/2020|175|R|||||||X||24|||X||||||||||||||
302466|0|R-VA032SC00690NB||||R-VA032SC00690NB|32-690|Columbia Rd|200|Town of Columbia|032|Fluvanna County|    Cumberland County Line| 828004|0|0|0|    SR 6; 32-667 Old Columbia Rd| 323171|0|0|.2|    01/01/2022|553|G|87|1|2|4|5|0|C|.109|6 |.65|557|G||||||||||||||
738115|0|R-VA032SC01101NB||||R-VA032SC01101NB|32-1101|Cameron St|200|Town of Columbia|032|Fluvanna County|    32-667; 32-1108| 323172|0|0|0|    32-1104 Washington St; Gap| 323232|0|0|.15|    04/21/2020|29|R|||||||X||24|||X||||||||||||||
738116|0|R-VA032SC01101NB||||R-VA032SC01101NB|32-1101|Tammany St|200|Town of Columbia|032|Fluvanna County|    32-1109 Tammany St; Gap| 323244|0|0|.15|    32-1103 Rivanna St| 323231|0|0|.21|    04/21/2020|14|R|||||||X||24|||X||||||||||||||
738117|0|R-VA032SC01102EB||||R-VA032SC01102EB|32-1102|Fayette St|200|Town of Columbia|032|Fluvanna County|    32-1106 Andrew St| 323233|0|0|0|    32-1103 Rivanna St| 323234|0|0|.06|    04/21/2020|13|R|||||||X||24|||X||||||||||||||
738118|0|R-VA032SC01102EB||||R-VA032SC01102EB|32-1102|Fayette St|200|Town of Columbia|032|Fluvanna County|    32-1103 Rivanna St| 323234|0|0|.06|    32-659 NCL Columbia| 323164|0|0|.12|    04/21/2020|17|R|||||||X||24|||X||||||||||||||
738119|0|R-VA032SC01102EB||||R-VA032SC01102EB|32-1102|Fayette St|200|Town of Columbia|032|Fluvanna County|    32-659 NCL Columbia| 323164|0|0|.12|    32-1105, K St| 323235|0|0|.32|    04/21/2020|38|R|||||||X||24|||X||||||||||||||
738120|0|R-VA032SC01102EB||||R-VA032SC01102EB|32-1102|Fayette St|200|Town of Columbia|032|Fluvanna County|    32-1105, K St| 323235|0|0|.32|    32-1104 Washington St| 323236|0|0|.37|    04/21/2020|56|R|||||||X||24|||X||||||||||||||
738121|0|R-VA032SC01102EB||||R-VA032SC01102EB|32-1102|Fayette St|200|Town of Columbia|032|Fluvanna County|    32-1104 Washington St| 323236|0|0|.37|    32-1108 Saint Patrick St| 323237|0|0|.48|    04/21/2020|11|R|||||||X||24|||X||||||||||||||
738122|0|R-VA032SC01103NB||||R-VA032SC01103NB|32-1103|Rivanna St|200|Town of Columbia|032|Fluvanna County|    SR 6 Saint James St| 323238|0|0|0|    32-1101 Tammany St| 323231|0|0|.102|    04/21/2020|8|R|||||||X||24|||X||||||||||||||
738123|0|R-VA032SC01103NB||||R-VA032SC01103NB|32-1103|Rivanna St|200|Town of Columbia|032|Fluvanna County|    32-1101 Tammany St| 323231|0|0|.102|    32-1102 Fayette St| 323234|0|0|.18|    04/21/2020|20|R|||||||X||24|||X||||||||||||||
738124|0|R-VA032SC01104NB||||R-VA032SC01104NB|32-1104|Washington St|200|Town of Columbia|032|Fluvanna County|    SR 6 Saint James St| 323239|0|0|0|    32-1101 Cameron St| 323232|0|0|.05|    04/21/2020|84|R|||||||X||24|||X||||||||||||||
738125|0|R-VA032SC01104NB||||R-VA032SC01104NB|32-1104|Washington St|200|Town of Columbia|032|Fluvanna County|    32-1101 Cameron St| 323232|0|0|.05|    32-1102 Fayette St| 323236|0|0|.13|    04/21/2020|35|R|||||||X||24|||X||||||||||||||
738126|0|R-VA032SC01105NB||||R-VA032SC01105NB|32-1105|K St|200|Town of Columbia|032|Fluvanna County|    Dead End| 323240|0|0|0|    32-1102 Fayette St| 323235|0|0|.07|    04/07/2020|20|T|||||||X||24|||X||||||||||||||
738127|0|R-VA032SC01106NB||||R-VA032SC01106NB|32-1106|Andrew St|200|Town of Columbia|032|Fluvanna County|    SR 6 Saint James St| 323241|0|0|0|    32-1102 Fayette St| 323233|0|0|.16|    04/21/2020|17|R|||||||X||24|||X||||||||||||||
738128|0|R-VA032SC01107NB||||R-VA032SC01107NB|32-1107|Leigh St|200|Town of Columbia|032|Fluvanna County|    Dead End| 323242|0|0|0|    32-667; 37-667| 845012|0|0|.1|    04/21/2020|30|T|||||||X||24|||X||||||||||||||
738129|0|R-VA032SC01108NB||||R-VA032SC01108NB|32-1108|Saint Patrick St|200|Town of Columbia|032|Fluvanna County|    32-667 Old Columbia Rd; 32-1101| 323172|0|0|0|    32-1102 Fayette St| 323237|0|0|.07|    04/21/2020|31|R|||||||X||24|||X||||||||||||||
738130|0|R-VA032SC01109NB||||R-VA032SC01109NB|32-1109|Tammany St|200|Town of Columbia|032|Fluvanna County|    SR 6 Saint James St| 323243|0|0|0|    32-1101 Tammany St| 323244|0|0|.05|    04/21/2020|31|R|||||||X||24|||X||||||||||||||
