sep=|
- - 2022 AADT Report for Castlewood - -
LINKID|SEQUENCENUMBER|RTE_NM|RTE_NM_2|RTE_NM_3|RTE_NM_4|Host RTE_NM|Route Label|Street Name|Physical Jurisdiction|Physical Jurisdiciton Name|Maintenance Jurisdiction|Maintenance Jurisdiciton Name|    Start Label|Start Node|Start Node Route Sequence|Star tOffset|Start Milepoint|    End Label|End Node|End Node Route Sequence|End Offset|End Milepoint|    VPDDate|AADT|AADT Quality|Passenger Vehicle|Bus|Truck 2 Axle|Truck 3 Axle|Truck 1 Trailer|Truck 2 Trailer|Class Quality|K Factor|K Factor Quality|Direction Factor|AAWDT|AAWDT Quality|AADT Dir|AADT Quality Dir|PassengerVehicle Dir|Bus Dir|Truck 2 Axle Dir|Truck 3 Axle Dir|Truck 1 Trailer Dir|Truck 2 Trailer Dir|Class Quality Dir|K Factor Dir|K Factor Quality Dir|Direction Factor Dir|AAWDT Dir|AAWDT Quality Dir
405610|0|R-VA083SC00640EB||||R-VA083SC00640EB|83-640|Reeds Valley Rd|340|Castlewood|083|Russell County|    83-615 S, Red Oak Ridge Rd| 591638|0|0|3.16|    83-1075 Duff Circle| 704624|0|0|4|    01/01/2022|679|G|99|0|0|0|0|0|C|.11|6 |.59|703|G||||||||||||||
405611|0|R-VA083SC00640EB||||R-VA083SC00640EB|83-640|Reeds Valley Rd|340|Castlewood|083|Russell County|    83-1075 Duff Circle| 704624|0|0|4|    83-1070 Duff Circle| 591194|0|0|4.27|    01/01/2022|324|G|99|0|0|0|0|0|F|.12|6 |.53|336|G||||||||||||||
405612|0|R-VA083SC00640EB||||R-VA083SC00640EB|83-640|Reeds Valley Rd|340|Castlewood|083|Russell County|    83-1070 Duff Circle| 591194|0|0|4.27|    Physical Jurisdiction Boundary: 340 Castlewood / 083 Russell County| 711848|0|0|4.41|    01/01/2022|218|G|99|0|0|0|0|0|F|.144|6 |.54|225|G||||||||||||||
769444|0|R-VA083SC00810EB||||R-VA083SC00810EB|83-810|Sundown Dr|340|Castlewood|083|Russell County|    Alt US 58| 591446|0|0|0|    83-809 Greystone Dr| 591445|0|0|.09|    01/01/2022|329|G|92|1|1|1|2|0|C|.112|6 |.6|329|G||||||||||||||
769445|0|R-VA083SC00811NB||||R-VA083SC00811NB|83-811|W Hills Dr|340|Castlewood|083|Russell County|    US 58 ALT SOUTH|1233440|0|0|0|    83-760 Banner St| 591410|0|0|.13|    04/29/2015|553|R|||||||X||24|||X||||||||||||||
