sep=|
- - 2022 AADT Report for City of Norton - -
LINKID|SEQUENCENUMBER|RTE_NM|RTE_NM_2|RTE_NM_3|RTE_NM_4|Host RTE_NM|Route Label|Street Name|Physical Jurisdiction|Physical Jurisdiciton Name|Maintenance Jurisdiction|Maintenance Jurisdiciton Name|    Start Label|Start Node|Start Node Route Sequence|Star tOffset|Start Milepoint|    End Label|End Node|End Node Route Sequence|End Offset|End Milepoint|    VPDDate|AADT|AADT Quality|Passenger Vehicle|Bus|Truck 2 Axle|Truck 3 Axle|Truck 1 Trailer|Truck 2 Trailer|Class Quality|K Factor|K Factor Quality|Direction Factor|AAWDT|AAWDT Quality|AADT Dir|AADT Quality Dir|PassengerVehicle Dir|Bus Dir|Truck 2 Axle Dir|Truck 3 Axle Dir|Truck 1 Trailer Dir|Truck 2 Trailer Dir|Class Quality Dir|K Factor Dir|K Factor Quality Dir|Direction Factor Dir|AAWDT Dir|AAWDT Quality Dir
655208|0|R-VA   SR00074EB||||R-VA   SR00074EB|VA 74|Coeburn Ave|146|City of Norton|146|City of Norton|    Park Ave| 661940|0|0|0|    Kentucky Ave| 662050|0|0|.45|    01/01/2022|2730|G|98|0|1|0|1|0|C|.091|6 |.55|2968|G||||||||||||||
655212|0|R-VA   SR00074EB||||R-VA   SR00074EB|VA 74|Kentucky Ave|146|City of Norton|146|City of Norton|    Coeburn Rd| 662050|0|0|.45|    12th St| 662049|0|0|1.77|    01/01/2022|1493|G|97|0|1|1|1|0|C|.111|6 |.57|1623|G||||||||||||||
655213|0|R-VA   SR00074EB||||R-VA   SR00074EB|VA 74|Kentucky Ave|146|City of Norton|146|City of Norton|    12th St| 662049|0|0|1.77|    Jurisdiction Boundary: 146 City of Norton / 097 Wise County| 662046|0|0|2.16|    01/01/2022|1666|G|97|0|1|1|1|0|C|.096|6 |.51|1811|G||||||||||||||
010708|0|R-VA   SR00283EB||||R-VA   SR00283EB|VA 283|Trail of the Lonesome Pine|146|City of Norton|097|Wise County|    Bus US 23| 661939|0|0|0|    Jurisdiction Boundary: | 713978|0|0|.32|    01/01/2022|13798|G|99|0|0|0|0|0|C|.088|6 |.54|15004|G||||||||||||||
797812|0|R-VA   SR00283WB      RMP000.00A||||R-VA   SR00283WB      RMP000.00A|VA 283  WB EXIT 0A|Ramp|146|City of Norton|097|Wise County|    SR 283 A1US 58-P TO RTE 23 SOUTH| 713977|0|0|0|    US 23 Orby Cantrell Hwy| 754710|0|0|.19|    01/01/2022|2241|G|||||||X|.101|6 |1|2241|G||||||||||||||
798797|0|R-VA   SR00283WB      RMP000.00B||||R-VA   SR00283WB      RMP000.00B|VA 283  WB EXIT 0B|Ramp|146|City of Norton|097|Wise County|    A1US 58-P A1US 58 US 23-N043A| 662021|0|0|0|    US 23 FROM ALT RTE 58 WEST| 661937|0|0|.22|    01/01/2022|2642|F|||||||X|.088|6 |1|2642|F||||||||||||||
010579|0|R-VA   US00023NB|R-VA   US00058EBALT001|||R-VA   US00023NB|US 23, ALT US 58|Orby Cantrell Hwy|146|City of Norton|097|Wise County|    | 702350|0|0|40.72|    11Th St; 12th St Ext| 717825|0|0|41.816|    01/01/2022|15705|G|95|1|1|0|4|0|F|.088|6 |.51|16205|G||||||||||||||
665231|0|R-VA   US00023NB|R-VA   US00058EBALT001|||R-VA   US00023NB|US 23, ALT US 58|Orby Cantrell Hwy|146|City of Norton|097|Wise County|    11Th St; 12th St Ext| 717825|0|0|41.816|    ALT US 58, SR 283 Norton-Coeburn Hwy| 717817|0|0|43.25|    01/01/2022|15192|G|93|1|1|1|4|0|C|.09|6 |.51|16028|G||||||||||||||
010457|0|R-VA   US00023NB||||R-VA   US00023NB|US 23| |146|City of Norton|097|Wise County|    ALT US 58, SR 283 Norton-Coeburn Hwy| 717817|0|0|43.25|    Physical Jurisdiction Boundary: 146 City of Norton / 097 Wise County| 661935|0|0|43.99|    01/01/2022|19665|G|95|1|1|1|3|0|F|.086|6 |.51|20585|G||||||||||||||
798755|0|R-VA   US00023NB      RMP042.00A||||R-VA   US00023NB      RMP042.00A|US 23  NB EXIT 42A|Ramp|146|City of Norton|097|Wise County|    US 23 Orby Cantrell Hwy| 717825|0|0|0|    11th St| 717857|0|0|.06|    01/01/2022|1379|F|||||||X|.109|6 |1|1379|F||||||||||||||
010168|0|R-VA   US00023NB      RMP043.00A||||R-VA   US00023NB      RMP043.00A|US 23  NB EXIT 43A|Ramp From US 23 (Overlap) to SR 283, Alt US 58|146|City of Norton|097|Wise County|    US 23| 717817|0|0|0|    US 23; Gap|1283852|0|0|.21|    01/01/2022|3436|F|||||||X|.098|6 |.51|3540|F||||||||||||||
655218|0|R-VA   US00023NBBUS004||||R-VA   US00023NBBUS004|BUS US 23|Park Ave|146|City of Norton|146|City of Norton|    | 661946|0|0|13.47|    15th Street| 717839|0|0|14.06|    01/01/2022|5205|G|93|0|2|1|4|0|C|.095|6 |.55|5660|G||||||||||||||
655204|0|R-VA   US00023NBBUS004||||R-VA   US00023NBBUS004|BUS US 23|Park Ave|146|City of Norton|146|City of Norton|    15th Street| 717839|0|0|14.06|    11th St| 661944|0|0|14.62|    01/01/2022|11247|G|95|0|1|1|3|0|F|.091|6 |.68|12228|G||||||||||||||
655206|0|R-VA   US00023NBBUS004||||R-VA   US00023NBBUS004|BUS US 23|Park Ave|146|City of Norton|146|City of Norton|    11th St| 661944|0|0|14.62|    8th St| 661942|0|0|14.95|    01/01/2022|11091|G|95|0|1|1|3|0|F|.091|6 |.52|12060|G||||||||||||||
655207|0|R-VA   US00023NBBUS004||||R-VA   US00023NBBUS004|BUS US 23|Park Ave|146|City of Norton|146|City of Norton|    8th St| 661942|0|0|14.95|    SR 74 Coeburn Rd| 661940|0|0|15.29|    01/01/2022|13730|G|95|0|1|1|3|0|F|.101|6 |.56|14978|G||||||||||||||
655209|0|R-VA   US00023NBBUS004||||R-VA   US00023NBBUS004|BUS US 23|Park Ave|146|City of Norton|146|City of Norton|    SR 74 Coeburn Rd| 661940|0|0|15.29|    BUS US 23, SR 283; Park Ave| 661939|0|0|15.558|    01/01/2022|15368|G|95|0|1|1|3|0|F|.087|6 |.57|16710|G||||||||||||||
655219|0|R-VA   US00023NBBUS004||||R-VA   US00023NBBUS004|BUS US 23|Park Ave|146|City of Norton|146|City of Norton|    BUS US 23, SR 283|1019084|0|0|15.558|    | 661993|0|0|17.01|    01/01/2022|4874|G|99|0|1|0|0|0|C|.087|6 |.51|5301|G||||||||||||||
655220|0|R-VA   US00023NBBUS004||||R-VA   US00023NBBUS004|BUS US 23|Park Ave|146|City of Norton|146|City of Norton|    12th St NE| 661993|0|0|17.01|    NCL Norton| 661992|0|0|17.05|    01/01/2022|4904|G|99|0|0|0|0|0|C|.088|6 |.51|5332|G||||||||||||||
798757|0|R-VA   US00023SB      RMP042.00A||||R-VA   US00023SB      RMP042.00A|US 23  SB EXIT 42A|Ramp|146|City of Norton|097|Wise County|    US 23 Orby Cantrell Hwy| 717827|0|0|0|    11th St| 717859|0|0|.08|    01/01/2022|1127|F|||||||X||24||1127|F||||||||||||||
798758|0|R-VA   US00023SB      RMP043.00A||||R-VA   US00023SB      RMP043.00A|US 23  SB EXIT 43A|Ramp|146|City of Norton|097|Wise County|    US 23 Orby Cantrell Hwy| 717818|0|0|0|    SR 283 Norton Coeburn Rd; Trail of the Lonesome Pi| 713978|0|0|.64|    01/01/2022|2315|F|||||||X|.086|6 |1|2315|F||||||||||||||
798759|0|R-VA   US00023SB      RMP043.00B||||R-VA   US00023SB      RMP043.00B|US 23  SB EXIT 43B|Ramp|146|City of Norton|097|Wise County|    US 23 Orby Cantrell Hwy| 661936|0|0|0|    SR 283 Trail of the Lonesome Pine| 661938|0|0|.31|    01/01/2022|3867|F|||||||X||24||3867|F||||||||||||||
010579|0|R-VA   US00058EBALT001|R-VA   US00023NB|||R-VA   US00023NB|US 23, ALT US 58|Orby Cantrell Hwy|146|City of Norton|097|Wise County|    | 702350|0|0|35.49|    11Th St; 12th St Ext| 717825|0|0|36.586|    01/01/2022|15705|G|95|1|1|0|4|0|F|.088|6 |.51|16205|G||||||||||||||
665231|0|R-VA   US00058EBALT001|R-VA   US00023NB|||R-VA   US00023NB|US 23, ALT US 58|Orby Cantrell Hwy|146|City of Norton|097|Wise County|    11Th St; 12th St Ext| 717825|0|0|36.586|    ALT US 58, SR 283 Norton-Coeburn Hwy| 717817|0|0|38.02|    01/01/2022|15192|G|93|1|1|1|4|0|C|.09|6 |.51|16028|G||||||||||||||
010169|0|R-VA   US00058EBALT001||||R-VA   US00058EBALT001|ALT US 58|Norton Coeburn Rd|146|City of Norton|097|Wise County|    US 23|1283852|0|0|38.23|    | 662017|0|0|39.29|    01/01/2022|9609|G|94|1|1|1|4|0|F|.089|6 |.58|10250|G||||||||||||||
655205|0|S-VA146PR 11TH ST||||S-VA146PR 11TH ST|11th St|11th St|146|City of Norton|146|City of Norton|    Kentucky Ave| 712910|0|0|.07|    Jurisdiction Boundary: 146 City of Norton / |1057394|0|0|.66|    01/01/2022|5187|G|95|0|1|1|2|0|C|.106|6 |.64|8719|G||||||||||||||
781837|0|S-VA146PR 12TH ST||||S-VA146PR 12TH ST|12th St|12th St|146|City of Norton|146|City of Norton|    Ramp Fr US 23| 712910|0|0|0|    Jurisdiction Boundary: 146 City of Norton / |1018890|0|0|3.08|    01/01/2022|5928|G|95|0|1|1|2|0|F|.1|6 |.58|9965|G||||||||||||||
655400|0|S-VA146PR 12TH ST NE||||S-VA146PR 12TH ST NE|12th St Ne|12th Street NE|146|City of Norton|146|City of Norton|    US 23 Park Ave| 661993|0|0|0|    NCL Norton| 661094|0|0|.27|    01/01/2022|2904|G|98|0|0|0|1|0|C|.099|6 |.62|3157|G||||||||||||||
796411|0|S-VA146PR 21ST ST||||S-VA146PR 21ST ST|21st St| |146|City of Norton|146|City of Norton|    21st St| 661095|0|0|0|    |1019320|0|0|.15|    01/01/2022|461|G|98|0|1|1|0|0|C|.095|6 |.58|774|G||||||||||||||
110061|0|S-VA146PR DORCHESTER RD||||S-VA146PR DORCHESTER RD|Dorchester Rd|Dorchester Rd|146|City of Norton|146|City of Norton|    WCL Norton| 661763|0|0|0|    NCL Norton| 661054|0|0|1.95|    01/01/2022|710|G|88|0|1|10|0|0|C|.094|6 |.55|768|G||||||||||||||
796412|0|S-VA146PR HAWTHORNE DR NE||||S-VA146PR HAWTHORNE DR NE|Hawthorne Dr Ne|Hawthorne Dr|146|City of Norton|146|City of Norton|    Alt US 58 Norton Coeburn Rd| 662019|0|0|0|    97-757 Wise Coeburn Rd; CL Norton| 750072|0|0|1.34|    01/01/2022|4664|G|99|0|0|0|0|0|C|.093|6 |.54|7879|G||||||||||||||
655210|0|S-VA146PR KENTUCKY AVE||||S-VA146PR KENTUCKY AVE|Kentucky Ave|Kentucky Ave|146|City of Norton|146|City of Norton|    11Th St| 712910|0|0|0|    Coeburn Rd| 662050|0|0|1.02|    01/01/2022|2045|G|97|0|1|0|1|0|C|.096|6 |.57|2224|G||||||||||||||
