sep=|
- - 2022 AADT Report for Town of Elkton - -
LINKID|SEQUENCENUMBER|RTE_NM|RTE_NM_2|RTE_NM_3|RTE_NM_4|Host RTE_NM|Route Label|Street Name|Physical Jurisdiction|Physical Jurisdiciton Name|Maintenance Jurisdiction|Maintenance Jurisdiciton Name|    Start Label|Start Node|Start Node Route Sequence|Star tOffset|Start Milepoint|    End Label|End Node|End Node Route Sequence|End Offset|End Milepoint|    VPDDate|AADT|AADT Quality|Passenger Vehicle|Bus|Truck 2 Axle|Truck 3 Axle|Truck 1 Trailer|Truck 2 Trailer|Class Quality|K Factor|K Factor Quality|Direction Factor|AAWDT|AAWDT Quality|AADT Dir|AADT Quality Dir|PassengerVehicle Dir|Bus Dir|Truck 2 Axle Dir|Truck 3 Axle Dir|Truck 1 Trailer Dir|Truck 2 Trailer Dir|Class Quality Dir|K Factor Dir|K Factor Quality Dir|Direction Factor Dir|AAWDT Dir|AAWDT Quality Dir
080440|0|R-VA   US00033EB||||R-VA   US00033EB|US 33|Spotswood Trail|216|Town of Elkton|082|Rockingham County|    |1276890|0|0|38.71|    US 340| 587599|0|0|39.49|    01/01/2022|8823|G|93|1|1|1|4|0|F|.089|6 |.67|8788|G||||||||||||||
080134|0|R-VA   US00033EB||||R-VA   US00033EB|US 33|Spotswood Trail|216|Town of Elkton|082|Rockingham County|    US 340| 587599|0|0|39.49|    Physical Jurisdiction Boundary: 216 Town of Elkton / 082 Rockingham County| 587596|0|0|40.42|    01/01/2022|6814|G|93|1|1|1|4|0|C|.091|6 |.53|6783|G||||||||||||||
803974|0|R-VA   US00033EB      RMP040.00A||||R-VA   US00033EB      RMP040.00A|US 33  EB EXIT 40A|Ramp|216|Town of Elkton|082|Rockingham County|    US-00033(B)/RAMP TO RTE. 340| 587599|0|0|0|    US-00340(B)/RAMP FROM RTE. 33| 587724|0|0|.17|    01/01/2022|2259|F|96|2|1|1|1|0|C|.125|6 |1|2259|F||||||||||||||
625102|0|R-VA   US00033EBBUS001||||R-VA   US00033EBBUS001|BUS US 33|Spottswood Ave|216|Town of Elkton|082|Rockingham County|    WCL Elkton; River Rd| 587636|0|0|1|    Spottswood Terr| 587630|0|0|1.37|    01/01/2022|7050|G|98|0|1|1|0|0|C|.09|6 |.55|7036|G||||||||||||||
625101|0|R-VA   US00033EBBUS001||||R-VA   US00033EBBUS001|BUS US 33|Spottswood Ave|216|Town of Elkton|082|Rockingham County|    Spottswood Terr| 587630|0|0|1.37|    Stuart Ave| 587031|0|0|1.64|    01/01/2022|2795|G|95|0|1|2|1|0|C|.095|6 |.53|2789|G||||||||||||||
803975|0|R-VA   US00033WB      RMP040.00B||||R-VA   US00033WB      RMP040.00B|US 33  WB EXIT 40B|Ramp|216|Town of Elkton|082|Rockingham County|    US-00033(B)/RAMP TO RT. 340| 587598|0|0|0|    US-00340(B)/US-00340- 047B(U)/RAMP TO/FROM RT| 587722|0|0|.14|    01/01/2022|1386|F|95|1|1|1|2|0|C|.098|6 |1|1386|F||||||||||||||
080097|0|R-VA   US00340NB||||R-VA   US00340NB|US 340|East Side Hwy|216|Town of Elkton|082|Rockingham County|    | 587016|0|0|46.31|    Bus US 33| 587031|0|0|46.58|    01/01/2022|6183|G|92|0|1|1|5|0|F|.093|6 |.58|6155|G||||||||||||||
625104|0|R-VA   US00340NB||||R-VA   US00340NB|US 340|N Stuart Ave|216|Town of Elkton|082|Rockingham County|    Bus US 33| 587031|0|0|46.58|    NCL Elkton, 82-1706 Shenandoah Ave| 587027|0|0|47.36|    01/01/2022|8247|G|96|0|1|0|2|0|C|.085|6 |.63|8209|G||||||||||||||
804138|0|R-VA   US00340UK      RMP046.00A||||R-VA   US00340UK      RMP046.00A|US 340  EXIT 46A|Ramp|216|Town of Elkton|082|Rockingham County|    US-00340(B)/RAMP TO?/FROM RTE. 33|1168580|0|0|0|    US-00033(B)/RAMP FROM RTE. 340| 587597|0|0|.23|    01/01/2022|1376|F|93|1|2|1|3|0|C|.101|6 |1|1376|F||||||||||||||
804139|0|R-VA   US00340UK      RMP046.00B||||R-VA   US00340UK      RMP046.00B|US 340  EXIT 46B|Ramp|216|Town of Elkton|082|Rockingham County|    US-00340(B)/US-00033-W040B(U)/RAMP TO/FROM RT| 587722|0|0|0|    US-00033(B)/RAMP FROM RTE. 340| 587601|0|0|.12|    01/01/2022|3143|F|97|1|1|0|1|0|C|.137|6 |1|3143|F||||||||||||||
769013|0|S-VA216PR BLUE AND GOLD DR||||S-VA216PR BLUE AND GOLD DR|Blue And Gold Dr|Blue And Gold Dr|216|Town of Elkton|216|Town of Elkton|    ECL Elkton| 587031|0|0|0|    Elkton Middle School| 587067|0|0|.39|    01/01/2022|900|G|||||||X|.25|6 |.7|900|G||||||||||||||
769051|0|S-VA216PR BLUE AND GOLD DR||||S-VA216PR BLUE AND GOLD DR|Blue And Gold Dr|Blue and Gold Trail|216|Town of Elkton|216|Town of Elkton|    Elkton Middle School| 587067|0|0|.39|    US 33 Spotswood Trail|1107778|0|0|.57|    04/25/2018|562|R|||||||X||24|||X||||||||||||||
784546|0|S-VA216PR CHICKADEE CIR||||S-VA216PR CHICKADEE CIR|Chickadee Cir|Chickadee Circle|216|Town of Elkton|216|Town of Elkton|    216-8 Quail Run Dr| 727469|0|0|0|    Cul-de-Sac| 727470|0|0|.05|    01/01/2022|60|G|||||||X|.152|6 |.55|60|G||||||||||||||
769006|0|S-VA216PR E SPRING AVE||||S-VA216PR E SPRING AVE|E Spring Ave|Spring Ave|216|Town of Elkton|216|Town of Elkton|    Dead End| 587322|0|0|0|    216-16 Marshall Ave; High St| 587025|0|0|.15|    01/01/2022|42|G|||||||X|.207|6 |.59|42|G||||||||||||||
769007|0|S-VA216PR E SPRING AVE||||S-VA216PR E SPRING AVE|E Spring Ave|Spring Ave|216|Town of Elkton|216|Town of Elkton|    216-16 Marshall Ave; High St| 587025|0|0|.15|    216-12 Pine St| 587020|0|0|.28|    01/01/2022|44|G|||||||X|.215|6 |.53|44|G||||||||||||||
769009|0|S-VA216PR HIGH ST||||S-VA216PR HIGH ST|High St|High St|216|Town of Elkton|216|Town of Elkton|    216-15 Spring Ave| 587025|0|0|.06|    216-11, E Washington Ave| 587017|0|0|.13|    01/01/2022|133|G|||||||X|.127|6 |.53|133|G||||||||||||||
769005|0|S-VA216PR HIGH ST||||S-VA216PR HIGH ST|High St|High St|216|Town of Elkton|216|Town of Elkton|    216-11, E Washington Ave| 587018|0|0|.13|    216-13 Summit Ave| 587022|0|0|.22|    01/01/2022|143|G|||||||X|.138|6 |.76|143|G||||||||||||||
769004|0|S-VA216PR HIGH ST||||S-VA216PR HIGH ST|High St|High St|216|Town of Elkton|216|Town of Elkton|    216-13 Summit Ave| 587022|0|0|.22|    216-17 Prospect Ave| 587024|0|0|.3|    01/01/2022|173|G|||||||X|.104|6 |.53|173|G||||||||||||||
769010|0|S-VA216PR MARSHALL AVE E||||S-VA216PR MARSHALL AVE E|Marshall Ave E|Marshall Ave|216|Town of Elkton|216|Town of Elkton|    216-15 Spring Ave|1036150|0|0|0|    Dead End| 587028|0|0|.05|    01/01/2022|50|G|||||||X|.142|6 |.67|50|G||||||||||||||
201340|0|S-VA216PR MONGER HILL RD||||S-VA216PR MONGER HILL RD|Monger Hill Rd||216|Town of Elkton|216|Town of Elkton|    82-639 Monger Hill Rd|1109464|0|0|0|    BUS US 33| 586197|0|0|.06|    ||X||||||||||||||||||||||||||
782696|0|S-VA216PR MORNING DOVE LN||||S-VA216PR MORNING DOVE LN|Morning Dove Ln|Morning Dove Lane|216|Town of Elkton|216|Town of Elkton|    Dead End| 724038|0|0|.09|    216-8 Quail Run Dr| 724036|0|0|.14|    01/01/2022|327|G|||||||X|.122|6 |.57|327|G||||||||||||||
625106|0|S-VA216PR MT PLEASANT RD||||S-VA216PR MT PLEASANT RD|Mt Pleasant Rd|North St|216|Town of Elkton|216|Town of Elkton|    Spottswood Ave| 587114|0|0|0|    |1264974|0|0|.8|    01/01/2022|2231|G|97|0|1|0|0|0|C|.096|6 |.63|2227|G||||||||||||||
625105|0|S-VA216PR NEWTOWN RD||||S-VA216PR NEWTOWN RD|Newtown Rd|Newtown Rd|216|Town of Elkton|216|Town of Elkton|    North St| 587114|0|0|0|    82-891 Mt Paran Ch Rd| 729573|0|0|.44|    01/01/2022|2415|G|97|0|2|0|0|0|C|.092|6 |.66|2409|G||||||||||||||
402793|1|S-VA216PR NEWTOWN RD||||S-VA216PR NEWTOWN RD|Newtown Rd||216|Town of Elkton|216|Town of Elkton|    82-891 Mt Paran Ch Rd| 729573|0|0|.44|    ECL Elkton| 751347|0|0|.85|    01/01/2022|1718|G|97|0|1|1|0|0|C|.104|6 |.69|1718|G||||||||||||||
769001|0|S-VA216PR PINE ST||||S-VA216PR PINE ST|Pine St|Pine St|216|Town of Elkton|216|Town of Elkton|    Dead End| 587321|0|0|0|    216-15 Spring Ave| 587020|0|0|.04|    01/01/2022|13|G|||||||X|.512|6 |.57|13|G||||||||||||||
769000|0|S-VA216PR PINE ST||||S-VA216PR PINE ST|Pine St|Pine St|216|Town of Elkton|216|Town of Elkton|    216-15 Spring Ave| 587020|0|0|.04|    216-11, E Washington Ave| 587019|0|0|.11|    01/01/2022|49|G|||||||X|.171|6 |.68|49|G||||||||||||||
769012|0|S-VA216PR PROSPECT AVE E||||S-VA216PR PROSPECT AVE E|Prospect Ave E|Prospect Ave|216|Town of Elkton|216|Town of Elkton|    | 587024|0|0|.12|    Dead End (pre-update)|1036158|0|0|.293|    01/01/2022|118|G|||||||X|.13|6 |.53|118|G||||||||||||||
782695|0|S-VA216PR QUAIL RUN DR||||S-VA216PR QUAIL RUN DR|Quail Run Dr|Quail Run Dr|216|Town of Elkton|216|Town of Elkton|    Bus US 33| 723106|0|0|0|    216-9 Morning Dove Lane| 724036|0|0|.16|    01/01/2022|570|G|||||||X|.127|6 |.51|570|G||||||||||||||
785721|0|S-VA216PR QUAIL RUN DR||||S-VA216PR QUAIL RUN DR|Quail Run Dr|Quail Run Dr|216|Town of Elkton|216|Town of Elkton|    216-9 Morning Dove Lane| 724036|0|0|.16|    216-10 Chickadee Circle| 727469|0|0|.24|    01/01/2022|167|G|||||||X|.151|6 |.59|167|G||||||||||||||
769008|0|S-VA216PR SHENANDOAH AVE||||S-VA216PR SHENANDOAH AVE|Shenandoah Ave|Shenandoah Ave|216|Town of Elkton|216|Town of Elkton|    NCL Elkton| 587026|0|0|.46|    US 340 Stuart Ave; N Stuart Ave| 587027|0|0|1.01|    01/01/2022|1297|G|98|0|1|0|1|0|C|.097|6 |.65|1296|G||||||||||||||
625108|0|S-VA216PR SPOTTSWOOD AVE||||S-VA216PR SPOTTSWOOD AVE|Spottswood Ave|W. Spotswood Ave|216|Town of Elkton|216|Town of Elkton|    Bus US 33| 587630|0|0|0|    Stuart Ave| 587105|0|0|.29|    01/01/2022|3085|G|96|1|2|1|0|0|C|.104|6 |.64|3068|G||||||||||||||
625107|0|S-VA216PR SPOTTSWOOD AVE||||S-VA216PR SPOTTSWOOD AVE|Spottswood Ave|E. Spotswood Ave|216|Town of Elkton|216|Town of Elkton|    Stuart Ave| 587105|0|0|.29|    North St| 587113|0|0|.71|    01/01/2022|2598|G|96|1|2|1|0|0|F|.096|6 |.6|2593|G||||||||||||||
769002|0|S-VA216PR SUMMITT AVE E||||S-VA216PR SUMMITT AVE E|Summitt Ave E|Summit Ave|216|Town of Elkton|216|Town of Elkton|    US 340 East Side Hwy| 587021|0|0|0|    216-14 High St| 587022|0|0|.25|    01/01/2022|353|G|98|1|0|0|0|0|C|.121|6 |.54|352|G||||||||||||||
769003|0|S-VA216PR SUMMITT AVE E||||S-VA216PR SUMMITT AVE E|Summitt Ave E|Summit Ave|216|Town of Elkton|216|Town of Elkton|    216-14 High St| 587022|0|0|.25|    US 33 Spotswood Trail| 587023|0|0|.6|    01/01/2022|252|G|98|1|0|0|0|0|C|.138|6 |.64|251|G||||||||||||||
768996|0|S-VA216PR WASHINGTON AVE||||S-VA216PR WASHINGTON AVE|Washington Ave|W Washington Ave|216|Town of Elkton|216|Town of Elkton|    ECL Elkton| 587016|0|0|0|    US 340 East Side Hwy| 587015|0|0|.05|    01/01/2022|1041|G|||||||X|.093|6 |.58|1041|G||||||||||||||
768997|0|S-VA216PR WASHINGTON AVE E||||S-VA216PR WASHINGTON AVE E|Washington Ave E|E Washington Ave|216|Town of Elkton|216|Town of Elkton|    US 340 East Side Hwy| 587016|0|0|0|    216-16 High St| 587017|0|0|.186|    01/01/2022|495|G|||||||X|.125|6 |.63|495|G||||||||||||||
768998|0|S-VA216PR WASHINGTON AVE E||||S-VA216PR WASHINGTON AVE E|Washington Ave E|E Washington Ave|216|Town of Elkton|216|Town of Elkton|    216-16 High St| 587017|0|0|.186|    216-14 High St| 587018|0|0|.216|    01/01/2022|294|G|||||||X|.196|6 |.73|294|G||||||||||||||
768999|0|S-VA216PR WASHINGTON AVE E||||S-VA216PR WASHINGTON AVE E|Washington Ave E|E Washington Ave|216|Town of Elkton|216|Town of Elkton|    216-14 High St| 587018|0|0|.216|    216-12 Pine St| 587019|0|0|.3|    01/01/2022|121|G|||||||X|.217|6 |.84|121|G||||||||||||||
784561|0|S-VA216PR WINDSONG HILL DR||||S-VA216PR WINDSONG HILL DR|Windsong Hill Dr|Windsong Hills Dr|216|Town of Elkton|216|Town of Elkton|    Cul-de-Sac| 727472|0|0|0|    Bus US 33| 727471|0|0|.08|    11/01/2012|100|R|||||||X||24|||X||||||||||||||
