sep=|
- - 2022 AADT Report for Town of Berryville - -
LINKID|SEQUENCENUMBER|RTE_NM|RTE_NM_2|RTE_NM_3|RTE_NM_4|Host RTE_NM|Route Label|Street Name|Physical Jurisdiction|Physical Jurisdiciton Name|Maintenance Jurisdiction|Maintenance Jurisdiciton Name|    Start Label|Start Node|Start Node Route Sequence|Star tOffset|Start Milepoint|    End Label|End Node|End Node Route Sequence|End Offset|End Milepoint|    VPDDate|AADT|AADT Quality|Passenger Vehicle|Bus|Truck 2 Axle|Truck 3 Axle|Truck 1 Trailer|Truck 2 Trailer|Class Quality|K Factor|K Factor Quality|Direction Factor|AAWDT|AAWDT Quality|AADT Dir|AADT Quality Dir|PassengerVehicle Dir|Bus Dir|Truck 2 Axle Dir|Truck 3 Axle Dir|Truck 1 Trailer Dir|Truck 2 Trailer Dir|Class Quality Dir|K Factor Dir|K Factor Quality Dir|Direction Factor Dir|AAWDT Dir|AAWDT Quality Dir
180076|0|R-VA   SR00007EBBUS001||||R-VA   SR00007EBBUS001|BUS VA 7|West Main St|168|Town of Berryville|021|Clarke County|    Jurisdiction Boundary: 021 Clarke County| 701908|0|0|.8|    US 340 Berryville| 223263|0|0|1.66|    01/01/2022|5303|G|98|1|1|0|0|0|C|.097|6 |.58|5268|G||||||||||||||
180077|0|R-VA   SR00007EBBUS001||||R-VA   SR00007EBBUS001|BUS VA 7|East Main St|168|Town of Berryville|021|Clarke County|    US 340 Berryville| 223263|0|0|1.66|    Physical Jurisdiction Boundary: 168 Town of Berryville / 021 Clarke County| 701934|0|0|2.78|    01/01/2022|5094|G|94|1|2|1|3|0|C|.098|6 |.62|5060|G||||||||||||||
080346|0|R-VA   US00340NB||||R-VA   US00340NB|US 340|Lord Fairfax Hwy|168|Town of Berryville|021|Clarke County|    | 701992|0|0|116.88|    Bus SR 7 Main St| 223263|0|0|117.39|    01/01/2022|9581|G|91|1|1|1|5|0|F|.091|6 |.6|9517|G||||||||||||||
080345|0|R-VA   US00340NB||||R-VA   US00340NB|US 340|N Buckmarsh St|168|Town of Berryville|021|Clarke County|    Bus SR 7 Main St| 223263|0|0|117.39|    SR 7| 223277|0|0|118.08|    01/01/2022|9537|G|91|1|1|1|5|0|F|.088|6 |.55|9473|G||||||||||||||
719683|0|S-VA168PR ACADEMY CT||||S-VA168PR ACADEMY CT|Academy Ct|Academy Court|168|Town of Berryville|168|Town of Berryville|    21-1001 Academy St| 223183|0|0|0|    Cul-de-Sac| 223222|0|0|.05|    05/03/2012|60|R|||||||X||24|||X||||||||||||||
719633|0|S-VA168PR ACADEMY ST||||S-VA168PR ACADEMY ST|Academy St|Academy St|168|Town of Berryville|168|Town of Berryville|    21-616, N Church St| 223053|0|0|0|    US 340 S, N Buckmarsh St| 223253|0|0|.08|    04/09/2009|2204|R|||||||X||24|||X||||||||||||||
719634|0|S-VA168PR ACADEMY ST||||S-VA168PR ACADEMY ST|Academy St|Academy St|168|Town of Berryville|168|Town of Berryville|    US 340 N, N Buckmarsh St| 223185|0|0|.08|    21-1004 Rice St| 223184|0|0|.206|    05/03/2012|297|R|||||||X||24|||X||||||||||||||
719635|0|S-VA168PR ACADEMY ST||||S-VA168PR ACADEMY ST|Academy St|Academy St|168|Town of Berryville|168|Town of Berryville|    21-1004 Rice St| 223184|0|0|.206|    21-1025 Academy Court| 223183|0|0|.26|    04/14/2009|182|R|||||||X||24|||X||||||||||||||
719636|0|S-VA168PR ACADEMY ST||||S-VA168PR ACADEMY ST|Academy St|Academy St|168|Town of Berryville|168|Town of Berryville|    21-1025 Academy Court| 223183|0|0|.26|    21-1003| 223182|0|0|.32|    05/03/2012|166|R|||||||X||24|||X||||||||||||||
786158|0|S-VA168PR ARCHER CT||||S-VA168PR ARCHER CT|Archer Ct|Archer Court|168|Town of Berryville|168|Town of Berryville|    21-1035 Mosby Blvd| 732570|0|0|0|    Cul-de-Sac| 732573|0|0|.09|    07/23/2015|126|R|||||||X||24|||X||||||||||||||
786157|0|S-VA168PR ASHBY CT||||S-VA168PR ASHBY CT|Ashby Ct|Ashby Court|168|Town of Berryville|168|Town of Berryville|    21-1035 Mosby Blvd| 732571|0|0|0|    Cul-de-Sac| 732613|0|0|.09|    07/23/2015|126|R|||||||X||24|||X||||||||||||||
719616|0|S-VA168PR BATTLETOWN DR||||S-VA168PR BATTLETOWN DR|Battletown Dr||168|Town of Berryville|168|Town of Berryville|    Bus SR 7| 223166|0|0|0|    21-1020 Bel Voi Dr| 223167|0|0|.076|    04/25/2012|456|R|||||||X||24|||X||||||||||||||
719615|0|S-VA168PR BATTLETOWN DR||||S-VA168PR BATTLETOWN DR|Battletown Dr||168|Town of Berryville|168|Town of Berryville|    21-1020 Bel Voi Dr| 223167|0|0|.076|    Dead End| 223247|0|0|.45|    04/25/2012|233|R|||||||X||24|||X||||||||||||||
719676|0|S-VA168PR BEL VOI DR||||S-VA168PR BEL VOI DR|Bel Voi Dr|Bel Voi Dr|168|Town of Berryville|168|Town of Berryville|    21-671 Battletown Dr| 223167|0|0|0|    Dead End| 223259|0|0|.15|    05/03/2012|193|R|||||||X||24|||X||||||||||||||
796932|0|S-VA168PR BLOSSOM DR||||S-VA168PR BLOSSOM DR|Blossom Dr| |168|Town of Berryville|168|Town of Berryville|    21-1026, East Fairfax St| 751678|0|0|0|    Cul-de-Sac| 751681|0|0|.2|    05/02/2012|310|R|||||||X||24|||X||||||||||||||
719619|0|S-VA168PR BLUE RIDGE ST||||S-VA168PR BLUE RIDGE ST|Blue Ridge St|Blue Ridge St|168|Town of Berryville|168|Town of Berryville|    21-700 Jack Enders Blvd| 223039|0|0|0|    Dead End| 223248|0|0|.11|    07/17/2018|63|T|||||||X||24|||X||||||||||||||
786156|0|S-VA168PR BRECKINRIDGE CT||||S-VA168PR BRECKINRIDGE CT|Breckinridge Ct|Breckinridge Court|168|Town of Berryville|168|Town of Berryville|    21-1035 Mosby Blvd| 732611|0|0|0|    Cul-de-Sac| 732612|0|0|.09|    07/23/2015|126|R|||||||X||24|||X||||||||||||||
719688|0|S-VA168PR BUS LOOP||||S-VA168PR BUS LOOP|Bus Loop| |168|Town of Berryville|168|Town of Berryville|    Berryville High School| 223225|0|0|0|    SR 7| 223226|0|0|.06|    04/13/2015|111|R|||||||X||24|||X||||||||||||||
719663|0|S-VA168PR BYRD AVE||||S-VA168PR BYRD AVE|Byrd Ave|Byrd Ave|168|Town of Berryville|168|Town of Berryville|    21-616, S Church St| 223057|0|0|0|    Dead End| 710761|0|0|.16|    04/09/2009|203|R|||||||X||24|||X||||||||||||||
201627|0|S-VA168PR CAMERON ST||||S-VA168PR CAMERON ST|Cameron St|Cameron St|168|Town of Berryville|168|Town of Berryville|    Ritter Pl| 223218|0|0|0|    Page St| 223209|0|0|.07|    ||X||||||||||||||||||||||||||
719677|0|S-VA168PR CAMERON ST||||S-VA168PR CAMERON ST|Cameron St|Cameron St|168|Town of Berryville|168|Town of Berryville|    Dead End| 223209|0|0|.07|    21-1014 Page St| 223283|0|0|.172|    04/09/2009|302|R|||||||X||24|||X||||||||||||||
719652|0|S-VA168PR CHALMERS CT||||S-VA168PR CHALMERS CT|Chalmers Ct|Chalmers Court|168|Town of Berryville|168|Town of Berryville|    Bus SR 7| 223197|0|0|0|    Dead End| 223198|0|0|.16|    04/09/2009|1427|R|||||||X||24|||X||||||||||||||
719674|0|S-VA168PR CIRCLE DR||||S-VA168PR CIRCLE DR|Circle Dr|Circle Dr|168|Town of Berryville|168|Town of Berryville|    21-1017 Ridge Rd| 223214|0|0|0|    Cul-de-Sac| 223215|0|0|.05|    05/03/2012|70|R|||||||X||24|||X||||||||||||||
796933|0|S-VA168PR COBBLER DR||||S-VA168PR COBBLER DR|Cobbler Dr| |168|Town of Berryville|168|Town of Berryville|    21-1026, East Fairfax St| 727455|0|0|0|    Cul-de-Sac| 751683|0|0|.23|    05/02/2012|233|R|||||||X||24|||X||||||||||||||
788390|0|S-VA168PR CRAIGS RUN CT||||S-VA168PR CRAIGS RUN CT|Craigs Run Ct|Craigs Run Circle|168|Town of Berryville|168|Town of Berryville|    21-1028 Dunlap Dr| 734911|0|0|0|    Cul-de-Sac| 734913|0|0|.12|    05/02/2012|100|R|||||||X||24|||X||||||||||||||
719662|0|S-VA168PR CROW ST||||S-VA168PR CROW ST|Crow St|Crow St|168|Town of Berryville|168|Town of Berryville|    US 340, S Buckmarsh St| 223206|0|0|0|    21-616, S Church St| 223055|0|0|.08|    04/09/2009|1304|R|||||||X||24|||X||||||||||||||
719656|0|S-VA168PR CROWN ST||||S-VA168PR CROWN ST|Crown St|Crown St|168|Town of Berryville|168|Town of Berryville|    21-1002 Treadwell St| 223189|0|0|0|    21-1010 Walnut St| 223201|0|0|.08|    05/03/2012|49|R|||||||X||24|||X||||||||||||||
795615|0|S-VA168PR CUSTER CT||||S-VA168PR CUSTER CT|Custer Ct| |168|Town of Berryville|168|Town of Berryville|    21-1035 Mosby Blvd| 749025|0|0|0|    Cul-de-Sac| 749029|0|0|.14|    04/25/2012|95|R|||||||X||24|||X||||||||||||||
719682|0|S-VA168PR DORSEY ST||||S-VA168PR DORSEY ST|Dorsey St|Dorsey St|168|Town of Berryville|168|Town of Berryville|    Bus SR 7| 223221|0|0|0|    21-1010 Walnut St| 223203|0|0|.2|    04/14/2009|404|R|||||||X||24|||X||||||||||||||
786155|0|S-VA168PR DUNLAP DR||||S-VA168PR DUNLAP DR|Dunlap Dr|Dunlap Dr|168|Town of Berryville|168|Town of Berryville|    Dead End| 732657|0|0|0|    21-1027 Henderson Court|1274368|0|0|.34|    04/09/2009|184|R|||||||X||24|||X||||||||||||||
795616|0|S-VA168PR EARLY DR||||S-VA168PR EARLY DR|Early Dr| |168|Town of Berryville|168|Town of Berryville|    Cul-de-Sac| 749025|0|0|0|    21-1035 Mosby Blvd| 749026|0|0|.14|    04/25/2012|130|R|||||||X||24|||X||||||||||||||
788391|0|S-VA168PR EDGAR CT||||S-VA168PR EDGAR CT|Edgar Ct||168|Town of Berryville|168|Town of Berryville|    21-1035 Mosby Blvd| 736358|0|0|0|    Dead End| 736359|0|0|.05|    04/24/2012|60|R|||||||X||24|||X||||||||||||||
787752|0|S-VA168PR EWELL CT||||S-VA168PR EWELL CT|Ewell Ct|Ewell Court|168|Town of Berryville|168|Town of Berryville|    21-1041 Jackson Dr| 734260|0|0|0|    Cul-de-Sac| 734261|0|0|.11|    04/24/2012|110|R|||||||X||24|||X||||||||||||||
783766|0|S-VA168PR FAIRFAX ST E||||S-VA168PR FAIRFAX ST E|Fairfax St E|East Fairfax St|168|Town of Berryville|168|Town of Berryville|    21-1014 Page St| 223258|0|0|.046|    21-615 Boom Rd| 751679|0|0|.22|    04/13/2015|390|R|||||||X||24|||X||||||||||||||
719669|0|S-VA168PR FAIRFAX ST W||||S-VA168PR FAIRFAX ST W|Fairfax St W|West Fairfax St|168|Town of Berryville|168|Town of Berryville|    21-1016 Rockcroft Dr| 223212|0|0|0|    21-1017 Ridge Rd| 223211|0|0|.07|    05/03/2012|288|R|||||||X||24|||X||||||||||||||
719670|0|S-VA168PR FAIRFAX ST W||||S-VA168PR FAIRFAX ST W|Fairfax St W|West Fairfax St|168|Town of Berryville|168|Town of Berryville|    21-1017 Ridge Rd| 223211|0|0|.07|    US 340, N Buckmarsh St| 223210|0|0|.15|    04/09/2009|319|R|||||||X||24|||X||||||||||||||
795614|0|S-VA168PR FREMONT CT||||S-VA168PR FREMONT CT|Fremont Ct| |168|Town of Berryville|168|Town of Berryville|    21-1035 Mosby Blvd| 736358|0|0|0|    Cul-de-Sac| 749032|0|0|.14|    04/25/2012|138|R|||||||X||24|||X||||||||||||||
795613|0|S-VA168PR HANCOCK CT||||S-VA168PR HANCOCK CT|Hancock Ct| |168|Town of Berryville|168|Town of Berryville|    21-1035; 21-1041| 734250|0|0|0|    Cul-de-Sac| 749031|0|0|.14|    04/25/2012|142|R|||||||X||24|||X||||||||||||||
792372|0|S-VA168PR HARRIMAN CT||||S-VA168PR HARRIMAN CT|Harriman Ct| |168|Town of Berryville|168|Town of Berryville|    21-1029 Hermitage Blvd| 742523|0|0|0|    Cul-de-Sac| 742526|0|0|.05|    05/01/2012|60|R|||||||X||24|||X||||||||||||||
786154|0|S-VA168PR HENDERSON CT||||S-VA168PR HENDERSON CT|Henderson Ct|Henderson Court|168|Town of Berryville|168|Town of Berryville|    21-1006 Taylor St| 732655|0|0|0|    Cul-de-Sac| 732656|0|0|.21|    04/09/2009|190|R|||||||X||24|||X||||||||||||||
788389|0|S-VA168PR HERMITAGE BLVD||||S-VA168PR HERMITAGE BLVD|Hermitage Blvd|Hermitage Blvd|168|Town of Berryville|168|Town of Berryville|    SR 7| 742524|0|0|0|    US 340 Lord Fairfax Hwy| 734920|0|0|.956|    01/01/2022|1056|G|96|0|1|0|0|0|C|.114|6 |.59|1056|G||||||||||||||
798815|0|S-VA168PR HERMITAGE BLVD||||S-VA168PR HERMITAGE BLVD|Hermitage Blvd|Hermitage Blvd|168|Town of Berryville|168|Town of Berryville|    US 340 Lord Fairfax Hwy| 734920|0|0|.956|    21-616, S Church St| 754230|0|0|1.05|    04/25/2012|426|R|||||||X||24|||X||||||||||||||
795611|0|S-VA168PR ISAAC CT||||S-VA168PR ISAAC CT|Isaac Ct| |168|Town of Berryville|168|Town of Berryville|    21-1031 Tyson Dr| 749104|0|0|0|    Cul-de-Sac| 749111|0|0|.09|    05/02/2012|148|R|||||||X||24|||X||||||||||||||
401897|0|S-VA168PR JACK ENDERS BLVD||||S-VA168PR JACK ENDERS BLVD|Jack Enders Blvd|Jack Enders Blvd|168|Town of Berryville|168|Town of Berryville|    Bus SR 7| 223038|0|0|0|    21-673 Blue Ridge St| 223039|0|0|.161|    01/01/2022|2724|G|97|0|2|0|0|0|F|.108|6 |.53|2720|G||||||||||||||
406727|0|S-VA168PR JACK ENDERS BLVD||||S-VA168PR JACK ENDERS BLVD|Jack Enders Blvd|Jack Enders Blvd|168|Town of Berryville|168|Town of Berryville|    21-673 Blue Ridge St| 223039|0|0|.161|    |1004488|0|0|1.13|    01/01/2022|772|G|88|1|5|2|4|0|C|.13|6 |.61|772|G||||||||||||||
787751|0|S-VA168PR JACKSON DR||||S-VA168PR JACKSON DR|Jackson Dr|Jackson Dr|168|Town of Berryville|168|Town of Berryville|    Bus SR 7| 734249|0|0|0|    21-1035 Mosby Blvd| 734250|0|0|.33|    01/01/2022|620|G|98|1|0|0|0|0|C|.161|6 |.59|619|G||||||||||||||
719504|0|S-VA168PR JOSEPHINE ST||||S-VA168PR JOSEPHINE ST|Josephine St|Josephine St|168|Town of Berryville|168|Town of Berryville|    21-616, S Church St| 223043|0|0|0|    Dead End| 223044|0|0|.48|    07/23/2015|764|R|||||||X||24|||X||||||||||||||
719649|0|S-VA168PR LIBERTY ST||||S-VA168PR LIBERTY ST|Liberty St|Liberty St|168|Town of Berryville|168|Town of Berryville|    21-616, N Church St| 223052|0|0|0|    21-1014 S, Page St| 223194|0|0|.174|    01/01/2022|1006|G|98|0|0|0|0|0|C|.102|6 |.55|1005|G||||||||||||||
719647|0|S-VA168PR LIBERTY ST||||S-VA168PR LIBERTY ST|Liberty St|Liberty St|168|Town of Berryville|168|Town of Berryville|    21-1014 S, Page St| 223194|0|0|.174|    21-615 First St, Boom Rd| 223046|0|0|.37|    01/01/2022|501|G|97|1|1|0|0|0|C|.113|6 |.52|500|G||||||||||||||
719641|0|S-VA168PR LINCOLN AVE||||S-VA168PR LINCOLN AVE|Lincoln Ave| |168|Town of Berryville|168|Town of Berryville|    Bus SR 7| 223190|0|0|0|    21-1031| 742521|0|0|.22|    04/14/2009|499|R|||||||X||24|||X||||||||||||||
795612|0|S-VA168PR LINDSAY CT||||S-VA168PR LINDSAY CT|Lindsay Ct| |168|Town of Berryville|168|Town of Berryville|    21-1031 Tyson Dr| 749105|0|0|0|    Cul-de-Sac| 749112|0|0|.12|    05/02/2012|102|R|||||||X||24|||X||||||||||||||
798266|0|S-VA168PR LITTEN CT||||S-VA168PR LITTEN CT|Litten Ct||168|Town of Berryville|168|Town of Berryville|    21-616, S Church St| 754229|0|0|0|    Cul-de-Sac| 754234|0|0|.03|    05/03/2012|70|R|||||||X||24|||X||||||||||||||
795618|0|S-VA168PR MADDEN ST||||S-VA168PR MADDEN ST|Madden St| |168|Town of Berryville|168|Town of Berryville|    21-1029 Hermitage Blvd| 749107|0|0|0|    21-1031 Tyson Dr| 749106|0|0|.18|    05/02/2012|137|R|||||||X||24|||X||||||||||||||
795619|0|S-VA168PR MONTGOMERY CT||||S-VA168PR MONTGOMERY CT|Montgomery Ct| |168|Town of Berryville|168|Town of Berryville|    21-1031 Tyson Dr| 749108|0|0|0|    Cul-de-Sac| 749110|0|0|.13|    05/02/2012|117|R|||||||X||24|||X||||||||||||||
719681|0|S-VA168PR MOORE DR||||S-VA168PR MOORE DR|Moore Dr|Moore Dr|168|Town of Berryville|168|Town of Berryville|    21-1022 Ritter Pl| 223219|0|0|0|    21-1014 Page St| 223208|0|0|.04|    04/13/2015|174|R|||||||X||24|||X||||||||||||||
719680|0|S-VA168PR MOORE DR||||S-VA168PR MOORE DR|Moore Dr|Moore Dr|168|Town of Berryville|168|Town of Berryville|    21-1014 Page St| 223208|0|0|.04|    Cul-de-Sac| 223220|0|0|.1|    04/09/2009|197|R|||||||X||24|||X||||||||||||||
719685|0|S-VA168PR MOSBY BLVD||||S-VA168PR MOSBY BLVD|Mosby Blvd|Mosby Blvd|168|Town of Berryville|168|Town of Berryville|    21-1041 Jackson Dr; 21-1044| 718058|0|0|0|    US 340, N Buckmarsh St| 734250|0|0|.47|    01/01/2022|1993|G|98|1|0|0|0|0|C|.126|6 |.56|1991|G||||||||||||||
719684|0|S-VA168PR MOSBY BLVD||||S-VA168PR MOSBY BLVD|Mosby Blvd|Mosby Blvd|168|Town of Berryville|168|Town of Berryville|    Cul-de-Sac| 734250|0|0|.47|    21-1041 Jackson Dr; 21-1044| 223116|0|0|1.13|    01/01/2022|1283|G|99|0|0|1|0|0|C|.109|6 |.64|1283|G||||||||||||||
719630|0|S-VA168PR OSBORNE ST||||S-VA168PR OSBORNE ST|Osborne St|Osborne St|168|Town of Berryville|168|Town of Berryville|    21-616, N Church St| 223050|0|0|0|    Dead End| 223250|0|0|.07|    07/17/2018|49|T|||||||X||24|||X||||||||||||||
719665|0|S-VA168PR PAGE ST||||S-VA168PR PAGE ST|Page St|Page St|168|Town of Berryville|168|Town of Berryville|    Dead End| 223284|0|0|0|    21-1005 S, Liberty St| 223255|0|0|.11|    04/09/2009|457|R|||||||X||24|||X||||||||||||||
719666|0|S-VA168PR PAGE ST||||S-VA168PR PAGE ST|Page St|Page St|168|Town of Berryville|168|Town of Berryville|    21-1005 N, Liberty St| 223194|0|0|.11|    21-1021 Cameron St| 223209|0|0|.17|    04/09/2009|1667|R|||||||X||24|||X||||||||||||||
719667|0|S-VA168PR PAGE ST||||S-VA168PR PAGE ST|Page St|Page St|168|Town of Berryville|168|Town of Berryville|    21-1021 Cameron St| 223209|0|0|.17|    21-1023 Moore Dr| 223208|0|0|.21|    04/09/2009|1190|R|||||||X||24|||X||||||||||||||
719668|0|S-VA168PR PAGE ST||||S-VA168PR PAGE ST|Page St|Page St|168|Town of Berryville|168|Town of Berryville|    21-1023 Moore Dr| 223208|0|0|.21|    21-1026 East Fairfax St| 223258|0|0|.26|    04/09/2009|808|R|||||||X||24|||X||||||||||||||
797381|0|S-VA168PR PAGE ST||||S-VA168PR PAGE ST|Page St|Page St|168|Town of Berryville|168|Town of Berryville|    21-1026 East Fairfax St| 223258|0|0|.26|    Cul-de-Sac| 751677|0|0|.59|    05/02/2012|447|R|||||||X||24|||X||||||||||||||
795617|0|S-VA168PR PENDER CT||||S-VA168PR PENDER CT|Pender Ct| |168|Town of Berryville|168|Town of Berryville|    21-1047| 749028|0|0|0|    Cul-de-Sac| 749030|0|0|.1|    04/25/2012|68|R|||||||X||24|||X||||||||||||||
796935|0|S-VA168PR PETAL RD||||S-VA168PR PETAL RD|Petal Rd| |168|Town of Berryville|168|Town of Berryville|    21-1014 Page St| 751676|0|0|0|    Dead End| 751684|0|0|.03|    05/01/2012|0|R|||||||X||24|||X||||||||||||||
719686|0|S-VA168PR PICKETT CT||||S-VA168PR PICKETT CT|Pickett Ct|Pickett Court|168|Town of Berryville|168|Town of Berryville|    21-1035 Mosby Blvd| 718056|0|0|0|    Cul-de-Sac| 718055|0|0|.05|    04/24/2012|70|R|||||||X||24|||X||||||||||||||
719644|0|S-VA168PR RICE ST||||S-VA168PR RICE ST|Rice St|Rice St|168|Town of Berryville|168|Town of Berryville|    Bus SR 7| 223192|0|0|0|    21-1001 Academy St| 223184|0|0|.087|    05/03/2012|263|R|||||||X||24|||X||||||||||||||
719645|0|S-VA168PR RICE ST||||S-VA168PR RICE ST|Rice St|Rice St|168|Town of Berryville|168|Town of Berryville|    21-1001 Academy St| 223184|0|0|.087|    21-1002 Treadwell St| 223187|0|0|.165|    04/14/2009|208|R|||||||X||24|||X||||||||||||||
719646|0|S-VA168PR RICE ST||||S-VA168PR RICE ST|Rice St|Rice St|168|Town of Berryville|168|Town of Berryville|    21-1002 Treadwell St| 223187|0|0|.165|    21-1010 Walnut St| 223193|0|0|.28|    05/03/2012|116|R|||||||X||24|||X||||||||||||||
719672|0|S-VA168PR RIDGE RD||||S-VA168PR RIDGE RD|Ridge Rd|Ridge Rd|168|Town of Berryville|168|Town of Berryville|    21-1015 West Fairfax St| 223211|0|0|0|    21-1016 Rockcroft Dr| 223213|0|0|.053|    05/04/2012|125|R|||||||X||24|||X||||||||||||||
719673|0|S-VA168PR RIDGE RD||||S-VA168PR RIDGE RD|Ridge Rd|Ridge Rd|168|Town of Berryville|168|Town of Berryville|    21-1016 Rockcroft Dr| 223213|0|0|.053|    21-1018 Circle Dr| 223214|0|0|.09|    04/14/2009|54|R|||||||X||24|||X||||||||||||||
719679|0|S-VA168PR RITTER PL||||S-VA168PR RITTER PL|Ritter Pl|Ritter Pl|168|Town of Berryville|168|Town of Berryville|    21-1021 Cameron St| 223218|0|0|0|    21-1023 Moore Dr| 223219|0|0|.04|    04/13/2015|257|R|||||||X||24|||X||||||||||||||
719671|0|S-VA168PR ROCKCROFT DR||||S-VA168PR ROCKCROFT DR|Rockcroft Dr|Rockcroft Dr|168|Town of Berryville|168|Town of Berryville|    Ridge Rd| 223213|0|0|0|    Church St|1004345|0|0|.06|    05/04/2012|28|R|||||||X||24|||X||||||||||||||
719664|0|S-VA168PR ROSEMONT CIR||||S-VA168PR ROSEMONT CIR|Rosemont Cir|Rosemont Circle|168|Town of Berryville|168|Town of Berryville|    US 340, S Buckmarsh St| 223207|0|0|0|    21-1008 Swan Ave| 223200|0|0|.21|    04/09/2009|95|R|||||||X||24|||X||||||||||||||
401902|0|S-VA168PR S CHURCH ST||||S-VA168PR S CHURCH ST|S Church St|S Church St|168|Town of Berryville|168|Town of Berryville|    Bus SR 7 Main St| 223054|0|0|.06|    21-1011 Crow St| 223055|0|0|.11|    01/01/2021|2859|F|||||||X|.097|6 |.52||X||||||||||||||
401901|0|S-VA168PR S CHURCH ST||||S-VA168PR S CHURCH ST|S Church St||168|Town of Berryville|168|Town of Berryville|    21-1011 Crow St| 223055|0|0|.11|    SCL Berryville| 703443|0|0|.6|    01/01/2021|2056|F|||||||X|.102|6 |.6||X||||||||||||||
401900|0|S-VA168PR S CHURCH ST||||S-VA168PR S CHURCH ST|S Church St||168|Town of Berryville|168|Town of Berryville|    SCL Berryville| 703443|0|0|.6|    US 340 S, Lord Fairfax Hwy| 223060|0|0|.86|    01/01/2021|1606|F|||||||X|.105|6 |.9||X||||||||||||||
719642|0|S-VA168PR SMITH ST||||S-VA168PR SMITH ST|Smith St| |168|Town of Berryville|168|Town of Berryville|    Bus SR 7| 223190|0|0|0|    21-1001 Academy St| 223182|0|0|.082|    04/14/2009|209|R|||||||X||24|||X||||||||||||||
719643|0|S-VA168PR SMITH ST||||S-VA168PR SMITH ST|Smith St| |168|Town of Berryville|168|Town of Berryville|    21-1001 Academy St| 223182|0|0|.082|    21-1002 Treadwell St| 223188|0|0|.16|    04/14/2009|153|R|||||||X||24|||X||||||||||||||
401896|1|S-VA168PR SPRINGSBURY RD||||S-VA168PR SPRINGSBURY RD|Springsbury Rd|Springsbury Rd|168|Town of Berryville|168|Town of Berryville|    21-700 Jack Enders Blvd| 746907|0|0|0|    |1004475|0|0|.23|    01/01/2022|577|G|97|0|2|0|0|0|C|.117|6 |.62|576|G||||||||||||||
796934|0|S-VA168PR STAYMAN RD||||S-VA168PR STAYMAN RD|Stayman Rd| |168|Town of Berryville|168|Town of Berryville|    21-1014 Page St| 751675|0|0|0|    21-1055| 751680|0|0|.13|    05/02/2012|145|R|||||||X||24|||X||||||||||||||
786159|0|S-VA168PR STUART CT||||S-VA168PR STUART CT|Stuart Ct|Stuart Court|168|Town of Berryville|168|Town of Berryville|    21-1035 Mosby Blvd| 732569|0|0|0|    Cul-de-Sac| 732572|0|0|.08|    07/23/2015|105|R|||||||X||24|||X||||||||||||||
719655|0|S-VA168PR SWAN AVE||||S-VA168PR SWAN AVE|Swan Ave|Swan Ave|168|Town of Berryville|168|Town of Berryville|    21-616, S Church St| 223056|0|0|0|    US 340, S Buckmarsh St| 223199|0|0|.08|    04/09/2009|150|R|||||||X||24|||X||||||||||||||
719654|0|S-VA168PR SWAN AVE||||S-VA168PR SWAN AVE|Swan Ave|Swan Ave|168|Town of Berryville|168|Town of Berryville|    US 340, S Buckmarsh St| 223199|0|0|.08|    21-1013 Rosemont Circle| 223200|0|0|.21|    04/09/2009|211|R|||||||X||24|||X||||||||||||||
719653|0|S-VA168PR SWAN AVE||||S-VA168PR SWAN AVE|Swan Ave|Swan Ave|168|Town of Berryville|168|Town of Berryville|    21-1013 Rosemont Circle| 223200|0|0|.21|    Dead End| 223256|0|0|.3|    04/09/2009|119|R|||||||X||24|||X||||||||||||||
719651|0|S-VA168PR TAYLOR ST||||S-VA168PR TAYLOR ST|Taylor St|Taylor St|168|Town of Berryville|168|Town of Berryville|    21-616, S Church St| 223058|0|0|0|    US 340, S Buckmarch St| 223195|0|0|.09|    04/09/2009|176|R|||||||X||24|||X||||||||||||||
719650|0|S-VA168PR TAYLOR ST||||S-VA168PR TAYLOR ST|Taylor St|Taylor St|168|Town of Berryville|168|Town of Berryville|    US 340, S Buckmarsh St| 223195|0|0|.09|    Dead End| 223196|0|0|.23|    04/09/2009|232|R|||||||X||24|||X||||||||||||||
719637|0|S-VA168PR TREADWELL ST||||S-VA168PR TREADWELL ST|Treadwell St|Treadwell St|168|Town of Berryville|168|Town of Berryville|    US 340, Buckmarsh St| 223186|0|0|0|    21-1004 Rice St| 223187|0|0|.082|    05/02/2012|58|R|||||||X||24|||X||||||||||||||
719638|0|S-VA168PR TREADWELL ST||||S-VA168PR TREADWELL ST|Treadwell St|Treadwell St|168|Town of Berryville|168|Town of Berryville|    21-1004 Rice St| 223187|0|0|.082|    21-1003| 223188|0|0|.209|    04/14/2009|247|R|||||||X||24|||X||||||||||||||
719639|0|S-VA168PR TREADWELL ST||||S-VA168PR TREADWELL ST|Treadwell St|Treadwell St|168|Town of Berryville|168|Town of Berryville|    21-1003| 223188|0|0|.209|    21-1009 Crown St| 223189|0|0|.271|    05/03/2012|179|R|||||||X||24|||X||||||||||||||
719640|0|S-VA168PR TREADWELL ST||||S-VA168PR TREADWELL ST|Treadwell St|Treadwell St|168|Town of Berryville|168|Town of Berryville|    21-1009 Crown St| 223189|0|0|.271|    Dead End| 223254|0|0|.47|    05/03/2012|174|R|||||||X||24|||X||||||||||||||
798265|0|S-VA168PR TURNER CT||||S-VA168PR TURNER CT|Turner Ct||168|Town of Berryville|168|Town of Berryville|    21-616, S Church St| 754228|0|0|0|    Cul-de-Sac| 754231|0|0|.05|    04/24/2012|50|R|||||||X||24|||X||||||||||||||
792371|0|S-VA168PR TYSON DR||||S-VA168PR TYSON DR|Tyson Dr| |168|Town of Berryville|168|Town of Berryville|    21-1029 Hermitage Blvd| 742521|0|0|0|    21-1003| 742522|0|0|.07|    05/02/2012|416|R|||||||X||24|||X||||||||||||||
796456|0|S-VA168PR TYSON DR||||S-VA168PR TYSON DR|Tyson Dr|Tyson Dr|168|Town of Berryville|168|Town of Berryville|    Dead End| 742522|0|0|.07|    21-1029 Hermitage Blvd| 749109|0|0|.44|    05/02/2012|607|R|||||||X||24|||X||||||||||||||
719657|0|S-VA168PR WALNUT ST||||S-VA168PR WALNUT ST|Walnut St||168|Town of Berryville|168|Town of Berryville|    US 340, N Buckmarsh St| 223202|0|0|0|    21-1004 Rice St| 223193|0|0|.032|    04/14/2009|695|R|||||||X||24|||X||||||||||||||
719658|0|S-VA168PR WALNUT ST||||S-VA168PR WALNUT ST|Walnut St||168|Town of Berryville|168|Town of Berryville|    21-1004 Rice St| 223193|0|0|.032|    21-1009 Crown St| 223201|0|0|.23|    04/14/2009|277|R|||||||X||24|||X||||||||||||||
719659|0|S-VA168PR WALNUT ST||||S-VA168PR WALNUT ST|Walnut St||168|Town of Berryville|168|Town of Berryville|    21-1009 Crown St| 223201|0|0|.23|    21-1024 Dorsey St| 223203|0|0|.349|    04/14/2009|306|R|||||||X||24|||X||||||||||||||
719660|0|S-VA168PR WALNUT ST||||S-VA168PR WALNUT ST|Walnut St||168|Town of Berryville|168|Town of Berryville|    21-1024 Dorsey St| 223203|0|0|.349|    NWCL Berryville| 223204|0|0|.43|    04/14/2009|70|R|||||||X||24|||X||||||||||||||
