sep=|
- - 2022 AADT Report for Town of Warrenton - -
LINKID|SEQUENCENUMBER|RTE_NM|RTE_NM_2|RTE_NM_3|RTE_NM_4|Host RTE_NM|Route Label|Street Name|Physical Jurisdiction|Physical Jurisdiciton Name|Maintenance Jurisdiction|Maintenance Jurisdiciton Name|    Start Label|Start Node|Start Node Route Sequence|Star tOffset|Start Milepoint|    End Label|End Node|End Node Route Sequence|End Offset|End Milepoint|    VPDDate|AADT|AADT Quality|Passenger Vehicle|Bus|Truck 2 Axle|Truck 3 Axle|Truck 1 Trailer|Truck 2 Trailer|Class Quality|K Factor|K Factor Quality|Direction Factor|AAWDT|AAWDT Quality|AADT Dir|AADT Quality Dir|PassengerVehicle Dir|Bus Dir|Truck 2 Axle Dir|Truck 3 Axle Dir|Truck 1 Trailer Dir|Truck 2 Trailer Dir|Class Quality Dir|K Factor Dir|K Factor Quality Dir|Direction Factor Dir|AAWDT Dir|AAWDT Quality Dir
070256|0|R-VA   US00015NB||||R-VA   US00015NB|US 15|Eastern Bypass|156|Town of Warrenton|030|Fauquier County|    SCL Warrenton| 314088|0|0|185.341|    Physical Jurisdiction Boundary: 156 Town of Warrenton / 030 Fauquier County| 314086|0|0|185.528|    01/01/2022|48614|F|90|1|1|1|7|0|F|.078|6 |.61|47861|F||||||||||||||
070016|0|R-VA   US00015NBBUS002|R-VA   US00017NBBUS006|R-VA   US00029NBBUS012||R-VA   US00015NBBUS002|BUS US 15, BUS US 17, BUS US 29|James Madison Hwy|156|Town of Warrenton|156|Town of Warrenton|    Jurisdiction Boundary: 030 Fauquier County| 708333|0|0|.55|    Jurisdiction Boundary: 030 Fauquier County / 156 Town of Warrenton| 314115|0|0|.89|    01/01/2022|9640|A|97|1|1|0|1|0|C|.1|1 |.57|10360|A||||||||||||||
678220|0|R-VA   US00015NBBUS002||||R-VA   US00015NBBUS002|BUS US 15|Falmouth St|156|Town of Warrenton|156|Town of Warrenton|    US 17 Bus; Shirley Ave| 314115|0|0|.89|    |1004353|0|0|1.783|    01/01/2022|4053|F|98|0|1|0|0|0|C|.081|6 |.51|4355|F||||||||||||||
678200|0|R-VA   US00015NBBUS002||||R-VA   US00015NBBUS002|BUS US 15|Main St|156|Town of Warrenton|156|Town of Warrenton|    Mockingbird Lane|1004353|0|0|1.783|    Alexandria Pike| 314105|0|0|2.16|    01/01/2022|5192|F|98|0|1|0|0|0|C|.085|6 |.56|5510|F||||||||||||||
678209|0|R-VA   US00015NBBUS002||||R-VA   US00015NBBUS002|BUS US 15|Alexandria Pike|156|Town of Warrenton|156|Town of Warrenton|    Main St| 314105|0|0|2.16|    King St| 314104|0|0|2.4|    01/01/2022|5232|F|99|0|0|0|0|0|C|.099|6 |.5|5553|F||||||||||||||
678221|0|R-VA   US00015NBBUS002||||R-VA   US00015NBBUS002|BUS US 15|Alexandria St|156|Town of Warrenton|156|Town of Warrenton|    King St| 314104|0|0|2.4|    Blackwell Rd| 314103|0|0|2.61|    01/01/2022|5821|F|99|0|1|0|0|0|F|.095|6 |.52|6178|F||||||||||||||
678222|0|R-VA   US00015NBBUS002||||R-VA   US00015NBBUS002|BUS US 15|Blackwell Rd|156|Town of Warrenton|156|Town of Warrenton|    Alexandria Pike| 314103|0|0|2.61|    US 29 Bus US 211; Lee Hwy| 314102|0|0|3.19|    01/01/2022|6488|F|99|0|1|0|0|0|C|.09|6 |.51|6896|F||||||||||||||
070356|0|R-VA   US00015NBBUS002||||R-VA   US00015NBBUS002|BUS US 15|Lee Highway|156|Town of Warrenton|156|Town of Warrenton|    US 29 Bus US 211; Blackwell Rd| 314102|0|0|3.19|    | 314099|0|0|3.78|    01/01/2022|30149|G|99|0|1|0|0|0|F|.087|6 |.53|32777|G||||||||||||||
070023|0|R-VA   US00017NB||||R-VA   US00017NB|US 17| |156|Town of Warrenton|030|Fauquier County|    Jurisdiction Boundary: 030 Fauquier County| 722692|0|0|216.7|    Physical Jurisdiction Boundary: 030 Fauquier County / 156 Town of Warrenton| 722693|0|0|218.18|    01/01/2022|13819|F|86|1|1|1|10|1|F|.085|6 |.56|13808|F||||||||||||||
070016|0|R-VA   US00017NBBUS006|R-VA   US00015NBBUS002|R-VA   US00029NBBUS012||R-VA   US00015NBBUS002|BUS US 15, BUS US 17, BUS US 29|James Madison Hwy|156|Town of Warrenton|156|Town of Warrenton|    Jurisdiction Boundary: 030 Fauquier County| 708333|0|0|.55|    Jurisdiction Boundary: 030 Fauquier County / 156 Town of Warrenton| 314115|0|0|.89|    01/01/2022|9640|A|97|1|1|0|1|0|C|.1|1 |.57|10360|A||||||||||||||
678204|0|R-VA   US00017NBBUS006|R-VA   US00029NBBUS012|||R-VA   US00017NBBUS006|BUS US 17, BUS US 29|East Shirley Ave|156|Town of Warrenton|156|Town of Warrenton|    Bus US 15 Falmouth St| 314115|0|0|.89|    | 314135|0|0|1.85|    01/01/2022|10934|F|98|0|1|0|0|0|C|.086|6 |.7|11605|F||||||||||||||
678227|0|R-VA   US00017NBBUS006|R-VA   US00029NBBUS012|||R-VA   US00017NBBUS006|BUS US 17, BUS US 29|West Shirley Ave|156|Town of Warrenton|156|Town of Warrenton|    Culpeper St| 314135|0|0|1.85|    Bus US 211 Waterloo St| 314134|0|0|2.65|    01/01/2022|15179|F|98|0|1|0|0|0|C|.088|6 |.52|16133|F||||||||||||||
678219|0|R-VA   US00017NBBUS006|R-VA   US00211EB|R-VA   US00029NBBUS012||R-VA   US00017NBBUS006|BUS US 17, BUS US 29, US 211|Broadview Ave|156|Town of Warrenton|156|Town of Warrenton|    Bus US 211 Waterloo St| 314134|0|0|2.65|    | 314131|0|0|3.5|    01/01/2022|29662|F|98|0|1|0|0|0|C|.085|6 |.58|31501|F||||||||||||||
678211|0|R-VA   US00017NBBUS006||||R-VA   US00017NBBUS006|BUS US 17|Broadview Ave|156|Town of Warrenton|156|Town of Warrenton|    Bus US 29 Lee Hwy| 314131|0|0|3.5|    | 314130|0|0|4.06|    01/01/2022|9404|F|97|0|1|1|1|0|C|.097|6 |.63|9996|F||||||||||||||
070016|0|R-VA   US00029NBBUS012|R-VA   US00015NBBUS002|R-VA   US00017NBBUS006||R-VA   US00015NBBUS002|BUS US 15, BUS US 17, BUS US 29|James Madison Hwy|156|Town of Warrenton|156|Town of Warrenton|    Jurisdiction Boundary: 030 Fauquier County| 708333|0|0|.55|    Jurisdiction Boundary: 030 Fauquier County / 156 Town of Warrenton| 314115|0|0|.89|    01/01/2022|9640|A|97|1|1|0|1|0|C|.1|1 |.57|10360|A||||||||||||||
678204|0|R-VA   US00029NBBUS012|R-VA   US00017NBBUS006|||R-VA   US00017NBBUS006|BUS US 17, BUS US 29|East Shirley Ave|156|Town of Warrenton|156|Town of Warrenton|    Bus US 15 Falmouth St| 314115|0|0|.89|    | 314135|0|0|1.85|    01/01/2022|10934|F|98|0|1|0|0|0|C|.086|6 |.7|11605|F||||||||||||||
678227|0|R-VA   US00029NBBUS012|R-VA   US00017NBBUS006|||R-VA   US00017NBBUS006|BUS US 17, BUS US 29|West Shirley Ave|156|Town of Warrenton|156|Town of Warrenton|    Culpeper St| 314135|0|0|1.85|    Bus US 211 Waterloo St| 314134|0|0|2.65|    01/01/2022|15179|F|98|0|1|0|0|0|C|.088|6 |.52|16133|F||||||||||||||
678219|0|R-VA   US00029NBBUS012|R-VA   US00017NBBUS006|R-VA   US00211EB||R-VA   US00017NBBUS006|BUS US 17, BUS US 29, US 211|Broadview Ave|156|Town of Warrenton|156|Town of Warrenton|    Bus US 211 Waterloo St| 314134|0|0|2.65|    | 314131|0|0|3.5|    01/01/2022|29662|F|98|0|1|0|0|0|C|.085|6 |.58|31501|F||||||||||||||
678212|0|R-VA   US00029NBBUS012||||R-VA   US00029NBBUS012|BUS US 29|Lee Highway|156|Town of Warrenton|156|Town of Warrenton|    Bus US 17 Broadview Ave| 314131|0|0|3.5|    Bus US 15 Blackwell Rd| 314102|0|0|4.07|    01/01/2022|26383|F|96|0|1|0|1|0|C|.077|6 |.56|28045|F||||||||||||||
678223|0|R-VA   US00211EB||||R-VA   US00211EB|US 211|Frost Ave|156|Town of Warrenton|156|Town of Warrenton|    WCL Warrenton|1115321|0|0|57.26|    Bus US 17; Bus US 29| 314134|0|0|57.74|    01/01/2022|21934|F|98|0|1|0|0|0|C|.092|6 |.67|23315|F||||||||||||||
678219|0|R-VA   US00211EB|R-VA   US00017NBBUS006|R-VA   US00029NBBUS012||R-VA   US00017NBBUS006|BUS US 17, BUS US 29, US 211|Broadview Ave|156|Town of Warrenton|156|Town of Warrenton|    Bus US 211 Waterloo St| 314134|0|0|57.74|    | 314131|0|0|58.59|    01/01/2022|29662|F|98|0|1|0|0|0|C|.085|6 |.58|31501|F||||||||||||||
678224|0|R-VA   US00211EBBUS001||||R-VA   US00211EBBUS001|BUS US 211|Waterloo St|156|Town of Warrenton|156|Town of Warrenton|    Broadview Ave| 314134|0|0|0|    Diagonal St| 314178|0|0|.62|    01/01/2022|5427|F|95|1|1|0|0|0|C|.102|6 |.62|5758|F||||||||||||||
070445|0|R-VA   US00211EBBUS001||||R-VA   US00211EBBUS001|BUS US 211|Waterloo St|156|Town of Warrenton|156|Town of Warrenton|    Diagonal St| 314178|0|0|.62|    US 15 Bus| 314106|0|0|.72|    01/01/2022|5100|F|95|1|1|0|0|0|F|.091|6 |.53|5420|F||||||||||||||
200851|0|S-VA156PR ACADEMY HILL RD||||S-VA156PR ACADEMY HILL RD|Academy Hill Rd||156|Town of Warrenton|156|Town of Warrenton|    Walker Dr|1036268|0|0|.56|    |1274667|0|0|.61|    ||X||||||||||||||||||||||||||
678228|0|S-VA156PR ALEXANDRIA PIKE||||S-VA156PR ALEXANDRIA PIKE|Alexandria Pike|Alexandria Pike|156|Town of Warrenton|156|Town of Warrenton|    Blackwell Rd| 314103|0|0|.47|    Dead End| 711819|0|0|1.02|    01/01/2022|223|F|94|1|2|0|0|0|C|.138|6 |.56|237|F||||||||||||||
678215|0|S-VA156PR BEAR WALLOW RD||||S-VA156PR BEAR WALLOW RD|Bear Wallow Rd|Bear Wallow Rd|156|Town of Warrenton|156|Town of Warrenton|    |1004526|0|0|.033|    WCL Warrenton| 313375|0|0|.48|    01/01/2022|4514|F|98|0|1|1|0|0|C|.1|6 |.5|4790|F||||||||||||||
678229|0|S-VA156PR BRANCH DR||||S-VA156PR BRANCH DR|Branch Dr|Branch Dr|156|Town of Warrenton|156|Town of Warrenton|    Lee Highway|1278363|0|0|0|    Oak Springs Dr| 711829|0|0|.2|    01/01/2022|3796|F|98|0|1|0|0|0|C|.112|6 |.58|4028|F||||||||||||||
678205|0|S-VA156PR CULPEPER ST||||S-VA156PR CULPEPER ST|Culpeper St|Culpeper St|156|Town of Warrenton|156|Town of Warrenton|    Hotel St| 314107|0|0|0|    Main St| 314221|0|0|.037|    01/01/2022|1108|F|98|0|1|0|0|0|F|.091|6 |1|1176|F||||||||||||||
678203|0|S-VA156PR CULPEPER ST||||S-VA156PR CULPEPER ST|Culpeper St|Culpeper St|156|Town of Warrenton|156|Town of Warrenton|    Shirley Ave| 314221|0|0|.037|    | 313544|0|0|.76|    01/01/2022|2560|F|98|0|1|0|0|0|C|.089|6 |.6|2717|F||||||||||||||
678230|0|S-VA156PR OAK SPRINGS DR||||S-VA156PR OAK SPRINGS DR|Oak Springs Dr|Oak Springs Dr|156|Town of Warrenton|156|Town of Warrenton|    Broadview Ave| 711828|0|0|0|    Jurisdiction Boundary: 156 Town of Warrenton / |1004523|0|0|.73|    01/01/2022|3120|F|97|0|1|1|0|0|C|.101|6 |.59|3313|F||||||||||||||
678201|0|S-VA156PR OLD MEETZE RD||||S-VA156PR OLD MEETZE RD|Old Meetze Rd|Old Meetze Rd|156|Town of Warrenton|156|Town of Warrenton|    Falmouth St| 314114|0|0|0|    Dead End| 711796|0|0|.37|    01/01/2022|525|F|94|1|3|0|0|0|C|.095|6 |.61|558|F||||||||||||||
678231|0|S-VA156PR RAPPAHANNOCK ST||||S-VA156PR RAPPAHANNOCK ST|Rappahannock St|Rappahannock St|156|Town of Warrenton|156|Town of Warrenton|    Waterloo Rd| 314175|0|0|0|    Jurisdiction Boundary: 156 Town of Warrenton / |1004271|0|0|.36|    01/01/2022|1592|F|96|0|2|1|0|0|F|.155|6 |.66|1690|F||||||||||||||
678225|0|S-VA156PR WATERLOO ST||||S-VA156PR WATERLOO ST|Waterloo St|Waterloo Rd|156|Town of Warrenton|156|Town of Warrenton|    WCL Warrenton| 314207|0|0|.764|    Rappahannock St| 313330|0|0|1.344|    01/01/2022|2633|F|96|0|2|1|0|0|C|.2|6 |.53|2794|F||||||||||||||
678226|0|S-VA156PR WINCHESTER ST||||S-VA156PR WINCHESTER ST|Winchester St|Winchester St|156|Town of Warrenton|156|Town of Warrenton|    Alexandria St| 314105|0|0|0|    King St| 314212|0|0|.47|    01/01/2022|2832|F|99|0|0|0|0|0|F|.096|6 |.54|3010|F||||||||||||||
678217|0|S-VA156PR WINCHESTER ST||||S-VA156PR WINCHESTER ST|Winchester St|Winchester St|156|Town of Warrenton|156|Town of Warrenton|    King St| 314212|0|0|.47|    Lee Highway| 314131|0|0|1.11|    01/01/2022|3980|F|99|0|0|0|0|0|C|.101|6 |.54|4224|F||||||||||||||
