sep=|
- - 2022 AADT Report for Town of Herndon - -
LINKID|SEQUENCENUMBER|RTE_NM|RTE_NM_2|RTE_NM_3|RTE_NM_4|Host RTE_NM|Route Label|Street Name|Physical Jurisdiction|Physical Jurisdiciton Name|Maintenance Jurisdiction|Maintenance Jurisdiciton Name|    Start Label|Start Node|Start Node Route Sequence|Star tOffset|Start Milepoint|    End Label|End Node|End Node Route Sequence|End Offset|End Milepoint|    VPDDate|AADT|AADT Quality|Passenger Vehicle|Bus|Truck 2 Axle|Truck 3 Axle|Truck 1 Trailer|Truck 2 Trailer|Class Quality|K Factor|K Factor Quality|Direction Factor|AAWDT|AAWDT Quality|AADT Dir|AADT Quality Dir|PassengerVehicle Dir|Bus Dir|Truck 2 Axle Dir|Truck 3 Axle Dir|Truck 1 Trailer Dir|Truck 2 Trailer Dir|Class Quality Dir|K Factor Dir|K Factor Quality Dir|Direction Factor Dir|AAWDT Dir|AAWDT Quality Dir
638015|0|R-VA   SR00228NB||||R-VA   SR00228NB|VA 228|Herndon Pkwy|235|Town of Herndon|235|Town of Herndon|    Elden St| 278906|0|0|.229|    Sterling Rd|1036874|0|0|1.201|    01/01/2022|16695|G|97|0|1|1|0|0|C|.093|6 |.54|17678|G||||||||||||||
781864|0|R-VA   SR00228NB||||R-VA   SR00228NB|VA 228|Herndon Pkwy|235|Town of Herndon|235|Town of Herndon|    Sterling Rd|1036874|0|0|1.201|    Crestview Dr|1002294|0|0|1.594|    01/01/2022|14061|G|97|0|1|1|0|0|F|.091|6 |.53|14890|G||||||||||||||
638012|0|R-VA   SR00228NB||||R-VA   SR00228NB|VA 228|Herndon Pkwy|235|Town of Herndon|235|Town of Herndon|    Crestview Dr|1002294|0|0|1.594|    Dranesville Rd| 703549|0|0|2.955|    01/01/2022|9046|G|97|0|1|1|0|0|C|.092|6 |.57|9579|G||||||||||||||
090276|0|R-VA   SR00228NB||||R-VA   SR00228NB|VA 228|Dranesville Rd|235|Town of Herndon|235|Town of Herndon|    Herndon Pkwy| 703549|0|0|2.955|    Jurisdiction Boundary: 235 Town of Herndon / 029 Fairfax County| 278922|0|0|3.185|    01/01/2022|17229|G|99|0|1|0|0|0|C|.094|6 |.52|29174|G||||||||||||||
190309|0|R-VA   SR00267WB||||R-VA   SR00267WB|VA 267|Dulles Toll Rd|235|Town of Herndon|US |Federal|    | 279063|0|0|16.61|    Physical Jurisdiction Boundary: 235 Town of Herndon / 029 Fairfax County| 279062|0|0|16.98|    01/01/2022|87945|G|98|0|1|0|1|0|F|.088|6 |.65|104533|G||||||||||||||
200576|0|S-VA029PR WASHINGTON & OLD DOMINION TRL||||S-VA029PR WASHINGTON & OLD DOMINION TRL|Washington & Old Dominion Trl|Washington and Old Dominion Trail|235|Town of Herndon|   ||    Physical Jurisdiction Boundary: 110 City of Falls Church|1286616|0|0|12.9|    Broad St, Herndon|1273358|0|0|15.29|    01/01/2022||X|||||||X||24|||X||||||||||||||
638001|0|S-VA235PR CRESTVIEW DR||||S-VA235PR CRESTVIEW DR|Crestview Dr|Crestview Dr|235|Town of Herndon|235|Town of Herndon|    Herndon Pkwy| 279485|0|0|.39|    NCL Herndon| 264432|0|0|.78|    01/01/2022|11963|G|99|0|1|0|0|0|C|.096|6 |.56|12664|G||||||||||||||
638003|0|S-VA235PR DRANESVILLE RD||||S-VA235PR DRANESVILLE RD|Dranesville Rd|Dranesville Rd|235|Town of Herndon|235|Town of Herndon|    Park Ave| 278918|0|0|.43|    Herndon Pkwy| 703549|0|0|.743|    01/01/2022|6378|G|98|0|2|0|0|0|C|.101|6 |.6|6756|G||||||||||||||
638010|0|S-VA235PR ELDEN ST||||S-VA235PR ELDEN ST|Elden St|Elden St|235|Town of Herndon|235|Town of Herndon|    ECL Herndon|1036704|0|0|0|    Herndon Pkwy|1036705|0|0|.35|    01/01/2022|26989|G|98|0|1|0|0|0|F|.087|6 |.53|28573|G||||||||||||||
638009|0|S-VA235PR ELDEN ST||||S-VA235PR ELDEN ST|Elden St|Elden St|235|Town of Herndon|235|Town of Herndon|    Herndon Pkwy|1036705|0|0|.35|    | 278912|0|0|1.02|    01/01/2022|18049|G|98|0|1|0|0|0|F|.085|6 |.51|19109|G||||||||||||||
781386|0|S-VA235PR ELDEN ST||||S-VA235PR ELDEN ST|Elden St|Elden St|235|Town of Herndon|235|Town of Herndon|    235-6656 Monroe St| 278912|0|0|1.02|    Spring St| 278910|0|0|1.14|    01/01/2021|15029|G|||||||X|.089|6 |.5||X||||||||||||||
638008|0|S-VA235PR ELDEN ST||||S-VA235PR ELDEN ST|Elden St|Elden St|235|Town of Herndon|235|Town of Herndon|    Spring St| 278910|0|0|1.14|    Center St| 278909|0|0|1.234|    01/01/2021|15665|G|||||||X|.084|6 |.53||X||||||||||||||
638007|0|S-VA235PR ELDEN ST||||S-VA235PR ELDEN ST|Elden St|Elden St|235|Town of Herndon|235|Town of Herndon|    Center St| 278909|0|0|1.234|    Sterling Rd| 279438|0|0|1.66|    01/01/2021|14462|G|||||||X|.084|6 |.52||X||||||||||||||
638006|0|S-VA235PR ELDEN ST||||S-VA235PR ELDEN ST|Elden St|Elden St|235|Town of Herndon|235|Town of Herndon|    Sterling Rd| 279438|0|0|1.66|    Alabama Dr| 278907|0|0|1.91|    01/01/2021|15719|G|||||||X|.095|6 |.52||X||||||||||||||
638005|0|S-VA235PR ELDEN ST||||S-VA235PR ELDEN ST|Elden St|Elden St|235|Town of Herndon|235|Town of Herndon|    Alabama Dr| 278907|0|0|1.91|    Herndon Pkwy| 278906|0|0|2.083|    01/01/2021|17376|G|||||||X|.093|6 |.52||X||||||||||||||
781863|0|S-VA235PR HERNDON PKWY||||S-VA235PR HERNDON PKWY|Herndon Pkwy|Herndon Pkwy|235|Town of Herndon|235|Town of Herndon|    SR 228 Dranesville Rd | 703549|0|0|0|    |1273858|0|0|1.429|    01/01/2022|7633|G|98|0|1|0|0|0|C|.102|6 |.66|8083|G||||||||||||||
638011|0|S-VA235PR HERNDON PKWY||||S-VA235PR HERNDON PKWY|Herndon Pkwy|Herndon Pkwy|235|Town of Herndon|235|Town of Herndon|    Elden St|1273858|0|0|1.429|    Spring St|1273856|0|0|2.038|    01/01/2022|9693|G|97|0|1|1|0|0|F|.097|6 |.58|10264|G||||||||||||||
781862|0|S-VA235PR HERNDON PKWY||||S-VA235PR HERNDON PKWY|Herndon Pkwy|Herndon Pkwy|235|Town of Herndon|235|Town of Herndon|    Spring St|1273856|0|0|2.038|    Van Buren St| 279439|0|0|2.99|    01/01/2022|15601|G|97|0|1|1|0|0|F|.098|6 |.62|16541|G||||||||||||||
638013|0|S-VA235PR HERNDON PKWY||||S-VA235PR HERNDON PKWY|Herndon Pkwy|Herndon Pkwy|235|Town of Herndon|235|Town of Herndon|    Van Buren St| 279439|0|0|2.99|    Campbell Way| 279470|0|0|3.22|    01/01/2022|10851|G|97|0|1|1|0|0|F|.097|6 |.55|11481|G||||||||||||||
638014|0|S-VA235PR HERNDON PKWY||||S-VA235PR HERNDON PKWY|Herndon Pkwy|Herndon Pkwy|235|Town of Herndon|235|Town of Herndon|    Campbell Way| 279470|0|0|3.22|    SR 228 Elden St| 278906|0|0|3.71|    01/01/2022|10043|G|97|0|1|1|0|0|C|.098|6 |.55|10635|G||||||||||||||
638016|0|S-VA235PR MONROE ST||||S-VA235PR MONROE ST|Monroe St|Monroe St|235|Town of Herndon|235|Town of Herndon|    235-6656 Elden St| 278912|0|0|.21|    Pine St| 278913|0|0|.29|    01/01/2022|5596|G|98|0|1|0|0|0|F|.098|6 |.52|5923|G||||||||||||||
638017|0|S-VA235PR MONROE ST||||S-VA235PR MONROE ST|Monroe St|Monroe St|235|Town of Herndon|235|Town of Herndon|    Pine St| 278913|0|0|.29|    Jurisdiction Boundary: 235 Town of Herndon / |1036828|0|0|1.49|    01/01/2022|4937|G|98|0|1|0|0|0|C|.106|6 |.56|5229|G||||||||||||||
638018|0|S-VA235PR PARK AVE||||S-VA235PR PARK AVE|Park Ave|Park Ave|235|Town of Herndon|235|Town of Herndon|    Monroe St| 278914|0|0|.52|    Grant St| 278916|0|0|.72|    01/01/2022|5612|G|98|0|1|0|0|0|F|.101|6 |.55|5946|G||||||||||||||
638019|0|S-VA235PR PARK AVE||||S-VA235PR PARK AVE|Park Ave|Park Ave|235|Town of Herndon|235|Town of Herndon|    Grant St| 278916|0|0|.72|    Dranesville Rd| 278918|0|0|.85|    01/01/2022|5527|G|98|0|2|0|0|0|F|.102|6 |.61|5850|G||||||||||||||
638020|0|S-VA235PR SPRING ST||||S-VA235PR SPRING ST|Spring St|Spring St|235|Town of Herndon|235|Town of Herndon|    Jurisdiction Boundary: 029 Fairfax County|1037294|0|0|.03|    Herndon Pkwy|1273857|0|0|.24|    01/01/2022|33910|G|98|0|1|0|0|0|F|.092|6 |.53|36108|G||||||||||||||
638021|0|S-VA235PR SPRING ST||||S-VA235PR SPRING ST|Spring St|Spring St|235|Town of Herndon|235|Town of Herndon|    Herndon Pkwy|1273857|0|0|.24|    Victory Dr|1250988|0|0|.47|    01/01/2022|9698|G|98|0|1|0|0|0|F|.091|6 |.56|10281|G||||||||||||||
638023|0|S-VA235PR SPRING ST||||S-VA235PR SPRING ST|Spring St|Spring St|235|Town of Herndon|235|Town of Herndon|    Victory Dr|1250988|0|0|.47|    Van Buren St|1037308|0|0|.87|    01/01/2022|7903|G|98|0|1|0|0|0|C|.093|6 |.56|8372|G||||||||||||||
638028|0|S-VA235PR STERLING RD||||S-VA235PR STERLING RD|Sterling Rd|Sterling Rd|235|Town of Herndon|235|Town of Herndon|    SR 228 Elden St| 279438|0|0|0|    Crestview Dr| 279457|0|0|.42|    01/01/2022|16669|G|98|0|1|0|0|0|F|.087|6 |.52|17648|G||||||||||||||
638027|0|S-VA235PR STERLING RD||||S-VA235PR STERLING RD|Sterling Rd|Sterling Rd|235|Town of Herndon|235|Town of Herndon|    Crestview Dr| 279457|0|0|.42|    Herndon Pkwy|1095555|0|0|.71|    01/01/2022|12663|G|98|0|1|0|0|0|C|.087|6 |.55|13407|G||||||||||||||
638024|0|S-VA235PR STERLING RD||||S-VA235PR STERLING RD|Sterling Rd|Sterling Rd|235|Town of Herndon|235|Town of Herndon|    Herndon Pkwy|1095555|0|0|.71|    WCL Herndon|1037379|0|0|.94|    01/01/2022|37128|G|98|0|1|0|0|0|F|.087|6 |.52|39307|G||||||||||||||
638029|0|S-VA235PR VAN BUREN ST||||S-VA235PR VAN BUREN ST|Van Buren St|Van Buren St|235|Town of Herndon|235|Town of Herndon|    SCL Herndon| 264206|0|0|0|    Herndon Pkwy| 279439|0|0|.255|    01/01/2022|14608|G|98|1|1|0|0|0|F|.095|6 |.52|15474|G||||||||||||||
638030|0|S-VA235PR VAN BUREN ST||||S-VA235PR VAN BUREN ST|Van Buren St|Van Buren St|235|Town of Herndon|235|Town of Herndon|    Herndon Pkwy| 279439|0|0|.255|    Alabama Dr| 279440|0|0|.501|    01/01/2022|6405|G|98|1|1|0|0|0|F|.093|6 |.51|6784|G||||||||||||||
638031|0|S-VA235PR VAN BUREN ST||||S-VA235PR VAN BUREN ST|Van Buren St|Van Buren St|235|Town of Herndon|235|Town of Herndon|    Alabama Dr| 279440|0|0|.501|    Spring St| 279443|0|0|.807|    01/01/2022|7895|G|98|1|1|0|0|0|C|.096|6 |.59|8373|G||||||||||||||
638032|0|S-VA235PR VAN BUREN ST||||S-VA235PR VAN BUREN ST|Van Buren St|Van Buren St|235|Town of Herndon|235|Town of Herndon|    Jurisdiction Boundary: 235 Town of Herndon / |1037306|0|0|.814|    Jurisdiction Boundary: 235 Town of Herndon| 279445|0|0|1|    01/01/2022|7974|G|98|1|1|0|0|0|F|.099|6 |.54|8448|G||||||||||||||
638033|0|S-VA235PR VAN BUREN ST||||S-VA235PR VAN BUREN ST|Van Buren St|Van Buren St|235|Town of Herndon|235|Town of Herndon|    Coral Rd| 279445|0|0|1|    |1037564|0|0|1.94|    01/01/2022|6214|G|98|1|1|0|0|0|F|.099|6 |.67|6582|G||||||||||||||
