sep=|
- - 2022 AADT Report for Town of St. Charles - -
LINKID|SEQUENCENUMBER|RTE_NM|RTE_NM_2|RTE_NM_3|RTE_NM_4|Host RTE_NM|Route Label|Street Name|Physical Jurisdiction|Physical Jurisdiciton Name|Maintenance Jurisdiction|Maintenance Jurisdiciton Name|    Start Label|Start Node|Start Node Route Sequence|Star tOffset|Start Milepoint|    End Label|End Node|End Node Route Sequence|End Offset|End Milepoint|    VPDDate|AADT|AADT Quality|Passenger Vehicle|Bus|Truck 2 Axle|Truck 3 Axle|Truck 1 Trailer|Truck 2 Trailer|Class Quality|K Factor|K Factor Quality|Direction Factor|AAWDT|AAWDT Quality|AADT Dir|AADT Quality Dir|PassengerVehicle Dir|Bus Dir|Truck 2 Axle Dir|Truck 3 Axle Dir|Truck 1 Trailer Dir|Truck 2 Trailer Dir|Class Quality Dir|K Factor Dir|K Factor Quality Dir|Direction Factor Dir|AAWDT Dir|AAWDT Quality Dir
010268|0|R-VA   SR00352NB||||R-VA   SR00352NB|VA 352|St Charles Rd|293|Town of St. Charles|052|Lee County|    Jurisdiction Boundary: 052 Lee County| 423135|0|0|2.18|    52-634 Bunny Blue Rd| 423152|0|0|2.4|    01/01/2022|1382|F|96|1|2|1|1|0|C|.118|6 |.59|1391|F||||||||||||||
400786|0|R-VA052SC00634NB||||R-VA052SC00634NB|52-634|Bunny Blue Rd|293|Town of St. Charles|052|Lee County|    SR 352; 52-636 St Charles Rd| 423152|0|0|0|    Physical Jurisdiction Boundary: 293 Town of St. Charles / 052 Lee County| 423153|0|0|.3|    01/01/2022|257|F|96|0|2|2|0|0|C|.124|6 |.61|259|F||||||||||||||
400789|0|R-VA052SC00636NB||||R-VA052SC00636NB|52-636|Monarch Rd|293|Town of St. Charles|052|Lee County|    SR 352| 423152|0|0|0|    NCL Saint Charles| 423157|0|0|.17|    01/01/2022|534|F|96|0|2|0|1|0|C|.097|6 |.51|537|F||||||||||||||
749191|0|R-VA052SC00720EB||||R-VA052SC00720EB|52-720|Big Rock Rd|293|Town of St. Charles|052|Lee County|    SR 352| 423135|0|0|0|    Physical Jurisdiction Boundary: 293 Town of St. Charles / 052 Lee County| 423134|0|0|.21|    06/06/2022|218|R|||||||X||24|||X||||||||||||||
749595|0|R-VA052SC00886NB||||R-VA052SC00886NB|52-886|Webb Hill Rd|293|Town of St. Charles|052|Lee County|    52-888| 706792|0|0|0|    52-636 Monarch Rd| 706791|0|0|.11|    08/01/2022|143|R|||||||X||24|||X||||||||||||||
749596|0|R-VA052SC00887NB||||R-VA052SC00887NB|52-887|Dogwood St|293|Town of St. Charles|052|Lee County|    52-886 Webb Hill Rd| 706793|0|0|0|    Dead End| 706794|0|0|.06|    05/08/2018|15|R|||||||X||24|||X||||||||||||||
749597|0|R-VA052SC00888NB||||R-VA052SC00888NB|52-888| |293|Town of St. Charles|052|Lee County|    52-886 Webb Hill Rd| 706792|0|0|0|    Dead End| 706795|0|0|.06|    05/09/2018|30|R|||||||X||24|||X||||||||||||||
