sep=|
- - 2022 AADT Report for Town of Christiansburg - -
LINKID|SEQUENCENUMBER|RTE_NM|RTE_NM_2|RTE_NM_3|RTE_NM_4|Host RTE_NM|Route Label|Street Name|Physical Jurisdiction|Physical Jurisdiciton Name|Maintenance Jurisdiction|Maintenance Jurisdiciton Name|    Start Label|Start Node|Start Node Route Sequence|Star tOffset|Start Milepoint|    End Label|End Node|End Node Route Sequence|End Offset|End Milepoint|    VPDDate|AADT|AADT Quality|Passenger Vehicle|Bus|Truck 2 Axle|Truck 3 Axle|Truck 1 Trailer|Truck 2 Trailer|Class Quality|K Factor|K Factor Quality|Direction Factor|AAWDT|AAWDT Quality|AADT Dir|AADT Quality Dir|PassengerVehicle Dir|Bus Dir|Truck 2 Axle Dir|Truck 3 Axle Dir|Truck 1 Trailer Dir|Truck 2 Trailer Dir|Class Quality Dir|K Factor Dir|K Factor Quality Dir|Direction Factor Dir|AAWDT Dir|AAWDT Quality Dir
780320|0|R-VA   FR00063NB||||R-VA   FR00063NB|FR 63|Brammer Lane|154|Town of Christiansburg|060|Montgomery County|    Houchins Rd|1074436|0|0|0|    | 463607|0|0|.24|    05/02/2019|86|R|||||||X||24|||X||||||||||||||
781197|0|R-VA   IS00081NB||||R-VA   IS00081NB|I-81| |154|Town of Christiansburg|060|Montgomery County|    | 463697|0|0|114.48|    Physical Jurisdiction Boundary: 060 Montgomery County / 154 Town of Christiansburg| 734744|0|1.28|118.38|    01/01/2022|50773|G|72|1|1|1|23|2|F|.08|6 |.55|51147|G|25621|G|71|1|1|1|24|2|F|.079|6 |1|25865|G
020180|0|R-VA   IS00081NB||||R-VA   IS00081NB|I-81| |154|Town of Christiansburg|060|Montgomery County|    US 11, US 460| 734744|0|1.28|118.38|    | 463702|0|0|119.15|    01/01/2022|53173|F|70|1|1|1|25|2|C|.099|6 |.63|52344|F|27266|F|70|1|1|1|26|2|C|.103|1 |1|26316|F
791017|0|R-VA   IS00081NB      DCR118.00X||||R-VA   IS00081NB      DCR118.00X|I-81  NB Collector-Distributor 118|I-81 North Exit 118 Collector Rd|154|Town of Christiansburg|060|Montgomery County|    I-81 North| 734744|0|0|0|    I-81 North Exit 118A Ramp| 737495|0|0|.33|    01/01/2022|7529|G|||||||X|.127|6 |1|7986|G||||||||||||||
797910|0|R-VA   IS00081NB      DCR118.00X||||R-VA   IS00081NB      DCR118.00X|I-81  NB Collector-Distributor 118|I-81 North Exit 118 Collector Rd|154|Town of Christiansburg|060|Montgomery County|    I-81 North Exit 118A Ramp| 737495|0|0|.33|    Ramp from US 460 East| 737496|0|0|.48|    01/01/2022|7339|G|||||||X|.127|6 |1|7339|G||||||||||||||
791018|0|R-VA   IS00081NB      DCR118.00X||||R-VA   IS00081NB      DCR118.00X|I-81  NB Collector-Distributor 118|I-81 North Exit 118 Collector Rd|154|Town of Christiansburg|060|Montgomery County|    Ramp from US 460 East| 737496|0|0|.48|    I-81 North Exit 118B Ramp| 737497|0|0|.62|    01/01/2022|11683|G|||||||X|.103|6 |1|11683|G||||||||||||||
797911|0|R-VA   IS00081NB      DCR118.00X||||R-VA   IS00081NB      DCR118.00X|I-81  NB Collector-Distributor 118|I-81 North Exit 118 Collector Rd|154|Town of Christiansburg|060|Montgomery County|    I-81 North Exit 118B Ramp| 737497|0|0|.62|    Ramp from US 460 West| 737498|0|0|.77|    01/01/2022|5896|G|||||||X|.1|6 |1|5896|G||||||||||||||
797912|0|R-VA   IS00081NB      DCR118.00X||||R-VA   IS00081NB      DCR118.00X|I-81  NB Collector-Distributor 118|I-81 North Exit 118 Collector Rd|154|Town of Christiansburg|060|Montgomery County|    Ramp from US 460 West| 737498|0|0|.77|    I-81 North Exit 118C| 737499|0|0|1.35|    01/01/2022|9288|G|||||||X|.107|6 |1|9288|G||||||||||||||
790808|0|R-VA   IS00081NB      DCR118.00X||||R-VA   IS00081NB      DCR118.00X|I-81  NB Collector-Distributor 118|I-81 North Exit 118 Collector Rd|154|Town of Christiansburg|060|Montgomery County|    I-81 North Exit 118C| 737499|0|0|1.35|    Ramp from US 11 North| 737500|0|0|1.47|    01/01/2022|6730|G|||||||X|.103|6 |1|6730|G||||||||||||||
797913|0|R-VA   IS00081NB      DCR118.00X||||R-VA   IS00081NB      DCR118.00X|I-81  NB Collector-Distributor 118|I-81 North Exit 118 Collector Rd|154|Town of Christiansburg|060|Montgomery County|    Ramp from US 11 North| 737500|0|0|1.47|    Ramp from US 11 South| 737501|0|0|1.75|    01/01/2022|7649|G|||||||X|.099|6 |1|7649|G||||||||||||||
797914|0|R-VA   IS00081NB      DCR118.00X||||R-VA   IS00081NB      DCR118.00X|I-81  NB Collector-Distributor 118|I-81 North Exit 118 Collector Rd|154|Town of Christiansburg|060|Montgomery County|    Ramp from US 11 South| 737501|0|0|1.75|    | 734745|0|0|2.11|    01/01/2022|7924|G|||||||X|.097|6 |1|7924|G||||||||||||||
787007|0|R-VA   IS00081NB      RMP114.00A||||R-VA   IS00081NB      RMP114.00A|I-81  NB EXIT 114A|Ramp I-81 N Exit 101 to SR 8|154|Town of Christiansburg|060|Montgomery County|    I-81 North| 463696|0|0|0|    SR 8 W Main St| 463614|0|0|.1|    01/01/2022|2645|G|||||||X|.11|6 |1|2803|G||||||||||||||
790805|0|R-VA   IS00081NB      RMP118.00A||||R-VA   IS00081NB      RMP118.00A|I-81  NB EXIT 118A|Ramp|154|Town of Christiansburg|060|Montgomery County|    I-81 North Exit 118 Collector Rd| 737495|0|0|0|    Parkway Drive| 737502|0|0|.23|    01/01/2022|623|G|||||||X|.148|6 |1|661|G||||||||||||||
790806|0|R-VA   IS00081NB      RMP118.00B||||R-VA   IS00081NB      RMP118.00B|I-81  NB EXIT 118B|Ramp|154|Town of Christiansburg|060|Montgomery County|    I-81 North Exit 118 Collector Rd| 737497|0|0|0|    US 460 West| 737503|0|0|.18|    01/01/2022|5445|G|||||||X|.136|6 |1|5776|G||||||||||||||
790807|0|R-VA   IS00081NB      RMP118.00C||||R-VA   IS00081NB      RMP118.00C|I-81  NB EXIT 118C|Ramp|154|Town of Christiansburg|060|Montgomery County|    I-81 North Exit 118 Collector Rd| 737499|0|0|0|    US 11 Roanoke St| 463635|0|0|.29|    01/01/2022|2406|G|||||||X|.128|6 |1|2552|G||||||||||||||
120014|0|R-VA   IS00081SB||||R-VA   IS00081SB|I-81| |154|Town of Christiansburg|060|Montgomery County|    | 463714|0|0|114.98|    US 11, US 460| 734747|0|1.77|119.25|    01/01/2022|50773|G|72|1|1|1|23|2|F|.081|6 |.57|51147|G|25152|G|73|1|1|1|23|2|F|.092|6 |1|25282|G
120013|0|R-VA   IS00081SB||||R-VA   IS00081SB|I-81| |154|Town of Christiansburg|060|Montgomery County|    US 11, US 460| 734747|0|1.77|119.25|    | 463718|0|0|119.59|    01/01/2022|53173|F|70|1|1|1|25|2|C|.099|6 |.63|52344|F|25907|F|71|1|1|1|25|2|C|.075|6 |1|26028|F
790813|0|R-VA   IS00081SB      DCR118.00X||||R-VA   IS00081SB      DCR118.00X|I-81  SB Collector-Distributor 118|I-81 South Exit 118  Collector Rd|154|Town of Christiansburg|060|Montgomery County|    I-81 South| 734746|0|0|0|    Jurisdiction Boundary: | 737505|0|0|.34|    01/01/2022|8089|G|||||||X|.095|6 |1|8089|G||||||||||||||
797923|0|R-VA   IS00081SB      DCR118.00X||||R-VA   IS00081SB      DCR118.00X|I-81  SB Collector-Distributor 118|I-81 South Exit 118  Collector Rd|154|Town of Christiansburg|060|Montgomery County|    I-81 South Exit 118C| 737505|0|0|.34|    Ramp from US 11 South| 737506|0|0|.48|    01/01/2022|6383|G|||||||X|.096|6 |1|6383|G||||||||||||||
791019|0|R-VA   IS00081SB      DCR118.00X||||R-VA   IS00081SB      DCR118.00X|I-81  SB Collector-Distributor 118|I-81 South Exit 118  Collector Rd|154|Town of Christiansburg|060|Montgomery County|    Ramp from US 11 South| 737506|0|0|.48|    Ramp from US 11 North| 737507|0|0|.75|    01/01/2022|7967|G|||||||X|.1|6 |1|7967|G||||||||||||||
797924|0|R-VA   IS00081SB      DCR118.00X||||R-VA   IS00081SB      DCR118.00X|I-81  SB Collector-Distributor 118|I-81 South Exit 118  Collector Rd|154|Town of Christiansburg|060|Montgomery County|    Ramp from US 11 North| 737507|0|0|.75|    I-81 South Exit 118B| 737523|0|0|1.26|    01/01/2022|9048|G|||||||X|.096|6 |1|9048|G||||||||||||||
797925|0|R-VA   IS00081SB      DCR118.00X||||R-VA   IS00081SB      DCR118.00X|I-81  SB Collector-Distributor 118|I-81 South Exit 118  Collector Rd|154|Town of Christiansburg|060|Montgomery County|    I-81 South Exit 118B| 737523|0|0|1.26|    Ramp from US 460 West| 737530|0|0|1.44|    01/01/2022|2080|G|||||||X|.11|6 |1|2080|G||||||||||||||
797927|0|R-VA   IS00081SB      DCR118.00X||||R-VA   IS00081SB      DCR118.00X|I-81  SB Collector-Distributor 118|I-81 South Exit 118  Collector Rd|154|Town of Christiansburg|060|Montgomery County|    Ramp from US 460 West| 737530|0|0|1.44|    I-81 South Exit 118A| 737531|0|0|1.58|    01/01/2022|2400|G|||||||X|.108|6 |1|2400|G||||||||||||||
797926|0|R-VA   IS00081SB      DCR118.00X||||R-VA   IS00081SB      DCR118.00X|I-81  SB Collector-Distributor 118|I-81 South Exit 118  Collector Rd|154|Town of Christiansburg|060|Montgomery County|    I-81 South Exit 118A| 737531|0|0|1.58|    Ramp from US 11 & US 460| 737536|0|0|1.72|    01/01/2022|2402|G|||||||X|.11|6 |1|2402|G||||||||||||||
791020|0|R-VA   IS00081SB      DCR118.00X||||R-VA   IS00081SB      DCR118.00X|I-81  SB Collector-Distributor 118|I-81 South Exit 118  Collector Rd|154|Town of Christiansburg|060|Montgomery County|    Ramp from US 11 & US 460| 737536|0|0|1.72|    I-81 South| 734747|0|0|2.04|    01/01/2022|8591|G|||||||X|.131|6 |1|8591|G||||||||||||||
787107|0|R-VA   IS00081SB      RMP114.00A||||R-VA   IS00081SB      RMP114.00A|I-81  SB EXIT 114A|Ramp I-81 S Exit 101 to SR 8|154|Town of Christiansburg|060|Montgomery County|    I-81 South| 721234|0|0|0|    SR 8 W Main St|1089856|0|0|.1|    01/01/2022|3899|G|||||||X|.194|6 |1|4133|G||||||||||||||
790809|0|R-VA   IS00081SB      RMP118.00A||||R-VA   IS00081SB      RMP118.00A|I-81  SB EXIT 118A|Ramp|154|Town of Christiansburg|060|Montgomery County|    I-81 South Exit 118 Collector Rd| 737531|0|0|0|    US 460 East| 737532|0|0|.17|    01/01/2022|187|G|||||||X|.148|6 |1|198|G||||||||||||||
790810|0|R-VA   IS00081SB      RMP118.00B||||R-VA   IS00081SB      RMP118.00B|I-81  SB EXIT 118B|Ramp|154|Town of Christiansburg|060|Montgomery County|    I-81 South Exit 118 Collector Rd| 737523|0|0|0|    Ramp to US 11| 737524|0|0|.09|    01/01/2022|6556|G|||||||X|.098|6 |1|6954|G||||||||||||||
790811|0|R-VA   IS00081SB      RMP118.00C||||R-VA   IS00081SB      RMP118.00C|I-81  SB EXIT 118C|Ramp|154|Town of Christiansburg|060|Montgomery County|    I-81 South Exit 118 Collector Rd| 737505|0|0|0|    US 11 Roanoke St| 722268|0|0|.3|    01/01/2022|1605|G|||||||X|.093|6 |1|1703|G||||||||||||||
618199|0|R-VA   SR00008NB||||R-VA   SR00008NB|VA 8|W Main St|154|Town of Christiansburg|154|Town of Christiansburg|    | 463617|0|0|54.84|    | 463622|0|0|55.56|    01/01/2022|11162|F|96|1|1|1|1|0|C|.092|6 |.53|11849|F||||||||||||||
787180|0|R-VA   SR00008UK      RMP055.00A||||R-VA   SR00008UK      RMP055.00A|VA 8  EXIT 55A|Ramp to I-81 N at Exit 101|154|Town of Christiansburg|060|Montgomery County|    SR 8 W Main St| 463614|0|0|0|    I-81 North| 463698|0|0|.2|    01/01/2022|3946|G|||||||X|.154|6 |1|4182|G||||||||||||||
787181|0|R-VA   SR00008UK      RMP055.00B||||R-VA   SR00008UK      RMP055.00B|VA 8  EXIT 55B|Ramp to I-81 S at Exit 101|154|Town of Christiansburg|060|Montgomery County|    SR 8 W Main St|1075058|0|0|0|    I-81 South| 463713|0|0|.12|    01/01/2022|2291|G|||||||X|.116|6 |1|2429|G||||||||||||||
618202|0|R-VA   SR00111EB||||R-VA   SR00111EB|VA 111|Cambria St|154|Town of Christiansburg|154|Town of Christiansburg|    BUS 460| 463674|0|0|0|    Ellett Rd| 463673|0|0|.79|    01/01/2022|6692|G|96|0|1|2|1|0|C|.1|6 |.55|7078|G||||||||||||||
618181|0|R-VA   SR00111EB||||R-VA   SR00111EB|VA 111|Cambria St|154|Town of Christiansburg|154|Town of Christiansburg|    Ellett Rd| 463673|0|0|.79|    Depot St| 463671|0|0|1.18|    01/01/2022|5879|G|97|1|1|1|0|0|C|.108|6 |.51|6218|G||||||||||||||
618182|0|R-VA   SR00111EB||||R-VA   SR00111EB|VA 111|Depot St|154|Town of Christiansburg|154|Town of Christiansburg|    Cambria St| 463671|0|0|1.18|    | 463669|0|0|2.15|    01/01/2022|4426|G|96|1|1|1|0|0|F|.104|6 |.52|4682|G||||||||||||||
618191|0|R-VA   SR00111EB||||R-VA   SR00111EB|VA 111|Depot St|154|Town of Christiansburg|154|Town of Christiansburg|    Park St| 463669|0|0|2.15|    US 11 Roanoke St| 463646|0|0|2.26|    01/01/2022|5240|G|96|1|1|1|0|0|C|.103|6 |.6|5543|G||||||||||||||
618204|0|R-VA   SR00114EB||||R-VA   SR00114EB|VA 114|Peppers Ferry Rd|154|Town of Christiansburg|154|Town of Christiansburg|    |1277932|0|0|8.27|    Somerset St| 463723|0|0|9.16|    01/01/2022|15765|F|98|0|1|1|0|0|F|.095|6 |.57|16521|F||||||||||||||
618210|0|R-VA   SR00114EB||||R-VA   SR00114EB|VA 114|Peppers Ferry Rd|154|Town of Christiansburg|154|Town of Christiansburg|    Somerset St| 463723|0|0|9.16|    | 463721|0|0|9.71|    01/01/2022|18866|F|98|0|1|1|0|0|C|.094|6 |.58|19771|F||||||||||||||
789580|0|R-VA   SR00114EB||||R-VA   SR00114EB|VA 114|Peppers Ferry Rd|154|Town of Christiansburg|154|Town of Christiansburg|    Bus US 460| 463721|0|0|9.71|    Jurisdiction Boundary: 154 Town of Christiansburg / 060 Montgomery County| 734736|0|0|10.08|    01/01/2022|14035|G|97|0|1|0|1|0|C|.105|6 |.5|14856|G||||||||||||||
618200|0|R-VA   US00011NB||||R-VA   US00011NB|US 11|Radford St|154|Town of Christiansburg|154|Town of Christiansburg|    |1270815|0|0|116.271|    SR 8 W Main St| 463622|0|0|117.64|    01/01/2022|10960|F|97|0|1|1|0|0|C|.099|6 |.55|11498|F||||||||||||||
618198|0|R-VA   US00011NB||||R-VA   US00011NB|US 11|W Main St|154|Town of Christiansburg|154|Town of Christiansburg|    SR 8, Radford St| 463622|0|0|117.64|    | 463650|0|0|117.94|    01/01/2022|4777|G|97|0|1|1|0|0|F|.095|6 |.51|5053|G||||||||||||||
618189|0|R-VA   US00011NB||||R-VA   US00011NB|US 11|E Main St|154|Town of Christiansburg|154|Town of Christiansburg|    Bus US 460 S Franklin St| 463650|0|0|117.94|    | 463648|0|0|118.06|    01/01/2022|6254|G|97|0|1|1|0|0|F|.095|6 |.53|6614|G||||||||||||||
618401|0|R-VA   US00011NB||||R-VA   US00011NB|US 11|Roanoke St|154|Town of Christiansburg|154|Town of Christiansburg|    E Main St| 463648|0|0|118.06|    First St SE| 463647|0|0|118.17|    01/01/2022|9576|F|97|0|1|1|0|0|F|.1|6 |.54|10045|F||||||||||||||
618111|0|R-VA   US00011NB||||R-VA   US00011NB|US 11|Roanoke St|154|Town of Christiansburg|154|Town of Christiansburg|    First St SE| 463647|0|0|118.17|    | 463646|0|0|119.15|    01/01/2022|10927|G|97|0|1|1|0|0|F|.097|6 |.51|11557|G||||||||||||||
618192|0|R-VA   US00011NB||||R-VA   US00011NB|US 11|Roanoke St|154|Town of Christiansburg|154|Town of Christiansburg|    SR 111 Depot St| 463646|0|0|119.15|    | 737533|0|0|120.01|    01/01/2022|14701|G|97|0|1|0|0|0|C|.1|6 |.57|15550|G||||||||||||||
020344|0|R-VA   US00011NB||||R-VA   US00011NB|US 11|Roanoke St|154|Town of Christiansburg|154|Town of Christiansburg|    US 460| 737533|0|0|120.01|    | 463635|0|0|121.16|    01/01/2022|15937|F|96|1|1|2|1|0|C|.091|6 |.51|16925|F||||||||||||||
020423|0|R-VA   US00011NB|R-VA   US00460EB|||R-VA   US00011NB|US 11, US 460|Roanoke St|154|Town of Christiansburg|154|Town of Christiansburg|    I-81| 463635|0|0|121.16|    |1274513|0|0|123.27|    01/01/2022|9414|F|96|0|1|1|2|0|F|.102|6 |.58|9876|F||||||||||||||
790856|0|R-VA   US00011NB      RMP121.00A||||R-VA   US00011NB      RMP121.00A|US 11  NB EXIT 121A|Ramp|154|Town of Christiansburg|060|Montgomery County|    US 11 N, Roanoke St| 463638|0|0|0|    I-81 South Exit 118 Collector Rd| 737507|0|0|.15|    01/01/2022|1016|G|||||||X|.113|6 |1|1078|G||||||||||||||
790857|0|R-VA   US00011NB      RMP121.00B||||R-VA   US00011NB      RMP121.00B|US 11  NB EXIT 121B|Ramp|154|Town of Christiansburg|060|Montgomery County|    US 11 N, Roanoke St| 463636|0|0|0|    I-81 North Exit 118 Collector Rd| 737500|0|0|.22|    01/01/2022|880|G|||||||X|.099|6 |1|934|G||||||||||||||
790859|0|R-VA   US00011SB      RMP121.00A||||R-VA   US00011SB      RMP121.00A|US 11  SB EXIT 121A|Ramp|154|Town of Christiansburg|060|Montgomery County|    US 11 S, Roanoke St| 463637|0|0|0|    I-81 South Exit 118 Collector Rd| 737506|0|0|.22|    01/01/2022|1490|G|||||||X|.119|6 |1|1580|G||||||||||||||
790860|0|R-VA   US00011SB      RMP121.00B||||R-VA   US00011SB      RMP121.00B|US 11  SB EXIT 121B|Ramp|154|Town of Christiansburg|060|Montgomery County|    US 11 S, Roanoke St| 463634|0|0|0|    I-81 North Exit 118 Collector Rd| 737501|0|0|.16|    01/01/2022|258|G|||||||X|.12|6 |1|274|G||||||||||||||
790854|0|R-VA   US00011UK      RMP120.00A||||R-VA   US00011UK      RMP120.00A|US 11  EXIT 120A|Ramp|154|Town of Christiansburg|060|Montgomery County|    US 11 FROM RT 460 TO 81 SOUTH & PARK| 737533|0|0|0|    US 11- 120C TO PARKWAY DRIVE| 737534|0|0|.1|    01/01/2022|2653|G|||||||X|.108|6 |1|2653|G||||||||||||||
798093|0|R-VA   US00011UK      RMP120.00A||||R-VA   US00011UK      RMP120.00A|US 11  EXIT 120A|Ramp|154|Town of Christiansburg|060|Montgomery County|    US 11- 120C TO PARKWAY DRIVE| 737534|0|0|.1|    US 460-E124A FROM RT 11 AND PARKWAY DRIV| 737535|0|0|.28|    01/01/2022|1198|G|||||||X|.112|6 |1|1198|G||||||||||||||
798094|0|R-VA   US00011UK      RMP120.00A||||R-VA   US00011UK      RMP120.00A|US 11  EXIT 120A|Ramp|154|Town of Christiansburg|060|Montgomery County|    Ramp from US 460 East| 737535|0|0|.28|    I-81 South Exit 118 Collector Rd| 737536|0|0|.43|    01/01/2022|6189|G|||||||X|.139|6 |1|6189|G||||||||||||||
790855|0|R-VA   US00011UK      RMP120.00C||||R-VA   US00011UK      RMP120.00C|US 11  EXIT 120C|Ramp|154|Town of Christiansburg|060|Montgomery County|    US 11- 120A TO PARKWAY DRIVE| 737534|0|0|0|    US 460 FROM RT 11| 737537|0|0|.13|    01/01/2022|1476|G|||||||X|.137|6 |1|1476|G||||||||||||||
803814|0|R-VA   US00011UK      RMP120.00D||||R-VA   US00011UK      RMP120.00D|US 11  EXIT 120D|Ramp|154|Town of Christiansburg|060|Montgomery County|    US 11, Bus US 460 Roanoke St| 737527|0|0|0|    US 460 East| 736991|0|0|.13|    01/01/2022|7532|G|||||||X|.101|6 |1|7532|G||||||||||||||
020187|0|R-VA   US00460EB||||R-VA   US00460EB|US 460| |154|Town of Christiansburg|   ||    |1174534|0|0|124.23|    | 737542|0|0|125.24|    01/01/2022|36863|F|93|1|1|1|4|0|C|.1|6 |.59|40075|F||||||||||||||
020423|0|R-VA   US00460EB|R-VA   US00011NB|||R-VA   US00011NB|US 11, US 460|Roanoke St|154|Town of Christiansburg|154|Town of Christiansburg|    I-81| 463635|0|0|126.54|    |1274513|0|0|128.65|    01/01/2022|9414|F|96|0|1|1|2|0|F|.102|6 |.58|9876|F||||||||||||||
804169|0|R-VA   US00460EB      RMP122.00A||||R-VA   US00460EB      RMP122.00A|US 460  EB EXIT 122A|Ramp|154|Town of Christiansburg|060|Montgomery County|    US-00460(B)/RAMP TO RTE 460 SUB EAST| 736569|0|0|0|    US-00460-W122A(R)/US-00460- 122A(U)/TO RTE 46| 756602|0|0|.38|    01/01/2022|8395|F|||||||X|.131|6 |1|8395|F||||||||||||||
790865|0|R-VA   US00460EB      RMP124.00B||||R-VA   US00460EB      RMP124.00B|US 460  EB EXIT 124B|Ramp|154|Town of Christiansburg|060|Montgomery County|    US 460 TO RT 81 SOUTH| 736999|0|0|0|    US 11- 120A FROM RT 11 AND PARKWAY DRIV| 737535|0|0|.21|    01/01/2022|4039|G|||||||X|.15|6 |1|4039|G||||||||||||||
790866|0|R-VA   US00460EB      RMP124.00C||||R-VA   US00460EB      RMP124.00C|US 460  EB EXIT 124C|Ramp toward I-81 N (to CD Road) at Exit 118|154|Town of Christiansburg|060|Montgomery County|    US 460 East, Parkway Dr| 737542|0|0|0|    I-81 North Exit 118 Collector Rd| 737496|0|0|.14|    01/01/2022|4085|G|||||||X|.101|6 |1|4334|G||||||||||||||
020455|0|R-VA   US00460EBBUS007||||R-VA   US00460EBBUS007|BUS US 460|Main St|154|Town of Christiansburg|060|Montgomery County|    Jurisdiction Boundary: 150 Town of Blacksburg| 463768|0|0|1.05|    | 463721|0|0|2.02|    01/01/2022|14832|G|98|0|1|0|0|0|F|.096|6 |.56|15694|G||||||||||||||
618203|0|R-VA   US00460EBBUS007||||R-VA   US00460EBBUS007|BUS US 460|N Franklin St|154|Town of Christiansburg|060|Montgomery County|    SR 114 Peppers Ferry Rd| 463721|0|0|2.02|    Farmview Rd| 463765|0|0|2.47|    01/01/2022|22178|G|98|0|1|0|0|0|C|.091|6 |.5|23460|G||||||||||||||
618201|0|R-VA   US00460EBBUS007||||R-VA   US00460EBBUS007|BUS US 460|Ramp within Interchange with US 460 (Blacksburg)|154|Town of Christiansburg|060|Montgomery County|    Farmview Rd| 463765|0|0|2.47|    SR 111 Cambria St| 463674|0|0|2.94|    01/01/2022|8297|G|98|0|1|1|0|0|F|.101|6 |1|8882|G||||||||||||||
618184|0|R-VA   US00460EBBUS007||||R-VA   US00460EBBUS007|BUS US 460|N Franklin St|154|Town of Christiansburg|154|Town of Christiansburg|    SR 111 Cambria St| 463674|0|0|2.94|    | 463784|0|0|4.32|    01/01/2022|24763|F|98|0|1|1|0|0|C|.094|6 |.57|25950|F||||||||||||||
618185|0|R-VA   US00460EBBUS007||||R-VA   US00460EBBUS007|BUS US 460|N Franklin St|154|Town of Christiansburg|154|Town of Christiansburg|    Depot St| 463784|0|0|4.32|    US 11, SR 8 Main St| 463650|0|0|4.6|    01/01/2022|10669|F|98|0|1|1|0|0|F|.09|6 |.6|11180|F||||||||||||||
804424|0|R-VA   US00460EBBUS007RMP003.00B||||R-VA   US00460EBBUS007RMP003.00B|BUS US 460  EB EXIT 3B|Ramp|154|Town of Christiansburg|060|Montgomery County|    Bus US 460 E| 756592|0|0|0|    SR 111 Cambria St| 756603|0|0|.12|    01/01/2022|1957|F|||||||X|.118|6 |1|1957|F||||||||||||||
804161|0|R-VA   US00460UK      RMP122.00A||||R-VA   US00460UK      RMP122.00A|US 460  EXIT 122A|Ramp|154|Town of Christiansburg|060|Montgomery County|    US-00460-W122A(R)/US-00460-E122A(U)/TO RTE 46| 756602|0|0|0|    C7US-00460(B)/FROM RTE 460| 736984|0|0|.22|    01/01/2022|15671|F|||||||X|.116|6 |1|15671|F||||||||||||||
804186|0|R-VA   US00460WB      RMP121.00A||||R-VA   US00460WB      RMP121.00A|US 460  WB EXIT 121A|Ramp|154|Town of Christiansburg|060|Montgomery County|    US-00460(B)/TO RTE 114| 736565|0|0|0|    US-00460-W121B(U)/US-00460-W121C(R)/TO RTE 11| 756319|0|0|.19|    01/01/2022|501|F|||||||X|.125|6 |1|501|F||||||||||||||
804189|0|R-VA   US00460WB      RMP122.00A||||R-VA   US00460WB      RMP122.00A|US 460  WB EXIT 122A|Ramp|154|Town of Christiansburg|060|Montgomery County|    US-00460(B)/RAMP TO RT 460 BUS| 736996|0|0|0|    US-00460-E122A(L)/US-00460- 122A(R)/TO RTE 46| 756602|0|0|.63|    01/01/2022|1309|F|||||||X|.118|6 |1|1309|F||||||||||||||
804190|0|R-VA   US00460WB      RMP122.00B||||R-VA   US00460WB      RMP122.00B|US 460  WB EXIT 122B|Ramp|154|Town of Christiansburg|060|Montgomery County|    US-00460-W122A(R)/TO RTE 460 BUS WEST| 756601|0|0|0|    C7US-00460-P(R)/FROM RTE 460 WEST| 736977|0|0|.15|    01/01/2022|4603|F|||||||X|.099|6 |1|4603|F||||||||||||||
790871|0|R-VA   US00460WB      RMP124.00A||||R-VA   US00460WB      RMP124.00A|US 460  WB EXIT 124A|Ramp|154|Town of Christiansburg|060|Montgomery County|    US 460 TO RT 11| 737528|0|0|0|    I-81-S118D FROM PARKWAY DRIVE WEST| 737526|0|0|.12|    01/01/2022|2141|G|||||||X|.112|6 |1|2141|G||||||||||||||
790872|0|R-VA   US00460WB      RMP124.00B||||R-VA   US00460WB      RMP124.00B|US 460  WB EXIT 124B|Ramp|154|Town of Christiansburg|060|Montgomery County|    US 460 West| 737529|0|0|0|    I-81 South Exit 118 Collector Rd| 737530|0|0|.18|    01/01/2022|302|G|||||||X|.192|6 |1|320|G||||||||||||||
804427|0|R-VA   US00460WBBUS007RMP003.00A||||R-VA   US00460WBBUS007RMP003.00A|BUS US 460  WB EXIT 3A|Ramp|154|Town of Christiansburg|060|Montgomery County|    C7US-00460-P(L)/TO RTE 460 WEST| 736980|0|0|0|    US-00460(B)/FROM RTE 460 BUS WEST| 736568|0|0|.22|    01/01/2022|16629|F|||||||X|.09|6 |1|16629|F||||||||||||||
804428|0|R-VA   US00460WBBUS007RMP003.00B||||R-VA   US00460WBBUS007RMP003.00B|BUS US 460  WB EXIT 3B|Ramp|154|Town of Christiansburg|060|Montgomery County|    C7US-00460-P(B)/TO RTE 460 EAST| 736983|0|0|0|    Jurisdiction Boundary: | 756604|0|0|.2|    01/01/2022|1600|F|||||||X|.116|6 |1|1600|F||||||||||||||
794639|0|R-VA060SC09252NB||||R-VA060SC09252NB|60-9252| |154|Town of Christiansburg|060|Montgomery County|    CL Christiansburg| 747910|0|0|0|    | 747916|1|0|.7|    03/05/2020|1108|R|||||||X||24|||X||||||||||||||
790525|0|R-VA060SC99027NB      RMP000.00A||||R-VA060SC99027NB      RMP000.00A|60-99027  NB EXIT 0A|Ramp|154|Town of Christiansburg|060|Montgomery County|    Parkway Drive| 737504|0|0|0|    I-81 North Exit 118 Collector Rd| 737498|0|0|.31|    01/01/2022|3192|G|||||||X|.123|6 |1|3385|G||||||||||||||
787609|0|S-VA154PR DEPOT ST||||S-VA154PR DEPOT ST|Depot St|Depot St|154|Town of Christiansburg|154|Town of Christiansburg|    SR 111 Depot St; Cambria St| 463671|0|0|1.08|    C7US 460| 463784|0|0|1.98|    01/01/2022|2760|F|98|1|1|1|0|0|C|.114|6 |.55|2930|F||||||||||||||
787608|0|S-VA154PR DEPOT ST||||S-VA154PR DEPOT ST|Depot St|Depot St|154|Town of Christiansburg|154|Town of Christiansburg|    C7US 460| 463784|0|0|1.98|    US 11 Radford St| 463654|0|0|2.39|    01/01/2022|13497|G|97|1|1|1|0|0|C|.092|6 |.54|14277|G||||||||||||||
781845|0|S-VA154PR DEPOT ST||||S-VA154PR DEPOT ST|Depot St|Depot St|154|Town of Christiansburg|154|Town of Christiansburg|    US 11 Radford St| 463654|0|0|2.39|    | 463932|0|0|2.51|    01/01/2022|8573|G|97|1|1|1|0|0|F|.092|6 |.6|9068|G||||||||||||||
783040|0|S-VA154PR DEPOT ST||||S-VA154PR DEPOT ST|Depot St|Depot St|154|Town of Christiansburg|154|Town of Christiansburg|    College St| 463932|0|0|2.51|    SR 8 App. Loc.| 723068|0|0|2.63|    01/01/2022|7561|G|98|0|1|1|0|0|F|.092|6 |.58|7999|G||||||||||||||
618207|0|S-VA154PR ELLETT RD||||S-VA154PR ELLETT RD|Ellett Rd|Ellett Rd|154|Town of Christiansburg|154|Town of Christiansburg|    SR 111 Cambria St| 463673|0|0|.58|    NCL Christiansburg| 463290|0|0|.97|    01/01/2022|1800|F|97|0|2|1|0|0|C|.097|6 |.55|1889|F||||||||||||||
781843|0|S-VA154PR FALLING BRANCH RD||||S-VA154PR FALLING BRANCH RD|Falling Branch Rd|Falling Branch Rd|154|Town of Christiansburg|154|Town of Christiansburg|    US 11 Roanoke St| 463645|0|0|0|    Dead End| 713079|0|0|.34|    01/01/2022|369|F|99|1|0|0|0|0|C|.127|6 |.63|387|F||||||||||||||
200847|0|S-VA154PR FALLING BRANCH RD SE||||S-VA154PR FALLING BRANCH RD SE|Falling Branch Rd Se||154|Town of Christiansburg|154|Town of Christiansburg|    60-1416 Parkway Dr|1243302|0|0|0|    R-VA   FR00062NB| 463514|0|0|.06|    ||X||||||||||||||||||||||||||
618196|0|S-VA154PR FIRST ST||||S-VA154PR FIRST ST|First St|First St|154|Town of Christiansburg|154|Town of Christiansburg|    Phlegar St| 463929|0|0|.149|    | 463647|0|0|.549|    01/01/2022|4854|G|97|1|1|0|0|0|C|.102|6 |.57|5135|G||||||||||||||
618195|0|S-VA154PR FRANKLIN ST S||||S-VA154PR FRANKLIN ST S|Franklin St S|S Franklin St|154|Town of Christiansburg|154|Town of Christiansburg|    US 460 Main St| 463650|0|0|0|    | 463924|0|0|.58|    01/01/2022|5221|F|98|0|1|1|0|0|F|.099|6 |.62|5471|F||||||||||||||
618400|0|S-VA154PR FRANKLIN ST S||||S-VA154PR FRANKLIN ST S|Franklin St S|S Franklin St|154|Town of Christiansburg|154|Town of Christiansburg|    Alleghany St| 463924|0|0|.58|    ECL Christiansburg| 463057|0|0|1.77|    01/01/2022|5135|F|98|0|1|1|0|0|C|.103|6 |.7|5387|F||||||||||||||
618188|0|S-VA154PR MAIN ST E||||S-VA154PR MAIN ST E|Main St E|E Main St|154|Town of Christiansburg|154|Town of Christiansburg|    Roanoke St| 463648|0|0|.12|    | 463950|0|0|.28|    01/01/2022|1650|F|98|0|1|0|0|0|C|.099|6 |.6|1751|F||||||||||||||
618190|0|S-VA154PR MAIN ST E||||S-VA154PR MAIN ST E|Main St E|Main St|154|Town of Christiansburg|154|Town of Christiansburg|    Park St| 463950|0|0|.28|    SR 111 Roanoke St| 463670|0|0|.88|    01/01/2022|893|F|97|0|1|1|0|0|C|.125|6 |.52|948|F||||||||||||||
780786|0|S-VA154PR MILL LN||||S-VA154PR MILL LN|Mill Ln|Mill Lane|154|Town of Christiansburg|154|Town of Christiansburg|    | 463612|0|0|.238|    Bus US 460 , Railroad St|1076441|0|0|.368|    05/19/2022|2002|R|||||||X||24|||X||||||||||||||
781844|0|S-VA154PR MUD PIKE DR||||S-VA154PR MUD PIKE DR|Mud Pike Dr|Mud Pike Rd|154|Town of Christiansburg|154|Town of Christiansburg|    SR 8 W Main Street; Moose Dr|1072759|0|0|0|    60-666 JB-154 WCL Christiansburg| 463214|0|0|.12|    01/01/2022|2948|F|98|0|1|1|0|0|C|.104|6 |.63|3093|F||||||||||||||
618205|0|S-VA154PR PARK ST||||S-VA154PR PARK ST|Park St|Park St|154|Town of Christiansburg|154|Town of Christiansburg|    E Main St| 463950|0|0|0|    SR 111 Depot St| 463669|0|0|.86|    01/01/2022|1711|F|98|1|1|0|0|0|C|.108|6 |1|1816|F||||||||||||||
618206|0|S-VA154PR PHLEGAR ST||||S-VA154PR PHLEGAR ST|Phlegar St|Phlegar St|154|Town of Christiansburg|154|Town of Christiansburg|    US 11 Main St| 463652|0|0|0|    Jurisdiction Boundary: 154 Town of Christiansburg / |1076270|0|0|.29|    01/01/2022|3951|G|97|1|1|0|0|0|F|.101|6 |.59|4179|G||||||||||||||
200849|0|S-VA154PR PIN OAK DRIVE DR NW||||S-VA154PR PIN OAK DRIVE DR NW|Pin Oak Drive Dr Nw||154|Town of Christiansburg|   ||    Willow Oak Dr|1077654|0|0|0|    S-VA154PR AMBER CIR NW, S-VA154PR TWISTED OAK  DR NW|1274028|0|0|.29|    ||X||||||||||||||||||||||||||
800228|1|S-VA154PR WAYSIDE DR||||S-VA154PR WAYSIDE DR|Wayside Dr|Wayside Dr|154|Town of Christiansburg|154|Town of Christiansburg|    US 11, US 460 Roanoke St| 463628|0|0|0|    60-641; Corporate Bondary|1171841|0|0|.85|    ||X||||||||||||||||||||||||||
200850|0|S-VA154PR YELLOW SULPHUR RD||||S-VA154PR YELLOW SULPHUR RD|Yellow Sulphur Rd||154|Town of Christiansburg|154|Town of Christiansburg|    Block Ln| 463150|0|0|.09|    60-643 Yellow Sulphur Rd|1077671|0|0|.12|    ||X||||||||||||||||||||||||||
