sep=|
- - 2022 AADT Report for King George County - -
LINKID|SEQUENCENUMBER|RTE_NM|RTE_NM_2|RTE_NM_3|RTE_NM_4|Host RTE_NM|Route Label|Street Name|Physical Jurisdiction|Physical Jurisdiciton Name|Maintenance Jurisdiction|Maintenance Jurisdiciton Name|    Start Label|Start Node|Start Node Route Sequence|Star tOffset|Start Milepoint|    End Label|End Node|End Node Route Sequence|End Offset|End Milepoint|    VPDDate|AADT|AADT Quality|Passenger Vehicle|Bus|Truck 2 Axle|Truck 3 Axle|Truck 1 Trailer|Truck 2 Trailer|Class Quality|K Factor|K Factor Quality|Direction Factor|AAWDT|AAWDT Quality|AADT Dir|AADT Quality Dir|PassengerVehicle Dir|Bus Dir|Truck 2 Axle Dir|Truck 3 Axle Dir|Truck 1 Trailer Dir|Truck 2 Trailer Dir|Class Quality Dir|K Factor Dir|K Factor Quality Dir|Direction Factor Dir|AAWDT Dir|AAWDT Quality Dir
780887|0|R-VA   FR00970NB||||R-VA   FR00970NB|FR 970|Walsingham Rd|048|King George County|048|King George County|    Dead End| 403387|0|0|0|    US 301 James Madison Pkwy| 403386|0|0|.09|    06/09/2022|20|T|||||||X||24|||X||||||||||||||
160038|0|R-VA   SR00003EB||||R-VA   SR00003EB|VA 3|Kings Hwy|048|King George County|048|King George County|    |1286482|0|0|42.4|    Jurisdiction Boundary: 089 Stafford County / 048 King George County| 403019|0|0|46.03|    01/01/2022|21147|F|96|0|1|1|2|0|F|.087|6 |.51|20731|F||||||||||||||
160039|0|R-VA   SR00003EB||||R-VA   SR00003EB|VA 3|Kings Hwy|048|King George County|048|King George County|    48-605 Bloomsbury Rd; LaGrange Lane| 403019|0|0|46.03|    | 403361|0|0|50.82|    01/01/2022|21162|F|96|0|1|1|2|0|C|.09|6 |.55|20745|F||||||||||||||
160040|0|R-VA   SR00003EB||||R-VA   SR00003EB|VA 3|Kings Hwy|048|King George County|048|King George County|    SR 206 Arnolds Corner| 403361|0|0|50.82|    SR 205 Purkins Corner| 403357|0|0|53.4|    01/01/2022|17387|F|95|1|1|1|1|0|C|.088|6 |.53|16985|F||||||||||||||
160041|0|R-VA   SR00003EB||||R-VA   SR00003EB|VA 3|Kings Hwy|048|King George County|048|King George County|    SR 205 Purkins Corner| 403357|0|0|53.4|    US 301 Office Hall| 403356|0|0|54.96|    01/01/2022|9216|F|96|0|1|1|2|0|F|.087|6 |.59|9035|F||||||||||||||
160042|0|R-VA   SR00003EB||||R-VA   SR00003EB|VA 3|Kings Hwy|048|King George County|048|King George County|    US 301 Office Hall| 403356|0|0|54.96|    Westmoreland County Line|  50081|0|0|62.14|    01/01/2022|7255|F|93|1|1|2|3|0|C|.092|6 |.64|7087|F||||||||||||||
060216|0|R-VA   SR00205EB||||R-VA   SR00205EB|VA 205|Ridge Rd|048|King George County|048|King George County|    SR 3 Purkins Corner| 403357|0|0|0|    US 301 Edge Hill| 403365|0|0|1.26|    01/01/2022|8792|F|96|1|1|1|1|0|F|.096|6 |.53|8588|F||||||||||||||
060007|0|R-VA   SR00205EB||||R-VA   SR00205EB|VA 205|Ridge Rd|048|King George County|048|King George County|    US 301 Edge Hill| 403365|0|0|1.26|    48-617 Carruthers Corner| 403067|0|0|4.07|    01/01/2022|5181|F|96|1|1|1|1|0|C|.091|6 |.63|5061|F||||||||||||||
060215|0|R-VA   SR00205EB||||R-VA   SR00205EB|VA 205|Ridge Rd|048|King George County|048|King George County|    48-617 Carruthers Corner| 403067|0|0|4.07|    Westmoreland County Line|  50082|0|0|7.47|    01/01/2022|4485|F|96|1|1|1|1|0|C|.089|6 |.62|4382|F||||||||||||||
060219|0|R-VA   SR00206EB||||R-VA   SR00206EB|VA 206|Dahlgren Rd|048|King George County|048|King George County|    SR 3 Arnolds Corner| 403361|0|0|0|    48-610 Indiantown Rd| 403036|0|0|2.17|    01/01/2022|10153|F|97|1|1|0|1|0|F|.108|6 |.65|9941|F||||||||||||||
060084|0|R-VA   SR00206EB||||R-VA   SR00206EB|VA 206|Dahlgren Rd|048|King George County|048|King George County|    48-610 Indiantown Rd| 403036|0|0|2.17|    SR 218 Berthaville| 403113|0|0|6.44|    01/01/2022|9491|F|97|1|1|0|1|0|C|.108|6 |.72|9292|F||||||||||||||
060218|0|R-VA   SR00206EB|R-VA   SR00218EB|||R-VA   SR00206EB|VA 206, VA 218|Dahlgren Rd|048|King George County|048|King George County|    SR 218 Berthaville| 403113|0|0|6.44|    SR 218 Owens| 403084|0|0|8.63|    01/01/2022|12768|F|97|1|1|0|1|0|F|.113|6 |.77|12501|F||||||||||||||
060009|0|R-VA   SR00206EB||||R-VA   SR00206EB|VA 206|Dahlgren Rd|048|King George County|048|King George County|    SR 218 Owens| 403084|0|0|8.63|    US 301 East of Owens| 403370|0|0|9.25|    01/01/2022|11759|F|97|1|1|0|1|0|F|.11|6 |.79|11513|F||||||||||||||
060217|0|R-VA   SR00206EB||||R-VA   SR00206EB|VA 206|Dahlgren Rd|048|King George County|048|King George County|    US 301 East of Owens| 403370|0|0|9.25|    48-604 Twelfth St| 403016|0|0|11.04|    01/01/2022|10501|F|98|0|0|0|0|0|C|.111|6 |.8|10242|F||||||||||||||
060222|0|R-VA   SR00218EB||||R-VA   SR00218EB|VA 218|Caledon Rd|048|King George County|048|King George County|    Stafford County Line|  50079|0|0|7.72|    48-696 Fairview Dr| 403197|0|0|13.65|    01/01/2022|3894|F|95|0|1|3|1|0|C|.118|6 |.6|3798|F||||||||||||||
060013|0|R-VA   SR00218EB||||R-VA   SR00218EB|VA 218|Caledon Rd|048|King George County|048|King George County|    48-696 Fairview Dr| 403197|0|0|13.65|    48-609 Cash Corner| 403033|0|0|14.7|    01/01/2022|3342|F|97|1|1|0|1|0|C|.118|6 |.71|3260|F||||||||||||||
060221|0|R-VA   SR00218EB||||R-VA   SR00218EB|VA 218|Caledon Rd|048|King George County|048|King George County|    48-609 Cash Corner| 403033|0|0|14.7|    SR 206 Berthaville| 403113|0|0|21.51|    01/01/2022|3664|F|97|0|1|0|0|0|C|.126|6 |.78|3562|F||||||||||||||
060218|0|R-VA   SR00218EB|R-VA   SR00206EB|||R-VA   SR00206EB|VA 206, VA 218|Dahlgren Rd|048|King George County|048|King George County|    SR 218 Berthaville| 403113|0|0|21.51|    SR 218 Owens| 403084|0|0|23.7|    01/01/2022|12768|F|97|1|1|0|1|0|F|.113|6 |.77|12501|F||||||||||||||
060011|0|R-VA   SR00218EB||||R-VA   SR00218EB|VA 218|Windsor Dr|048|King George County|048|King George County|    SR 206 Owens| 403084|0|0|23.7|    US 301 South of Owens| 403375|0|0|23.98|    01/01/2022|1259|F|95|1|1|1|1|0|C|.125|6 |.54|1232|F||||||||||||||
060220|0|R-VA   SR00218EB||||R-VA   SR00218EB|VA 218|Windsor Dr|048|King George County|048|King George County|    US 301 South of Owens| 403375|0|0|23.98|    | 403362|0|0|30|    01/01/2022|6408|F|98|0|1|0|1|0|C|.1|6 |.74|6273|F||||||||||||||
060227|0|R-VA   US00301NB||||R-VA   US00301NB|US 301|James Madison Pkwy|048|King George County|048|King George County|    Caroline County Line|  50061|0|0|125.7|    48-623 Jersey Rd| 403081|0|0|128.75|    01/01/2022|11322|G|92|1|1|1|6|0|F|.1|6 |.61|11008|G||||||||||||||
060226|0|R-VA   US00301NB||||R-VA   US00301NB|US 301|James Madison Pkwy|048|King George County|048|King George County|    48-623 Jersey Rd| 403081|0|0|128.75|    SR 3 Kings Hwy| 403356|0|0|130.8|    01/01/2022|10988|G|92|1|1|1|6|0|F|.1|6 |.65|10683|G||||||||||||||
060225|0|R-VA   US00301NB||||R-VA   US00301NB|US 301|James Madison Pkwy|048|King George County|048|King George County|    SR 3 Kings Hwy| 403356|0|0|130.8|    SR 205 Ridge Rd| 403365|0|0|132.71|    01/01/2022|13226|F|92|1|1|1|6|0|F|.107|6 |.51|12367|F||||||||||||||
160009|0|R-VA   US00301NB||||R-VA   US00301NB|US 301|James Madison Pkwy|048|King George County|048|King George County|    SR 205 Ridge Rd| 403365|0|0|132.71|    SR 218 Windsor Dr| 403375|0|0|138.62|    01/01/2022|15396|A|92|1|1|1|6|0|C|.146|1 |.52|14396|A||||||||||||||
060224|0|R-VA   US00301NB||||R-VA   US00301NB|US 301|James Madison Pkwy|048|King George County|048|King George County|    SR 218 Windsor Dr| 403375|0|0|138.62|    SR 206 Dahlgren Rd| 403370|0|0|139.18|    01/01/2022|19850|G|92|1|1|1|6|0|F|.101|6 |.71|19298|G||||||||||||||
060223|0|R-VA   US00301NB||||R-VA   US00301NB|US 301|James Madison Pkwy|048|King George County|048|King George County|    SR 206 Dahlgren Rd| 403370|0|0|139.18|    Maryland State Line|  50083|0|0|142.76|    01/01/2022|20001|G|92|1|1|1|6|0|F|.088|6 |.66|19446|G||||||||||||||
747962|0|R-VA048SC00600NB||||R-VA048SC00600NB|48-600|Passapatanzy Dr|048|King George County|048|King George County|    SR 218 Caledon Rd| 403004|0|0|0|    48-658 Cedar Ridge Lane| 403002|0|0|1.68|    05/02/2022|774|R|||||||X||24|||X||||||||||||||
747963|0|R-VA048SC00600NB||||R-VA048SC00600NB|48-600|Passapatanzy Dr|048|King George County|048|King George County|    48-658 Cedar Ridge Lane| 403002|0|0|1.68|    Stafford County Line| 861001|0|0|2.72|    05/02/2022|338|R|||||||X||24|||X||||||||||||||
747964|0|R-VA048SC00601EB||||R-VA048SC00601EB|48-601|Gera Rd|048|King George County|048|King George County|    48-631 Millbank Rd| 403006|0|0|0|    48-686 Mt Rose Dr| 403005|0|0|1.3|    04/27/2022|280|R|||||||X||24|||X||||||||||||||
747965|0|R-VA048SC00602EB||||R-VA048SC00602EB|48-602|Chapel Green Rd|048|King George County|048|King George County|    Stafford County Line| 861002|0|0|0|    48-603 Y Intersection Leg| 403007|0|0|.8|    05/01/2022|342|R|||||||X||24|||X||||||||||||||
747966|0|R-VA048SC00603NB||||R-VA048SC00603NB|48-603|Fletchers Chapel Rd|048|King George County|048|King George County|    SR 3 Kings Hwy| 403008|0|0|0|    48-602 Chapel Green Rd| 403007|0|0|1.16|    05/02/2022|2149|R|||||||X||24|||X||||||||||||||
747967|0|R-VA048SC00603NB||||R-VA048SC00603NB|48-603|Fletchers Chapel Rd|048|King George County|048|King George County|    48-602 Chapel Green Rd| 403007|0|0|1.16|    48-1021 Forest Ridge Dr| 403011|0|0|2.43|    05/02/2022|1695|R|||||||X||24|||X||||||||||||||
747968|0|R-VA048SC00603NB||||R-VA048SC00603NB|48-603|Fletchers Chapel Rd|048|King George County|048|King George County|    48-1021 Forest Ridge Dr| 403011|0|0|2.43|    SR 218 W, Caledon Rd| 403380|0|0|3.06|    05/02/2022|970|R|||||||X||24|||X||||||||||||||
747970|0|R-VA048SC00603NB||||R-VA048SC00603NB|48-603|Fletchers Chapel Rd|048|King George County|048|King George County|    SR 218 E, Caledon Rd| 403012|0|0|3.19|    48-605 Chapel Way| 403013|0|0|3.34|    05/02/2022|216|R|||||||X||24|||X||||||||||||||
747971|0|R-VA048SC00603NB||||R-VA048SC00603NB|48-603|Fletchers Chapel Rd|048|King George County|048|King George County|    48-605 Chapel Way| 403013|0|0|3.34|    0.79 MN 48-605 Chapel Way| 403013|0|.79|4.13|    02/02/2022|186|R|||||||X||24|||X||||||||||||||
747972|0|R-VA048SC00603NB||||R-VA048SC00603NB|48-603|Dogwood Lane|048|King George County|048|King George County|    0.79 MN 48-605 Chapel Way| 403013|0|.79|4.13|    Dead End| 403302|0|0|4.93|    05/02/2022|63|R|||||||X||24|||X||||||||||||||
404475|0|R-VA048SC00604EB||||R-VA048SC00604EB|48-604|Twelfth St|048|King George County|048|King George County|    48-614 Potomac Dr| 403014|0|0|0|    SR 206 Dahlgren Rd| 403016|0|0|.23|    01/01/2022|126|F|98|0|0|2|0|0|C|.127|6 |.94|123|F||||||||||||||
747973|0|R-VA048SC00605NB||||R-VA048SC00605NB|48-605|LaGrange Lane|048|King George County|048|King George County|    Dead End| 403020|0|0|0|    SR 3 Kings Hwy| 403019|0|0|.75|    05/02/2022|55|R|||||||X||24|||X||||||||||||||
747974|0|R-VA048SC00605NB||||R-VA048SC00605NB|48-605|Bloomsbury Rd|048|King George County|048|King George County|    SR 3 Kings Hwy| 403019|0|0|.75|    48-665 Birchwood Creek Lane| 403018|0|0|1.95|    01/01/2022|1485|F|90|0|2|4|4|0|C|.116|6 |.69|1456|F||||||||||||||
747975|0|R-VA048SC00605NB||||R-VA048SC00605NB|48-605|Bloomsbury Rd|048|King George County|048|King George County|    48-665 Birchwood Creek Lane| 403018|0|0|1.95|    SR 218 Caledon Rd| 403344|0|0|4.15|    01/01/2022|1078|F|97|0|2|1|0|0|C|.131|6 |.54|1057|F||||||||||||||
747976|0|R-VA048SC00605NB||||R-VA048SC00605NB|48-605|Chapel Way|048|King George County|048|King George County|    SR 218 Caledon Rd| 403017|0|0|4.22|    48-603 Y Intersection Leg| 403013|0|0|4.42|    10/08/2019|302|R|||||||X||24|||X||||||||||||||
747977|0|R-VA048SC00606EB||||R-VA048SC00606EB|48-606|Rokeby Lane|048|King George County|048|King George County|    Dead End| 403021|0|0|0|    0.50 ME Dead End| 403021|0|.5|.5|    06/09/2022|30|T|||||||X||24|||X||||||||||||||
747978|0|R-VA048SC00606EB||||R-VA048SC00606EB|48-606|Rokeby Lane|048|King George County|048|King George County|    0.50 ME Dead End| 403021|0|.5|.5|    SR 3; 48-677| 720603|0|0|.61|    06/09/2022|20|T|||||||X||24|||X||||||||||||||
404476|0|R-VA048SC00607NB||||R-VA048SC00607NB|48-607|Port Conway Rd|048|King George County|048|King George County|    US 301; 48-625| 403090|0|0|0|    48-631 Millbank Rd| 403022|0|0|.9|    01/01/2022|1573|F|90|1|2|2|6|0|C|.104|6 |.54|1540|F||||||||||||||
404477|0|R-VA048SC00607NB||||R-VA048SC00607NB|48-607|Port Conway Rd|048|King George County|048|King George County|    48-631 Millbank Rd| 403022|0|0|.9|    48-610 Powhatan Rd| 403025|0|0|3.94|    01/01/2022|1428|F|89|1|2|2|6|0|C|.102|6 |.58|1397|F||||||||||||||
404478|0|R-VA048SC00607NB||||R-VA048SC00607NB|48-607|Port Conway Rd|048|King George County|048|King George County|    48-610 Powhatan Rd| 403025|0|0|3.94|    SR 3 Kings Hwy|1093058|0|0|6.69|    01/01/2022|3039|F|89|1|2|3|5|0|C|.086|6 |.56|2973|F||||||||||||||
747979|0|R-VA048SC00608EB||||R-VA048SC00608EB|48-608|Igo Rd|048|King George County|048|King George County|    48-694 Lambs Creek Church Rd| 403027|0|0|0|    48-609 N, Comorn Rd| 720555|0|0|2.38|    05/02/2022|658|R|||||||X||24|||X||||||||||||||
747980|0|R-VA048SC00608EB||||R-VA048SC00608EB|48-608|Muscoe Pl|048|King George County|048|King George County|    48-609 S, Comorn Rd| 403345|0|0|2.52|    Dead End| 403303|0|0|3.31|    05/02/2022|251|R|||||||X||24|||X||||||||||||||
404479|0|R-VA048SC00609NB||||R-VA048SC00609NB|48-609|Comorn Rd|048|King George County|048|King George County|    SR 3 Kings Hwy| 403029|0|0|0|    48-677 Stanley Rd| 403030|0|0|.32|    01/01/2022|2785|F|98|0|1|0|0|0|C|.094|6 |.53|2725|F||||||||||||||
404480|0|R-VA048SC00609NB||||R-VA048SC00609NB|48-609|Comorn Rd|048|King George County|048|King George County|    48-677 Stanley Rd| 403030|0|0|.32|    48-608 S, Igo Rd| 403345|0|0|.85|    01/01/2022|3481|F|98|0|1|0|0|0|C|.09|6 |.55|3406|F||||||||||||||
404481|0|R-VA048SC00609NB||||R-VA048SC00609NB|48-609|Comorn Rd|048|King George County|048|King George County|    48-608 S, Igo Rd| 403345|0|0|.85|    48-649 Marmion Lane| 403032|0|0|2.16|    01/01/2022|1735|F|97|0|1|0|1|0|C|.103|6 |.53|1697|F||||||||||||||
404482|0|R-VA048SC00609NB||||R-VA048SC00609NB|48-609|Comorn Rd|048|King George County|048|King George County|    48-649 Marmion Lane| 403032|0|0|2.16|    SR 218 Caledon Rd| 403033|0|0|2.69|    01/01/2022|1571|F|97|0|1|0|1|0|C|.099|6 |.56|1541|F||||||||||||||
747981|0|R-VA048SC00610NB||||R-VA048SC00610NB|48-610|Powhatan Rd|048|King George County|048|King George County|    48-607 Port Conway Rd| 403025|0|0|0|    48-631 Millbank Rd| 403041|0|0|1.63|    04/27/2022|397|R|||||||X||24|||X||||||||||||||
404483|0|R-VA048SC00610NB||||R-VA048SC00610NB|48-610|Millbank Rd|048|King George County|048|King George County|    48-631 Millbank Rd| 403041|0|0|1.63|    48-678 St Anthonys| 403040|0|0|2.89|    01/01/2022|676|F|98|0|2|0|0|0|C|.115|6 |.55|661|F||||||||||||||
404484|0|R-VA048SC00610NB||||R-VA048SC00610NB|48-610|Millbank Rd|048|King George County|048|King George County|    48-678 St Anthonys| 403040|0|0|2.89|    SR 3 W, Kings Hwy| 403353|0|0|2.93|    01/01/2022|799|F|98|0|1|0|0|0|C|.104|6 |.51|782|F||||||||||||||
404485|0|R-VA048SC00610NB||||R-VA048SC00610NB|48-610|Indiantown Rd|048|King George County|048|King George County|    SR 3 E, Kings Hwy| 403039|0|0|2.93|    SR 206 Dahlgren Rd| 403036|0|0|4.73|    01/01/2022|1374|F|98|0|1|0|0|0|C|.208|6 |.8|1344|F||||||||||||||
747982|0|R-VA048SC00610NB||||R-VA048SC00610NB|48-610|Indiantown Rd|048|King George County|048|King George County|    SR 206 Dahlgren Rd| 403036|0|0|4.73|    48-1210 Michael Dr| 403035|0|0|4.99|    05/05/2022|2013|R|||||||X||24|||X||||||||||||||
747983|0|R-VA048SC00610NB||||R-VA048SC00610NB|48-610|Indiantown Rd|048|King George County|048|King George County|    48-1210 Michael Dr| 403035|0|0|4.99|    SR 218 Caledon Rd|1276786|0|0|7.31|    05/05/2022|741|R|||||||X||24|||X||||||||||||||
404486|0|R-VA048SC00611NB||||R-VA048SC00611NB|48-611|Hanover Church Rd|048|King George County|048|King George County|    SR 205 Ridge Rd| 403046|0|0|0|    US 301 James Madison Pkwy| 403045|0|0|.47|    01/01/2022|539|F|98|0|1|0|0|0|C|.105|6 |.7|528|F||||||||||||||
404487|0|R-VA048SC00611NB||||R-VA048SC00611NB|48-611|Eden Dr|048|King George County|048|King George County|    US 301 James Madison Pkwy| 403045|0|0|.47|    SR 206 Dahlgren Rd| 403042|0|0|2.71|    01/01/2022|1249|F|98|0|2|0|0|0|C|.098|6 |.6|1222|F||||||||||||||
747984|0|R-VA048SC00612EB||||R-VA048SC00612EB|48-612|Locust Dale Lane|048|King George County|048|King George County|    48-610 Indiantown Rd| 403037|0|0|0|    Dead End| 403047|0|0|.2|    10/21/2019|120|R|||||||X||24|||X||||||||||||||
747985|0|R-VA048SC00613EB||||R-VA048SC00613EB|48-613|Little Ferry Rd|048|King George County|048|King George County|    SR 218 Windsor Dr| 403048|0|0|0|    0.05 ME SR 218| 403048|0|.05|.05|    04/25/2022|48|R|||||||X||24|||X||||||||||||||
747986|0|R-VA048SC00613EB||||R-VA048SC00613EB|48-613|Little Ferry Rd|048|King George County|048|King George County|    0.05 ME SR 218| 403048|0|.05|.05|    Dead End| 403049|0|0|.85|    04/25/2022|31|R|||||||X||24|||X||||||||||||||
404488|0|R-VA048SC00614NB||||R-VA048SC00614NB|48-614|Potomac Dr|048|King George County|048|King George County|    Dead End| 403304|0|0|0|    SR 206 Dahlgren Rd| 403054|0|0|.93|    01/01/2022|762|F|97|2|1|1|0|0|C|.11|6 |.59|746|F||||||||||||||
405442|0|R-VA048SC00614NB||||R-VA048SC00614NB|48-614|Potomac Dr|048|King George County|048|King George County|    SR 206 Dahlgren Rd| 403054|0|0|.93|    US 301 James Madison Pkwy| 403052|0|0|2.09|    01/01/2022|3346|F|98|1|0|0|0|0|C|.105|6 |.52|3263|F||||||||||||||
404490|0|R-VA048SC00614NB||||R-VA048SC00614NB|48-614|Owens Dr|048|King George County|048|King George County|    US 301 James Madison Pkwy| 403052|0|0|2.09|    48-635 Gambo Creek Rd| 403051|0|0|2.64|    01/01/2022|2900|F|99|0|0|0|0|0|C|.097|6 |.72|2843|F||||||||||||||
404491|0|R-VA048SC00614NB||||R-VA048SC00614NB|48-614|Owens Dr|048|King George County|048|King George County|    48-635 Gambo Creek Rd| 403051|0|0|2.64|    48-624 Mathias Point Rd| 403050|0|0|3.49|    01/01/2022|1550|F|99|0|0|0|0|0|C|.11|6 |.8|1514|F||||||||||||||
747987|0|R-VA048SC00615EB||||R-VA048SC00615EB|48-615|Berry Wharf Rd|048|King George County|048|King George County|    SR 218 Windsor Dr| 403060|0|0|0|    Dead End| 403061|0|0|1.5|    04/25/2022|11|R|||||||X||24|||X||||||||||||||
747988|0|R-VA048SC00616EB||||R-VA048SC00616EB|48-616|Washington Mill Rd|048|King George County|048|King George County|    US 301 James Madison Pkwy|1055392|0|0|0|    SR 218 S, Windsor Dr| 403064|0|0|1.86|    05/10/2022|252|R|||||||X||24|||X||||||||||||||
747989|0|R-VA048SC00616EB||||R-VA048SC00616EB|48-616|Brickhouse Rd|048|King George County|048|King George County|    SR 218 N, Windsor Dr| 403348|0|0|1.97|    Dead End| 403066|0|0|2.77|    05/10/2022|246|R|||||||X||24|||X||||||||||||||
747990|0|R-VA048SC00617NB||||R-VA048SC00617NB|48-617|Poplar Neck Rd|048|King George County|048|King George County|    SR 205 Ridge Rd| 403067|0|0|0|    US 301 James Madison Pkwy|1055388|0|0|3.35|    04/27/2022|171|R|||||||X||24|||X||||||||||||||
747991|0|R-VA048SC00618NB||||R-VA048SC00618NB|48-618|Pumpkin Neck Rd|048|King George County|048|King George County|    SR 218 Windsor Dr| 403070|0|0|0|    Dead End| 403071|0|0|.62|    04/25/2022|293|R|||||||X||24|||X||||||||||||||
747992|0|R-VA048SC00619EB||||R-VA048SC00619EB|48-619|Good Hope Rd|048|King George County|048|King George County|    SR 205 Ridge Rd| 403072|0|0|0|    SR 218 S, Windsor Dr| 403073|0|0|.6|    04/25/2022|656|R|||||||X||24|||X||||||||||||||
747993|0|R-VA048SC00619EB||||R-VA048SC00619EB|48-619|Stoney Point Rd|048|King George County|048|King George County|    SR 218 N, Windsor Dr| 403349|0|0|.81|    Dead End| 403074|0|0|2.81|    04/25/2022|334|R|||||||X||24|||X||||||||||||||
747994|0|R-VA048SC00620NB||||R-VA048SC00620NB|48-620|Alden Rd|048|King George County|048|King George County|    48-629 Round Hill Rd| 403076|0|0|0|    SR 205 Ridge Rd| 403075|0|0|2.15|    10/21/2019|56|R|||||||X||24|||X||||||||||||||
747995|0|R-VA048SC00621NB||||R-VA048SC00621NB|48-621|Pine Hill Rd|048|King George County|048|King George County|    48-629 Round Hill Rd| 403077|0|0|0|    SR 205 Ridge Rd| 403078|0|0|1.6|    04/27/2022|436|R|||||||X||24|||X||||||||||||||
747996|0|R-VA048SC00622NB||||R-VA048SC00622NB|48-622|Ashland Mill Rd|048|King George County|048|King George County|    48-679 Canterbury Loop| 403080|0|0|0|    SR 205 Ridge Rd| 403079|0|0|2|    10/21/2019|150|R|||||||X||24|||X||||||||||||||
404492|0|R-VA048SC00623EB||||R-VA048SC00623EB|48-623|Jersey Rd|048|King George County|048|King George County|    US 301 James Madison Pkwy (pre-update)|1055379|0|0|0|    48-650 Welcome Lane| 403082|0|0|1|    01/01/2022|1525|F|95|1|2|1|1|0|C|.1|6 |.66|1494|F||||||||||||||
404493|0|R-VA048SC00623EB||||R-VA048SC00623EB|48-623|Jersey Rd|048|King George County|048|King George County|    48-650 Welcome Lane| 403082|0|0|1|    48-647 Shiloh Loop| 403083|0|0|2.7|    01/01/2022|1246|F|96|0|1|1|2|0|C|.095|6 |.64|1222|F||||||||||||||
404494|0|R-VA048SC00624NB||||R-VA048SC00624NB|48-624|Owens Dr|048|King George County|048|King George County|    SR 206; SR 218| 403084|0|0|0|    48-711 Dixon Lane| 403085|0|0|1.127|    01/01/2022|1823|F|97|0|1|0|2|0|C|.101|6 |.54|1787|F||||||||||||||
404495|0|R-VA048SC00624NB||||R-VA048SC00624NB|48-624|Owens Dr|048|King George County|048|King George County|    48-711 Dixon Lane| 403085|0|0|1.127|    48-614 Owens Dr| 403050|0|0|1.8|    01/01/2022|1736|F|97|0|1|0|1|0|C|.101|6 |.56|1695|F||||||||||||||
747997|0|R-VA048SC00624NB||||R-VA048SC00624NB|48-624|Mathias Point Rd|048|King George County|048|King George County|    48-614 Owens Dr| 403050|0|0|1.8|    48-685 Schoolhouse Rd| 403086|0|0|2.9|    05/10/2022|916|R|||||||X||24|||X||||||||||||||
747998|0|R-VA048SC00624NB||||R-VA048SC00624NB|48-624|Mathias Point Rd|048|King George County|048|King George County|    48-685 Schoolhouse Rd| 403086|0|0|2.9|    48-639 Osprey Rd| 403088|0|0|4.1|    05/10/2022|948|R|||||||X||24|||X||||||||||||||
747999|0|R-VA048SC00624NB||||R-VA048SC00624NB|48-624|Mathias Point Rd|048|King George County|048|King George County|    48-639 Osprey Rd| 403088|0|0|4.1|    Dead End| 403089|0|0|5.1|    05/10/2022|169|R|||||||X||24|||X||||||||||||||
404496|0|R-VA048SC00625EB||||R-VA048SC00625EB|48-625|Salem Church Rd|048|King George County|048|King George County|    US 301; 48-607 Port Conway Rd| 403090|0|0|0|    48-650 Welcome Lane| 403091|0|0|2.67|    01/01/2022|298|F|97|0|2|1|1|0|C|.123|6 |1|291|F||||||||||||||
404497|0|R-VA048SC00625EB||||R-VA048SC00625EB|48-625|Salem Church Rd|048|King George County|048|King George County|    48-650 Welcome Lane| 403091|0|0|2.67|    SR 3 Kings Hwy| 403095|0|0|6.149|    01/01/2022|232|F|98|0|1|1|0|0|C|.139|6 |.59|227|F||||||||||||||
748000|0|R-VA048SC00625EB||||R-VA048SC00625EB|48-625|Dickensons Corner Rd|048|King George County|048|King George County|    SR 3 Kings Hwy| 403095|0|0|6.149|    48-628 E, Stoney Knoll Rd| 753088|0|0|7.5|    04/25/2022|126|R|||||||X||24|||X||||||||||||||
748001|0|R-VA048SC00625EB||||R-VA048SC00625EB|48-625|Prim Rd|048|King George County|048|King George County|    48-628 W, Stoney Knoll Rd| 753178|0|0|7.61|    48-647 Big Timber Rd| 403097|0|0|8.96|    04/25/2022|73|R|||||||X||24|||X||||||||||||||
748002|0|R-VA048SC00625EB||||R-VA048SC00625EB|48-625|Prim Rd|048|King George County|048|King George County|    48-647 Big Timber Rd| 403097|0|0|8.96|    48-629 Round Hill Rd| 403098|0|0|10.56|    04/25/2022|78|R|||||||X||24|||X||||||||||||||
748003|0|R-VA048SC00626EB||||R-VA048SC00626EB|48-626|Green Law Way|048|King George County|048|King George County|    Dead End| 403100|0|0|0|    48-627 Wilmont Rd| 403099|0|0|.5|    10/21/2019|80|T|||||||X||24|||X||||||||||||||
748004|0|R-VA048SC00627NB||||R-VA048SC00627NB|48-627|Wilmont Rd|048|King George County|048|King George County|    Dead End| 403104|0|0|0|    1.39 MN Dead End| 403104|0|1.39|1.39|    10/21/2019|30|R|||||||X||24|||X||||||||||||||
748005|0|R-VA048SC00627NB||||R-VA048SC00627NB|48-627|Wilmont Rd|048|King George County|048|King George County|    1.39 MN Dead End| 403104|0|1.39|1.39|    48-626 Green Law Way| 403099|0|0|1.54|    06/09/2022|25|T|||||||X||24|||X||||||||||||||
748006|0|R-VA048SC00627NB||||R-VA048SC00627NB|48-627|Wilmont Rd|048|King George County|048|King George County|    48-626 Green Law Way| 403099|0|0|1.54|    48-681 Rollens Fork Rd| 403103|0|0|2.44|    04/25/2022|221|R|||||||X||24|||X||||||||||||||
748007|0|R-VA048SC00627NB||||R-VA048SC00627NB|48-627|Wilmont Rd|048|King George County|048|King George County|    48-681 Rollens Fork Rd| 403103|0|0|2.44|    SR 3 Kings Hwy| 403102|0|0|2.69|    04/25/2022|61|R|||||||X||24|||X||||||||||||||
748008|0|R-VA048SC00627NB||||R-VA048SC00627NB|48-627|Kings Mill Rd|048|King George County|048|King George County|    SR 3 Kings Hwy| 403351|0|0|2.77|    48-628 Stoney Knoll Rd| 403101|0|0|5.44|    04/25/2022|20|R|||||||X||24|||X||||||||||||||
404498|0|R-VA048SC00628EB||||R-VA048SC00628EB|48-628|Stoney Knoll Rd|048|King George County|048|King George County|    SR 3 Kings Hwy| 403105|0|0|0|    48-625 E, Dickensons Corner Rd| 753088|0|0|1.21|    01/01/2022|1061|F|96|0|1|1|1|0|C|.095|6 |.61|1036|F||||||||||||||
404499|0|R-VA048SC00628EB||||R-VA048SC00628EB|48-628|Stoney Knoll Rd|048|King George County|048|King George County|    48-625 E, Dickensons Corner Rd| 753088|0|0|1.21|    Westmoreland County Line| 861003|0|0|2.51|    01/01/2022|1086|F|97|0|1|1|1|0|C|.088|6 |.53|1062|F||||||||||||||
404500|0|R-VA048SC00629EB||||R-VA048SC00629EB|48-629|Round Hill Rd|048|King George County|048|King George County|    SR 3 Kings Hwy| 403106|0|0|0|    48-710 Poplar Lane| 403108|0|0|.22|    01/01/2022|1203|F|97|0|1|1|0|0|C|.093|6 |.64|1179|F||||||||||||||
404501|0|R-VA048SC00629EB||||R-VA048SC00629EB|48-629|Round Hill Rd|048|King George County|048|King George County|    48-710 Poplar Lane| 403108|0|0|.22|    48-666 W, Gulvey Loop| 403109|0|0|1.91|    01/01/2022|815|F|97|0|1|2|0|0|C|.094|6 |.61|799|F||||||||||||||
404502|0|R-VA048SC00629EB||||R-VA048SC00629EB|48-629|Round Hill Rd|048|King George County|048|King George County|    48-666 W, Gulvey Loop| 403109|0|0|1.91|    48-620 Alden Rd| 403076|0|0|2.57|    01/01/2022|590|F|97|0|1|2|0|0|C|.104|6 |.54|579|F||||||||||||||
404503|0|R-VA048SC00629EB||||R-VA048SC00629EB|48-629|Round Hill Rd|048|King George County|048|King George County|    48-620 Alden Rd| 403076|0|0|2.57|    48-625 Prim Rd| 403098|0|0|3.27|    01/01/2022|441|F|97|0|1|1|0|0|C|.098|6 |.52|430|F||||||||||||||
404504|0|R-VA048SC00629EB||||R-VA048SC00629EB|48-629|Round Hill Rd|048|King George County|048|King George County|    48-625 Prim Rd| 403098|0|0|3.27|    Westmoreland County Line| 861004|0|0|4.58|    01/01/2022|432|F|95|0|2|3|0|0|C|.102|6 |.52|422|F||||||||||||||
748009|0|R-VA048SC00630NB||||R-VA048SC00630NB|48-630|Kitchen Point Rd|048|King George County|048|King George County|    Dead End| 403110|0|0|0|    48-616 Brickhouse Rd| 403065|0|0|.25|    06/09/2022|277|T|||||||X||24|||X||||||||||||||
748010|0|R-VA048SC00631NB||||R-VA048SC00631NB|48-631|Millbank Rd|048|King George County|048|King George County|    Dead End| 403112|0|0|0|    48-607 Port Conway Rd| 403022|0|0|1|    10/21/2019|66|R|||||||X||24|||X||||||||||||||
404505|0|R-VA048SC00631NB||||R-VA048SC00631NB|48-631|Millbank Rd|048|King George County|048|King George County|    48-607 Port Conway Rd| 403022|0|0|1|    48-669 Woodland Way| 403111|0|0|2.48|    01/01/2022|264|F|97|1|1|1|0|0|C|.135|6 |.58|258|F||||||||||||||
404506|0|R-VA048SC00631NB||||R-VA048SC00631NB|48-631|Millbank Rd|048|King George County|048|King George County|    48-669 Woodland Way| 403111|0|0|2.48|    48-601 Gera Rd| 403006|0|0|3.14|    01/01/2022|362|F|97|0|2|1|0|0|C|.119|6 |.68|354|F||||||||||||||
404507|0|R-VA048SC00631NB||||R-VA048SC00631NB|48-631|Millbank Rd|048|King George County|048|King George County|    48-601 Gera Rd| 403006|0|0|3.14|    48-610 Millbank Rd; Powhatan Rd| 403041|0|0|4.52|    01/01/2022|396|F|96|1|2|1|0|0|C|.147|6 |.54|387|F||||||||||||||
748011|0|R-VA048SC00632EB||||R-VA048SC00632EB|48-632|Berthaville Rd|048|King George County|048|King George County|    SR 206; SR 218| 403113|0|0|0|    SR 206 Dahlgren Rd| 403115|0|0|.9|    05/10/2022|270|R|||||||X||24|||X||||||||||||||
748012|0|R-VA048SC00633NB||||R-VA048SC00633NB|48-633|Will Loop|048|King George County|048|King George County|    US 301 James Madison Pkwy| 403116|0|0|0|    48-617 Poplar Neck Rd| 403068|0|0|.55|    04/27/2022|48|R|||||||X||24|||X||||||||||||||
748013|0|R-VA048SC00633NB||||R-VA048SC00633NB|48-633|Will Loop|048|King George County|048|King George County|    48-617 Poplar Neck Rd| 403068|0|0|.55|    Dead End| 403305|0|0|.69|    06/09/2022|20|T|||||||X||24|||X||||||||||||||
748014|0|R-VA048SC00634EB||||R-VA048SC00634EB|48-634|Hillcrest Dr|048|King George County|048|King George County|    Dead End| 403118|0|0|0|    US 301 James Madison Pkwy| 403117|0|0|.32|    06/09/2022|90|T|||||||X||24|||X||||||||||||||
748015|0|R-VA048SC00635EB||||R-VA048SC00635EB|48-635|Gambo Creek Rd|048|King George County|048|King George County|    48-614 Owens Dr| 403051|0|0|0|    0.37 ME 48-614| 403051|0|.37|.37|    05/10/2022|213|R|||||||X||24|||X||||||||||||||
748016|0|R-VA048SC00635EB||||R-VA048SC00635EB|48-635|Gambo Creek Rd|048|King George County|048|King George County|    0.37 ME 48-614| 403051|0|.37|.37|    Dead End| 403119|0|0|.45|    06/09/2022|20|T|||||||X||24|||X||||||||||||||
748017|0|R-VA048SC00636NB||||R-VA048SC00636NB|48-636|Rosedale Dr|048|King George County|048|King George County|    48-1134 Schooner Dr| 748308|0|0|0|    48-640 Eleventh St| 403121|0|0|.12|    05/12/2022|355|R|||||||X||24|||X||||||||||||||
748018|0|R-VA048SC00636NB||||R-VA048SC00636NB|48-636|Rosedale Dr|048|King George County|048|King George County|    48-640 Eleventh St| 403121|0|0|.12|    48-604 Twelfth St| 403015|0|0|.21|    05/12/2022|247|R|||||||X||24|||X||||||||||||||
748019|0|R-VA048SC00636NB||||R-VA048SC00636NB|48-636|Rosedale Dr|048|King George County|048|King George County|    48-604 Twelfth St| 403015|0|0|.21|    SR 206; 48-668| 403120|0|0|.38|    05/12/2022|315|R|||||||X||24|||X||||||||||||||
748020|0|R-VA048SC00637NB||||R-VA048SC00637NB|48-637|Ridgeway Dr|048|King George County|048|King George County|    Dead End| 403123|0|0|0|    SR 3 Kings Hwy| 720603|0|0|.64|    05/02/2022|103|R|||||||X||24|||X||||||||||||||
748021|0|R-VA048SC00638EB||||R-VA048SC00638EB|48-638|Hudson Rd|048|King George County|048|King George County|    SR 3 Kings Hwy| 403124|0|0|0|    Dead End| 403125|0|0|.2|    06/09/2022|75|T|||||||X||24|||X||||||||||||||
748022|0|R-VA048SC00639NB||||R-VA048SC00639NB|48-639|Osprey Rd|048|King George County|048|King George County|    48-624 Mathias Point Rd| 403088|0|0|0|    Dead End| 403126|0|0|.9|    05/20/2022|422|R|||||||X||24|||X||||||||||||||
748023|0|R-VA048SC00640EB||||R-VA048SC00640EB|48-640|Eleventh St|048|King George County|048|King George County|    48-614 Potomac Dr| 403057|0|0|0|    48-636 Rosedale Dr| 403121|0|0|.1|    05/12/2022|106|R|||||||X||24|||X||||||||||||||
748024|0|R-VA048SC00641NB||||R-VA048SC00641NB|48-641|Chatterton Lane|048|King George County|048|King George County|    SR 218 Caledon Rd| 403127|0|0|0|    Dead End| 403128|0|0|.8|    10/03/2019|132|R|||||||X||24|||X||||||||||||||
748025|0|R-VA048SC00642NB||||R-VA048SC00642NB|48-642|Fitzhugh Lane|048|King George County|048|King George County|    SR 218 Caledon Rd| 403129|0|0|0|    48-682 Eagles Nest Lane| 403130|0|0|.7|    10/03/2019|485|R|||||||X||24|||X||||||||||||||
748026|0|R-VA048SC00642NB||||R-VA048SC00642NB|48-642|Fitzhugh Lane|048|King George County|048|King George County|    48-682 Eagles Nest Lane| 403130|0|0|.7|    Dead End|1038272|0|0|1.72|    10/03/2019|170|R|||||||X||24|||X||||||||||||||
748027|0|R-VA048SC00643NB||||R-VA048SC00643NB|48-643|Bald Eagle Dr|048|King George County|048|King George County|    Dead End| 403132|0|0|0|    48-625 Salem Church Rd| 403093|0|0|1.8|    10/03/2019|108|R|||||||X||24|||X||||||||||||||
748028|0|R-VA048SC00644EB||||R-VA048SC00644EB|48-644|Potts Lane|048|King George County|048|King George County|    SR 206 Dahlgren Rd| 403133|0|0|0|    48-1206 Allen Ave| 403134|0|0|.3|    05/05/2022|367|R|||||||X||24|||X||||||||||||||
748029|0|R-VA048SC00644EB||||R-VA048SC00644EB|48-644|Potts Lane|048|King George County|048|King George County|    48-1206 Allen Ave| 403134|0|0|.3|    0.10 ME 48-1206| 403134|0|.1|.4|    05/05/2022|171|R|||||||X||24|||X||||||||||||||
748030|0|R-VA048SC00644EB||||R-VA048SC00644EB|48-644|Potts Lane|048|King George County|048|King George County|    0.10 ME 48-1206| 403134|0|.1|.4|    Dead End| 403307|0|0|.7|    06/09/2022|70|T|||||||X||24|||X||||||||||||||
748031|0|R-VA048SC00645NB||||R-VA048SC00645NB|48-645|Springfield Rd|048|King George County|048|King George County|    Dead End| 403308|0|0|0|    48-647 Shiloh Loop| 403136|0|0|1.05|    04/27/2022|107|R|||||||X||24|||X||||||||||||||
404458|0|R-VA048SC00645NB||||R-VA048SC00645NB|48-645|Springfield Rd|048|King George County|048|King George County|    48-647 Shiloh Loop| 403136|0|0|1.05|    SR 3 Kings Hwy| 403135|0|0|1.08|    01/01/2022|1092|F|96|1|2|2|0|0|C|.099|6 |.69|1070|F||||||||||||||
748032|0|R-VA048SC00646NB||||R-VA048SC00646NB|48-646|Payne Dr|048|King George County|048|King George County|    Dead End| 403309|0|0|0|    48-670 Fifteenth St| 403137|0|0|.4|    06/09/2022|115|T|||||||X||24|||X||||||||||||||
404509|0|R-VA048SC00647EB||||R-VA048SC00647EB|48-647|Shiloh Loop|048|King George County|048|King George County|    48-645 Springfield Rd| 403136|0|0|0|    48-623 Jersey Rd| 403083|0|0|.165|    01/01/2022|1083|F|95|0|2|1|1|0|C|.097|6 |.68|1061|F||||||||||||||
748033|0|R-VA048SC00647EB||||R-VA048SC00647EB|48-647|Shiloh Loop|048|King George County|048|King George County|    48-623 Jersey Rd| 403083|0|0|.165|    SR 3 Kings Hwy| 403138|0|0|.42|    04/27/2022|391|R|||||||X||24|||X||||||||||||||
748034|0|R-VA048SC00647EB||||R-VA048SC00647EB|48-647|Big Timber Rd|048|King George County|048|King George County|    SR 3 Kings Hwy| 403138|0|0|.42|    1.61 ME SR 3| 403138|0|1.61|2.03|    04/27/2022|263|R|||||||X||24|||X||||||||||||||
748035|0|R-VA048SC00647EB||||R-VA048SC00647EB|48-647|Big Timber Rd|048|King George County|048|King George County|    1.61 ME SR 3| 403138|0|1.61|2.03|    48-625 Prim Rd| 403097|0|0|3|    04/25/2022|188|R|||||||X||24|||X||||||||||||||
748036|0|R-VA048SC00648EB||||R-VA048SC00648EB|48-648|Winston Place|048|King George County|048|King George County|    Dead End| 403310|0|0|0|    0.60 MN Dead End| 403310|0|.6|.6|    05/02/2022|146|R|||||||X||24|||X||||||||||||||
748037|0|R-VA048SC00648EB||||R-VA048SC00648EB|48-648|Winston Place|048|King George County|048|King George County|    0.60 MN Dead End| 403310|0|.6|.6|    48-609 Comorn Rd| 403031|0|0|1.21|    05/02/2022|426|R|||||||X||24|||X||||||||||||||
748038|0|R-VA048SC00649EB||||R-VA048SC00649EB|48-649|Marmion Lane|048|King George County|048|King George County|    48-609 Comorn Rd| 403032|0|0|0|    Dead End| 403140|0|0|.75|    10/03/2019|157|R|||||||X||24|||X||||||||||||||
748039|0|R-VA048SC00650NB||||R-VA048SC00650NB|48-650|Welcome Lane|048|King George County|048|King George County|    48-625 Salem Church Rd| 403091|0|0|0|    48-623 Jersey Rd| 403082|0|0|1.1|    04/25/2022|221|R|||||||X||24|||X||||||||||||||
748040|0|R-VA048SC00651EB||||R-VA048SC00651EB|48-651|Valley Hill Loop|048|King George County|048|King George County|    SR 218 W, Caledon Rd| 403141|0|0|0|    SR 218 E, Caledon Rd| 403142|0|0|.72|    10/08/2019|83|R|||||||X||24|||X||||||||||||||
748041|0|R-VA048SC00652NB||||R-VA048SC00652NB|48-652|Roseland Rd|048|King George County|048|King George County|    US 301 James Madison Pkwy| 403143|0|0|0|    Dead End| 403144|0|0|.58|    05/12/2022|156|R|||||||X||24|||X||||||||||||||
748042|0|R-VA048SC00653NB||||R-VA048SC00653NB|48-653|Midway Rd|048|King George County|048|King George County|    Dead End| 403146|0|0|0|    48-686 Mt Rose Dr| 403145|0|0|1|    04/27/2022|285|R|||||||X||24|||X||||||||||||||
748043|0|R-VA048SC00654EB||||R-VA048SC00654EB|48-654|Belvedere Dr|048|King George County|048|King George County|    48-600 Passapatanzy Dr| 403001|0|0|0|    Dead End| 403147|0|0|1.65|    05/02/2022|352|R|||||||X||24|||X||||||||||||||
748044|0|R-VA048SC00655EB||||R-VA048SC00655EB|48-655|St Pauls Rd|048|King George County|048|King George County|    48-632 Berthaville Rd| 403114|0|0|0|    0.63 ME 48-632| 403114|0|.63|.63|    05/10/2022|404|R|||||||X||24|||X||||||||||||||
748045|0|R-VA048SC00655EB||||R-VA048SC00655EB|48-655|St Pauls Rd|048|King George County|048|King George County|    0.63 ME 48-632| 403114|0|.63|.63|    Cul-de-Sac| 755404|0|0|1.57|    05/10/2022|341|R|||||||X||24|||X||||||||||||||
748046|0|R-VA048SC00656EB||||R-VA048SC00656EB|48-656|Rosiers Creek Lane|048|King George County|048|King George County|    SR 218 Windsor Dr| 403148|0|0|0|    Dead End| 403149|0|0|.32|    10/27/2022|161|T|||||||X||24|||X||||||||||||||
748047|0|R-VA048SC00657NB||||R-VA048SC00657NB|48-657|Chastine Dr|048|King George County|048|King George County|    Dead End| 403151|0|0|0|    SR 3 Kings Hwy| 403150|0|0|.75|    10/21/2019|92|R|||||||X||24|||X||||||||||||||
748048|0|R-VA048SC00658EB||||R-VA048SC00658EB|48-658|Cedar Ridge Lane|048|King George County|048|King George County|    48-600 Passapatanzy Dr| 403002|0|0|0|    0.07 ME 48-600| 403002|0|.07|.07|    05/02/2022|129|R|||||||X||24|||X||||||||||||||
748049|0|R-VA048SC00658EB||||R-VA048SC00658EB|48-658|Cedar Ridge Lane|048|King George County|048|King George County|    0.07 ME 48-600| 403002|0|.07|.07|    Dead End| 403312|0|0|.53|    06/09/2022|80|T|||||||X||24|||X||||||||||||||
748050|0|R-VA048SC00659NB||||R-VA048SC00659NB|48-659|Hobson Lane|048|King George County|048|King George County|    SR 206 Dahlgren Rd| 403152|0|0|0|    Dead End| 403153|0|0|.65|    10/08/2019|198|R|||||||X||24|||X||||||||||||||
748051|0|R-VA048SC00660EB||||R-VA048SC00660EB|48-660|Canning Way|048|King George County|048|King George County|    Dead End| 403154|0|0|0|    48-607 Port Conway Rd| 403023|0|0|.25|    10/21/2019|50|T|||||||X||24|||X||||||||||||||
748052|0|R-VA048SC00661EB||||R-VA048SC00661EB|48-661|Peerless Rd|048|King George County|048|King George County|    SR 3 Kings Hwy| 403155|0|0|0|    48-629 Round Hill Rd| 403107|0|0|.2|    04/27/2022|33|R|||||||X||24|||X||||||||||||||
748053|0|R-VA048SC00662NB||||R-VA048SC00662NB|48-662|Oaktree Dr|048|King George County|048|King George County|    48-706 Pullen Loop| 403156|0|0|0|    Dead End| 403157|0|0|.6|    04/27/2022|155|R|||||||X||24|||X||||||||||||||
748054|0|R-VA048SC00663EB||||R-VA048SC00663EB|48-663|Chotank Loop|048|King George County|048|King George County|    SR 206 W, Dahlgren Rd| 403158|0|0|0|    SR 206 E, Dahlgren Rd| 403160|0|0|.3|    05/12/2022|155|R|||||||X||24|||X||||||||||||||
748055|0|R-VA048SC00664EB||||R-VA048SC00664EB|48-664|Bromme Circle|048|King George County|048|King George County|    Dead End| 403162|0|0|0|    48-694 Lambs Creek Church Rd| 403161|0|0|1|    05/02/2022|505|R|||||||X||24|||X||||||||||||||
748056|0|R-VA048SC00665EB||||R-VA048SC00665EB|48-665|Birchwood Creek Lane|048|King George County|048|King George County|    SR 3 Kings Hwy| 403163|0|0|0|    1.35 MN SR 3| 403163|0|1.35|1.35|    01/01/2022|1160|F|52|0|1|14|33|0|C|.105|6 |.55|1137|F||||||||||||||
748057|0|R-VA048SC00665EB||||R-VA048SC00665EB|48-665|Birchwood Creek Lane|048|King George County|048|King George County|    1.35 MN SR 3| 403163|0|1.35|1.35|    48-605 Bloomsbury Rd| 403018|0|0|1.53|    01/01/2022|933|F|84|1|1|5|8|0|C|.116|6 |.53|910|F||||||||||||||
748058|0|R-VA048SC00666EB||||R-VA048SC00666EB|48-666|Gulvey Loop|048|King George County|048|King George County|    48-629 W, Round Hill Rd| 403109|0|0|0|    48-629 E, Round Hill Rd| 403352|0|0|.43|    10/21/2019|43|R|||||||X||24|||X||||||||||||||
748059|0|R-VA048SC00667EB||||R-VA048SC00667EB|48-667|State Rd|048|King George County|048|King George County|    US 301 James Madison Pkwy|1055384|0|0|0|    Dead End| 403165|0|0|.9|    04/27/2022|621|R|||||||X||24|||X||||||||||||||
748060|0|R-VA048SC00668EB||||R-VA048SC00668EB|48-668|Fourteenth St|048|King George County|048|King George County|    48-614 Potomac Dr| 403056|0|0|0|    SR 206; 48-636| 403120|0|0|.1|    05/12/2022|123|R|||||||X||24|||X||||||||||||||
748061|0|R-VA048SC00669EB||||R-VA048SC00669EB|48-669|Woodland Way|048|King George County|048|King George County|    48-631 Millbank Rd| 403111|0|0|0|    Dead End| 403167|0|0|.4|    10/21/2019|125|T|||||||X||24|||X||||||||||||||
748062|0|R-VA048SC00670EB||||R-VA048SC00670EB|48-670|Fifteenth St|048|King George County|048|King George County|    48-671 Gordon Dr| 403168|0|0|0|    48-614 Potomac Dr| 403055|0|0|.17|    05/12/2022|2521|R|||||||X||24|||X||||||||||||||
748063|0|R-VA048SC00671NB||||R-VA048SC00671NB|48-671|Norton Dr|048|King George County|048|King George County|    Dead End| 403314|0|0|0|    48-672 Austin Dr| 403170|0|0|.03|    10/21/2019|40|T|||||||X||24|||X||||||||||||||
748064|0|R-VA048SC00671NB||||R-VA048SC00671NB|48-671|Gordon Dr|048|King George County|048|King George County|    48-672 Austin Dr| 403170|0|0|.03|    48-670 Fifteenth St| 403168|0|0|.11|    05/12/2022|146|R|||||||X||24|||X||||||||||||||
748065|0|R-VA048SC00671NB||||R-VA048SC00671NB|48-671|Gordon Dr|048|King George County|048|King George County|    48-670 Fifteenth St| 403168|0|0|.11|    48-674 Forest Rd| 403169|0|0|.18|    05/12/2022|323|R|||||||X||24|||X||||||||||||||
748066|0|R-VA048SC00671NB||||R-VA048SC00671NB|48-671|Gordon Dr|048|King George County|048|King George County|    48-674 Forest Rd| 403169|0|0|.18|    Dead End| 403313|0|0|.29|    10/21/2019|50|T|||||||X||24|||X||||||||||||||
748067|0|R-VA048SC00672EB||||R-VA048SC00672EB|48-672|Austin Dr|048|King George County|048|King George County|    48-673 Duclos Lane| 403171|0|0|0|    48-671 Gordon Dr| 403170|0|0|.08|    10/23/2019|117|R|||||||X||24|||X||||||||||||||
748068|0|R-VA048SC00673NB||||R-VA048SC00673NB|48-673|Duclos Lane|048|King George County|048|King George County|    Dead End| 403172|0|0|0|    48-672 Austin Dr| 403171|0|0|.13|    10/23/2019|130|T|||||||X||24|||X||||||||||||||
748069|0|R-VA048SC00674EB||||R-VA048SC00674EB|48-674|Forest Rd|048|King George County|048|King George County|    48-675, N Williams Creek Rd| 403174|0|0|0|    48-703 Quesenberry Dr| 403173|0|0|.07|    10/23/2019|164|R|||||||X||24|||X||||||||||||||
748070|0|R-VA048SC00674EB||||R-VA048SC00674EB|48-674|Forest Rd|048|King George County|048|King George County|    48-703 Quesenberry Dr| 403173|0|0|.07|    48-671 Gordon Dr| 403169|0|0|.14|    10/23/2019|277|R|||||||X||24|||X||||||||||||||
748071|0|R-VA048SC00675NB||||R-VA048SC00675NB|48-675|N Williams Creek Rd|048|King George County|048|King George County|    48-715 Norton Dr| 403175|0|0|0|    48-674 Forest Rd| 403174|0|0|.1|    10/23/2019|87|R|||||||X||24|||X||||||||||||||
748072|0|R-VA048SC00675NB||||R-VA048SC00675NB|48-675|N Williams Creek Rd|048|King George County|048|King George County|    48-674 Forest Rd| 403174|0|0|.1|    Dead End| 403315|0|0|.2|    10/23/2019|105|T|||||||X||24|||X||||||||||||||
748073|0|R-VA048SC00676NB||||R-VA048SC00676NB|48-676|Rectory Lane|048|King George County|048|King George County|    SR 3 Kings Hwy| 403176|0|0|0|    Dead End| 403177|0|0|.3|    06/09/2022|295|R|||||||X||24|||X||||||||||||||
748074|0|R-VA048SC00677EB||||R-VA048SC00677EB|48-677|Stanley Rd|048|King George County|048|King George County|    SR 3; 48-606| 720604|0|0|0|    48-609 Comorn Rd| 403030|0|0|.29|    05/02/2022|1052|R|||||||X||24|||X||||||||||||||
748075|0|R-VA048SC00678EB||||R-VA048SC00678EB|48-678|St Anthonys|048|King George County|048|King George County|    SR 3 Kings Hwy| 403179|0|0|0|    48-610 St Anthonys Rd; Millbank Rd| 403040|0|0|.51|    04/27/2022|868|R|||||||X||24|||X||||||||||||||
748076|0|R-VA048SC00679EB||||R-VA048SC00679EB|48-679|Canterbury Loop|048|King George County|048|King George County|    SR 3 W, Kings Hwy| 403180|0|0|0|    SR 3 E, Kings Hwy| 403181|0|0|.85|    04/27/2022|502|R|||||||X||24|||X||||||||||||||
748077|0|R-VA048SC00680EB||||R-VA048SC00680EB|48-680|Index Lane|048|King George County|048|King George County|    48-625 Salem Church Rd| 403094|0|0|0|    SR 3 Kings Hwy| 403182|0|0|.32|    10/21/2019|35|R|||||||X||24|||X||||||||||||||
748078|0|R-VA048SC00681EB||||R-VA048SC00681EB|48-681|Rollens Fork Rd|048|King George County|048|King George County|    SR 3 Kings Hwy| 403183|0|0|0|    48-627 Wilmont Rd| 403103|0|0|.3|    04/25/2022|188|R|||||||X||24|||X||||||||||||||
748079|0|R-VA048SC00682NB||||R-VA048SC00682NB|48-682|Eagles Nest Lane|048|King George County|048|King George County|    48-642 Fitzhugh Lane| 403130|0|0|0|    Dead End| 403184|0|0|1|    10/03/2019|173|R|||||||X||24|||X||||||||||||||
748080|0|R-VA048SC00683EB||||R-VA048SC00683EB|48-683|Ferry Dock Rd|048|King George County|048|King George County|    48-614 Potomac Dr| 403059|0|0|0|    48-691 Rosedale Dr| 403185|0|0|.17|    05/12/2022|176|R|||||||X||24|||X||||||||||||||
748081|0|R-VA048SC00683EB||||R-VA048SC00683EB|48-683|Ferry Dock Rd|048|King George County|048|King George County|    48-691 Rosedale Dr| 403185|0|0|.17|    48-693 Townsend Dr| 403186|0|0|.2|    10/03/2019|83|R|||||||X||24|||X||||||||||||||
748082|0|R-VA048SC00684EB||||R-VA048SC00684EB|48-684|Garnets Loop|048|King George County|048|King George County|    SR 205 W, Ridge Rd| 403188|0|0|0|    SR 205 E, Ridge Rd| 403187|0|0|.35|    10/21/2019|9|R|||||||X||24|||X||||||||||||||
748083|0|R-VA048SC00685EB||||R-VA048SC00685EB|48-685|Schoolhouse Rd|048|King George County|048|King George County|    48-624 Mathias Point Rd| 403086|0|0|0|    Dead End| 403316|0|0|.13|    06/09/2022|15|T|||||||X||24|||X||||||||||||||
748084|0|R-VA048SC00686NB||||R-VA048SC00686NB|48-686|Mt Rose Dr|048|King George County|048|King George County|    SR 3 S, Kings Hwy| 403190|0|0|0|    SR 3 N, Kings Hwy| 403189|0|0|1.21|    04/27/2022|342|R|||||||X||24|||X||||||||||||||
748085|0|R-VA048SC00687NB||||R-VA048SC00687NB|48-687|Woodstock Rd|048|King George County|048|King George County|    48-624 Mathias Point Rd| 403087|0|0|0|    Dead End| 403317|0|0|1.66|    05/10/2022|202|R|||||||X||24|||X||||||||||||||
748086|0|R-VA048SC00688EB||||R-VA048SC00688EB|48-688|Hickory Lane|048|King George County|048|King George County|    48-610 Indiantown Rd| 403038|0|0|0|    Dead End| 403318|0|0|.2|    10/21/2019|60|T|||||||X||24|||X||||||||||||||
748087|0|R-VA048SC00689EB||||R-VA048SC00689EB|48-689|Tenth St|048|King George County|048|King George County|    Dead End| 403319|0|0|0|    48-614 Potomac Dr| 403058|0|0|.13|    10/21/2019|60|T|||||||X||24|||X||||||||||||||
748088|0|R-VA048SC00690NB||||R-VA048SC00690NB|48-690|Luther Lane|048|King George County|048|King George County|    SR 3 Kings Hwy| 403191|0|0|0|    Dead End| 403192|0|0|.16|    10/21/2019|60|T|||||||X||24|||X||||||||||||||
748089|0|R-VA048SC00691NB||||R-VA048SC00691NB|48-691|Rosedale Dr|048|King George County|048|King George County|    48-683 Ferry Dock Rd| 403185|0|0|0|    Dead End| 403320|0|0|.18|    10/21/2019|60|T|||||||X||24|||X||||||||||||||
748090|0|R-VA048SC00692NB||||R-VA048SC00692NB|48-692|Cleve Rd|048|King George County|048|King George County|    Dead End| 403321|0|0|0|    48-607 Port Conway Rd| 403024|0|0|2.6|    04/27/2022|1385|R|||||||X||24|||X||||||||||||||
748091|0|R-VA048SC00693NB||||R-VA048SC00693NB|48-693|Townsend Dr|048|King George County|048|King George County|    48-683 Ferry Dock Rd| 403186|0|0|0|    Dead End| 403322|0|0|.11|    10/21/2019|60|T|||||||X||24|||X||||||||||||||
404510|0|R-VA048SC00694NB||||R-VA048SC00694NB|48-694|Lambs Creek Church Rd|048|King George County|048|King George County|    SR 3 Kings Hwy| 403193|0|0|0|    48-664 Bromme Circle| 403161|0|0|1.39|    01/01/2022|984|F|98|0|1|0|0|0|C|.102|6 |.6|965|F||||||||||||||
748092|0|R-VA048SC00694NB||||R-VA048SC00694NB|48-694|Lambs Creek Church Rd|048|King George County|048|King George County|    48-664 Bromme Circle| 403161|0|0|1.39|    48-608 Muscoe Pl| 403027|0|0|2.35|    10/08/2019|570|R|||||||X||24|||X||||||||||||||
748093|0|R-VA048SC00694NB||||R-VA048SC00694NB|48-694|Lambs Creek Church Rd|048|King George County|048|King George County|    48-608 Muscoe Pl| 403027|0|0|2.35|    SR 218 Caledon Rd| 403194|0|0|3.8|    10/08/2019|569|R|||||||X||24|||X||||||||||||||
748094|0|R-VA048SC00695EB||||R-VA048SC00695EB|48-695|Goby Lane|048|King George County|048|King George County|    Dead End| 403196|0|0|0|    SR 218 Caledon Rd| 403195|0|0|.55|    10/08/2019|77|R|||||||X||24|||X||||||||||||||
748095|0|R-VA048SC00696NB||||R-VA048SC00696NB|48-696|Fairview Dr|048|King George County|048|King George County|    SR 218 Caledon Rd| 403197|0|0|0|    48-707 Riverview Dr| 403198|0|0|.75|    05/02/2022|1171|R|||||||X||24|||X||||||||||||||
748096|0|R-VA048SC00696NB||||R-VA048SC00696NB|48-696|Fairview Dr|048|King George County|048|King George County|    48-707 Riverview Dr| 403198|0|0|.75|    48-1001 First St| 403199|0|0|.93|    05/12/2022|601|R|||||||X||24|||X||||||||||||||
748097|0|R-VA048SC00696NB||||R-VA048SC00696NB|48-696|Fairview Dr|048|King George County|048|King George County|    48-1001 First St| 403199|0|0|.93|    48-1002 Second St| 403200|0|0|.98|    10/03/2019|185|R|||||||X||24|||X||||||||||||||
748098|0|R-VA048SC00696NB||||R-VA048SC00696NB|48-696|Fairview Dr|048|King George County|048|King George County|    48-1002 Second St| 403200|0|0|.98|    48-1003 Third St| 403201|0|0|1.02|    10/03/2019|199|R|||||||X||24|||X||||||||||||||
748099|0|R-VA048SC00696NB||||R-VA048SC00696NB|48-696|Fairview Dr|048|King George County|048|King George County|    48-1003 Third St| 403201|0|0|1.02|    48-1005 Fifth St| 403203|0|0|1.11|    10/03/2019|142|R|||||||X||24|||X||||||||||||||
748100|0|R-VA048SC00697NB||||R-VA048SC00697NB|48-697|Chestnut Hill Loop|048|King George County|048|King George County|    US 301 S, James Madison Pkwy| 403205|0|0|0|    US 301 N, James Madison Pkwy| 403204|0|0|.28|    10/23/2019|48|R|||||||X||24|||X||||||||||||||
748101|0|R-VA048SC00698NB||||R-VA048SC00698NB|48-698|Nanzatico Lane|048|King George County|048|King George County|    Dead End| 403206|0|0|0|    48-625 Salem Church Rd| 403092|0|0|2.28|    04/25/2022|134|R|||||||X||24|||X||||||||||||||
748102|0|R-VA048SC00699NB||||R-VA048SC00699NB|48-699|Ivy Hill Loop|048|King George County|048|King George County|    US 301 S, James Madison Pkwy|1055385|0|0|0|    US 301 N, James Madison Pkwy|1055386|0|0|.35|    10/21/2019|33|R|||||||X||24|||X||||||||||||||
748103|0|R-VA048SC00700EB||||R-VA048SC00700EB|48-700|St Stephens Rd|048|King George County|048|King George County|    Dead End| 403323|0|0|0|    48-648 Winston Place| 403139|0|0|.2|    06/09/2022|30|T|||||||X||24|||X||||||||||||||
748104|0|R-VA048SC00701NB||||R-VA048SC00701NB|48-701|Rixey Rd|048|King George County|048|King George County|    Dead End| 403324|0|0|0|    48-616 Washington Mill Rd| 403063|0|0|.38|    10/21/2019|90|T|||||||X||24|||X||||||||||||||
748105|0|R-VA048SC00702NB||||R-VA048SC00702NB|48-702|Burrell Lane|048|King George County|048|King George County|    SR 206 Dahlgren Rd| 403209|0|0|0|    Dead End| 403210|0|0|.12|    10/21/2019|70|T|||||||X||24|||X||||||||||||||
748106|0|R-VA048SC00703NB||||R-VA048SC00703NB|48-703|Quesenberry Dr|048|King George County|048|King George County|    48-674 Forest Rd| 403173|0|0|0|    Dead End| 403325|0|0|.1|    10/21/2019|90|T|||||||X||24|||X||||||||||||||
748107|0|R-VA048SC00704NB||||R-VA048SC00704NB|48-704|Henry Griffen Rd|048|King George County|048|King George County|    Dead End (pre-update)|1263873|0|0|0|    SR 205 Ridge Rd| 403211|0|0|.27|    10/23/2019|972|R|||||||X||24|||X||||||||||||||
748108|0|R-VA048SC00705EB||||R-VA048SC00705EB|48-705|Circle Loop|048|King George County|048|King George County|    SR 205 W, Ridge Rd| 403213|0|0|0|    SR 205 E, Ridge Rd| 403214|0|0|.47|    04/27/2022|520|R|||||||X||24|||X||||||||||||||
748109|0|R-VA048SC00706EB||||R-VA048SC00706EB|48-706|Pullen Loop|048|King George County|048|King George County|    SR 205 W, Ridge Rd| 403216|0|0|0|    48-662 Oaktree Dr| 403156|0|0|.44|    04/27/2022|49|R|||||||X||24|||X||||||||||||||
748110|0|R-VA048SC00706EB||||R-VA048SC00706EB|48-706|Pullen Loop|048|King George County|048|King George County|    48-662 Oaktree Dr| 403156|0|0|.44|    SR 205 E, Ridge Rd| 403215|0|0|.46|    04/27/2022|259|R|||||||X||24|||X||||||||||||||
748111|0|R-VA048SC00707EB||||R-VA048SC00707EB|48-707|Riverview Dr|048|King George County|048|King George County|    48-696 Fairview Dr| 403198|0|0|0|    48-1001 First St| 403217|0|0|.05|    05/12/2022|727|R|||||||X||24|||X||||||||||||||
748112|0|R-VA048SC00707EB||||R-VA048SC00707EB|48-707|Riverview Dr|048|King George County|048|King George County|    48-1001 First St| 403217|0|0|.05|    48-1002 Second St| 403218|0|0|.1|    10/03/2019|948|R|||||||X||24|||X||||||||||||||
748113|0|R-VA048SC00707EB||||R-VA048SC00707EB|48-707|Riverview Dr|048|King George County|048|King George County|    48-1002 Second St| 403218|0|0|.1|    48-1003 Third St| 403219|0|0|.15|    10/03/2019|884|R|||||||X||24|||X||||||||||||||
748114|0|R-VA048SC00707EB||||R-VA048SC00707EB|48-707|Riverview Dr|048|King George County|048|King George County|    48-1003 Third St| 403219|0|0|.15|    48-1004 Fourth St| 403220|0|0|.2|    10/03/2019|881|R|||||||X||24|||X||||||||||||||
748115|0|R-VA048SC00707EB||||R-VA048SC00707EB|48-707|Riverview Dr|048|King George County|048|King George County|    48-1004 Fourth St| 403220|0|0|.2|    48-1005 Fifth St| 403221|0|0|.25|    10/03/2019|1919|R|||||||X||24|||X||||||||||||||
748116|0|R-VA048SC00707EB||||R-VA048SC00707EB|48-707|Riverview Dr|048|King George County|048|King George County|    48-1005 Fifth St| 403221|0|0|.25|    48-1007 Seventh St| 403222|0|0|.37|    07/27/2016|855|R|||||||X||24|||X||||||||||||||
748117|0|R-VA048SC00707EB||||R-VA048SC00707EB|48-707|Riverview Dr|048|King George County|048|King George County|    48-1007 Seventh St| 403222|0|0|.37|    48-1008 Eighth St| 403223|0|0|.41|    10/03/2019|519|R|||||||X||24|||X||||||||||||||
748118|0|R-VA048SC00707EB||||R-VA048SC00707EB|48-707|Riverview Dr|048|King George County|048|King George County|    48-1008 Eighth St| 403223|0|0|.41|    48-1009 Ninth St| 403224|0|0|.47|    10/03/2019|395|R|||||||X||24|||X||||||||||||||
748119|0|R-VA048SC00707EB||||R-VA048SC00707EB|48-707|Riverview Dr|048|King George County|048|King George County|    48-1009 Ninth St| 403224|0|0|.47|    48-1010 Tenth St| 403225|0|0|.52|    10/03/2019|332|R|||||||X||24|||X||||||||||||||
748120|0|R-VA048SC00707EB||||R-VA048SC00707EB|48-707|Riverview Dr|048|King George County|048|King George County|    48-1010 Tenth St| 403225|0|0|.52|    48-1011 Eleventh St| 403226|0|0|.57|    07/27/2016|373|R|||||||X||24|||X||||||||||||||
748121|0|R-VA048SC00708EB||||R-VA048SC00708EB|48-708|Potomac Ave|048|King George County|048|King George County|    48-1007 Seventh St| 403227|0|0|0|    48-1008 Eighth St| 403228|0|0|.04|    10/03/2019|203|R|||||||X||24|||X||||||||||||||
748122|0|R-VA048SC00708EB||||R-VA048SC00708EB|48-708|Potomac Ave|048|King George County|048|King George County|    48-1008 Eighth St| 403228|0|0|.04|    48-1009 Ninth St| 403229|0|0|.09|    10/03/2019|113|R|||||||X||24|||X||||||||||||||
748123|0|R-VA048SC00708EB||||R-VA048SC00708EB|48-708|Potomac Ave|048|King George County|048|King George County|    48-1009 Ninth St| 403229|0|0|.09|    48-1010 Tenth St| 403230|0|0|.14|    10/03/2019|102|R|||||||X||24|||X||||||||||||||
748124|0|R-VA048SC00708EB||||R-VA048SC00708EB|48-708|Potomac Ave|048|King George County|048|King George County|    48-1010 Tenth St| 403230|0|0|.14|    48-1011 Eleventh St| 403231|0|0|.19|    10/03/2019|94|R|||||||X||24|||X||||||||||||||
748125|0|R-VA048SC00708EB||||R-VA048SC00708EB|48-708|Potomac Ave|048|King George County|048|King George County|    48-1011 Eleventh St| 403231|0|0|.19|    48-1012 Twelfth St| 403232|0|0|.23|    07/27/2016|63|R|||||||X||24|||X||||||||||||||
748126|0|R-VA048SC00709EB||||R-VA048SC00709EB|48-709|Bradley Lane|048|King George County|048|King George County|    SR 3 Kings Hwy| 403233|0|0|0|    48-710 Poplar Lane| 403234|0|0|.34|    04/27/2022|49|R|||||||X||24|||X||||||||||||||
748127|0|R-VA048SC00710EB||||R-VA048SC00710EB|48-710|Poplar Lane|048|King George County|048|King George County|    48-709 Bradley Lane| 403234|0|0|0|    48-629 Round Hill Rd| 403108|0|0|.08|    10/21/2019|45|R|||||||X||24|||X||||||||||||||
748128|0|R-VA048SC00711EB||||R-VA048SC00711EB|48-711|Dixon Lane|048|King George County|048|King George County|    Dead End| 403326|0|0|0|    48-624 Owens Dr| 403085|0|0|.2|    10/21/2019|70|T|||||||X||24|||X||||||||||||||
748129|0|R-VA048SC00712NB||||R-VA048SC00712NB|48-712|Fence Dr|048|King George County|048|King George County|    48-614 S, Potomac Dr| 403347|0|0|0|    48-614 N, Potomac Dr| 403053|0|0|.32|    10/23/2019|70|R|||||||X||24|||X||||||||||||||
748130|0|R-VA048SC00713EB||||R-VA048SC00713EB|48-713|Jones Ct|048|King George County|048|King George County|    Cul-de-Sac| 403235|0|0|0|    48-600 Passapatanzy Dr| 403003|0|0|.14|    05/09/2022|30|T|||||||X||24|||X||||||||||||||
748131|0|R-VA048SC00714EB||||R-VA048SC00714EB|48-714|Bumbrey Lane|048|King George County|048|King George County|    48-663 Chotank Loop| 403159|0|0|0|    Dead End| 403327|0|0|.13|    06/09/2022|40|T|||||||X||24|||X||||||||||||||
748132|0|R-VA048SC00715EB||||R-VA048SC00715EB|48-715|Norton Dr|048|King George County|048|King George County|    48-675, N Williams Creek Rd| 403175|0|0|0|    Dead End| 403328|0|0|.05|    06/09/2022|40|T|||||||X||24|||X||||||||||||||
748133|0|R-VA048SC00717NB||||R-VA048SC00717NB|48-717|Green Meadow Dr|048|King George County|048|King George County|    48-719 Misty Lane| 403237|0|0|0|    SR 205 Ridge Rd| 403236|0|0|.25|    06/09/2022|135|R|||||||X||24|||X||||||||||||||
748134|0|R-VA048SC00718NB||||R-VA048SC00718NB|48-718|Shiloh Dr|048|King George County|048|King George County|    48-719 Misty Lane| 403239|0|0|0|    SR 205 Ridge Rd| 403238|0|0|.39|    04/27/2022|117|R|||||||X||24|||X||||||||||||||
748135|0|R-VA048SC00719EB||||R-VA048SC00719EB|48-719|Misty Lane|048|King George County|048|King George County|    48-717 Green Meadow Dr| 403237|0|0|0|    Cul-de-Sac| 403240|0|0|.27|    06/09/2022|30|T|||||||X||24|||X||||||||||||||
748136|0|R-VA048SC00724NB||||R-VA048SC00724NB|48-724|Beaver Dr|048|King George County|048|King George County|    48-629 Round Hill Rd| 713665|0|0|0|    48-725 Thunder Rd| 713666|0|0|.18|    04/27/2022|192|R|||||||X||24|||X||||||||||||||
748137|0|R-VA048SC00725EB||||R-VA048SC00725EB|48-725|Thunder Rd|048|King George County|048|King George County|    Dead End| 713667|0|0|0|    48-724 Beaver Dr| 713666|0|0|.3|    10/21/2019|70|R|||||||X||24|||X||||||||||||||
797707|0|R-VA048SC00726EB||||R-VA048SC00726EB|48-726|Stoney Knoll Rd|048|King George County|048|King George County|    48-628 Stoney Knoll Rd| 753176|0|0|0|    Cul-de-Sac| 753177|0|0|.14|    10/21/2019|20|T|||||||X||24|||X||||||||||||||
802951|0|R-VA048SC00730EB||||R-VA048SC00730EB|48-730|Bushrod Rd|048|King George County|048|King George County|    Dead End| 656289|0|0|0|    96-628 Pomona Rd| 656137|0|0|.3|    10/21/2019|60|T|||||||X||24|||X||||||||||||||
748138|0|R-VA048SC01000NB||||R-VA048SC01000NB|48-1000|Barnes Field|048|King George County|048|King George County|    US 301 James Madison Pkwy| 702706|0|0|0|    Dead End| 403242|0|0|.39|    05/12/2022|320|T|||||||X||24|||X||||||||||||||
748139|0|R-VA048SC01001NB||||R-VA048SC01001NB|48-1001|First St|048|King George County|048|King George County|    48-707 Riverview Dr| 403217|0|0|0|    48-696 Fairview Dr| 403199|0|0|.15|    07/27/2016|56|R|||||||X||24|||X||||||||||||||
748140|0|R-VA048SC01002NB||||R-VA048SC01002NB|48-1002|Second St|048|King George County|048|King George County|    48-707 Riverview Dr| 403218|0|0|0|    48-696 Fairview Dr| 403200|0|0|.15|    07/27/2016|59|R|||||||X||24|||X||||||||||||||
748141|0|R-VA048SC01003NB||||R-VA048SC01003NB|48-1003|Third St|048|King George County|048|King George County|    48-707 Riverview Dr| 403219|0|0|0|    48-696 Fairview Dr| 403201|0|0|.15|    07/27/2016|49|R|||||||X||24|||X||||||||||||||
748142|0|R-VA048SC01004NB||||R-VA048SC01004NB|48-1004|Fourth St|048|King George County|048|King George County|    48-707 Riverview Dr| 403220|0|0|0|    48-696 Fairview Dr| 403202|0|0|.15|    07/27/2016|67|R|||||||X||24|||X||||||||||||||
748143|0|R-VA048SC01005NB||||R-VA048SC01005NB|48-1005|Fifth St|048|King George County|048|King George County|    48-707 Riverview Dr| 403221|0|0|0|    48-696 Fairview Dr| 403203|0|0|.15|    07/27/2016|181|R|||||||X||24|||X||||||||||||||
748144|0|R-VA048SC01007NB||||R-VA048SC01007NB|48-1007|Seventh St|048|King George County|048|King George County|    48-707 Riverview Dr| 403222|0|0|0|    48-708 Potomac Ave| 403227|0|0|.11|    07/27/2016|116|R|||||||X||24|||X||||||||||||||
748145|0|R-VA048SC01008NB||||R-VA048SC01008NB|48-1008|Eighth St|048|King George County|048|King George County|    48-707 Riverview Dr| 403223|0|0|0|    48-708 Potomac Ave| 403228|0|0|.11|    07/27/2016|37|R|||||||X||24|||X||||||||||||||
748146|0|R-VA048SC01009NB||||R-VA048SC01009NB|48-1009|Ninth St|048|King George County|048|King George County|    48-707 Riverview Dr| 403224|0|0|0|    48-708 Potomac Ave| 403229|0|0|.11|    07/27/2016|44|R|||||||X||24|||X||||||||||||||
748147|0|R-VA048SC01010NB||||R-VA048SC01010NB|48-1010|Tenth St|048|King George County|048|King George County|    48-707 Riverview Dr| 403225|0|0|0|    48-708 Potomac Ave| 403230|0|0|.11|    07/27/2016|83|R|||||||X||24|||X||||||||||||||
748148|0|R-VA048SC01011NB||||R-VA048SC01011NB|48-1011|Eleventh St|048|King George County|048|King George County|    Dead End| 403329|0|0|0|    48-708 Potomac Ave| 403231|0|0|.15|    03/24/2016|70|T|||||||X||24|||X||||||||||||||
748149|0|R-VA048SC01012NB||||R-VA048SC01012NB|48-1012|Twelfth St|048|King George County|048|King George County|    Dead End| 403330|0|0|0|    48-708 Potomac Ave| 403232|0|0|.04|    10/21/2019|40|T|||||||X||24|||X||||||||||||||
748150|0|R-VA048SC01013NB||||R-VA048SC01013NB|48-1013|Mapel Ridge Ct|048|King George County|048|King George County|    Cul-de-Sac| 720982|0|0|0|    SR 218 Caledon Rd| 720981|0|0|.19|    10/21/2019|70|T|||||||X||24|||X||||||||||||||
748151|0|R-VA048SC01014NB||||R-VA048SC01014NB|48-1014|Summer Beam Dr|048|King George County|048|King George County|    Cul-de-Sac| 721132|0|0|0|    SR 218 Caledon Rd| 721131|0|0|.42|    10/21/2019|80|T|||||||X||24|||X||||||||||||||
748152|0|R-VA048SC01015NB||||R-VA048SC01015NB|48-1015|Lewis Lane|048|King George County|048|King George County|    48-603,  Y Intersection Leg| 403009|0|0|0|    Dead End| 403331|0|0|.1|    06/09/2022|20|T|||||||X||24|||X||||||||||||||
793117|0|R-VA048SC01018EB||||R-VA048SC01018EB|48-1018|Ormond Way|048|King George County|048|King George County|    48-1032 Claydael Blvd| 743671|0|0|0|    Cul-de-Sac| 743677|0|0|.73|    05/02/2022|477|R|||||||X||24|||X||||||||||||||
793118|0|R-VA048SC01019NB||||R-VA048SC01019NB|48-1019|Anderson Court|048|King George County|048|King George County|    48-1018 Ormond Way| 743678|0|0|0|    Cul-de-Sac| 743680|0|0|.1|    06/08/2022|40|T|||||||X||24|||X||||||||||||||
782513|0|R-VA048SC01020EB||||R-VA048SC01020EB|48-1020|Oakland Dr|048|King George County|048|King George County|    48-1027 French Ct| 723702|0|0|0|    48-1023 Covington St| 403243|0|0|.34|    05/02/2022|477|R|||||||X||24|||X||||||||||||||
748153|0|R-VA048SC01020EB||||R-VA048SC01020EB|48-1020|Oakland Dr|048|King George County|048|King George County|    48-1023 Covington St| 403243|0|0|.34|    0.12 ME 48-1023| 403243|0|.12|.46|    05/02/2022|451|R|||||||X||24|||X||||||||||||||
748154|0|R-VA048SC01020EB||||R-VA048SC01020EB|48-1020|Oakland Dr|048|King George County|048|King George County|    0.12 ME 48-1023| 403243|0|.12|.46|    48-603, Y Intersection Leg| 403010|0|0|.68|    05/02/2022|723|R|||||||X||24|||X||||||||||||||
748155|0|R-VA048SC01021NB||||R-VA048SC01021NB|48-1021|Forest Ridge Dr|048|King George County|048|King George County|    48-603, Y Intersection Leg| 403011|0|0|0|    48-1022 Flora Ct| 403244|0|0|.14|    05/02/2022|401|R|||||||X||24|||X||||||||||||||
748156|0|R-VA048SC01021NB||||R-VA048SC01021NB|48-1021|Forest Ridge Dr|048|King George County|048|King George County|    48-1022 Flora Ct| 403244|0|0|.14|    Dead End| 723699|0|0|.37|    10/21/2019|346|R|||||||X||24|||X||||||||||||||
748157|0|R-VA048SC01022EB||||R-VA048SC01022EB|48-1022|Flora Ct|048|King George County|048|King George County|    Cul-de-Sac| 403245|0|0|0|    48-1021 Forest Ridge Dr| 403244|0|0|.05|    10/21/2019|50|T|||||||X||24|||X||||||||||||||
748158|0|R-VA048SC01023EB||||R-VA048SC01023EB|48-1023|Covington St|048|King George County|048|King George County|    48-1024 Garner Dr| 403246|0|0|0|    48-1020 Oakland Dr| 403243|0|0|.12|    05/02/2022|137|R|||||||X||24|||X||||||||||||||
748159|0|R-VA048SC01024NB||||R-VA048SC01024NB|48-1024|Garner Dr|048|King George County|048|King George County|    Cul-de-Sac| 403247|0|0|0|    48-1023 Covington St| 403246|0|0|.15|    06/09/2022|60|T|||||||X||24|||X||||||||||||||
782514|0|R-VA048SC01024NB||||R-VA048SC01024NB|48-1024|Garner Dr|048|King George County|048|King George County|    48-1023 Covington St| 403246|0|0|.15|    Cul-de-Sac| 723705|0|0|.34|    06/09/2022|120|T|||||||X||24|||X||||||||||||||
782515|0|R-VA048SC01025NB||||R-VA048SC01025NB|48-1025|Passapatanzy Rd|048|King George County|048|King George County|    48-1024 Garner Dr| 723703|0|0|0|    SR 218 Caledon Rd| 723698|0|0|.74|    10/08/2019|968|R|||||||X||24|||X||||||||||||||
782516|0|R-VA048SC01026NB||||R-VA048SC01026NB|48-1026|Bush St|048|King George County|048|King George County|    48-1024 Garner Dr| 723704|0|0|0|    48-1020 Oakland Dr| 723701|0|0|.18|    10/08/2019|77|R|||||||X||24|||X||||||||||||||
782517|0|R-VA048SC01027EB||||R-VA048SC01027EB|48-1027|French Ct|048|King George County|048|King George County|    Cul-de-Sac| 723706|0|0|0|    48-1020 Oakland Dr| 723702|0|0|.14|    06/09/2022|110|T|||||||X||24|||X||||||||||||||
796693|0|R-VA048SC01027EB||||R-VA048SC01027EB|48-1027|French Ct|048|King George County|048|King George County|    48-1020 Oakland Dr| 723702|0|0|.14|    Cul-de-Sac| 723707|0|0|.28|    10/08/2019|120|T|||||||X||24|||X||||||||||||||
793119|0|R-VA048SC01028NB||||R-VA048SC01028NB|48-1028|Vining St|048|King George County|048|King George County|    Cul-de-Sac| 743681|0|0|0|    48-1018 Ormond Way| 743679|0|0|.1|    06/09/2022|50|T|||||||X||24|||X||||||||||||||
793120|0|R-VA048SC01029EB||||R-VA048SC01029EB|48-1029|Benton  Court|048|King George County|048|King George County|    48-1037 Culpeper Ct| 743668|0|0|0|    Cul-de-Sac| 743669|0|0|.42|    06/09/2022|60|T|||||||X||24|||X||||||||||||||
748160|0|R-VA048SC01030EB||||R-VA048SC01030EB|48-1030|Ward Rd|048|King George County|048|King George County|    SR 206 Dahlgren Rd| 403248|0|0|0|    Cul-de-Sac| 403250|0|0|.29|    06/09/2022|90|T|||||||X||24|||X||||||||||||||
748161|0|R-VA048SC01031NB||||R-VA048SC01031NB|48-1031|Stuart Rd|048|King George County|048|King George County|    48-1030 Ward Rd| 403249|0|0|0|    48-1032 Claydael Blvd| 705827|0|0|.29|    05/05/2022|85|R|||||||X||24|||X||||||||||||||
748162|0|R-VA048SC01032EB||||R-VA048SC01032EB|48-1032|Claydael Blvd|048|King George County|048|King George County|    SR 206 Dahlgren Rd| 702600|0|0|0|    48-1033 Peppermill Rd| 705828|0|0|.18|    05/05/2022|1263|R|||||||X||24|||X||||||||||||||
785375|0|R-VA048SC01032EB||||R-VA048SC01032EB|48-1032|Claydael Blvd|048|King George County|048|King George County|    48-1033 Peppermill Rd| 705828|0|0|.18|    48-1039 Meadow Way| 729558|0|0|.56|    05/05/2022|1101|R|||||||X||24|||X||||||||||||||
788666|0|R-VA048SC01032EB||||R-VA048SC01032EB|48-1032|Claydael Blvd|048|King George County|048|King George County|    48-1039 Meadow Way| 729558|0|0|.56|    48-1038 Aidan Way| 734810|0|0|.72|    05/05/2022|795|R|||||||X||24|||X||||||||||||||
793607|0|R-VA048SC01032EB||||R-VA048SC01032EB|48-1032|Claydael Blvd|048|King George County|048|King George County|    48-1038 Aidan Way| 734810|0|0|.72|    Dead End| 743670|0|0|.88|    06/09/2022|60|T|||||||X||24|||X||||||||||||||
748163|0|R-VA048SC01033EB||||R-VA048SC01033EB|48-1033|Peppermill Rd|048|King George County|048|King George County|    48-1032 Claydael Blvd| 705828|0|0|0|    Cul-de-Sac| 707745|0|0|.57|    05/05/2022|525|R|||||||X||24|||X||||||||||||||
748164|0|R-VA048SC01034NB||||R-VA048SC01034NB|48-1034|Calvert Ct|048|King George County|048|King George County|    48-1033 Peppermill Rd| 705829|0|0|0|    Dead End| 705831|0|0|.16|    06/09/2022|30|T|||||||X||24|||X||||||||||||||
748165|0|R-VA048SC01035EB||||R-VA048SC01035EB|48-1035|Richards Ride|048|King George County|048|King George County|    48-1033 Peppermill Rd| 705830|0|0|0|    Cul-de-Sac| 707746|0|0|.33|    06/09/2022|90|T|||||||X||24|||X||||||||||||||
748166|0|R-VA048SC01036NB||||R-VA048SC01036NB|48-1036|Julia Place|048|King George County|048|King George County|    Cul-de-Sac| 721655|0|0|0|    48-1033 Peppermill Rd| 721653|0|0|.08|    06/09/2022|30|T|||||||X||24|||X||||||||||||||
793121|0|R-VA048SC01037NB||||R-VA048SC01037NB|48-1037|Culpeper Ct|048|King George County|048|King George County|    48-1032 Claydael Blvd| 743666|0|0|0|    Cul-de-Sac| 743667|0|0|.14|    06/09/2022|100|T|||||||X||24|||X||||||||||||||
788667|0|R-VA048SC01038NB||||R-VA048SC01038NB|48-1038|Aidan Way|048|King George County|048|King George County|    48-1032 Claydael Blvd| 734810|0|0|0|    Cul-de-Sac| 734813|0|0|.22|    06/08/2022|55|T|||||||X||24|||X||||||||||||||
785376|0|R-VA048SC01039EB||||R-VA048SC01039EB|48-1039|Meadow Way|048|King George County|048|King George County|    48-1032 Claydael Blvd| 729558|0|0|0|    Cul-de-Sac| 729559|0|0|.28|    06/08/2022|90|T|||||||X||24|||X||||||||||||||
748167|0|R-VA048SC01040NB||||R-VA048SC01040NB|48-1040|Potomac Landing Dr|048|King George County|048|King George County|    SR 218 Caledon Rd| 702597|0|0|0|    48-1041 E, Potomac Landing Dr| 707749|0|0|1.51|    10/03/2019|475|R|||||||X||24|||X||||||||||||||
748168|0|R-VA048SC01041EB||||R-VA048SC01041EB|48-1041|Potomac Landing Dr|048|King George County|048|King George County|    48-1040 W, Potomac Landing Dr| 707747|0|0|0|    Cul-de-Sac| 707751|0|0|.37|    10/27/2022|205|R|||||||X||24|||X||||||||||||||
748169|0|R-VA048SC01042EB||||R-VA048SC01042EB|48-1042|Tides Rd|048|King George County|048|King George County|    48-1041 Potomac Landing Dr| 707750|0|0|0|    48-1040 Potomac Landing Dr| 707748|0|0|.18|    05/05/2022|112|R|||||||X||24|||X||||||||||||||
788668|0|R-VA048SC01043EB||||R-VA048SC01043EB|48-1043|Lucas Lane|048|King George County|048|King George County|    SR 206 Dahlgren Rd| 734807|0|0|0|    48-1044 North Stuart St| 734806|0|0|.04|    05/05/2022|275|R|||||||X||24|||X||||||||||||||
788669|0|R-VA048SC01044NB||||R-VA048SC01044NB|48-1044|North Stuart St|048|King George County|048|King George County|    48-1031 Stuart Rd| 705827|0|0|0|    48-1043 Lucas Lane| 734806|0|0|.22|    05/05/2022|142|R|||||||X||24|||X||||||||||||||
797389|0|R-VA048SC01044NB||||R-VA048SC01044NB|48-1044|North Stuart St|048|King George County|048|King George County|    48-1043 Lucas Lane| 734806|0|0|.22|    Cul-de-Sac| 751707|0|0|.56|    10/03/2019|165|T|||||||X||24|||X||||||||||||||
797038|0|R-VA048SC01045EB||||R-VA048SC01045EB|48-1045|Booths Spur|048|King George County|048|King George County|    48-1044 North Stuart St| 751708|0|0|0|    Cul-de-Sac| 751709|0|0|.05|    10/03/2019|20|T|||||||X||24|||X||||||||||||||
802952|0|R-VA048SC01049NB||||R-VA048SC01049NB|48-1049|Sweet Gum Dr|048|King George County|048|King George County|    SR 205 Ridge Rd| 755409|0|0|0|    Cul-de-Sac| 755412|0|0|.12|    10/03/2019|60|T|||||||X||24|||X||||||||||||||
748170|0|R-VA048SC01050NB||||R-VA048SC01050NB|48-1050|Turkey Acres Rd|048|King George County|048|King George County|    Dead End| 708721|0|0|0|    48-694 Lambs Creek Church Rd| 708703|0|0|.5|    06/09/2022|135|T|||||||X||24|||X||||||||||||||
784132|0|R-VA048SC01051EB||||R-VA048SC01051EB|48-1051|Combs Rd|048|King George County|048|King George County|    Dead End| 726804|0|0|0|    48-614 Potomac Dr| 726803|0|0|.24|    05/10/2022|710|T|||||||X||24|||X||||||||||||||
798375|0|R-VA048SC01052EB||||R-VA048SC01052EB|48-1052|Magnolia Lane|048|King George County|048|King George County|    48-605 Chapel Way| 755079|0|0|0|    End State Maintenance| 755080|0|0|.43|    10/08/2019|367|R|||||||X||24|||X||||||||||||||
784133|0|R-VA048SC01060NB||||R-VA048SC01060NB|48-1060|Round Hill Estates Dr|048|King George County|048|King George County|    48-629 Round Hill Rd| 726848|0|0|0|    Cul-de-Sac| 726851|0|0|.4|    10/08/2019|140|T|||||||X||24|||X||||||||||||||
784134|0|R-VA048SC01061EB||||R-VA048SC01061EB|48-1061|Deerfield Ct|048|King George County|048|King George County|    Cul-de-Sac| 726852|0|0|0|    48-1060 Round Hill Estates Dr| 726849|0|0|.09|    10/08/2019|55|T|||||||X||24|||X||||||||||||||
784135|0|R-VA048SC01062NB||||R-VA048SC01062NB|48-1062|Forest Lane|048|King George County|048|King George County|    Cul-de-Sac| 726853|0|0|0|    48-1060 Round Hill Estates Dr| 726850|0|0|.12|    10/08/2019|35|T|||||||X||24|||X||||||||||||||
794613|0|R-VA048SC01085EB||||R-VA048SC01085EB|48-1085|Village Lane|048|King George County|048|King George County|    Cul-de-Sac| 747211|0|0|0|    48-614 Owens Dr| 747210|0|0|.19|    06/09/2022|110|T|||||||X||24|||X||||||||||||||
794614|0|R-VA048SC01086NB||||R-VA048SC01086NB|48-1086|Lisa Lane|048|King George County|048|King George County|    48-1085 Village Lane| 747213|0|0|0|    Cul-de-Sac| 747217|0|0|.23|    06/09/2022|130|T|||||||X||24|||X||||||||||||||
794615|0|R-VA048SC01087NB||||R-VA048SC01087NB|48-1087|Fern Court|048|King George County|048|King George County|    Cul-de-Sac| 747216|0|0|0|    48-1088 Navigator Lane| 747214|0|0|.1|    06/09/2022|60|T|||||||X||24|||X||||||||||||||
794616|0|R-VA048SC01088NB||||R-VA048SC01088NB|48-1088|Navigator Lane|048|King George County|048|King George County|    48-1085 Village Lane| 747212|0|0|0|    48-1086 Lisa Lane| 747215|0|0|.25|    05/10/2022|167|R|||||||X||24|||X||||||||||||||
796008|0|R-VA048SC01097NB||||R-VA048SC01097NB|48-1097|Tinsbloom Mill Rd|048|King George County|048|King George County|    SR 3 Kings Hwy| 750415|0|0|0|    Dead End| 750416|0|0|.21|    10/27/2022|959|R|||||||X||24|||X||||||||||||||
748171|0|R-VA048SC01100NB||||R-VA048SC01100NB|48-1100|Savanah St|048|King George County|048|King George County|    48-1105 Fleming St| 403254|0|0|0|    48-1108 Delaware Dr| 403255|0|0|.16|    05/10/2022|71|R|||||||X||24|||X||||||||||||||
748172|0|R-VA048SC01101NB||||R-VA048SC01101NB|48-1101|Danube Dr|048|King George County|048|King George County|    US 301 James Madison Pkwy| 403256|0|0|0|    48-1102 Baltic Place| 403257|0|0|.16|    05/10/2022|1518|R|||||||X||24|||X||||||||||||||
748173|0|R-VA048SC01101NB||||R-VA048SC01101NB|48-1101|Danube Dr|048|King George County|048|King George County|    48-1102 Baltic Place| 403257|0|0|.16|    48-1103 Williams Place| 403258|0|0|.27|    10/28/2019|1090|R|||||||X||24|||X||||||||||||||
748174|0|R-VA048SC01101NB||||R-VA048SC01101NB|48-1101|Danube Dr|048|King George County|048|King George County|    48-1103 Williams Place| 403258|0|0|.27|    48-1105 Fleming St| 403259|0|0|.39|    10/28/2019|944|R|||||||X||24|||X||||||||||||||
748175|0|R-VA048SC01101NB||||R-VA048SC01101NB|48-1101|Danube Dr|048|King George County|048|King George County|    48-1105 Fleming St| 403259|0|0|.39|    48-1108 Delaware Dr| 403260|0|0|.54|    05/10/2022|422|R|||||||X||24|||X||||||||||||||
748176|0|R-VA048SC01102EB||||R-VA048SC01102EB|48-1102|Baltic Place|048|King George County|048|King George County|    48-1104 Willow Tree Lane| 403261|0|0|0|    48-1101 Danube Dr| 403257|0|0|.06|    05/10/2022|241|R|||||||X||24|||X||||||||||||||
748177|0|R-VA048SC01102EB||||R-VA048SC01102EB|48-1102|Baltic Place|048|King George County|048|King George County|    48-1101 Danube Dr| 403257|0|0|.06|    Dead End| 403333|0|0|.13|    10/28/2019|75|T|||||||X||24|||X||||||||||||||
748178|0|R-VA048SC01103EB||||R-VA048SC01103EB|48-1103|Williams Place|048|King George County|048|King George County|    48-1101 Danube Dr|1247532|0|0|0|    Dead End| 403334|0|0|.15|    10/28/2019|95|T|||||||X||24|||X||||||||||||||
748179|0|R-VA048SC01104NB||||R-VA048SC01104NB|48-1104|Willow Tree Lane|048|King George County|048|King George County|    Dead End| 403336|0|0|0|    48-1102 Baltic Place| 403261|0|0|.06|    10/28/2019|70|T|||||||X||24|||X||||||||||||||
748180|0|R-VA048SC01104NB||||R-VA048SC01104NB|48-1104|Willow Tree Lane|048|King George County|048|King George County|    48-1102 Baltic Place| 403261|0|0|.06|    Dead End| 403335|0|0|.12|    10/28/2019|70|T|||||||X||24|||X||||||||||||||
748181|0|R-VA048SC01105EB||||R-VA048SC01105EB|48-1105|Fleming St|048|King George County|048|King George County|    Cul-de-Sac| 403265|0|0|0|    48-1109 Pamlico Dr| 403264|0|0|.08|    06/09/2022|60|R|||||||X||24|||X||||||||||||||
748182|0|R-VA048SC01105EB||||R-VA048SC01105EB|48-1105|Fleming St|048|King George County|048|King George County|    48-1109 Pamlico Dr| 403264|0|0|.08|    48-1100 Savanah St| 403254|0|0|.15|    05/10/2022|129|R|||||||X||24|||X||||||||||||||
748183|0|R-VA048SC01105EB||||R-VA048SC01105EB|48-1105|Fleming St|048|King George County|048|King George County|    48-1100 Savanah St| 403254|0|0|.15|    48-1107 Albemarle Ct| 403263|0|0|.23|    05/10/2022|223|R|||||||X||24|||X||||||||||||||
748184|0|R-VA048SC01105EB||||R-VA048SC01105EB|48-1105|Fleming St|048|King George County|048|King George County|    48-1107 Albemarle Ct| 403263|0|0|.23|    48-1106 Chesapeake Place| 403262|0|0|.38|    05/10/2022|369|R|||||||X||24|||X||||||||||||||
748185|0|R-VA048SC01105EB||||R-VA048SC01105EB|48-1105|Fleming St|048|King George County|048|King George County|    48-1106 Chesapeake Place| 403262|0|0|.38|    48-1101 Danube Dr| 403259|0|0|.45|    05/10/2022|499|R|||||||X||24|||X||||||||||||||
748186|0|R-VA048SC01106NB||||R-VA048SC01106NB|48-1106|Chesapeake Place|048|King George County|048|King George County|    Cul-de-Sac| 403267|0|0|0|    48-1108 Delaware Dr| 403266|0|0|.24|    06/09/2022|70|T|||||||X||24|||X||||||||||||||
748187|0|R-VA048SC01107NB||||R-VA048SC01107NB|48-1107|Albemarle Ct|048|King George County|048|King George County|    48-1105 Fleming St| 403263|0|0|0|    Cul-de-Sac| 403268|0|0|.12|    10/28/2019|100|T|||||||X||24|||X||||||||||||||
748188|0|R-VA048SC01108EB||||R-VA048SC01108EB|48-1108|Delaware Dr|048|King George County|048|King George County|    Cul-de-Sac| 403270|0|0|0|    48-1101 Danube Dr| 403260|0|0|.4|    06/09/2022|160|T|||||||X||24|||X||||||||||||||
748189|0|R-VA048SC01108EB||||R-VA048SC01108EB|48-1108|Delaware Dr|048|King George County|048|King George County|    48-1101 Danube Dr| 403260|0|0|.4|    Cul-de-Sac| 720288|0|0|.46|    06/09/2022|70|T|||||||X||24|||X||||||||||||||
748190|0|R-VA048SC01109NB||||R-VA048SC01109NB|48-1109|Pamlico Dr|048|King George County|048|King George County|    48-1105 Fleming St| 403264|0|0|0|    48-1108 Delaware Dr| 403269|0|0|.13|    05/10/2022|93|R|||||||X||24|||X||||||||||||||
748191|0|R-VA048SC01110EB||||R-VA048SC01110EB|48-1110|Machodoc Dr|048|King George County|048|King George County|    SR 218 Windsor Dr| 403271|0|0|0|    48-1111 Price Ct| 403272|0|0|.05|    10/23/2019|102|R|||||||X||24|||X||||||||||||||
748192|0|R-VA048SC01110EB||||R-VA048SC01110EB|48-1110|Machodoc Dr|048|King George County|048|King George County|    48-1111 Price Ct| 403272|0|0|.05|    Dead End| 403337|0|0|.41|    10/23/2019|100|T|||||||X||24|||X||||||||||||||
748193|0|R-VA048SC01111NB||||R-VA048SC01111NB|48-1111|Price Ct|048|King George County|048|King George County|    Dead End| 403338|0|0|0|    48-1110 Machodoc Dr| 403272|0|0|.07|    10/23/2019|30|T|||||||X||24|||X||||||||||||||
787878|0|R-VA048SC01112NB||||R-VA048SC01112NB|48-1112|Cape Fear Lane|048|King George County|048|King George County|    48-1101 Danube Dr| 733660|0|0|0|    Cul-de-Sac| 733661|0|0|.09|    10/23/2019|70|T|||||||X||24|||X||||||||||||||
748194|0|R-VA048SC01115NB||||R-VA048SC01115NB|48-1115|Strawberry Lane|048|King George County|048|King George County|    Cul-de-Sac| 403274|0|0|0|    SR 206 Dahlgren Rd| 403273|0|0|.2|    10/23/2019|80|T|||||||X||24|||X||||||||||||||
748195|0|R-VA048SC01120NB||||R-VA048SC01120NB|48-1120|Kent Rd|048|King George County|048|King George County|    48-679 Canterbury Loop| 705832|0|0|0|    Dead End| 705833|0|0|.62|    04/27/2022|506|R|||||||X||24|||X||||||||||||||
748196|0|R-VA048SC01121EB||||R-VA048SC01121EB|48-1121|Ascot Close Dr|048|King George County|048|King George County|    48-1120 Kent Rd| 710917|0|0|0|    Cul-de-Sac| 710921|0|0|.1|    06/09/2022|65|T|||||||X||24|||X||||||||||||||
748197|0|R-VA048SC01122NB||||R-VA048SC01122NB|48-1122|Ripon Ct|048|King George County|048|King George County|    48-1120 Kent Rd| 710918|0|0|0|    Cul-de-Sac| 710920|0|0|.09|    06/09/2022|40|T|||||||X||24|||X||||||||||||||
748198|0|R-VA048SC01123EB||||R-VA048SC01123EB|48-1123|Canterbury Ct|048|King George County|048|King George County|    48-1120 Kent Rd| 710919|0|0|0|    Cul-de-Sac| 710922|0|0|.42|    06/09/2022|160|T|||||||X||24|||X||||||||||||||
748199|0|R-VA048SC01124EB||||R-VA048SC01124EB|48-1124|Chester Ct|048|King George County|048|King George County|    Cul-de-Sac| 717044|0|0|0|    48-1120 Kent Rd| 717045|0|0|.13|    10/23/2019|75|T|||||||X||24|||X||||||||||||||
748200|0|R-VA048SC01130NB||||R-VA048SC01130NB|48-1130|Green Blvd|048|King George County|048|King George County|    48-1131 River Dr| 705835|0|0|0|    48-639 Osprey Rd| 705834|0|0|.77|    05/10/2022|356|R|||||||X||24|||X||||||||||||||
748201|0|R-VA048SC01131NB||||R-VA048SC01131NB|48-1131|River Dr|048|King George County|048|King George County|    Cul-de-Sac| 705836|0|0|0|    48-1130 Green Blvd| 705835|0|0|.55|    05/10/2022|156|R|||||||X||24|||X||||||||||||||
748202|0|R-VA048SC01131NB||||R-VA048SC01131NB|48-1131|River Dr|048|King George County|048|King George County|    48-1130 Green Blvd| 705835|0|0|.55|    Dead End O.O2 MN 1130| 705837|0|0|.57|    06/09/2022|20|T|||||||X||24|||X||||||||||||||
748203|0|R-VA048SC01132NB||||R-VA048SC01132NB|48-1132|Nancy Lane|048|King George County|048|King George County|    Cul-de-Sac| 713631|0|0|0|    48-1130 Green Blvd| 713630|0|0|.45|    10/23/2019|120|T|||||||X||24|||X||||||||||||||
794827|0|R-VA048SC01133EB||||R-VA048SC01133EB|48-1133|Windword Lane|048|King George County|048|King George County|    48-614 Potomac Dr| 748297|0|0|0|    Cul-de-Sac| 748305|0|0|.16|    10/27/2022|557|T|||||||X||24|||X||||||||||||||
794828|0|R-VA048SC01134NB||||R-VA048SC01134NB|48-1134|Schooner Circle|048|King George County|048|King George County|    48-1133 Windword Lane| 748306|0|0|0|    48-1133 Windword Lane| 748307|0|0|.39|    05/12/2022|149|R|||||||X||24|||X||||||||||||||
794829|0|R-VA048SC01135EB||||R-VA048SC01135EB|48-1135|Leeward Court|048|King George County|048|King George County|    48-1134 Schooner Dr| 748309|0|0|0|    Dead End| 748311|0|0|.03|    06/09/2022|40|T|||||||X||24|||X||||||||||||||
794830|0|R-VA048SC01136EB||||R-VA048SC01136EB|48-1136|Haven Court|048|King George County|048|King George County|    48-1134 Schooner Dr| 748310|0|0|0|    Dead End| 748312|0|0|.03|    06/09/2022|40|T|||||||X||24|||X||||||||||||||
748204|0|R-VA048SC01140EB||||R-VA048SC01140EB|48-1140|Jepco Lane|048|King George County|048|King George County|    48-1141 Kitchen Dr| 708649|0|0|0|    48-630 Kitchen Point Rd| 708645|0|0|.05|    05/10/2022|207|R|||||||X||24|||X||||||||||||||
748205|0|R-VA048SC01141NB||||R-VA048SC01141NB|48-1141|Kitchen Dr|048|King George County|048|King George County|    Cul-de-Sac| 708653|0|0|0|    48-1140 Jepco Lane| 708649|0|0|.24|    06/09/2022|50|T|||||||X||24|||X||||||||||||||
802953|0|R-VA048SC01143NB||||R-VA048SC01143NB|48-1143|Barbaras Way|048|King George County|048|King George County|    SR 3 Kings Hwy| 756416|0|0|0|    Cul-de-Sac|1248320|0|0|.52|    10/28/2019|355|R|||||||X||24|||X||||||||||||||
802954|0|R-VA048SC01144EB||||R-VA048SC01144EB|48-1144|Dollys Ct|048|King George County|048|King George County|    Cul-de-Sac| 756423|0|0|0|    48-1143 Barbaras Way| 756422|0|0|.09|    10/28/2019|1074|R|||||||X||24|||X||||||||||||||
802955|0|R-VA048SC01149NB||||R-VA048SC01149NB|48-1149|Cobblestone Ct|048|King George County|048|King George County|    48-621 Pine Hill Rd| 756425|0|0|0|    Cul-de-Sac| 756426|0|0|.2|    10/23/2019|80|T|||||||X||24|||X||||||||||||||
748206|0|R-VA048SC01150EB||||R-VA048SC01150EB|48-1150|Potomac Dr|048|King George County|048|King George County|    US 301 James Madison Pkwy|1055398|0|0|0|    48-614 Potomac Dr| 708684|0|0|.48|    05/12/2022|1230|R|||||||X||24|||X||||||||||||||
798376|0|R-VA048SC01152EB||||R-VA048SC01152EB|48-1152|Chatham Dr|048|King George County|048|King George County|    48-614 Owens Dr| 755251|0|0|0|    48-614 Owens Dr| 753586|0|0|.75|    10/23/2019|181|R|||||||X||24|||X||||||||||||||
798377|0|R-VA048SC01153EB||||R-VA048SC01153EB|48-1153|Richmond Ct|048|King George County|048|King George County|    48-1152 Chatham Dr| 755252|0|0|0|    Cul-de-Sac| 753593|0|0|.47|    10/23/2019|45|T|||||||X||24|||X||||||||||||||
798378|0|R-VA048SC01154NB||||R-VA048SC01154NB|48-1154|Berkley Ct|048|King George County|048|King George County|    48-1152 Chatham Dr| 753590|0|0|0|    Cul-de-Sac| 753594|0|0|.13|    10/23/2019|160|T|||||||X||24|||X||||||||||||||
798379|0|R-VA048SC01155NB||||R-VA048SC01155NB|48-1155|Alexis Lane|048|King George County|048|King George County|    48-1152 Chatham Dr| 753589|0|0|0|    48-1153 Richmond Ct| 753595|0|0|.17|    10/23/2019|73|R|||||||X||24|||X||||||||||||||
798380|0|R-VA048SC01156NB||||R-VA048SC01156NB|48-1156|Stafford Dr|048|King George County|048|King George County|    48-1152 Chatham Dr| 755253|0|0|0|    48-1153 Richmond Ct| 755254|0|0|.14|    10/23/2019|63|R|||||||X||24|||X||||||||||||||
748207|0|R-VA048SC01201EB||||R-VA048SC01201EB|48-1201|Poplar Dr|048|King George County|048|King George County|    48-611 Eden Dr| 403043|0|0|0|    48-1202 N, Hickory Dr| 403275|0|0|.08|    05/05/2022|320|R|||||||X||24|||X||||||||||||||
748208|0|R-VA048SC01201EB||||R-VA048SC01201EB|48-1201|Poplar Dr|048|King George County|048|King George County|    48-1202 N, Hickory Dr| 403275|0|0|.08|    48-1202 S, Hickory Dr; Cedar Lane| 403354|0|0|.43|    10/08/2019|61|R|||||||X||24|||X||||||||||||||
748209|0|R-VA048SC01202NB||||R-VA048SC01202NB|48-1202|Cedar Lane|048|King George County|048|King George County|    Dead End| 403339|0|0|0|    48-1204 Dixie Dr| 403276|0|0|.146|    10/08/2019|70|T|||||||X||24|||X||||||||||||||
748210|0|R-VA048SC01202NB||||R-VA048SC01202NB|48-1202|Cedar Lane|048|King George County|048|King George County|    48-1204 Dixie Dr| 403276|0|0|.146|    48-1201 S, Poplar Dr| 403354|0|0|.27|    10/08/2019|184|R|||||||X||24|||X||||||||||||||
748211|0|R-VA048SC01202NB||||R-VA048SC01202NB|48-1202|Hickory Dr|048|King George County|048|King George County|    48-1201 S, Poplar Dr| 403354|0|0|.27|    48-1201 N, Poplar Dr| 403275|0|0|.52|    10/08/2019|205|R|||||||X||24|||X||||||||||||||
748212|0|R-VA048SC01203NB||||R-VA048SC01203NB|48-1203|Pine Tree Lane|048|King George County|048|King George County|    48-611 S, Eden Dr| 403346|0|0|0|    48-611 N, Eden Dr| 403044|0|0|.38|    05/05/2022|80|R|||||||X||24|||X||||||||||||||
748213|0|R-VA048SC01204EB||||R-VA048SC01204EB|48-1204|Dixie Dr|048|King George County|048|King George County|    48-1202 Cedar Lane| 403276|0|0|0|    Cul-de-Sac| 403277|0|0|.17|    10/08/2019|80|T|||||||X||24|||X||||||||||||||
748214|0|R-VA048SC01205NB||||R-VA048SC01205NB|48-1205|Oakwood Dr|048|King George County|048|King George County|    Cul-de-Sac| 403280|0|0|0|    48-1207 Beechwood Lane| 403279|0|0|.24|    10/08/2019|170|R|||||||X||24|||X||||||||||||||
748215|0|R-VA048SC01205NB||||R-VA048SC01205NB|48-1205|Oakwood Dr|048|King George County|048|King George County|    48-1207 Beechwood Lane| 403279|0|0|.24|    SR 206 Dahlgren Rd| 403278|0|0|.37|    10/08/2019|52|R|||||||X||24|||X||||||||||||||
748216|0|R-VA048SC01206EB||||R-VA048SC01206EB|48-1206|Allen Ave|048|King George County|048|King George County|    SR 206 Dahlgren Rd| 403281|0|0|0|    48-644 Potts Lane| 403134|0|0|.33|    05/05/2022|177|R|||||||X||24|||X||||||||||||||
748217|0|R-VA048SC01207EB||||R-VA048SC01207EB|48-1207|Beechwood Lane|048|King George County|048|King George County|    48-1205 Oakwood Dr| 403279|0|0|0|    Cul-de-Sac| 403282|0|0|.64|    10/08/2019|118|T|||||||X||24|||X||||||||||||||
782518|0|R-VA048SC01209EB||||R-VA048SC01209EB|48-1209|Fulmont Dr|048|King George County|048|King George County|    Cul-de-Sac| 723919|0|0|0|    SR 206 Dahlgren Rd| 723918|0|0|.19|    06/09/2022|55|T|||||||X||24|||X||||||||||||||
748218|0|R-VA048SC01210EB||||R-VA048SC01210EB|48-1210|Michael Dr|048|King George County|048|King George County|    Cul-de-Sac| 708682|0|0|0|    48-1211 Todd St| 403283|0|0|.128|    09/09/2022|55|T|||||||X||24|||X||||||||||||||
748219|0|R-VA048SC01210EB||||R-VA048SC01210EB|48-1210|Michael Dr|048|King George County|048|King George County|    48-1211 Todd St| 403283|0|0|.128|    48-610 Indiantown Rd| 403035|0|0|.23|    05/05/2022|420|R|||||||X||24|||X||||||||||||||
748220|0|R-VA048SC01211NB||||R-VA048SC01211NB|48-1211|Todd St|048|King George County|048|King George County|    Dead End| 403341|0|0|0|    48-1210 Michael Dr| 403283|0|0|.2|    10/23/2019|120|T|||||||X||24|||X||||||||||||||
748221|0|R-VA048SC01211NB||||R-VA048SC01211NB|48-1211|Todd St|048|King George County|048|King George County|    48-1210 Michael Dr| 403283|0|0|.2|    Dead End| 403340|0|0|.28|    10/23/2019|60|R|||||||X||24|||X||||||||||||||
748222|0|R-VA048SC01212NB||||R-VA048SC01212NB|48-1212|Linda Lane|048|King George County|048|King George County|    Cul-de-Sac| 708676|0|0|0|    48-1210 Michael Dr| 708677|0|0|.1|    06/09/2022|50|T|||||||X||24|||X||||||||||||||
748223|0|R-VA048SC01214EB||||R-VA048SC01214EB|48-1214|Hudson Lane|048|King George County|048|King George County|    SR 3 Kings Hwy| 403284|0|0|0|    48-1215 Pamela Ct; 48-1216 Karen Ct| 403285|0|0|.1|    04/27/2022|367|R|||||||X||24|||X||||||||||||||
748224|0|R-VA048SC01214EB||||R-VA048SC01214EB|48-1214|Hudson Lane|048|King George County|048|King George County|    48-1215 Pamela Ct; 48-1216 Karen Ct| 403285|0|0|.1|    48-1217 Walkers Lane| 403286|0|0|.23|    10/23/2019|218|R|||||||X||24|||X||||||||||||||
748225|0|R-VA048SC01215NB||||R-VA048SC01215NB|48-1215|Pamela Ct|048|King George County|048|King George County|    Cul-de-Sac| 403287|0|0|0|    48-1214 Hudson Lane| 403285|0|0|.08|    10/23/2019|70|T|||||||X||24|||X||||||||||||||
748226|0|R-VA048SC01216NB||||R-VA048SC01216NB|48-1216|Karen Ct|048|King George County|048|King George County|    48-1214 Hudson Lane| 403285|0|0|0|    Cul-de-Sac| 403288|0|0|.09|    10/23/2019|40|T|||||||X||24|||X||||||||||||||
748227|0|R-VA048SC01217NB||||R-VA048SC01217NB|48-1217|Walkers Lane|048|King George County|048|King George County|    Dead End| 403290|0|0|0|    48-1214 Hudson Lane| 403286|0|0|.09|    10/23/2019|100|T|||||||X||24|||X||||||||||||||
748228|0|R-VA048SC01217NB||||R-VA048SC01217NB|48-1217|Walkers Lane|048|King George County|048|King George County|    48-1214 Hudson Lane| 403286|0|0|.09|    Dead End| 403289|0|0|.18|    10/23/2019|60|T|||||||X||24|||X||||||||||||||
748229|0|R-VA048SC01220EB||||R-VA048SC01220EB|48-1220|Lee St|048|King George County|048|King George County|    Cul-de-Sac| 708629|0|0|0|    48-611 Eden Dr| 708617|0|0|.48|    10/27/2022|260|R|||||||X||24|||X||||||||||||||
748230|0|R-VA048SC01223NB||||R-VA048SC01223NB|48-1223|Clare St|048|King George County|048|King George County|    Cul-de-Sac| 708632|0|0|0|    48-1220 Lee St| 708630|0|0|.25|    10/27/2022|279|R|||||||X||24|||X||||||||||||||
748231|0|R-VA048SC01224EB||||R-VA048SC01224EB|48-1224|Pratt Place|048|King George County|048|King George County|    48-1223 Clare St| 708633|0|0|0|    Cul-de-Sac| 708643|0|0|.1|    10/27/2022|30|T|||||||X||24|||X||||||||||||||
793122|0|R-VA048SC01225EB||||R-VA048SC01225EB|48-1225|Mohawk Dr|048|King George County|048|King George County|    Dead End| 743683|0|0|0|    48-610 Indiantown Rd| 743682|0|0|.78|    05/05/2022|420|R|||||||X||24|||X||||||||||||||
798833|0|R-VA048SC01226EB||||R-VA048SC01226EB|48-1226|Pamaunkey Dr|048|King George County|048|King George County|    Cul-de-Sac| 754354|0|0|0|    48-1228 Mattapani Lane| 743685|0|0|.26|    10/23/2019|150|T|||||||X||24|||X||||||||||||||
793123|0|R-VA048SC01226EB||||R-VA048SC01226EB|48-1226|Pamunkey Dr|048|King George County|048|King George County|    48-1228 Mattapani Lane| 743685|0|0|.26|    48-610 Indiantown Rd| 743684|0|0|.51|    05/05/2022|520|R|||||||X||24|||X||||||||||||||
793124|0|R-VA048SC01227NB||||R-VA048SC01227NB|48-1227|Monacan Way|048|King George County|048|King George County|    48-1225 Mohawk Dr| 743687|0|0|0|    48-1226 Pamunkey Dr| 743686|0|0|.08|    05/05/2022|104|R|||||||X||24|||X||||||||||||||
793125|0|R-VA048SC01228NB||||R-VA048SC01228NB|48-1228|Mattapani Lane|048|King George County|048|King George County|    48-1226 Pamunkey Dr| 743685|0|0|0|    Dead End| 743688|0|0|.32|    06/09/2022|75|T|||||||X||24|||X||||||||||||||
782519|0|R-VA048SC01230NB||||R-VA048SC01230NB|48-1230|Sherwood Forest Dr|048|King George County|048|King George County|    48-610 Indiantown Rd| 723656|0|0|0|    Cul-de-Sac| 723658|0|0|.39|    06/09/2022|165|T|||||||X||24|||X||||||||||||||
782520|0|R-VA048SC01231EB||||R-VA048SC01231EB|48-1231|Little John Ct|048|King George County|048|King George County|    Cul-de-Sac| 723659|0|0|0|    48-1230 Sherwood Forest Dr| 723657|0|0|.08|    06/09/2022|35|T|||||||X||24|||X||||||||||||||
782521|0|R-VA048SC01232EB||||R-VA048SC01232EB|48-1232|Robin Hood Ct|048|King George County|048|King George County|    48-1230 Sherwood Forest Dr| 723657|0|0|0|    Cul-de-Sac| 723660|0|0|.08|    06/09/2022|25|T|||||||X||24|||X||||||||||||||
795715|0|R-VA048SC01238NB||||R-VA048SC01238NB|48-1238|Carriage Lane|048|King George County|048|King George County|    Cul-de-Sac| 749688|0|0|0|    SR 206 Dahlgren Rd| 747517|0|0|.54|    05/05/2022|368|R|||||||X||24|||X||||||||||||||
795716|0|R-VA048SC01239EB||||R-VA048SC01239EB|48-1239|Chaps Dr|048|King George County|048|King George County|    48-1238 Ernest Ellis Lane| 749689|0|0|0|    Cul-de-Sac| 749690|0|0|.13|    06/09/2022|35|T|||||||X||24|||X||||||||||||||
794831|0|R-VA048SC01240NB||||R-VA048SC01240NB|48-1240|Ernest Ellis Lane|048|King George County|048|King George County|    SR 206 Dahlgren Rd| 747517|0|0|0|    48-1241 Ernest Ellis Lane| 747518|0|0|.65|    05/05/2022|619|R|||||||X||24|||X||||||||||||||
794832|0|R-VA048SC01241EB||||R-VA048SC01241EB|48-1241|Gray Fox Lane|048|King George County|048|King George County|    Cul-de-Sac| 747750|0|0|0|    48-1240 Ernest Ellis Lane| 747518|0|0|.58|    05/05/2022|608|R|||||||X||24|||X||||||||||||||
794833|0|R-VA048SC01242NB||||R-VA048SC01242NB|48-1242|Saddle Dr|048|King George County|048|King George County|    48-1241 Ernest Ellis Lane| 747519|0|0|0|    48-1244 Zepp Dr| 747520|0|0|.29|    05/05/2022|425|R|||||||X||24|||X||||||||||||||
794834|0|R-VA048SC01243NB||||R-VA048SC01243NB|48-1243|Galant Green Dr|048|King George County|048|King George County|    48-1242 Saddle Dr| 747521|0|0|0|    Cul-de-Sac| 747523|0|0|.32|    06/09/2022|45|T|||||||X||24|||X||||||||||||||
794835|0|R-VA048SC01244NB||||R-VA048SC01244NB|48-1244|Zepp Dr|048|King George County|048|King George County|    48-1242 Saddle Dr| 747520|0|0|0|    48-1242 Saddle Dr| 747520|1|0|.24|    05/05/2022|112|R|||||||X||24|||X||||||||||||||
794836|0|R-VA048SC01245NB||||R-VA048SC01245NB|48-1245|Den Circle|048|King George County|048|King George County|    48-1244 Zepp Dr| 747522|0|0|0|    Cul-de-Sac| 747524|0|0|.31|    05/05/2022|140|R|||||||X||24|||X||||||||||||||
794837|0|R-VA048SC01246NB||||R-VA048SC01246NB|48-1246|Trumpet Court|048|King George County|048|King George County|    Cul-de-Sac| 747752|0|0|0|    48-1241 Ernest Ellis Lane| 747751|0|0|.18|    06/09/2022|48|T|||||||X||24|||X||||||||||||||
794838|0|R-VA048SC01247EB||||R-VA048SC01247EB|48-1247|Chase Lane|048|King George County|048|King George County|    Cul-de-Sac| 747754|0|0|0|    48-1244 Zepp Dr| 747753|0|0|.18|    06/09/2022|45|T|||||||X||24|||X||||||||||||||
748232|0|R-VA048SC09209NB||||R-VA048SC09209NB|48-9209|King George School Board Office|048|King George County|048|King George County|    48-610 Millbank Rd| 403292|0|0|0|    48-610 Millbank Rd| 403291|0|0|.14|    10/21/2019|703|R|||||||X||24|||X||||||||||||||
748233|0|R-VA048SC09210NB||||R-VA048SC09210NB|48-9210|King George School Maintenance Shop|048|King George County|048|King George County|    US 301 James Madison Pkwy| 403294|0|0|0|    US 301 James Madison Pkwy|1278370|0|0|.06|    10/21/2019|57|R|||||||X||24|||X||||||||||||||
748234|0|R-VA048SC09213EB||||R-VA048SC09213EB|48-9213|King George Middle School|048|King George County|048|King George County|    SR 206 Dahlgren Rd| 403295|0|0|0|    SR 206 Dahlgren Rd| 403296|0|0|.15|    10/28/2019|26|R|||||||X||24|||X||||||||||||||
748235|0|R-VA048SC09578NB||||R-VA048SC09578NB|48-9578|Potomac Elementary School|048|King George County|048|King George County|    48-670 Fifteenth St| 403297|0|0|0|    48-614 Potomac Dr| 403298|0|0|.07|    10/21/2019|489|R|||||||X||24|||X||||||||||||||
748236|0|R-VA048SC09951EB||||R-VA048SC09951EB|48-9951|King George Middle School|048|King George County|048|King George County|    SR 206 Dahlgren Rd| 403299|0|0|0|    SR 206 Dahlgren Rd| 403300|0|0|.31|    10/28/2019|721|R|||||||X||24|||X||||||||||||||
