sep=|
- - 2022 AADT Report for Town of Keller - -
LINKID|SEQUENCENUMBER|RTE_NM|RTE_NM_2|RTE_NM_3|RTE_NM_4|Host RTE_NM|Route Label|Street Name|Physical Jurisdiction|Physical Jurisdiciton Name|Maintenance Jurisdiction|Maintenance Jurisdiciton Name|    Start Label|Start Node|Start Node Route Sequence|Star tOffset|Start Milepoint|    End Label|End Node|End Node Route Sequence|End Offset|End Milepoint|    VPDDate|AADT|AADT Quality|Passenger Vehicle|Bus|Truck 2 Axle|Truck 3 Axle|Truck 1 Trailer|Truck 2 Trailer|Class Quality|K Factor|K Factor Quality|Direction Factor|AAWDT|AAWDT Quality|AADT Dir|AADT Quality Dir|PassengerVehicle Dir|Bus Dir|Truck 2 Axle Dir|Truck 3 Axle Dir|Truck 1 Trailer Dir|Truck 2 Trailer Dir|Class Quality Dir|K Factor Dir|K Factor Quality Dir|Direction Factor Dir|AAWDT Dir|AAWDT Quality Dir
050003|0|R-VA   SR00180EB||||R-VA   SR00180EB|VA 180|Pungoteauge Rd|246|Town of Keller|001|Accomack County|    Jurisdiction Boundary: 001 Accomack County| 106347|0|0|5.98|    US 13 S, Lankford Hwy| 105465|0|0|6.44|    01/01/2022|651|G|95|0|1|1|2|0|C|.08|6 |.54|640|G||||||||||||||
050498|0|R-VA   SR00180EB|R-VA   US00013NB|||R-VA   US00013NB|US 13, VA 180|Lankford Hwy|246|Town of Keller|001|Accomack County|    S SR 180| 105465|0|0|6.44|    Physical Jurisdiction Boundary: 246 Town of Keller / 001 Accomack County| 106296|0|0|6.89|    01/01/2022|17907|G|91|0|1|1|6|0|F|.078|6 |.5|16668|G||||||||||||||
050086|0|R-VA   US00013NB||||R-VA   US00013NB|US 13|Lankford Hwy|246|Town of Keller|001|Accomack County|    | 106297|0|0|111.37|    S SR 180| 105465|0|0|111.75|    01/01/2022|17366|G|91|0|1|1|6|0|F|.081|6 |.52|16164|G||||||||||||||
050498|0|R-VA   US00013NB|R-VA   SR00180EB|||R-VA   US00013NB|US 13, VA 180|Lankford Hwy|246|Town of Keller|001|Accomack County|    S SR 180| 105465|0|0|111.75|    Physical Jurisdiction Boundary: 246 Town of Keller / 001 Accomack County| 106296|0|0|112.2|    01/01/2022|17907|G|91|0|1|1|6|0|F|.078|6 |.5|16668|G||||||||||||||
700158|0|R-VA001SC00620NB||||R-VA001SC00620NB|01-620|West St|246|Town of Keller|001|Accomack County|    US 13 N, Lankford Hwy; SCL Keller| 105108|0|0|4|    SR 180 North St| 105111|0|0|4.336|    10/03/2017|159|R|||||||X||24|||X||||||||||||||
795403|0|R-VA001SC00620NB||||R-VA001SC00620NB|01-620|West St|246|Town of Keller|001|Accomack County|    SR 180 North St| 105111|0|0|4.336|    01-1404 Center St; 01-1406 Lee St| 105112|0|0|4.42|    01/01/2022|82|G|89|1|1|3|1|0|C||24||79|G||||||||||||||
700159|0|R-VA001SC00620NB||||R-VA001SC00620NB|01-620|Center Ave|246|Town of Keller|001|Accomack County|    01-1404 Center St; 01-1406 Lee St| 105112|0|0|4.42|    Physical Jurisdiction Boundary: 246 Town of Keller / 001 Accomack County| 105113|0|0|4.69|    01/01/2022|643|G|94|0|2|2|1|0|C|.116|6 |.59|634|G||||||||||||||
700384|0|R-VA001SC00696EB||||R-VA001SC00696EB|01-696|Keller Fair Rd|246|Town of Keller|001|Accomack County|    US 13; SR 180| 105465|0|0|0|    Physical Jurisdiction Boundary: 246 Town of Keller / 001 Accomack County| 105466|0|0|.25|    10/11/2017|177|R|||||||X||24|||X||||||||||||||
700712|0|R-VA001SC01401NB||||R-VA001SC01401NB|01-1401|North St|246|Town of Keller|001|Accomack County|    Dead End| 106271|0|0|0|    01-1405 Madison Ave| 105792|0|0|.06|    07/26/2017|122|R|||||||X||24|||X||||||||||||||
700713|0|R-VA001SC01401NB||||R-VA001SC01401NB|01-1401|North St|246|Town of Keller|001|Accomack County|    01-1405 Madison Ave| 105792|0|0|.06|    SR 180| 105793|0|0|.15|    07/26/2017|206|R|||||||X||24|||X||||||||||||||
700714|0|R-VA001SC01401NB||||R-VA001SC01401NB|01-1401|North St|246|Town of Keller|001|Accomack County|    SR 180| 105793|0|0|.15|    01-1406 Lee St| 105794|0|0|.24|    07/26/2017|127|R|||||||X||24|||X||||||||||||||
700715|0|R-VA001SC01402EB||||R-VA001SC01402EB|01-1402|First St|246|Town of Keller|001|Accomack County|    SR 180| 105795|0|0|0|    01-620 West St| 105110|0|0|.1|    07/26/2017|598|R|||||||X||24|||X||||||||||||||
700716|0|R-VA001SC01402EB||||R-VA001SC01402EB|01-1402|First St|246|Town of Keller|001|Accomack County|    01-620 West St| 105110|0|0|.1|    01-1404 Center St| 105796|0|0|.16|    07/26/2017|163|R|||||||X||24|||X||||||||||||||
700717|0|R-VA001SC01402EB||||R-VA001SC01402EB|01-1402|First St|246|Town of Keller|001|Accomack County|    01-1404 Center St| 105796|0|0|.16|    US 13 Lankford Hwy| 105797|0|0|.22|    07/26/2017|962|R|||||||X||24|||X||||||||||||||
700718|0|R-VA001SC01403EB||||R-VA001SC01403EB|01-1403|Second St|246|Town of Keller|001|Accomack County|    01-620 West St| 105109|0|0|0|    01-1404 Center St| 105799|0|0|.06|    07/26/2017|98|R|||||||X||24|||X||||||||||||||
700719|0|R-VA001SC01403EB||||R-VA001SC01403EB|01-1403|Second St|246|Town of Keller|001|Accomack County|    01-1404 Center St| 105799|0|0|.06|    US 13 Lankford Hwy| 105798|0|0|.11|    07/26/2017|124|R|||||||X||24|||X||||||||||||||
700720|0|R-VA001SC01404NB||||R-VA001SC01404NB|01-1404|Center St|246|Town of Keller|001|Accomack County|    01-1403 Second St| 105799|0|0|0|    01-620; 01-1406| 105112|0|0|.22|    07/26/2017|462|R|||||||X||24|||X||||||||||||||
700721|0|R-VA001SC01405NB||||R-VA001SC01405NB|01-1405|Madison Ave|246|Town of Keller|001|Accomack County|    SR 180| 105801|0|0|0|    01-1401 North St| 105792|0|0|.09|    07/26/2017|67|R|||||||X||24|||X||||||||||||||
700722|0|R-VA001SC01405NB||||R-VA001SC01405NB|01-1405|Madison Ave|246|Town of Keller|001|Accomack County|    01-1401 North St| 105792|0|0|.09|    01-1406 Lee St| 105802|0|0|.18|    07/26/2017|85|R|||||||X||24|||X||||||||||||||
700723|0|R-VA001SC01406EB||||R-VA001SC01406EB|01-1406|Lee St|246|Town of Keller|001|Accomack County|    01-1405 Madison Ave| 105802|0|0|0|    01-1401 North St| 105794|0|0|.078|    07/26/2017|19|R|||||||X||24|||X||||||||||||||
700724|0|R-VA001SC01406EB||||R-VA001SC01406EB|01-1406|Lee St|246|Town of Keller|001|Accomack County|    01-1401 North St| 105794|0|0|.078|    01-620; 01-1404| 105112|0|0|.16|    07/26/2017|38|R|||||||X||24|||X||||||||||||||
