sep=|
- - 2022 AADT Report for Clarke County - -
LINKID|SEQUENCENUMBER|RTE_NM|RTE_NM_2|RTE_NM_3|RTE_NM_4|Host RTE_NM|Route Label|Street Name|Physical Jurisdiction|Physical Jurisdiciton Name|Maintenance Jurisdiction|Maintenance Jurisdiciton Name|    Start Label|Start Node|Start Node Route Sequence|Star tOffset|Start Milepoint|    End Label|End Node|End Node Route Sequence|End Offset|End Milepoint|    VPDDate|AADT|AADT Quality|Passenger Vehicle|Bus|Truck 2 Axle|Truck 3 Axle|Truck 1 Trailer|Truck 2 Trailer|Class Quality|K Factor|K Factor Quality|Direction Factor|AAWDT|AAWDT Quality|AADT Dir|AADT Quality Dir|PassengerVehicle Dir|Bus Dir|Truck 2 Axle Dir|Truck 3 Axle Dir|Truck 1 Trailer Dir|Truck 2 Trailer Dir|Class Quality Dir|K Factor Dir|K Factor Quality Dir|Direction Factor Dir|AAWDT Dir|AAWDT Quality Dir
780653|0|R-VA   FR00709NB||||R-VA   FR00709NB|FR 709|Parker Lane|021|Clarke County|021|Clarke County|    SR 7; 21-606| 223021|0|0|0|    Dead End| 223270|0|0|.12|    07/26/2018|129|R|||||||X||24|||X||||||||||||||
780673|0|R-VA   FR00729EB||||R-VA   FR00729EB|FR 729|Trapp Hill Rd|021|Clarke County|021|Clarke County|    SR 7; Bus SR 7| 223274|0|0|0|    US 340 Lord Fairfax Hwy| 223273|0|0|1.74|    07/26/2018|124|R|||||||X||24|||X||||||||||||||
080336|0|R-VA   SR00007EB||||R-VA   SR00007EB|VA 7|Harry Flood Byrd Hwy|021|Clarke County|021|Clarke County|    Frederick County Line|  50304|0|0|5.51|    | 223274|0|0|9.31|    01/01/2022|27560|A|93|1|1|1|4|0|C|.098|1 |.64|29194|A||||||||||||||
180072|0|R-VA   SR00007EB||||R-VA   SR00007EB|VA 7|Harry Flood Byrd Hwy|021|Clarke County|021|Clarke County|    Bus SR 7 West of Berryville| 223274|0|0|9.31|    US 340 North of Berryville| 223286|0|0|10.76|    01/01/2022|25715|G|93|1|1|1|4|0|F|.085|6 |.66|27177|G||||||||||||||
180073|0|R-VA   SR00007EB||||R-VA   SR00007EB|VA 7|Harry Flood Byrd Hwy|021|Clarke County|021|Clarke County|    US 340 North of Berryville| 223286|0|0|10.76|    |1092584|0|0|12.41|    01/01/2022|23226|G|93|1|1|1|4|0|F|.09|6 |.74|24546|G||||||||||||||
180074|0|R-VA   SR00007EB||||R-VA   SR00007EB|VA 7|Harry Flood Byrd Hwy|021|Clarke County|021|Clarke County|    Bus SR 7 East of Berryville|1092584|0|0|12.41|    | 223021|0|0|16.57|    01/01/2022|23921|G|96|1|1|1|2|0|F|.092|6 |.74|26745|G||||||||||||||
180075|0|R-VA   SR00007EB||||R-VA   SR00007EB|VA 7|Harry Flood Byrd Hwy|021|Clarke County|021|Clarke County|    21-606 River Rd| 223021|0|0|16.57|    |  50053|0|0|19.08|    01/01/2022|24497|G|96|1|1|1|2|0|F|.094|6 |.77|27386|G||||||||||||||
180076|0|R-VA   SR00007EBBUS001||||R-VA   SR00007EBBUS001|BUS VA 7|West Main St|021|Clarke County|021|Clarke County|    SR 7 West of Berryville| 223274|0|0|0|    Physical Jurisdiction Boundary: 021 Clarke County / 168 Town of Berryville| 701908|0|0|.8|    01/01/2022|5303|G|98|1|1|0|0|0|C|.097|6 |.58|5268|G||||||||||||||
180076|0|R-VA   SR00007EBBUS001||||R-VA   SR00007EBBUS001|BUS VA 7|West Main St|168|Town of Berryville|021|Clarke County|    Jurisdiction Boundary: 021 Clarke County| 701908|0|0|.8|    US 340 Berryville| 223263|0|0|1.66|    01/01/2022|5303|G|98|1|1|0|0|0|C|.097|6 |.58|5268|G||||||||||||||
180077|0|R-VA   SR00007EBBUS001||||R-VA   SR00007EBBUS001|BUS VA 7|East Main St|168|Town of Berryville|021|Clarke County|    US 340 Berryville| 223263|0|0|1.66|    Physical Jurisdiction Boundary: 168 Town of Berryville / 021 Clarke County| 701934|0|0|2.78|    01/01/2022|5094|G|94|1|2|1|3|0|C|.098|6 |.62|5060|G||||||||||||||
180077|0|R-VA   SR00007EBBUS001||||R-VA   SR00007EBBUS001|BUS VA 7|East Main St|021|Clarke County|021|Clarke County|    | 701934|0|0|2.78|    SR 7 East of Berryville| 223271|0|0|3.05|    01/01/2022|5094|G|94|1|2|1|3|0|C|.098|6 |.62|5060|G||||||||||||||
080342|0|R-VA   SR00255NB||||R-VA   SR00255NB|VA 255|Bishop Meade Rd|021|Clarke County|021|Clarke County|    US 50 Millwood Pike| 223086|0|0|0|    21-723 N, Millwood Rd| 223179|0|0|.79|    01/01/2022|1791|G|97|1|1|0|1|0|C|.094|6 |.58|1779|G||||||||||||||
080341|0|R-VA   SR00255NB||||R-VA   SR00255NB|VA 255|Bishop Meade Rd|021|Clarke County|021|Clarke County|    21-723 N, Millwood Rd| 223179|0|0|.79|    US 340 Lord Fairfax Hwy| 223265|0|0|3.84|    01/01/2022|2304|G|97|1|1|0|0|0|C|.103|6 |.57|2289|G||||||||||||||
080160|0|R-VA   US00050EB||||R-VA   US00050EB|US 50|Millwood Pike|021|Clarke County|021|Clarke County|    Frederick County Line|  50306|0|0|23.42|    US 340 South of Boyce| 223285|0|0|25.09|    01/01/2022|11797|G|94|1|1|1|3|0|F|.095|6 |.64|11784|G||||||||||||||
080340|0|R-VA   US00050EB||||R-VA   US00050EB|US 50|Millwood Pike|021|Clarke County|021|Clarke County|    US 340 South of Boyce| 223285|0|0|25.09|    SR 255 Bishop Meade Rd| 223086|0|0|27.92|    01/01/2022|13666|G|94|1|1|1|3|0|F|.095|6 |.66|14242|G||||||||||||||
080339|0|R-VA   US00050EB||||R-VA   US00050EB|US 50|Millwood Pike|021|Clarke County|021|Clarke County|    SR 255 Bishop Meade Rd| 223086|0|0|27.92|    21-723 Millwood Rd| 223180|0|0|29.89|    01/01/2022|12974|G|94|1|1|1|3|0|C|.095|6 |.65|12959|G||||||||||||||
080338|0|R-VA   US00050EB||||R-VA   US00050EB|US 50|John S Mosby Hwy|021|Clarke County|021|Clarke County|    21-723 Millwood Rd| 223180|0|0|29.89|    Fauquier County Line|  50027|0|0|33.33|    01/01/2022|13673|G|94|1|1|1|3|0|F|.095|6 |.66|13658|G||||||||||||||
080349|0|R-VA   US00340NB||||R-VA   US00340NB|US 340|Lord Fairfax Hwy|021|Clarke County|021|Clarke County|    US 522 Double Toll Gate| 334212|0|0|105.7|    | 223146|0|0|107.79|    01/01/2022|7804|G|92|0|1|1|5|0|C|.096|6 |.68|7752|G||||||||||||||
080348|0|R-VA   US00340NB||||R-VA   US00340NB|US 340|Lord Fairfax Hwy|021|Clarke County|021|Clarke County|    21-658 White Post Rd| 223146|0|0|107.79|    US 50 South of Boyce| 223285|0|0|109.62|    01/01/2022|8096|G|92|0|1|1|5|0|F|.091|6 |.7|8041|G||||||||||||||
080347|0|R-VA   US00340NB||||R-VA   US00340NB|US 340|Lord Fairfax Hwy|021|Clarke County|021|Clarke County|    US 50 South of Boyce| 223285|0|0|109.62|    Physical Jurisdiction Boundary: 021 Clarke County / 172 Town of Boyce| 223269|0|0|110.81|    01/01/2022|8181|G|91|1|1|1|5|0|C|.096|6 |.6|8127|G||||||||||||||
080347|0|R-VA   US00340NB||||R-VA   US00340NB|US 340|Lord Fairfax Hwy|172|Town of Boyce|021|Clarke County|    | 223269|0|0|110.81|    Physical Jurisdiction Boundary: 172 Town of Boyce / 021 Clarke County| 223268|0|0|111.62|    01/01/2022|8181|G|91|1|1|1|5|0|C|.096|6 |.6|8127|G||||||||||||||
080347|0|R-VA   US00340NB||||R-VA   US00340NB|US 340|Lord Fairfax Hwy|021|Clarke County|021|Clarke County|    | 223268|0|0|111.62|    SR 255 Old Chapel| 223265|0|0|113.89|    01/01/2022|8181|G|91|1|1|1|5|0|C|.096|6 |.6|8127|G||||||||||||||
080346|0|R-VA   US00340NB||||R-VA   US00340NB|US 340|Lord Fairfax Hwy|021|Clarke County|021|Clarke County|    SR 255 Bishop Meade Rd| 223265|0|0|113.89|    Physical Jurisdiction Boundary: 021 Clarke County / 168 Town of Berryville| 701992|0|0|116.88|    01/01/2022|9581|G|91|1|1|1|5|0|F|.091|6 |.6|9517|G||||||||||||||
080346|0|R-VA   US00340NB||||R-VA   US00340NB|US 340|Lord Fairfax Hwy|168|Town of Berryville|021|Clarke County|    | 701992|0|0|116.88|    Bus SR 7 Main St| 223263|0|0|117.39|    01/01/2022|9581|G|91|1|1|1|5|0|F|.091|6 |.6|9517|G||||||||||||||
080345|0|R-VA   US00340NB||||R-VA   US00340NB|US 340|N Buckmarsh St|168|Town of Berryville|021|Clarke County|    Bus SR 7 Main St| 223263|0|0|117.39|    SR 7| 223277|0|0|118.08|    01/01/2022|9537|G|91|1|1|1|5|0|F|.088|6 |.55|9473|G||||||||||||||
080344|0|R-VA   US00340NB||||R-VA   US00340NB|US 340|Lord Fairfax Hwy|021|Clarke County|021|Clarke County|    SR 7| 223277|0|0|118.08|    21-611 Summit Point Rd| 223031|0|0|119.37|    01/01/2022|15309|G|89|1|1|1|9|0|F|.089|6 |.62|15201|G||||||||||||||
080343|0|R-VA   US00340NB||||R-VA   US00340NB|US 340|Lord Fairfax Highway|021|Clarke County|021|Clarke County|    21-611 Summit Point Rd| 223031|0|0|119.37|    West Virginia State Line| 700632|0|0|122.19|    01/01/2022|12611|A|89|1|1|1|9|0|C|.104|1 |.56|12472|A||||||||||||||
080386|0|R-VA   US00522NB||||R-VA   US00522NB|US 522|Stonewall Jackson Hwy|021|Clarke County|093|Warren County|    US 340; SR 277 Double Toll Gate| 334212|0|0|127.77|    Frederick County Line| 334171|0|0|128.09|    01/01/2022|14055|G|87|1|1|1|10|0|F|.085|6 |.52|15030|G||||||||||||||
719475|0|R-VA021SC00600NB||||R-VA021SC00600NB|21-600|Liberty Hall Lane|021|Clarke County|021|Clarke County|    Dead End| 223002|0|0|0|    US 50 John S Mosby Hwy|1093736|0|0|.65|    08/28/2018|9|R|||||||X||24|||X||||||||||||||
401885|0|R-VA021SC00601NB||||R-VA021SC00601NB|21-601|Blue Ridge Mountain Rd|021|Clarke County|021|Clarke County|    US 17, US 50 John S Mosby Hwy|1278403|0|0|0|    21-605 Morgans Mill Rd| 223003|0|0|6.29|    01/01/2022|1068|G|95|0|1|2|0|0|C|.142|6 |.89|1064|G||||||||||||||
401886|0|R-VA021SC00601NB||||R-VA021SC00601NB|21-601|Blue Ridge Mountain Rd|021|Clarke County|021|Clarke County|    21-605 Morgans Mill Rd| 223003|0|0|6.29|    21-650 W, Mount Weather Rd| 223004|0|0|7.81|    01/01/2022|1437|G|96|1|1|1|0|0|C|.106|6 |.59|1430|G||||||||||||||
401888|0|R-VA021SC00601NB||||R-VA021SC00601NB|21-601|Blue Ridge Mountain Rd|021|Clarke County|021|Clarke County|    21-650 W, Mount Weather Rd| 223004|0|0|7.81|    21-650 E, Mount Weather Rd| 223233|0|0|8.16|    01/01/2022|1534|G|95|1|1|1|0|0|C|.106|6 |.58|1527|G||||||||||||||
401889|0|R-VA021SC00601NB||||R-VA021SC00601NB|21-601|Blue Ridge Mountain Rd|021|Clarke County|021|Clarke County|    21-650 E, Mount Weather Rd| 223233|0|0|8.16|    Loudoun County Line| 223005|0|0|9.92|    01/01/2022|1588|G|95|1|1|1|0|0|C|.109|6 |.55|1581|G||||||||||||||
401890|0|R-VA021SC00601NB||||R-VA021SC00601NB|21-601|Blue Ridge Mountain Rd|053|Loudoun County|021|Clarke County|    Loudoun County Line| 223005|0|0|9.92|    SR 7 Harry F Byrd Hwy|  50053|0|0|11.04|    01/01/2022|1761|G|95|1|1|2|0|0|C|.102|6 |.56|1754|G||||||||||||||
401891|0|R-VA021SC00601NB||||R-VA021SC00601NB|21-601|Raven Rocks Rd|053|Loudoun County|021|Clarke County|    SR 7 Harry F Byrd Hwy|  50053|0|0|11.04|    Physical Jurisdiction Boundary: 053 Loudoun County / 021 Clarke County| 223006|0|0|11.15|    01/01/2022|311|G|97|1|1|0|0|0|C|.105|6 |.59|310|G||||||||||||||
401891|0|R-VA021SC00601NB||||R-VA021SC00601NB|21-601|Raven Rocks Rd|021|Clarke County|021|Clarke County|    | 223006|0|0|11.15|    West Virginia State Line| 223007|0|0|12.35|    01/01/2022|311|G|97|1|1|0|0|0|C|.105|6 |.59|310|G||||||||||||||
719476|0|R-VA021SC00602NB||||R-VA021SC00602NB|21-602|Wildcat Hollow Rd|021|Clarke County|021|Clarke County|    Dead End| 223009|0|0|0|    0.89 MN Dead End| 223009|0|.89|.89|    08/28/2018|49|R|||||||X||24|||X||||||||||||||
719477|0|R-VA021SC00602NB||||R-VA021SC00602NB|21-602|Wildcat Hollow Rd|021|Clarke County|021|Clarke County|    0.89 MN Dead End| 223009|0|.89|.89|    US 50 John S Mosby Hwy| 223008|0|0|2.38|    04/13/2021|449|R|||||||X||24|||X||||||||||||||
719478|0|R-VA021SC00603EB||||R-VA021SC00603EB|21-603|Castleman Rd|021|Clarke County|021|Clarke County|    21-612 Shepherds Mill Rd| 223012|0|0|0|    0.10 ME 21-612| 223012|0|.1|.1|    07/26/2018|176|R|||||||X||24|||X||||||||||||||
719479|0|R-VA021SC00603EB||||R-VA021SC00603EB|21-603|Castleman Rd|021|Clarke County|021|Clarke County|    0.10 ME 21-612| 223012|0|.1|.1|    21-663 Auburn Rd| 223011|0|0|.8|    07/26/2018|126|R|||||||X||24|||X||||||||||||||
719480|0|R-VA021SC00603EB||||R-VA021SC00603EB|21-603|Castleman Rd|021|Clarke County|021|Clarke County|    21-663 Auburn Rd| 223011|0|0|.8|    1.33 ME 21-663| 223011|0|1.33|2.13|    07/26/2018|81|R|||||||X||24|||X||||||||||||||
719481|0|R-VA021SC00603EB||||R-VA021SC00603EB|21-603|Castleman Rd|021|Clarke County|021|Clarke County|    1.33 ME 21-663| 223011|0|1.33|2.13|    SR 7 Harry Flood Byrd Hwy| 223010|0|0|3.37|    04/20/2021|187|R|||||||X||24|||X||||||||||||||
719482|0|R-VA021SC00604NB||||R-VA021SC00604NB|21-604|Ebenezer Rd|021|Clarke County|021|Clarke County|    21-605 Morgans Mill Rd| 223013|0|0|0|    21-607 Saw Mill Hill Rd| 223014|0|0|1.9|    07/26/2018|230|R|||||||X||24|||X||||||||||||||
783432|0|R-VA021SC00604NB||||R-VA021SC00604NB|21-604|Ebenezer Rd|021|Clarke County|021|Clarke County|    21-607 Saw Mill Hill Rd| 223014|0|0|1.9|    SR 7 Harry Flood Byrd Hwy| 223015|0|0|5.07|    04/20/2021|101|R|||||||X||24|||X||||||||||||||
719485|0|R-VA021SC00604NB||||R-VA021SC00604NB|21-604| |021|Clarke County|021|Clarke County|    SR 7 Harry Flood Byrd Hwy|1001246|0|0|5.07|    21-679 Pine Grove Rd| 223016|0|0|5.37|    07/26/2018|53|R|||||||X||24|||X||||||||||||||
719486|0|R-VA021SC00605EB||||R-VA021SC00605EB|21-605|Morgans Mill Rd|021|Clarke County|021|Clarke County|    21-649 Frogtown Rd| 223017|0|0|0|    21-604 Ebenezer Rd| 223013|0|0|.5|    01/01/2022|138|G|92|4|2|1|0|0|C|.128|6 |.78|137|G||||||||||||||
719487|0|R-VA021SC00605EB||||R-VA021SC00605EB|21-605|Morgans Mill Rd|021|Clarke County|021|Clarke County|    21-604 Ebenezer Rd| 223013|0|0|.5|    21-601 Blue Ridge Mtn Rd| 223003|0|0|2.61|    01/01/2022|34|G|89|0|1|1|0|0|C|.189|6 |.71|34|G||||||||||||||
719488|0|R-VA021SC00606NB||||R-VA021SC00606NB|21-606|Mt Carmel Rd|021|Clarke County|021|Clarke County|    US 50 John S Mosby Hwy| 223018|0|0|0|    21-649 S, Frogtown Rd| 223019|0|0|2.94|    01/01/2022|619|G|97|1|1|0|0|0|C|.11|6 |.54|616|G||||||||||||||
719489|0|R-VA021SC00606NB||||R-VA021SC00606NB|21-606|Feltner Rd|021|Clarke County|021|Clarke County|    21-649 S, Frogtown Rd| 223019|0|0|2.94|    1.70 MN 21-649| 223019|0|1.7|4.64|    07/26/2018|52|R|||||||X||24|||X||||||||||||||
719490|0|R-VA021SC00606NB||||R-VA021SC00606NB|21-606|Feltner Rd|021|Clarke County|021|Clarke County|    1.70 MN 21-649| 223019|0|1.7|4.64|    21-649 N, Frogtown Rd| 223235|0|0|5.34|    07/26/2018|132|R|||||||X||24|||X||||||||||||||
719491|0|R-VA021SC00606NB||||R-VA021SC00606NB|21-606|River Rd|021|Clarke County|021|Clarke County|    21-649 N, Frogtown Rd| 223235|0|0|5.34|    21-607 Saw Mill Hill Rd| 223020|0|0|8.12|    01/01/2022|628|G|97|1|1|1|0|0|C|.11|6 |.77|625|G||||||||||||||
401892|0|R-VA021SC00606NB||||R-VA021SC00606NB|21-606|River Rd|021|Clarke County|021|Clarke County|    21-607 Saw Mill Hill Rd| 223020|0|0|8.12|    SR 7 Harry Flood Byrd Hwy; FR 709 Parker Lane| 223021|0|0|9.94|    01/01/2022|919|G|96|1|2|0|0|0|C|.103|6 |.61|915|G||||||||||||||
719492|0|R-VA021SC00607NB||||R-VA021SC00607NB|21-607|Saw Mill  Hill Rd|021|Clarke County|021|Clarke County|    21-604 Ebenezer Rd| 223014|0|0|0|    21-606 River Rd| 223020|0|0|.7|    07/26/2018|276|R|||||||X||24|||X||||||||||||||
719493|0|R-VA021SC00608NB||||R-VA021SC00608NB|21-608|Wickliffe Rd|021|Clarke County|021|Clarke County|    21-621| 223027|0|0|0|    SR 7 W, Harry Flood Byrd Hwy| 223236|0|0|3.19|    08/21/2018|304|R|||||||X||24|||X||||||||||||||
719494|0|R-VA021SC00608NB||||R-VA021SC00608NB|21-608|Wickliffe Rd|021|Clarke County|021|Clarke County|    SR 7 E, Harry Flood Byrd Hwy| 223026|0|0|3.78|    21-612 Shepherds Mill Rd| 223025|0|0|5.6|    01/01/2022|493|G|95|1|2|1|1|0|C|.12|6 |.51|492|G||||||||||||||
719495|0|R-VA021SC00608NB||||R-VA021SC00608NB|21-608|Wickliffe Rd|021|Clarke County|021|Clarke County|    21-612 Shepherds Mill Rd| 223025|0|0|5.6|    21-609 Cannon Ball Rd| 223024|0|0|6.45|    01/01/2022|375|G|97|0|1|1|1|0|C|.108|6 |.7|375|G||||||||||||||
719496|0|R-VA021SC00608NB||||R-VA021SC00608NB|21-608|Wickliffe Rd|021|Clarke County|021|Clarke County|    21-609 Cannon Ball Rd| 223024|0|0|6.45|    21-663 Auburn Rd| 223023|0|0|7.15|    01/01/2022|374|G|97|0|1|1|1|0|C|.101|6 |.71|374|G||||||||||||||
719497|0|R-VA021SC00608NB||||R-VA021SC00608NB|21-608|Wickliffe Rd|021|Clarke County|021|Clarke County|    21-663 Auburn Rd| 223023|0|0|7.15|    West Virginia State Line| 223022|0|0|7.88|    01/01/2022|352|G|96|0|2|1|1|0|C|.106|6 |.73|352|G||||||||||||||
719498|0|R-VA021SC00609NB||||R-VA021SC00609NB|21-609|Cannon Ball Rd|021|Clarke County|021|Clarke County|    21-608| 223024|0|0|0|    21-612 Shepherds Mill Rd| 223028|0|0|.6|    07/26/2018|39|R|||||||X||24|||X||||||||||||||
719499|0|R-VA021SC00610NB||||R-VA021SC00610NB|21-610|Clifton Rd|021|Clarke County|021|Clarke County|    US 340 Lord Fairfax Hwy| 223029|0|0|0|    21-641 Lewisville Rd| 223030|0|0|1.3|    04/06/2015|109|R|||||||X||24|||X||||||||||||||
401893|0|R-VA021SC00611NB||||R-VA021SC00611NB|21-611|Summit Point Rd|021|Clarke County|021|Clarke County|    US 340 Lord Fairfax Hwy| 223031|0|0|0|    West Virginia State Line| 223034|0|0|2.87|    01/01/2022|2130|G|98|0|1|0|0|0|C|.116|6 |.77|2129|G||||||||||||||
719500|0|R-VA021SC00612NB||||R-VA021SC00612NB|21-612| |021|Clarke County|021|Clarke County|    Dead End| 223037|0|0|0|    1.10 MN Dead End| 223037|0|1.1|1.1|    04/20/2021|135|R|||||||X||24|||X||||||||||||||
719501|0|R-VA021SC00612NB||||R-VA021SC00612NB|21-612| |021|Clarke County|021|Clarke County|    1.10 MN Dead End| 223037|0|1.1|1.1|    SR 7 E, Harry Flood Byrd Hwy|1092590|0|0|1.18|    04/20/2021|319|R|||||||X||24|||X||||||||||||||
401894|0|R-VA021SC00612NB||||R-VA021SC00612NB|21-612|Shepherds Mill Rd|021|Clarke County|021|Clarke County|    SR 7 W, Harry Flood Byrd Hwy|1092589|0|0|1.39|    21-608 Wickliffe Rd| 223025|0|0|3.49|    01/01/2022|1219|G|99|0|1|0|0|0|C|.116|6 |.9|1217|G||||||||||||||
401895|0|R-VA021SC00612NB||||R-VA021SC00612NB|21-612|Shepherds Mill Rd|021|Clarke County|021|Clarke County|    21-608 Wickliffe Rd| 223025|0|0|3.49|    US 340 Lord Fairfax Hwy|1093627|0|0|6.12|    01/01/2022|1065|G|98|0|1|0|0|0|C|.123|6 |.88|1064|G||||||||||||||
719502|0|R-VA021SC00613NB||||R-VA021SC00613NB|21-613|Lockes Mill Rd|021|Clarke County|021|Clarke County|    21-621 Briggs Rd| 223042|0|0|0|    21-618; Springsbury Rd| 223041|0|0|.39|    04/13/2021|238|R|||||||X||24|||X||||||||||||||
719503|0|R-VA021SC00613NB||||R-VA021SC00613NB|21-613|Springsbury Rd|021|Clarke County|021|Clarke County|    21-618 Lockes Mill Rd| 223041|0|0|.39|    21-647 Possum Hollow Lane| 223040|0|0|2.46|    01/01/2022|360|G|97|1|1|1|0|0|C|.105|6 |.55|360|G||||||||||||||
401899|0|R-VA021SC00615NB||||R-VA021SC00615NB|21-615|Boom Rd|021|Clarke County|021|Clarke County|    NCL Berryville| 700600|0|0|0|    Sipe Hollow Lane| 223238|0|0|1.9|    01/01/2022|502|G|97|1|1|0|1|0|C|.098|6 |.53|502|G||||||||||||||
719506|0|R-VA021SC00617EB||||R-VA021SC00617EB|21-617|Old Chapel Ave|172|Town of Boyce|021|Clarke County|    21-723, E Main St| 223068|0|0|0|    21-666 Virginia Ave| 223067|0|0|.2|    04/13/2021|314|R|||||||X||24|||X||||||||||||||
719507|0|R-VA021SC00617EB||||R-VA021SC00617EB|21-617|Old Chapel Ave|172|Town of Boyce|021|Clarke County|    21-666 Virginia Ave| 223067|0|0|.2|    ECL Boyce| 223066|0|0|.38|    04/13/2021|186|R|||||||X||24|||X||||||||||||||
719508|0|R-VA021SC00617EB||||R-VA021SC00617EB|21-617|Old Chapel Rd|021|Clarke County|021|Clarke County|    ECL Boyce| 223066|0|0|.38|    21-620 Browntown Rd| 223065|0|0|1.21|    04/15/2015|202|R|||||||X||24|||X||||||||||||||
719509|0|R-VA021SC00617EB||||R-VA021SC00617EB|21-617|Old Chapel Rd|021|Clarke County|021|Clarke County|    21-620 Browntown Rd| 223065|0|0|1.21|    SR 255 Bishop Meade Rd| 223064|0|0|2.69|    04/13/2021|238|R|||||||X||24|||X||||||||||||||
719510|0|R-VA021SC00617EB||||R-VA021SC00617EB|21-617|Briggs Rd|021|Clarke County|021|Clarke County|    SR 255 Bishop Meade Rd| 223064|0|0|2.69|    21-619 Lime Marl Lane| 223063|0|0|3.39|    01/01/2022|605|G|98|0|1|0|0|0|C|.108|6 |.55|603|G||||||||||||||
719511|0|R-VA021SC00617EB||||R-VA021SC00617EB|21-617|Briggs Rd|021|Clarke County|021|Clarke County|    21-619 Lime Marl Lane| 223063|0|0|3.39|    21-618 Lockes Mill Rd| 223062|0|0|3.59|    01/01/2022|473|G|97|0|1|0|0|0|C|.122|6 |.61|471|G||||||||||||||
719512|0|R-VA021SC00617EB||||R-VA021SC00617EB|21-617|Briggs Rd|021|Clarke County|021|Clarke County|    21-618 Lockes Mill Rd| 223062|0|0|3.59|    21-621 Elerslie Rd| 223061|0|0|4.79|    04/15/2015|132|R|||||||X||24|||X||||||||||||||
719513|0|R-VA021SC00618EB||||R-VA021SC00618EB|21-618|Lockes Mill Rd|021|Clarke County|021|Clarke County|    21-617 Briggs Rd| 223062|0|0|0|    21-613 Springsbury Rd| 223041|0|0|1.2|    01/01/2022|368|G|98|1|1|0|0|0|C|.139|6 |.52|366|G||||||||||||||
719514|0|R-VA021SC00619NB||||R-VA021SC00619NB|21-619| |021|Clarke County|021|Clarke County|    21-651 Clay Hill Rd| 223069|0|0|0|    Dead End; Gap| 223239|0|0|.2|    08/28/2018|42|T|||||||X||24|||X||||||||||||||
719515|0|R-VA021SC00619NB||||R-VA021SC00619NB|21-619| |021|Clarke County|021|Clarke County|    Dead End; Gap| 223282|0|0|.2|    21-617 Briggs Rd| 223063|0|0|.95|    04/13/2021|86|R|||||||X||24|||X||||||||||||||
719516|0|R-VA021SC00620EB||||R-VA021SC00620EB|21-620|Pyletown Rd|021|Clarke County|021|Clarke County|    21-655 Salem Church Rd| 223073|0|0|0|    21-652 Summerville Rd| 223072|0|0|2.1|    08/21/2018|293|R|||||||X||24|||X||||||||||||||
719517|0|R-VA021SC00620EB||||R-VA021SC00620EB|21-620|Pyletown Rd|021|Clarke County|021|Clarke County|    21-652 Summerville Rd| 223072|0|0|2.1|    US 340 Lord Fairfax Hwy| 223071|0|0|3.161|    04/13/2021|373|R|||||||X||24|||X||||||||||||||
719519|0|R-VA021SC00620EB||||R-VA021SC00620EB|21-620|Browntown Rd|021|Clarke County|021|Clarke County|    US 340 Lord Fairfax Hwy| 223071|0|0|3.161|    SR 255 Bishop Meade Rd| 223070|0|0|4.5|    01/01/2022|259|G|96|1|2|0|1|0|C|.116|6 |.53|257|G||||||||||||||
719520|0|R-VA021SC00621NB||||R-VA021SC00621NB|21-621| |021|Clarke County|021|Clarke County|    21-723 Millwood Rd| 223074|0|0|0|    21-651 Clay Hill Rd| 223075|0|0|2.2|    08/28/2018|218|R|||||||X||24|||X||||||||||||||
719521|0|R-VA021SC00621NB||||R-VA021SC00621NB|21-621| |021|Clarke County|021|Clarke County|    21-651 Clay Hill Rd| 223075|0|0|2.2|    21-617 Briggs Rd| 223061|0|0|4.2|    08/21/2018|48|R|||||||X||24|||X||||||||||||||
719522|0|R-VA021SC00621NB||||R-VA021SC00621NB|21-621| |021|Clarke County|021|Clarke County|    21-617 Briggs Rd| 223061|0|0|4.2|    21-613 Lockes Mill Rd| 223042|0|0|5.5|    08/21/2018|43|R|||||||X||24|||X||||||||||||||
719523|0|R-VA021SC00621NB||||R-VA021SC00621NB|21-621| |021|Clarke County|021|Clarke County|    21-613 Lockes Mill Rd| 223042|0|0|5.5|    0.21 ME 21-613 Lockes Mill Rd| 223042|0|.21|5.71|    08/21/2018|199|R|||||||X||24|||X||||||||||||||
719524|0|R-VA021SC00621NB||||R-VA021SC00621NB|21-621| |021|Clarke County|021|Clarke County|    0.21 ME 21-613 Lockes Mill Rd| 223042|0|.21|5.71|    0.50 ME 21-613 Lockes Mill Rd| 223042|0|.5|6|    08/21/2018|200|R|||||||X||24|||X||||||||||||||
719525|0|R-VA021SC00621NB||||R-VA021SC00621NB|21-621| |021|Clarke County|021|Clarke County|    0.50 ME 21-613| 223042|0|.5|6|    21-608| 223027|0|0|6.5|    08/21/2018|232|R|||||||X||24|||X||||||||||||||
719526|0|R-VA021SC00621NB||||R-VA021SC00621NB|21-621| |021|Clarke County|021|Clarke County|    21-608| 223027|0|0|6.5|    2.09 ME 21-608| 223027|0|2.09|8.59|    08/21/2018|118|R|||||||X||24|||X||||||||||||||
719527|0|R-VA021SC00621NB||||R-VA021SC00621NB|21-621| |021|Clarke County|021|Clarke County|    2.09 ME 21-608| 223027|0|2.09|8.59|    SR 7 Harry Flood Byrd Hwy|1092587|0|0|10.9|    08/21/2018|320|R|||||||X||24|||X||||||||||||||
719528|0|R-VA021SC00622EB||||R-VA021SC00622EB|21-622|Bordens Spring Rd|021|Clarke County|021|Clarke County|    21-658 Sugar Hill Rd| 223082|0|0|0|    0.05 ME 21-658 Sugar Hill Rd| 223082|0|.05|.05|    09/18/2018|60|R|||||||X||24|||X||||||||||||||
719529|0|R-VA021SC00622EB||||R-VA021SC00622EB|21-622|Bordens Spring Rd|021|Clarke County|021|Clarke County|    0.05 ME 21-658| 223082|0|.05|.05|    21-627 Carters Line Rd| 223081|0|0|1.84|    09/18/2018|27|R|||||||X||24|||X||||||||||||||
719530|0|R-VA021SC00622EB||||R-VA021SC00622EB|21-622|Bordens Spring Rd|021|Clarke County|021|Clarke County|    21-627 Carters Line Rd| 223081|0|0|1.84|    21-626 Nelson Rd| 223080|0|0|2.4|    04/13/2021|98|R|||||||X||24|||X||||||||||||||
719531|0|R-VA021SC00622EB||||R-VA021SC00622EB|21-622|Bordens Spring Rd|021|Clarke County|021|Clarke County|    21-626 Nelson Rd| 223080|0|0|2.4|    21-624 Red Gate Rd| 223079|0|0|3.3|    09/18/2018|53|R|||||||X||24|||X||||||||||||||
719532|0|R-VA021SC00622EB||||R-VA021SC00622EB|21-622|Swift Shoals Rd|021|Clarke County|021|Clarke County|    21-624 Red Gate Rd| 223079|0|0|3.3|    21-625 E, Kennel Rd| 223078|0|0|3.91|    04/13/2021|168|R|||||||X||24|||X||||||||||||||
719534|0|R-VA021SC00622EB||||R-VA021SC00622EB|21-622|Swift Shoals Rd|021|Clarke County|021|Clarke County|    21-625 E, Kennel Rd| 223078|0|0|3.91|    US 50 John S Mosby Hwy|1251301|0|0|7.23|    08/28/2018|35|R|||||||X||24|||X||||||||||||||
719535|0|R-VA021SC00623NB||||R-VA021SC00623NB|21-623|Gaylord Rd|021|Clarke County|021|Clarke County|    US 340 E, Lord Fairfax Hwy| 223085|0|0|0|    Dead End; Gap| 223240|0|0|.15|    07/17/2018|28|T|||||||X||24|||X||||||||||||||
719536|0|R-VA021SC00623NB||||R-VA021SC00623NB|21-623|Gaylord Rd|021|Clarke County|021|Clarke County|    Dead End; Gap| 223084|0|0|.15|    US 340 W, Lord Fairfax Hwy| 223083|0|0|.2|    07/17/2018|7|T|||||||X||24|||X||||||||||||||
719537|0|R-VA021SC00624NB||||R-VA021SC00624NB|21-624|Red Gate Rd|021|Clarke County|021|Clarke County|    Warren County Line| 825001|0|0|0|    21-622 Swift Shoals Rd; Bordens Spring Rd| 223079|0|0|2.3|    01/01/2022|388|G|97|0|1|0|1|0|C|.116|6 |.59|386|G||||||||||||||
719538|0|R-VA021SC00624NB||||R-VA021SC00624NB|21-624|Red Gate Rd|021|Clarke County|021|Clarke County|    21-622 Swift Shoals Rd; Bordens Spring Rd| 223079|0|0|2.3|    21-626 Nelson Rd| 223087|0|0|3.56|    01/01/2022|482|G|97|1|2|0|1|0|C|.111|6 |.61|479|G||||||||||||||
719539|0|R-VA021SC00624NB||||R-VA021SC00624NB|21-624|Red Gate Rd|021|Clarke County|021|Clarke County|    21-626 Nelson Rd| 223087|0|0|3.56|    US 50 Millwood Pike| 223086|0|0|4.06|    01/01/2022|693|G|96|0|2|0|1|0|C|.092|6 |.55|688|G||||||||||||||
719540|0|R-VA021SC00625NB||||R-VA021SC00625NB|21-625| |021|Clarke County|021|Clarke County|    Dead End| 223090|0|0|0|    21-622 W, Swift Shoals Rd| 223260|0|0|.1|    08/28/2018|14|T|||||||X||24|||X||||||||||||||
719541|0|R-VA021SC00625NB||||R-VA021SC00625NB|21-625|Kennel Rd|021|Clarke County|021|Clarke County|    21-622 E, Swift Shoals Rd| 223078|0|0|.17|    US 50 Millwood Pike| 223089|0|0|2.02|    04/13/2021|120|R|||||||X||24|||X||||||||||||||
719542|0|R-VA021SC00625NB||||R-VA021SC00625NB|21-625| |021|Clarke County|021|Clarke County|    US 50 Millwood Pike| 223089|0|0|2.02|    21-723 Millwood Rd| 223088|0|0|2.55|    08/28/2018|58|R|||||||X||24|||X||||||||||||||
719543|0|R-VA021SC00626EB||||R-VA021SC00626EB|21-626|Nelson Rd|021|Clarke County|021|Clarke County|    21-622 Bordens Spring Rd| 223080|0|0|0|    21-628 Berry Ferry Rd| 223091|0|0|.7|    09/18/2018|74|R|||||||X||24|||X||||||||||||||
719544|0|R-VA021SC00626EB||||R-VA021SC00626EB|21-626|Nelson Rd|021|Clarke County|021|Clarke County|    21-628 Berry Ferry Rd| 223091|0|0|.7|    21-624 Red Gate Rd| 223087|0|0|1.6|    09/18/2018|181|R|||||||X||24|||X||||||||||||||
719545|0|R-VA021SC00627NB||||R-VA021SC00627NB|21-627|Carters Line Rd|021|Clarke County|021|Clarke County|    21-622 Bordens Spring Rd| 223081|0|0|0|    21-658 White Post Rd| 223092|0|0|1.9|    04/15/2015|119|R|||||||X||24|||X||||||||||||||
719547|0|R-VA021SC00628EB||||R-VA021SC00628EB|21-628|Berry Ferry Rd|021|Clarke County|021|Clarke County|    US 340 Lord Fairfax Hwy| 223093|0|0|0|    21-658 White Post Rd| 223094|0|0|.24|    01/01/2022|572|G|95|0|1|2|1|0|C|.105|6 |.54|568|G||||||||||||||
719546|0|R-VA021SC00628EB||||R-VA021SC00628EB|21-628|Berry Ferry Rd|021|Clarke County|021|Clarke County|    21-658 White Post Rd| 223094|0|0|.24|    21-626 Nelson Rd| 223091|0|0|2.84|    04/13/2021|247|R|||||||X||24|||X||||||||||||||
719548|0|R-VA021SC00629NB||||R-VA021SC00629NB|21-629|Linden Rd|021|Clarke County|021|Clarke County|    SR 255 Bishop Meade Rd| 223095|0|0|0|    Dead End| 223096|0|0|.1|    07/23/2015|84|R|||||||X||24|||X||||||||||||||
719549|0|R-VA021SC00630NB||||R-VA021SC00630NB|21-630|Iron Rail Rd|021|Clarke County|021|Clarke County|    Dead End| 223098|0|0|0|    US 50 Millwood Pike| 223097|0|0|.2|    08/28/2018|42|T|||||||X||24|||X||||||||||||||
719550|0|R-VA021SC00631NB||||R-VA021SC00631NB|21-631|Page Brook Lane|021|Clarke County|021|Clarke County|    21-723 Old Winchester Rd| 223099|0|0|0|    Dead End| 223100|0|0|.5|    07/23/2015|115|R|||||||X||24|||X||||||||||||||
401905|0|R-VA021SC00632NB||||R-VA021SC00632NB|21-632|Triple J Rd|021|Clarke County|021|Clarke County|    21-657 Senseny Rd| 223101|0|0|0|    SR 7 Harry Flood Byrd Hwy| 223102|0|0|2.35|    01/01/2022|2310|G|96|1|1|1|1|0|C|.112|6 |.65|2308|G||||||||||||||
401906|0|R-VA021SC00632NB||||R-VA021SC00632NB|21-632|Crums Church Rd|021|Clarke County|021|Clarke County|    SR 7 Harry Flood Byrd Hwy| 223102|0|0|2.35|    21-639 Allen Rd| 223106|0|0|5.01|    01/01/2022|1639|G|97|1|1|1|1|0|C|.107|6 |.63|1638|G||||||||||||||
401907|0|R-VA021SC00632NB||||R-VA021SC00632NB|21-632|Crums Church Rd|021|Clarke County|021|Clarke County|    21-639 Allen Rd| 223106|0|0|5.01|    21-761 Old Charles Town Rd| 223108|0|0|6.57|    01/01/2022|1251|G|97|1|1|1|1|0|C|.112|6 |.62|1250|G||||||||||||||
719551|0|R-VA021SC00633EB||||R-VA021SC00633EB|21-633|Annfield Rd|021|Clarke County|021|Clarke County|    21-652| 223110|0|0|0|    US 340 Lord Fairfax Hwy| 223109|0|0|2.3|    08/21/2018|60|R|||||||X||24|||X||||||||||||||
719552|0|R-VA021SC00634NB||||R-VA021SC00634NB|21-634|Salem Church Rd|021|Clarke County|021|Clarke County|    21-655 Opequan Rd| 223112|0|0|0|    21-657 Senseny Rd| 223111|0|0|.58|    08/21/2018|2463|R|||||||X||24|||X||||||||||||||
719553|0|R-VA021SC00635NB||||R-VA021SC00635NB|21-635|Moose Rd|021|Clarke County|021|Clarke County|    Dead End| 223115|0|0|0|    SR 7 Harry Flood Byrd Hwy| 223114|0|0|1.15|    07/26/2018|518|R|||||||X||24|||X||||||||||||||
719554|0|R-VA021SC00635NB||||R-VA021SC00635NB|21-635|Pierce Rd|021|Clarke County|021|Clarke County|    SR 7 Harry Flood Byrd Hwy| 223114|0|0|1.15|    21-660 Russell Rd| 223113|0|0|2.65|    04/14/2021|137|R|||||||X||24|||X||||||||||||||
401908|0|R-VA021SC00636NB||||R-VA021SC00636NB|21-636|Westwood Rd|021|Clarke County|021|Clarke County|    21-657 Senseny Rd| 223117|0|0|0|    Bus SR 7| 223116|0|0|1.5|    01/01/2022|705|G|97|1|1|0|1|0|C|.151|6 |.63|704|G||||||||||||||
719555|0|R-VA021SC00637EB||||R-VA021SC00637EB|21-637| |021|Clarke County|021|Clarke County|    Dead End| 223243|0|0|0|    21-761 E, Old Charles Town Rd| 223252|0|0|.15|    07/17/2018|21|T|||||||X||24|||X||||||||||||||
719556|0|R-VA021SC00637EB||||R-VA021SC00637EB|21-637| |021|Clarke County|021|Clarke County|    21-761 W, Old Charles Town Rd| 223118|0|0|.45|    Dead End| 223242|0|0|.75|    07/17/2018|42|T|||||||X||24|||X||||||||||||||
401909|0|R-VA021SC00638NB||||R-VA021SC00638NB|21-638|Howellsville Rd|021|Clarke County|021|Clarke County|    Warren County Line| 825002|0|0|0|    US 50 John S Mosby Hwy|1093637|0|0|3.41|    01/01/2022|2647|G|98|1|1|0|0|0|C|.1|6 |.77|2630|G||||||||||||||
719557|0|R-VA021SC00639EB||||R-VA021SC00639EB|21-639|Allen Rd|021|Clarke County|021|Clarke County|    21-632 Crums Church Rd| 223106|0|0|0|    21-611 Summit Point Rd| 223033|0|0|2.64|    07/17/2018|103|R|||||||X||24|||X||||||||||||||
719558|0|R-VA021SC00639EB||||R-VA021SC00639EB|21-639|Allen Rd|021|Clarke County|021|Clarke County|    21-611 Summit Point Rd| 223033|0|0|2.64|    21-641 Lewisville Rd| 223121|0|0|3.44|    07/17/2018|134|R|||||||X||24|||X||||||||||||||
719559|0|R-VA021SC00639EB||||R-VA021SC00639EB|21-639|Allen Rd|021|Clarke County|021|Clarke County|    21-641 Lewisville Rd| 223121|0|0|3.44|    West Virginia State Line| 223120|0|0|4.14|    07/17/2018|330|R|||||||X||24|||X||||||||||||||
719560|0|R-VA021SC00640NB||||R-VA021SC00640NB|21-640|Withers Larue Rd|021|Clarke County|021|Clarke County|    21-632 Crums Church Rd| 223107|0|0|0|    West Virginia State Line| 223122|0|0|2.2|    04/14/2021|388|R|||||||X||24|||X||||||||||||||
719561|0|R-VA021SC00641NB||||R-VA021SC00641NB|21-641|Lewisville Rd|021|Clarke County|021|Clarke County|    US 340 Lord Fairfax Hwy| 223123|0|0|0|    21-610 Clifton Rd| 223030|0|0|1.1|    04/14/2021|362|R|||||||X||24|||X||||||||||||||
719562|0|R-VA021SC00641NB||||R-VA021SC00641NB|21-641|Lewisville Rd|021|Clarke County|021|Clarke County|    21-610 Clifton Rd| 223030|0|0|1.1|    21-639 Allen Rd| 223121|0|0|1.3|    04/14/2021|321|R|||||||X||24|||X||||||||||||||
719563|0|R-VA021SC00642EB||||R-VA021SC00642EB|21-642|Chrismore Rd|021|Clarke County|021|Clarke County|    Frederick County Line| 825003|0|0|0|    21-644 Gun Barrell Rd| 223124|0|0|1.1|    04/13/2021|339|R|||||||X||24|||X||||||||||||||
719564|0|R-VA021SC00643EB||||R-VA021SC00643EB|21-643|Retreat Rd|021|Clarke County|021|Clarke County|    SR 7 Harry Flood Byrd Hwy| 223125|0|0|0|    Dead End| 223126|0|0|1.3|    07/26/2018|1404|R|||||||X||24|||X||||||||||||||
719565|0|R-VA021SC00644NB||||R-VA021SC00644NB|21-644|Stone Bridge Rd|021|Clarke County|021|Clarke County|    Warren County Line| 825005|0|0|0|    21-658 S, Sugar Hill Rd| 223245|0|0|1.15|    09/18/2018|30|R|||||||X||24|||X||||||||||||||
719566|0|R-VA021SC00644NB||||R-VA021SC00644NB|21-644|Featherbed Rd|021|Clarke County|021|Clarke County|    21-658 N, White Post Rd| 223131|0|0|1.15|    US 340 W, Lord Fairfax Hwy| 223244|0|0|3.15|    09/18/2018|85|R|||||||X||24|||X||||||||||||||
719567|0|R-VA021SC00644NB||||R-VA021SC00644NB|21-644|Gun Barrell Rd|021|Clarke County|021|Clarke County|    US 340 E, Lord Fairfax Hwy| 223130|0|0|3.41|    21-646 Nations Spring Rd| 223129|0|0|4.01|    01/01/2022|625|G|94|1|2|2|1|0|C|.12|6 |.6|615|G||||||||||||||
719568|0|R-VA021SC00644NB||||R-VA021SC00644NB|21-644|Gun Barrell Rd|021|Clarke County|021|Clarke County|    21-646 Nations Spring Rd| 223129|0|0|4.01|    21-642 Chrismore Rd| 223124|0|0|4.81|    01/01/2022|624|G|94|0|2|2|1|0|C|.119|6 |.61|615|G||||||||||||||
719569|0|R-VA021SC00644NB||||R-VA021SC00644NB|21-644|Gun Barrell Rd|021|Clarke County|021|Clarke County|    21-642 Chrismore Rd| 223124|0|0|4.81|    US 50 Millwood Pike| 223128|0|0|6.11|    01/01/2022|873|G|96|0|1|2|1|0|C|.118|6 |.71|861|G||||||||||||||
719570|0|R-VA021SC00644NB||||R-VA021SC00644NB|21-644|Ginns Rd|021|Clarke County|021|Clarke County|    US 50 Millwood Pike| 223128|0|0|6.11|    21-655; Ford Rd| 223127|0|0|7.21|    08/21/2018|423|R|||||||X||24|||X||||||||||||||
719572|0|R-VA021SC00645NB||||R-VA021SC00645NB|21-645|Wrights Mill Rd|021|Clarke County|021|Clarke County|    SR 7 Harry Flood Byrd Hwy| 223132|0|0|0|    0.20 MN SR 7| 223132|0|.2|.2|    07/17/2018|268|R|||||||X||24|||X||||||||||||||
719573|0|R-VA021SC00645NB||||R-VA021SC00645NB|21-645|Wrights Mill Rd|021|Clarke County|021|Clarke County|    0.20 MN SR 7| 223132|0|.2|.2|    21-664 Neil Rd| 223133|0|0|1.1|    07/17/2018|217|R|||||||X||24|||X||||||||||||||
719574|0|R-VA021SC00645NB||||R-VA021SC00645NB|21-645|Wrights Mill Rd|021|Clarke County|021|Clarke County|    21-664 Neil Rd| 223133|0|0|1.1|    21-660 Russell Rd| 223134|0|0|1.8|    07/17/2018|170|R|||||||X||24|||X||||||||||||||
719575|0|R-VA021SC00646EB||||R-VA021SC00646EB|21-646|Nations Spring Rd|021|Clarke County|021|Clarke County|    Frederick County Line| 825006|0|0|0|    21-644 Gun Barrell Rd| 223129|0|0|1.1|    09/18/2018|117|R|||||||X||24|||X||||||||||||||
719576|0|R-VA021SC00647NB||||R-VA021SC00647NB|21-647|Possum Hollow Lane|021|Clarke County|021|Clarke County|    Dead End| 223135|0|0|0|    21-613 Springsbury Rd| 223040|0|0|.51|    04/20/2021|139|R|||||||X||24|||X||||||||||||||
719577|0|R-VA021SC00648NB||||R-VA021SC00648NB|21-648|Lanham Lane|021|Clarke County|021|Clarke County|    Dead End| 223137|0|0|0|    SR 255 Bishop Meade Rd| 223136|0|0|.08|    07/23/2015|39|R|||||||X||24|||X||||||||||||||
719579|0|R-VA021SC00649NB||||R-VA021SC00649NB|21-649|Frogtown Rd|021|Clarke County|021|Clarke County|    21-606 N, River Rd; Feltner Rd| 223235|0|0|0|    21-605 Morgans Mill Rd| 223017|0|0|1.143|    01/01/2022|421|G|97|1|1|1|0|0|C|.102|6 |.63|419|G||||||||||||||
719578|0|R-VA021SC00649NB||||R-VA021SC00649NB|21-649|Frogtown Rd|021|Clarke County|021|Clarke County|    21-605 Morgans Mill Rd| 223017|0|0|1.143|    21-606 S, Feltner Rd; Mt Carmel Rd| 223019|0|0|3.07|    01/01/2022|412|G|97|1|1|1|0|0|F|.101|6 |.52|410|G||||||||||||||
719580|0|R-VA021SC00650NB||||R-VA021SC00650NB|21-650|Mount Weather Rd|021|Clarke County|021|Clarke County|    21-601 S, Blue Ridge Mtn Rd| 223004|0|0|0|    21-601 MID| 223234|0|0|.28|    07/26/2018|30|R|||||||X||24|||X||||||||||||||
719581|0|R-VA021SC00650NB||||R-VA021SC00650NB|21-650|Mount Weather Rd|021|Clarke County|021|Clarke County|    21-601 MID| 223234|0|0|.28|    | 223233|0|0|.6|    04/06/2015|9|R|||||||X||24|||X||||||||||||||
719582|0|R-VA021SC00651NB||||R-VA021SC00651NB|21-651|Clay Hill Rd|021|Clarke County|021|Clarke County|    21-621| 223075|0|0|0|    21-619| 223069|0|0|.5|    04/15/2015|154|R|||||||X||24|||X||||||||||||||
719583|0|R-VA021SC00651NB||||R-VA021SC00651NB|21-651|Clay Hill Rd|021|Clarke County|021|Clarke County|    21-619| 223069|0|0|.5|    SR 255 Bishop Meade Rd| 223138|0|0|1.5|    08/21/2018|211|R|||||||X||24|||X||||||||||||||
719584|0|R-VA021SC00652NB||||R-VA021SC00652NB|21-652| |021|Clarke County|021|Clarke County|    21-620 Pyletown Rd| 223072|0|0|0|    21-633 Annfield Rd| 223110|0|0|1|    04/13/2021|190|R|||||||X||24|||X||||||||||||||
719585|0|R-VA021SC00652NB||||R-VA021SC00652NB|21-652| |021|Clarke County|021|Clarke County|    21-633 Annfield Rd| 223110|0|0|1|    21-657 Senseny Rd| 223139|0|0|2.4|    08/21/2018|125|R|||||||X||24|||X||||||||||||||
719586|0|R-VA021SC00653EB||||R-VA021SC00653EB|21-653|Kimble Rd|021|Clarke County|021|Clarke County|    21-632 Crums Church Rd| 223105|0|0|0|    21-654 Stringtown Rd| 223141|0|0|2|    07/17/2018|249|R|||||||X||24|||X||||||||||||||
719587|0|R-VA021SC00653EB||||R-VA021SC00653EB|21-653|Kimble Rd|021|Clarke County|021|Clarke County|    21-654 Stringtown Rd| 223141|0|0|2|    SR 7 Harry Flood Byrd Hwy| 223140|0|0|3.4|    01/01/2022|292|G|99|0|1|0|0|0|C|.121|6 |.76|291|G||||||||||||||
719588|0|R-VA021SC00654EB||||R-VA021SC00654EB|21-654|Stringtown Rd|021|Clarke County|021|Clarke County|    21-653 Kimble Rd| 223141|0|0|0|    21-611 Summit Point Rd| 223032|0|0|1.7|    07/17/2018|181|R|||||||X||24|||X||||||||||||||
719589|0|R-VA021SC00655NB||||R-VA021SC00655NB|21-655|Ginns Rd|021|Clarke County|021|Clarke County|    21-644; Ford Rd| 223127|0|0|0|    21-723 S, Old Winchester Rd| 223142|0|0|.6|    08/21/2018|440|R|||||||X||24|||X||||||||||||||
719590|0|R-VA021SC00655NB||||R-VA021SC00655NB|21-655|Salem Church Rd|021|Clarke County|021|Clarke County|    21-723 N, Old Winchester Rd| 223246|0|0|.82|    21-620 Pyletown Rd| 223073|0|0|2.02|    08/21/2018|749|R|||||||X||24|||X||||||||||||||
719591|0|R-VA021SC00655NB||||R-VA021SC00655NB|21-655|Salem Church Rd|021|Clarke County|021|Clarke County|    21-620 Pyletown Rd| 223073|0|0|2.02|    21-634; Opequan Rd| 223112|0|0|3.28|    08/21/2018|945|R|||||||X||24|||X||||||||||||||
719592|0|R-VA021SC00655NB||||R-VA021SC00655NB|21-655|Opequan Rd|021|Clarke County|021|Clarke County|    21-634 Salem Church Rd| 223112|0|0|3.28|    Frederick County Line| 825007|0|0|4.12|    08/21/2018|1604|R|||||||X||24|||X||||||||||||||
719593|0|R-VA021SC00656EB||||R-VA021SC00656EB|21-656|Longmarsh Rd|021|Clarke County|021|Clarke County|    21-659| 223143|0|0|0|    21-674 Cather Rd| 223144|0|0|.8|    04/14/2021|364|R|||||||X||24|||X||||||||||||||
719594|0|R-VA021SC00656EB||||R-VA021SC00656EB|21-656|Longmarsh Rd|021|Clarke County|021|Clarke County|    21-674 Cather Rd| 223144|0|0|.8|    21-632 Crums Church Rd| 223104|0|0|2.1|    07/17/2018|402|R|||||||X||24|||X||||||||||||||
401910|0|R-VA021SC00657EB||||R-VA021SC00657EB|21-657|Senseny Rd|021|Clarke County|021|Clarke County|    Frederick County Line| 825008|0|0|0|    Jurisdiction Boundary: 021 Clarke County| 223111|0|0|1.02|    01/01/2022|1891|G|98|0|1|0|0|0|C|.107|6 |.7|1888|G||||||||||||||
401911|0|R-VA021SC00657EB||||R-VA021SC00657EB|21-657|Senseny Rd|021|Clarke County|021|Clarke County|    21-634 Salem Church Rd| 223111|0|0|1.02|    21-632 Triple J Rd| 223101|0|0|2.42|    01/01/2022|3208|G|97|0|1|1|1|0|C|.112|6 |.61|3205|G||||||||||||||
401912|0|R-VA021SC00657EB||||R-VA021SC00657EB|21-657|Senseny Rd|021|Clarke County|021|Clarke County|    21-632 Triple J Rd| 223101|0|0|2.42|    21-636 Westwood Rd| 223117|0|0|5.12|    01/01/2022|1096|G|99|0|0|0|0|0|C|.12|6 |.61|1095|G||||||||||||||
401913|0|R-VA021SC00657EB||||R-VA021SC00657EB|21-657|Senseny Rd|021|Clarke County|021|Clarke County|    21-636 Westwood Rd| 223117|0|0|5.12|    US 340 Lord Fairfax Hwy| 223145|0|0|6.32|    01/01/2022|1101|G|97|1|1|0|1|0|C|.115|6 |.56|1100|G||||||||||||||
401914|0|R-VA021SC00658EB||||R-VA021SC00658EB|21-658|Sugar Hill Rd|021|Clarke County|021|Clarke County|    Warren County Line| 825009|0|0|0|    21-644 S, Stone Bridge Rd| 223245|0|0|.49|    01/01/2022|453|G|97|0|1|0|0|0|C|.119|6 |.54|451|G||||||||||||||
401915|0|R-VA021SC00658EB||||R-VA021SC00658EB|21-658|Sugar Hill Rd|021|Clarke County|021|Clarke County|    21-644 S, Stone Bridge Rd| 223245|0|0|.49|    21-622 Bordens Spring Rd| 223082|0|0|.59|    01/01/2022|454|G|98|0|1|0|0|0|C|.126|6 |.57|452|G||||||||||||||
401916|0|R-VA021SC00658EB||||R-VA021SC00658EB|21-658|White Post Rd|021|Clarke County|021|Clarke County|    21-622 Bordens Spring Rd| 223082|0|0|.59|    21-627 Carters Line Rd| 223092|0|0|2.99|    01/01/2022|580|G|98|0|1|0|0|0|C|.111|6 |.51|576|G||||||||||||||
401917|0|R-VA021SC00658EB||||R-VA021SC00658EB|21-658|White Post Rd|021|Clarke County|021|Clarke County|    21-627 Carters Line Rd| 223092|0|0|2.99|    21-628 Berry Ferry Rd| 223094|0|0|3.39|    01/01/2022|842|G|97|0|1|1|0|0|C|.102|6 |.55|837|G||||||||||||||
401918|0|R-VA021SC00658EB||||R-VA021SC00658EB|21-658|White Post Rd|021|Clarke County|021|Clarke County|    21-628 Berry Ferry Rd| 223094|0|0|3.39|    US 340 Lord Fairfax Hwy| 223146|0|0|3.64|    01/01/2022|761|G|96|1|2|1|1|0|C|.093|6 |.54|756|G||||||||||||||
719595|0|R-VA021SC00659EB||||R-VA021SC00659EB|21-659| |021|Clarke County|021|Clarke County|    21-660 Russell Rd| 223148|0|0|0|    21-656 Longmarsh Rd| 223143|0|0|1.4|    07/17/2018|142|R|||||||X||24|||X||||||||||||||
719596|0|R-VA021SC00659EB||||R-VA021SC00659EB|21-659| |021|Clarke County|021|Clarke County|    21-656 Longmarsh Rd| 223143|0|0|1.4|    21-761 Old Charles Town Rd| 223147|0|0|2.4|    07/17/2018|242|R|||||||X||24|||X||||||||||||||
719597|0|R-VA021SC00660NB||||R-VA021SC00660NB|21-660|Russell Rd|021|Clarke County|021|Clarke County|    SR 7 Harry Flood Byrd Hwy| 223150|0|0|0|    21-674 Cather Rd| 223149|0|0|1.1|    01/01/2022|492|G|96|1|2|1|0|0|C|.105|6 |.53|492|G||||||||||||||
719598|0|R-VA021SC00660NB||||R-VA021SC00660NB|21-660|Russell Rd|021|Clarke County|021|Clarke County|    21-674 Cather Rd| 223149|0|0|1.1|    21-635 Pierce Rd| 223113|0|0|2.3|    07/17/2018|182|R|||||||X||24|||X||||||||||||||
719599|0|R-VA021SC00660NB||||R-VA021SC00660NB|21-660|Russell Rd|021|Clarke County|021|Clarke County|    21-635 Pierce Rd| 223113|0|0|2.3|    21-659 Fishpaw Rd| 223148|0|0|2.332|    07/17/2018|191|R|||||||X||24|||X||||||||||||||
719600|0|R-VA021SC00660NB||||R-VA021SC00660NB|21-660|Russell Rd|021|Clarke County|021|Clarke County|    21-659 Fishpaw Rd| 223148|0|0|2.332|    21-645 Wrights Mill Rd| 223134|0|0|2.691|    04/06/2015|139|R|||||||X||24|||X||||||||||||||
719601|0|R-VA021SC00660NB||||R-VA021SC00660NB|21-660|Wrights Mill Rd|021|Clarke County|021|Clarke County|    21-645; Russell Rd| 223134|0|0|2.691|    Opequan Creek, Dead End| 739074|0|0|3.21|    07/17/2018|56|T|||||||X||24|||X||||||||||||||
719602|0|R-VA021SC00661NB||||R-VA021SC00661NB|21-661|Wadesville Rd|021|Clarke County|021|Clarke County|    21-761 Old Charles Town Rd| 223152|0|0|0|    21-672 Swimley Rd| 223151|0|0|1.8|    04/14/2021|272|R|||||||X||24|||X||||||||||||||
719603|0|R-VA021SC00662NB||||R-VA021SC00662NB|21-662|Tannery Lane|021|Clarke County|021|Clarke County|    Dead End| 223154|0|0|0|    SR 255 Bishop Meade Rd| 223153|0|0|.07|    08/28/2018|50|T|||||||X||24|||X||||||||||||||
719604|0|R-VA021SC00663NB||||R-VA021SC00663NB|21-663|Auburn Rd|021|Clarke County|021|Clarke County|    21-603 Castleman Rd| 223011|0|0|0|    21-608| 223023|0|0|1|    07/26/2018|39|R|||||||X||24|||X||||||||||||||
719605|0|R-VA021SC00664EB||||R-VA021SC00664EB|21-664|Neil Rd|021|Clarke County|021|Clarke County|    Frederick County Line| 825011|0|0|0|    Jurisdiction Boundary: 021 Clarke County| 223133|0|0|.3|    07/17/2018|14|R|||||||X||24|||X||||||||||||||
719606|0|R-VA021SC00665NB||||R-VA021SC00665NB|21-665|Trenary Lane|021|Clarke County|021|Clarke County|    US 50 Millwood Pike| 223155|0|0|0|    0.03 MN US 50| 223155|0|.03|.03|    04/13/2021|163|R|||||||X||24|||X||||||||||||||
719607|0|R-VA021SC00665NB||||R-VA021SC00665NB|21-665|Trenary Lane|021|Clarke County|021|Clarke County|    0.03 MN US 50| 223155|0|.03|.03|    Dead End| 223157|0|0|.2|    04/13/2021|10|T|||||||X||24|||X||||||||||||||
719608|0|R-VA021SC00666NB||||R-VA021SC00666NB|21-666|Virginia Ave|172|Town of Boyce|021|Clarke County|    21-617 Old Chapel Ave| 223067|0|0|0|    NCL Boyce| 223158|0|0|.22|    08/28/2018|91|R|||||||X||24|||X||||||||||||||
719609|0|R-VA021SC00667EB||||R-VA021SC00667EB|21-667|Old Waterloo Rd|021|Clarke County|021|Clarke County|    US 340 W, Lord Fairfax Hwy| 223159|0|0|0|    US 340 MID| 223160|0|0|.31|    08/28/2018|55|R|||||||X||24|||X||||||||||||||
719610|0|R-VA021SC00667EB||||R-VA021SC00667EB|21-667|Old Waterloo Rd|021|Clarke County|021|Clarke County|    US 340 MID| 223160|0|0|.31|    US 340 E, Lord Fairfax Hwy| 223161|0|0|.81|    08/28/2018|59|R|||||||X||24|||X||||||||||||||
719611|0|R-VA021SC00668EB||||R-VA021SC00668EB|21-668|Old Waterloo Rd|021|Clarke County|021|Clarke County|    US 340 WEST; 21-667| 223161|0|0|0|    US 340 E, Lord Fairfax Hwy| 223162|0|0|.31|    08/28/2018|28|R|||||||X||24|||X||||||||||||||
719612|0|R-VA021SC00669NB||||R-VA021SC00669NB|21-669|Highland Corners Rd|021|Clarke County|021|Clarke County|    US 340 Lord Fairfax Hwy| 223164|0|0|0|    21-670 Double Tollgate Rd| 223163|0|0|.06|    09/18/2018|100|R|||||||X||24|||X||||||||||||||
719613|0|R-VA021SC00669NB||||R-VA021SC00669NB|21-669|Highland Corners Rd|021|Clarke County|021|Clarke County|    21-670 Double Tollgate Rd| 223163|0|0|.06|    US 522 Front Royal Pike| 825012|0|0|.24|    04/13/2021|101|R|||||||X||24|||X||||||||||||||
719614|0|R-VA021SC00670EB||||R-VA021SC00670EB|21-670|Double Tollgate Rd|021|Clarke County|021|Clarke County|    21-669 Highland Corners Rd| 223163|0|0|0|    US 340 Lord Fairfax Hwy| 223165|0|0|.26|    09/18/2018|123|R|||||||X||24|||X||||||||||||||
719617|0|R-VA021SC00672NB||||R-VA021SC00672NB|21-672|Swimley Rd|021|Clarke County|021|Clarke County|    21-761 Old Charles Town Rd| 223168|0|0|0|    21-661 Wadesville Rd| 223151|0|0|2.98|    01/01/2022|610|G|97|1|1|1|1|0|C|.13|6 |.63|609|G||||||||||||||
719620|0|R-VA021SC00674NB||||R-VA021SC00674NB|21-674|Cather Rd|021|Clarke County|021|Clarke County|    21-660 Russell Rd| 223149|0|0|0|    21-656 Longmarsh Rd| 223144|0|0|.8|    04/14/2021|197|R|||||||X||24|||X||||||||||||||
719621|0|R-VA021SC00675NB||||R-VA021SC00675NB|21-675|Garden Rd|021|Clarke County|021|Clarke County|    21-632 E, Crums Church Rd| 223103|0|0|0|    21-632 MID| 223241|0|0|.28|    07/17/2018|42|R|||||||X||24|||X||||||||||||||
719622|0|R-VA021SC00675NB||||R-VA021SC00675NB|21-675|Garden Rd|021|Clarke County|021|Clarke County|    21-632 MID| 223241|0|0|.28|    21-632 N, Crums Church Rd| 223261|0|0|.59|    04/06/2015|45|R|||||||X||24|||X||||||||||||||
719623|0|R-VA021SC00676NB||||R-VA021SC00676NB|21-676|Donn Lane|021|Clarke County|021|Clarke County|    21-677 Clarke Lane| 223169|0|0|0|    21-615 Boom Rd| 223048|0|0|.09|    04/20/2021|113|R|||||||X||24|||X||||||||||||||
719624|0|R-VA021SC00677NB||||R-VA021SC00677NB|21-677|Clarke Lane|021|Clarke County|021|Clarke County|    21-676 Donn Lane| 223169|0|0|0|    Dead End| 223249|0|0|.2|    04/20/2021|105|R|||||||X||24|||X||||||||||||||
719625|0|R-VA021SC00678NB||||R-VA021SC00678NB|21-678|Rocky Bank Lane|021|Clarke County|021|Clarke County|    Dead End| 223171|0|0|0|    SR 255 Bishop Meade Rd| 223170|0|0|.13|    08/28/2018|56|T|||||||X||24|||X||||||||||||||
719626|0|R-VA021SC00679EB||||R-VA021SC00679EB|21-679|Pine Grove Rd|021|Clarke County|021|Clarke County|    SR 7 W, Harry Flood Byrd Hwy| 223173|0|0|0|    21-604| 223016|0|0|.8|    04/20/2021|352|R|||||||X||24|||X||||||||||||||
719627|0|R-VA021SC00679EB||||R-VA021SC00679EB|21-679|Pine Grove Rd|021|Clarke County|021|Clarke County|    21-604| 223016|0|0|.8|    SR 7 E, Harry Flood Byrd Hwy| 223172|0|0|1.55|    07/26/2018|289|R|||||||X||24|||X||||||||||||||
719628|0|R-VA021SC00680NB||||R-VA021SC00680NB|21-680|Smallwood Lane|021|Clarke County|021|Clarke County|    Dead End| 223175|0|0|0|    0.34 MW Dead End| 223175|0|.34|.34|    07/17/2018|42|T|||||||X||24|||X||||||||||||||
719629|0|R-VA021SC00680NB||||R-VA021SC00680NB|21-680|Smallwood Lane|021|Clarke County|021|Clarke County|    0.34 MW Dead End| 223175|0|.34|.34|    US 340 Lord Fairfax Hwy| 223174|0|0|.5|    08/21/2018|138|R|||||||X||24|||X||||||||||||||
782300|0|R-VA021SC00690NB||||R-VA021SC00690NB|21-690|Manor Rd|021|Clarke County|021|Clarke County|    Dead End| 723745|0|0|0|    21-638 Howellsville Rd| 710759|0|0|.57|    08/28/2018|790|R|||||||X||24|||X||||||||||||||
401919|0|R-VA021SC00723NB||||R-VA021SC00723NB|21-723|Millwood Rd|021|Clarke County|021|Clarke County|    US 50 John S Mosby Hwy| 223180|0|0|0|    SR 255 S, Bishop Meade Rd| 223170|0|0|2.16|    01/01/2022|1026|G|98|1|0|0|0|0|C|.114|6 |.74|1021|G||||||||||||||
401920|0|R-VA021SC00723NB||||R-VA021SC00723NB|21-723|Millwood Rd|021|Clarke County|021|Clarke County|    SR 255 N, Bishop Meade Rd| 223179|0|0|2.35|    SCL Boyce| 223178|0|0|4.08|    01/01/2022|726|G|98|1|0|0|0|0|C|.121|6 |.62|721|G||||||||||||||
401921|0|R-VA021SC00723NB||||R-VA021SC00723NB|21-723|E Main St|172|Town of Boyce|021|Clarke County|    SCL Boyce| 223178|0|0|4.08|    US 340 Lord Fairfax Hwy| 223177|0|0|4.37|    01/01/2022|1240|G|95|2|1|0|0|0|C|.181|6 |.59|1231|G||||||||||||||
401922|0|R-VA021SC00723NB||||R-VA021SC00723NB|21-723|W Main St|172|Town of Boyce|021|Clarke County|    US 340 Greenway Ave| 223177|0|0|4.37|    NCL Boyce| 223176|0|0|4.84|    01/01/2022|1248|G|97|1|1|0|0|0|C|.118|6 |.62|1240|G||||||||||||||
401923|0|R-VA021SC00723NB||||R-VA021SC00723NB|21-723|Old Winchester Rd|021|Clarke County|021|Clarke County|    NCL Boyce| 223176|0|0|4.84|    21-655 W, Salem Church Rd| 223246|0|0|6.84|    01/01/2022|1132|G|98|0|1|0|0|0|C|.124|6 |.6|1124|G||||||||||||||
401924|0|R-VA021SC00723NB||||R-VA021SC00723NB|21-723|Old Winchester Rd|021|Clarke County|021|Clarke County|    21-655 W, Salem Church Rd| 223246|0|0|6.84|    Frederick County Line| 825014|0|0|7.41|    01/01/2022|882|G|98|0|1|0|0|0|C|.104|6 |.61|876|G||||||||||||||
796931|0|R-VA021SC00750NB||||R-VA021SC00750NB|21-750| |021|Clarke County|021|Clarke County|    Dead End| 751303|0|0|0|    US 50 Millwood Pike|1093633|0|0|.55|    08/28/2018|257|R|||||||X||24|||X||||||||||||||
401925|0|R-VA021SC00761NB||||R-VA021SC00761NB|21-761|Old Charles Town Rd|021|Clarke County|021|Clarke County|    Frederick County Line| 825015|0|0|0|    21-632 Crums Church Rd| 223108|0|0|3|    01/01/2022|1421|G|96|0|1|0|1|0|C|.121|6 |.51|1416|G||||||||||||||
401926|0|R-VA021SC00761NB||||R-VA021SC00761NB|21-761|Old Charles Town Rd|021|Clarke County|021|Clarke County|    21-632 Crums Church Rd| 223108|0|0|3|    West Virginia State Line| 223181|0|0|4.33|    01/01/2022|944|G|96|1|2|0|1|0|C|.109|6 |.57|943|G||||||||||||||
719675|0|R-VA021SC01019NB||||R-VA021SC01019NB|21-1019|Al Smith Circle|021|Clarke County|021|Clarke County|    Dead End| 223217|0|0|0|    Bus SR 7| 223216|0|0|.47|    07/26/2018|1307|R|||||||X||24|||X||||||||||||||
786160|0|R-VA021SC01070NB||||R-VA021SC01070NB|21-1070|Vista Lane|021|Clarke County|021|Clarke County|    Dead End| 732462|0|0|0|    US 340 Lord Fairfax Hwy| 732461|0|0|.33|    07/23/2015|134|R|||||||X||24|||X||||||||||||||
796936|0|R-VA021SC01434EB||||R-VA021SC01434EB|21-1434| |021|Clarke County|021|Clarke County|    US 522 Stonewall Jackson Hwy| 751714|0|0|0|    Clarke County Line; 34-1434| 751715|0|0|.04|    09/18/2018|3219|R|||||||X||24|||X||||||||||||||
719687|0|R-VA021SC09103NB||||R-VA021SC09103NB|21-9103| |021|Clarke County|021|Clarke County|    21-636 Westwood Rd| 223224|0|0|0|    D G Cooley Elem School| 223223|0|0|.08|    04/13/2015|297|R|||||||X||24|||X||||||||||||||
719690|0|R-VA021SC09106NB||||R-VA021SC09106NB|21-9106| |021|Clarke County|021|Clarke County|    21-636 Westwood Rd| 223230|0|0|0|    Clarke Cty High Sch| 223229|0|0|.17|    04/13/2012|337|R|||||||X||24|||X||||||||||||||
719691|0|R-VA021SC09582NB||||R-VA021SC09582NB|21-9582| |172|Town of Boyce|021|Clarke County|    21-723, W Main St| 223232|0|0|0|    Boyce School| 223231|0|0|.09|    04/08/2012|364|R|||||||X||24|||X||||||||||||||
719683|0|S-VA168PR ACADEMY CT||||S-VA168PR ACADEMY CT|Academy Ct|Academy Court|168|Town of Berryville|168|Town of Berryville|    21-1001 Academy St| 223183|0|0|0|    Cul-de-Sac| 223222|0|0|.05|    05/03/2012|60|R|||||||X||24|||X||||||||||||||
719633|0|S-VA168PR ACADEMY ST||||S-VA168PR ACADEMY ST|Academy St|Academy St|168|Town of Berryville|168|Town of Berryville|    21-616, N Church St| 223053|0|0|0|    US 340 S, N Buckmarsh St| 223253|0|0|.08|    04/09/2009|2204|R|||||||X||24|||X||||||||||||||
719634|0|S-VA168PR ACADEMY ST||||S-VA168PR ACADEMY ST|Academy St|Academy St|168|Town of Berryville|168|Town of Berryville|    US 340 N, N Buckmarsh St| 223185|0|0|.08|    21-1004 Rice St| 223184|0|0|.206|    05/03/2012|297|R|||||||X||24|||X||||||||||||||
719635|0|S-VA168PR ACADEMY ST||||S-VA168PR ACADEMY ST|Academy St|Academy St|168|Town of Berryville|168|Town of Berryville|    21-1004 Rice St| 223184|0|0|.206|    21-1025 Academy Court| 223183|0|0|.26|    04/14/2009|182|R|||||||X||24|||X||||||||||||||
719636|0|S-VA168PR ACADEMY ST||||S-VA168PR ACADEMY ST|Academy St|Academy St|168|Town of Berryville|168|Town of Berryville|    21-1025 Academy Court| 223183|0|0|.26|    21-1003| 223182|0|0|.32|    05/03/2012|166|R|||||||X||24|||X||||||||||||||
786158|0|S-VA168PR ARCHER CT||||S-VA168PR ARCHER CT|Archer Ct|Archer Court|168|Town of Berryville|168|Town of Berryville|    21-1035 Mosby Blvd| 732570|0|0|0|    Cul-de-Sac| 732573|0|0|.09|    07/23/2015|126|R|||||||X||24|||X||||||||||||||
786157|0|S-VA168PR ASHBY CT||||S-VA168PR ASHBY CT|Ashby Ct|Ashby Court|168|Town of Berryville|168|Town of Berryville|    21-1035 Mosby Blvd| 732571|0|0|0|    Cul-de-Sac| 732613|0|0|.09|    07/23/2015|126|R|||||||X||24|||X||||||||||||||
719616|0|S-VA168PR BATTLETOWN DR||||S-VA168PR BATTLETOWN DR|Battletown Dr||168|Town of Berryville|168|Town of Berryville|    Bus SR 7| 223166|0|0|0|    21-1020 Bel Voi Dr| 223167|0|0|.076|    04/25/2012|456|R|||||||X||24|||X||||||||||||||
719615|0|S-VA168PR BATTLETOWN DR||||S-VA168PR BATTLETOWN DR|Battletown Dr||168|Town of Berryville|168|Town of Berryville|    21-1020 Bel Voi Dr| 223167|0|0|.076|    Dead End| 223247|0|0|.45|    04/25/2012|233|R|||||||X||24|||X||||||||||||||
719676|0|S-VA168PR BEL VOI DR||||S-VA168PR BEL VOI DR|Bel Voi Dr|Bel Voi Dr|168|Town of Berryville|168|Town of Berryville|    21-671 Battletown Dr| 223167|0|0|0|    Dead End| 223259|0|0|.15|    05/03/2012|193|R|||||||X||24|||X||||||||||||||
796932|0|S-VA168PR BLOSSOM DR||||S-VA168PR BLOSSOM DR|Blossom Dr| |168|Town of Berryville|168|Town of Berryville|    21-1026, East Fairfax St| 751678|0|0|0|    Cul-de-Sac| 751681|0|0|.2|    05/02/2012|310|R|||||||X||24|||X||||||||||||||
719619|0|S-VA168PR BLUE RIDGE ST||||S-VA168PR BLUE RIDGE ST|Blue Ridge St|Blue Ridge St|168|Town of Berryville|168|Town of Berryville|    21-700 Jack Enders Blvd| 223039|0|0|0|    Dead End| 223248|0|0|.11|    07/17/2018|63|T|||||||X||24|||X||||||||||||||
786156|0|S-VA168PR BRECKINRIDGE CT||||S-VA168PR BRECKINRIDGE CT|Breckinridge Ct|Breckinridge Court|168|Town of Berryville|168|Town of Berryville|    21-1035 Mosby Blvd| 732611|0|0|0|    Cul-de-Sac| 732612|0|0|.09|    07/23/2015|126|R|||||||X||24|||X||||||||||||||
719688|0|S-VA168PR BUS LOOP||||S-VA168PR BUS LOOP|Bus Loop| |168|Town of Berryville|168|Town of Berryville|    Berryville High School| 223225|0|0|0|    SR 7| 223226|0|0|.06|    04/13/2015|111|R|||||||X||24|||X||||||||||||||
719663|0|S-VA168PR BYRD AVE||||S-VA168PR BYRD AVE|Byrd Ave|Byrd Ave|168|Town of Berryville|168|Town of Berryville|    21-616, S Church St| 223057|0|0|0|    Dead End| 710761|0|0|.16|    04/09/2009|203|R|||||||X||24|||X||||||||||||||
201627|0|S-VA168PR CAMERON ST||||S-VA168PR CAMERON ST|Cameron St|Cameron St|168|Town of Berryville|168|Town of Berryville|    Ritter Pl| 223218|0|0|0|    Page St| 223209|0|0|.07|    ||X||||||||||||||||||||||||||
719677|0|S-VA168PR CAMERON ST||||S-VA168PR CAMERON ST|Cameron St|Cameron St|168|Town of Berryville|168|Town of Berryville|    Dead End| 223209|0|0|.07|    21-1014 Page St| 223283|0|0|.172|    04/09/2009|302|R|||||||X||24|||X||||||||||||||
719652|0|S-VA168PR CHALMERS CT||||S-VA168PR CHALMERS CT|Chalmers Ct|Chalmers Court|168|Town of Berryville|168|Town of Berryville|    Bus SR 7| 223197|0|0|0|    Dead End| 223198|0|0|.16|    04/09/2009|1427|R|||||||X||24|||X||||||||||||||
719674|0|S-VA168PR CIRCLE DR||||S-VA168PR CIRCLE DR|Circle Dr|Circle Dr|168|Town of Berryville|168|Town of Berryville|    21-1017 Ridge Rd| 223214|0|0|0|    Cul-de-Sac| 223215|0|0|.05|    05/03/2012|70|R|||||||X||24|||X||||||||||||||
796933|0|S-VA168PR COBBLER DR||||S-VA168PR COBBLER DR|Cobbler Dr| |168|Town of Berryville|168|Town of Berryville|    21-1026, East Fairfax St| 727455|0|0|0|    Cul-de-Sac| 751683|0|0|.23|    05/02/2012|233|R|||||||X||24|||X||||||||||||||
788390|0|S-VA168PR CRAIGS RUN CT||||S-VA168PR CRAIGS RUN CT|Craigs Run Ct|Craigs Run Circle|168|Town of Berryville|168|Town of Berryville|    21-1028 Dunlap Dr| 734911|0|0|0|    Cul-de-Sac| 734913|0|0|.12|    05/02/2012|100|R|||||||X||24|||X||||||||||||||
719662|0|S-VA168PR CROW ST||||S-VA168PR CROW ST|Crow St|Crow St|168|Town of Berryville|168|Town of Berryville|    US 340, S Buckmarsh St| 223206|0|0|0|    21-616, S Church St| 223055|0|0|.08|    04/09/2009|1304|R|||||||X||24|||X||||||||||||||
719656|0|S-VA168PR CROWN ST||||S-VA168PR CROWN ST|Crown St|Crown St|168|Town of Berryville|168|Town of Berryville|    21-1002 Treadwell St| 223189|0|0|0|    21-1010 Walnut St| 223201|0|0|.08|    05/03/2012|49|R|||||||X||24|||X||||||||||||||
795615|0|S-VA168PR CUSTER CT||||S-VA168PR CUSTER CT|Custer Ct| |168|Town of Berryville|168|Town of Berryville|    21-1035 Mosby Blvd| 749025|0|0|0|    Cul-de-Sac| 749029|0|0|.14|    04/25/2012|95|R|||||||X||24|||X||||||||||||||
719682|0|S-VA168PR DORSEY ST||||S-VA168PR DORSEY ST|Dorsey St|Dorsey St|168|Town of Berryville|168|Town of Berryville|    Bus SR 7| 223221|0|0|0|    21-1010 Walnut St| 223203|0|0|.2|    04/14/2009|404|R|||||||X||24|||X||||||||||||||
786155|0|S-VA168PR DUNLAP DR||||S-VA168PR DUNLAP DR|Dunlap Dr|Dunlap Dr|168|Town of Berryville|168|Town of Berryville|    Dead End| 732657|0|0|0|    21-1027 Henderson Court|1274368|0|0|.34|    04/09/2009|184|R|||||||X||24|||X||||||||||||||
795616|0|S-VA168PR EARLY DR||||S-VA168PR EARLY DR|Early Dr| |168|Town of Berryville|168|Town of Berryville|    Cul-de-Sac| 749025|0|0|0|    21-1035 Mosby Blvd| 749026|0|0|.14|    04/25/2012|130|R|||||||X||24|||X||||||||||||||
788391|0|S-VA168PR EDGAR CT||||S-VA168PR EDGAR CT|Edgar Ct||168|Town of Berryville|168|Town of Berryville|    21-1035 Mosby Blvd| 736358|0|0|0|    Dead End| 736359|0|0|.05|    04/24/2012|60|R|||||||X||24|||X||||||||||||||
787752|0|S-VA168PR EWELL CT||||S-VA168PR EWELL CT|Ewell Ct|Ewell Court|168|Town of Berryville|168|Town of Berryville|    21-1041 Jackson Dr| 734260|0|0|0|    Cul-de-Sac| 734261|0|0|.11|    04/24/2012|110|R|||||||X||24|||X||||||||||||||
783766|0|S-VA168PR FAIRFAX ST E||||S-VA168PR FAIRFAX ST E|Fairfax St E|East Fairfax St|168|Town of Berryville|168|Town of Berryville|    21-1014 Page St| 223258|0|0|.046|    21-615 Boom Rd| 751679|0|0|.22|    04/13/2015|390|R|||||||X||24|||X||||||||||||||
719669|0|S-VA168PR FAIRFAX ST W||||S-VA168PR FAIRFAX ST W|Fairfax St W|West Fairfax St|168|Town of Berryville|168|Town of Berryville|    21-1016 Rockcroft Dr| 223212|0|0|0|    21-1017 Ridge Rd| 223211|0|0|.07|    05/03/2012|288|R|||||||X||24|||X||||||||||||||
719670|0|S-VA168PR FAIRFAX ST W||||S-VA168PR FAIRFAX ST W|Fairfax St W|West Fairfax St|168|Town of Berryville|168|Town of Berryville|    21-1017 Ridge Rd| 223211|0|0|.07|    US 340, N Buckmarsh St| 223210|0|0|.15|    04/09/2009|319|R|||||||X||24|||X||||||||||||||
401898|0|S-VA168PR FIRST ST||||S-VA168PR FIRST ST|First St|1st St|021|Clarke County|021|Clarke County|    NCL Berryville| 703442|0|0|.56|    21-1005 Liberty St| 700600|0|0|.63|    01/01/2022|912|G|91|1|1|2|1|0|C|.094|6 |.58|911|G||||||||||||||
795614|0|S-VA168PR FREMONT CT||||S-VA168PR FREMONT CT|Fremont Ct| |168|Town of Berryville|168|Town of Berryville|    21-1035 Mosby Blvd| 736358|0|0|0|    Cul-de-Sac| 749032|0|0|.14|    04/25/2012|138|R|||||||X||24|||X||||||||||||||
795613|0|S-VA168PR HANCOCK CT||||S-VA168PR HANCOCK CT|Hancock Ct| |168|Town of Berryville|168|Town of Berryville|    21-1035; 21-1041| 734250|0|0|0|    Cul-de-Sac| 749031|0|0|.14|    04/25/2012|142|R|||||||X||24|||X||||||||||||||
792372|0|S-VA168PR HARRIMAN CT||||S-VA168PR HARRIMAN CT|Harriman Ct| |168|Town of Berryville|168|Town of Berryville|    21-1029 Hermitage Blvd| 742523|0|0|0|    Cul-de-Sac| 742526|0|0|.05|    05/01/2012|60|R|||||||X||24|||X||||||||||||||
786154|0|S-VA168PR HENDERSON CT||||S-VA168PR HENDERSON CT|Henderson Ct|Henderson Court|168|Town of Berryville|168|Town of Berryville|    21-1006 Taylor St| 732655|0|0|0|    Cul-de-Sac| 732656|0|0|.21|    04/09/2009|190|R|||||||X||24|||X||||||||||||||
788389|0|S-VA168PR HERMITAGE BLVD||||S-VA168PR HERMITAGE BLVD|Hermitage Blvd|Hermitage Blvd|168|Town of Berryville|168|Town of Berryville|    SR 7| 742524|0|0|0|    US 340 Lord Fairfax Hwy| 734920|0|0|.956|    01/01/2022|1056|G|96|0|1|0|0|0|C|.114|6 |.59|1056|G||||||||||||||
798815|0|S-VA168PR HERMITAGE BLVD||||S-VA168PR HERMITAGE BLVD|Hermitage Blvd|Hermitage Blvd|168|Town of Berryville|168|Town of Berryville|    US 340 Lord Fairfax Hwy| 734920|0|0|.956|    21-616, S Church St| 754230|0|0|1.05|    04/25/2012|426|R|||||||X||24|||X||||||||||||||
795611|0|S-VA168PR ISAAC CT||||S-VA168PR ISAAC CT|Isaac Ct| |168|Town of Berryville|168|Town of Berryville|    21-1031 Tyson Dr| 749104|0|0|0|    Cul-de-Sac| 749111|0|0|.09|    05/02/2012|148|R|||||||X||24|||X||||||||||||||
401897|0|S-VA168PR JACK ENDERS BLVD||||S-VA168PR JACK ENDERS BLVD|Jack Enders Blvd|Jack Enders Blvd|168|Town of Berryville|168|Town of Berryville|    Bus SR 7| 223038|0|0|0|    21-673 Blue Ridge St| 223039|0|0|.161|    01/01/2022|2724|G|97|0|2|0|0|0|F|.108|6 |.53|2720|G||||||||||||||
406727|0|S-VA168PR JACK ENDERS BLVD||||S-VA168PR JACK ENDERS BLVD|Jack Enders Blvd|Jack Enders Blvd|168|Town of Berryville|168|Town of Berryville|    21-673 Blue Ridge St| 223039|0|0|.161|    |1004488|0|0|1.13|    01/01/2022|772|G|88|1|5|2|4|0|C|.13|6 |.61|772|G||||||||||||||
787751|0|S-VA168PR JACKSON DR||||S-VA168PR JACKSON DR|Jackson Dr|Jackson Dr|168|Town of Berryville|168|Town of Berryville|    Bus SR 7| 734249|0|0|0|    21-1035 Mosby Blvd| 734250|0|0|.33|    01/01/2022|620|G|98|1|0|0|0|0|C|.161|6 |.59|619|G||||||||||||||
719504|0|S-VA168PR JOSEPHINE ST||||S-VA168PR JOSEPHINE ST|Josephine St|Josephine St|168|Town of Berryville|168|Town of Berryville|    21-616, S Church St| 223043|0|0|0|    Dead End| 223044|0|0|.48|    07/23/2015|764|R|||||||X||24|||X||||||||||||||
719649|0|S-VA168PR LIBERTY ST||||S-VA168PR LIBERTY ST|Liberty St|Liberty St|168|Town of Berryville|168|Town of Berryville|    21-616, N Church St| 223052|0|0|0|    21-1014 S, Page St| 223194|0|0|.174|    01/01/2022|1006|G|98|0|0|0|0|0|C|.102|6 |.55|1005|G||||||||||||||
719647|0|S-VA168PR LIBERTY ST||||S-VA168PR LIBERTY ST|Liberty St|Liberty St|168|Town of Berryville|168|Town of Berryville|    21-1014 S, Page St| 223194|0|0|.174|    21-615 First St, Boom Rd| 223046|0|0|.37|    01/01/2022|501|G|97|1|1|0|0|0|C|.113|6 |.52|500|G||||||||||||||
719641|0|S-VA168PR LINCOLN AVE||||S-VA168PR LINCOLN AVE|Lincoln Ave| |168|Town of Berryville|168|Town of Berryville|    Bus SR 7| 223190|0|0|0|    21-1031| 742521|0|0|.22|    04/14/2009|499|R|||||||X||24|||X||||||||||||||
795612|0|S-VA168PR LINDSAY CT||||S-VA168PR LINDSAY CT|Lindsay Ct| |168|Town of Berryville|168|Town of Berryville|    21-1031 Tyson Dr| 749105|0|0|0|    Cul-de-Sac| 749112|0|0|.12|    05/02/2012|102|R|||||||X||24|||X||||||||||||||
798266|0|S-VA168PR LITTEN CT||||S-VA168PR LITTEN CT|Litten Ct||168|Town of Berryville|168|Town of Berryville|    21-616, S Church St| 754229|0|0|0|    Cul-de-Sac| 754234|0|0|.03|    05/03/2012|70|R|||||||X||24|||X||||||||||||||
795618|0|S-VA168PR MADDEN ST||||S-VA168PR MADDEN ST|Madden St| |168|Town of Berryville|168|Town of Berryville|    21-1029 Hermitage Blvd| 749107|0|0|0|    21-1031 Tyson Dr| 749106|0|0|.18|    05/02/2012|137|R|||||||X||24|||X||||||||||||||
795619|0|S-VA168PR MONTGOMERY CT||||S-VA168PR MONTGOMERY CT|Montgomery Ct| |168|Town of Berryville|168|Town of Berryville|    21-1031 Tyson Dr| 749108|0|0|0|    Cul-de-Sac| 749110|0|0|.13|    05/02/2012|117|R|||||||X||24|||X||||||||||||||
719681|0|S-VA168PR MOORE DR||||S-VA168PR MOORE DR|Moore Dr|Moore Dr|168|Town of Berryville|168|Town of Berryville|    21-1022 Ritter Pl| 223219|0|0|0|    21-1014 Page St| 223208|0|0|.04|    04/13/2015|174|R|||||||X||24|||X||||||||||||||
719680|0|S-VA168PR MOORE DR||||S-VA168PR MOORE DR|Moore Dr|Moore Dr|168|Town of Berryville|168|Town of Berryville|    21-1014 Page St| 223208|0|0|.04|    Cul-de-Sac| 223220|0|0|.1|    04/09/2009|197|R|||||||X||24|||X||||||||||||||
719685|0|S-VA168PR MOSBY BLVD||||S-VA168PR MOSBY BLVD|Mosby Blvd|Mosby Blvd|168|Town of Berryville|168|Town of Berryville|    21-1041 Jackson Dr; 21-1044| 718058|0|0|0|    US 340, N Buckmarsh St| 734250|0|0|.47|    01/01/2022|1993|G|98|1|0|0|0|0|C|.126|6 |.56|1991|G||||||||||||||
719684|0|S-VA168PR MOSBY BLVD||||S-VA168PR MOSBY BLVD|Mosby Blvd|Mosby Blvd|168|Town of Berryville|168|Town of Berryville|    Cul-de-Sac| 734250|0|0|.47|    21-1041 Jackson Dr; 21-1044| 223116|0|0|1.13|    01/01/2022|1283|G|99|0|0|1|0|0|C|.109|6 |.64|1283|G||||||||||||||
719630|0|S-VA168PR OSBORNE ST||||S-VA168PR OSBORNE ST|Osborne St|Osborne St|168|Town of Berryville|168|Town of Berryville|    21-616, N Church St| 223050|0|0|0|    Dead End| 223250|0|0|.07|    07/17/2018|49|T|||||||X||24|||X||||||||||||||
719665|0|S-VA168PR PAGE ST||||S-VA168PR PAGE ST|Page St|Page St|168|Town of Berryville|168|Town of Berryville|    Dead End| 223284|0|0|0|    21-1005 S, Liberty St| 223255|0|0|.11|    04/09/2009|457|R|||||||X||24|||X||||||||||||||
719666|0|S-VA168PR PAGE ST||||S-VA168PR PAGE ST|Page St|Page St|168|Town of Berryville|168|Town of Berryville|    21-1005 N, Liberty St| 223194|0|0|.11|    21-1021 Cameron St| 223209|0|0|.17|    04/09/2009|1667|R|||||||X||24|||X||||||||||||||
719667|0|S-VA168PR PAGE ST||||S-VA168PR PAGE ST|Page St|Page St|168|Town of Berryville|168|Town of Berryville|    21-1021 Cameron St| 223209|0|0|.17|    21-1023 Moore Dr| 223208|0|0|.21|    04/09/2009|1190|R|||||||X||24|||X||||||||||||||
719668|0|S-VA168PR PAGE ST||||S-VA168PR PAGE ST|Page St|Page St|168|Town of Berryville|168|Town of Berryville|    21-1023 Moore Dr| 223208|0|0|.21|    21-1026 East Fairfax St| 223258|0|0|.26|    04/09/2009|808|R|||||||X||24|||X||||||||||||||
797381|0|S-VA168PR PAGE ST||||S-VA168PR PAGE ST|Page St|Page St|168|Town of Berryville|168|Town of Berryville|    21-1026 East Fairfax St| 223258|0|0|.26|    Cul-de-Sac| 751677|0|0|.59|    05/02/2012|447|R|||||||X||24|||X||||||||||||||
795617|0|S-VA168PR PENDER CT||||S-VA168PR PENDER CT|Pender Ct| |168|Town of Berryville|168|Town of Berryville|    21-1047| 749028|0|0|0|    Cul-de-Sac| 749030|0|0|.1|    04/25/2012|68|R|||||||X||24|||X||||||||||||||
796935|0|S-VA168PR PETAL RD||||S-VA168PR PETAL RD|Petal Rd| |168|Town of Berryville|168|Town of Berryville|    21-1014 Page St| 751676|0|0|0|    Dead End| 751684|0|0|.03|    05/01/2012|0|R|||||||X||24|||X||||||||||||||
719686|0|S-VA168PR PICKETT CT||||S-VA168PR PICKETT CT|Pickett Ct|Pickett Court|168|Town of Berryville|168|Town of Berryville|    21-1035 Mosby Blvd| 718056|0|0|0|    Cul-de-Sac| 718055|0|0|.05|    04/24/2012|70|R|||||||X||24|||X||||||||||||||
719644|0|S-VA168PR RICE ST||||S-VA168PR RICE ST|Rice St|Rice St|168|Town of Berryville|168|Town of Berryville|    Bus SR 7| 223192|0|0|0|    21-1001 Academy St| 223184|0|0|.087|    05/03/2012|263|R|||||||X||24|||X||||||||||||||
719645|0|S-VA168PR RICE ST||||S-VA168PR RICE ST|Rice St|Rice St|168|Town of Berryville|168|Town of Berryville|    21-1001 Academy St| 223184|0|0|.087|    21-1002 Treadwell St| 223187|0|0|.165|    04/14/2009|208|R|||||||X||24|||X||||||||||||||
719646|0|S-VA168PR RICE ST||||S-VA168PR RICE ST|Rice St|Rice St|168|Town of Berryville|168|Town of Berryville|    21-1002 Treadwell St| 223187|0|0|.165|    21-1010 Walnut St| 223193|0|0|.28|    05/03/2012|116|R|||||||X||24|||X||||||||||||||
719672|0|S-VA168PR RIDGE RD||||S-VA168PR RIDGE RD|Ridge Rd|Ridge Rd|168|Town of Berryville|168|Town of Berryville|    21-1015 West Fairfax St| 223211|0|0|0|    21-1016 Rockcroft Dr| 223213|0|0|.053|    05/04/2012|125|R|||||||X||24|||X||||||||||||||
719673|0|S-VA168PR RIDGE RD||||S-VA168PR RIDGE RD|Ridge Rd|Ridge Rd|168|Town of Berryville|168|Town of Berryville|    21-1016 Rockcroft Dr| 223213|0|0|.053|    21-1018 Circle Dr| 223214|0|0|.09|    04/14/2009|54|R|||||||X||24|||X||||||||||||||
719679|0|S-VA168PR RITTER PL||||S-VA168PR RITTER PL|Ritter Pl|Ritter Pl|168|Town of Berryville|168|Town of Berryville|    21-1021 Cameron St| 223218|0|0|0|    21-1023 Moore Dr| 223219|0|0|.04|    04/13/2015|257|R|||||||X||24|||X||||||||||||||
719671|0|S-VA168PR ROCKCROFT DR||||S-VA168PR ROCKCROFT DR|Rockcroft Dr|Rockcroft Dr|168|Town of Berryville|168|Town of Berryville|    Ridge Rd| 223213|0|0|0|    Church St|1004345|0|0|.06|    05/04/2012|28|R|||||||X||24|||X||||||||||||||
719664|0|S-VA168PR ROSEMONT CIR||||S-VA168PR ROSEMONT CIR|Rosemont Cir|Rosemont Circle|168|Town of Berryville|168|Town of Berryville|    US 340, S Buckmarsh St| 223207|0|0|0|    21-1008 Swan Ave| 223200|0|0|.21|    04/09/2009|95|R|||||||X||24|||X||||||||||||||
401902|0|S-VA168PR S CHURCH ST||||S-VA168PR S CHURCH ST|S Church St|S Church St|168|Town of Berryville|168|Town of Berryville|    Bus SR 7 Main St| 223054|0|0|.06|    21-1011 Crow St| 223055|0|0|.11|    01/01/2021|2859|F|||||||X|.097|6 |.52||X||||||||||||||
401901|0|S-VA168PR S CHURCH ST||||S-VA168PR S CHURCH ST|S Church St||168|Town of Berryville|168|Town of Berryville|    21-1011 Crow St| 223055|0|0|.11|    SCL Berryville| 703443|0|0|.6|    01/01/2021|2056|F|||||||X|.102|6 |.6||X||||||||||||||
401900|0|S-VA168PR S CHURCH ST||||S-VA168PR S CHURCH ST|S Church St||168|Town of Berryville|168|Town of Berryville|    SCL Berryville| 703443|0|0|.6|    US 340 S, Lord Fairfax Hwy| 223060|0|0|.86|    01/01/2021|1606|F|||||||X|.105|6 |.9||X||||||||||||||
719642|0|S-VA168PR SMITH ST||||S-VA168PR SMITH ST|Smith St| |168|Town of Berryville|168|Town of Berryville|    Bus SR 7| 223190|0|0|0|    21-1001 Academy St| 223182|0|0|.082|    04/14/2009|209|R|||||||X||24|||X||||||||||||||
719643|0|S-VA168PR SMITH ST||||S-VA168PR SMITH ST|Smith St| |168|Town of Berryville|168|Town of Berryville|    21-1001 Academy St| 223182|0|0|.082|    21-1002 Treadwell St| 223188|0|0|.16|    04/14/2009|153|R|||||||X||24|||X||||||||||||||
401896|1|S-VA168PR SPRINGSBURY RD||||S-VA168PR SPRINGSBURY RD|Springsbury Rd|Springsbury Rd|168|Town of Berryville|168|Town of Berryville|    21-700 Jack Enders Blvd| 746907|0|0|0|    |1004475|0|0|.23|    01/01/2022|577|G|97|0|2|0|0|0|C|.117|6 |.62|576|G||||||||||||||
796934|0|S-VA168PR STAYMAN RD||||S-VA168PR STAYMAN RD|Stayman Rd| |168|Town of Berryville|168|Town of Berryville|    21-1014 Page St| 751675|0|0|0|    21-1055| 751680|0|0|.13|    05/02/2012|145|R|||||||X||24|||X||||||||||||||
786159|0|S-VA168PR STUART CT||||S-VA168PR STUART CT|Stuart Ct|Stuart Court|168|Town of Berryville|168|Town of Berryville|    21-1035 Mosby Blvd| 732569|0|0|0|    Cul-de-Sac| 732572|0|0|.08|    07/23/2015|105|R|||||||X||24|||X||||||||||||||
719655|0|S-VA168PR SWAN AVE||||S-VA168PR SWAN AVE|Swan Ave|Swan Ave|168|Town of Berryville|168|Town of Berryville|    21-616, S Church St| 223056|0|0|0|    US 340, S Buckmarsh St| 223199|0|0|.08|    04/09/2009|150|R|||||||X||24|||X||||||||||||||
719654|0|S-VA168PR SWAN AVE||||S-VA168PR SWAN AVE|Swan Ave|Swan Ave|168|Town of Berryville|168|Town of Berryville|    US 340, S Buckmarsh St| 223199|0|0|.08|    21-1013 Rosemont Circle| 223200|0|0|.21|    04/09/2009|211|R|||||||X||24|||X||||||||||||||
719653|0|S-VA168PR SWAN AVE||||S-VA168PR SWAN AVE|Swan Ave|Swan Ave|168|Town of Berryville|168|Town of Berryville|    21-1013 Rosemont Circle| 223200|0|0|.21|    Dead End| 223256|0|0|.3|    04/09/2009|119|R|||||||X||24|||X||||||||||||||
719651|0|S-VA168PR TAYLOR ST||||S-VA168PR TAYLOR ST|Taylor St|Taylor St|168|Town of Berryville|168|Town of Berryville|    21-616, S Church St| 223058|0|0|0|    US 340, S Buckmarch St| 223195|0|0|.09|    04/09/2009|176|R|||||||X||24|||X||||||||||||||
719650|0|S-VA168PR TAYLOR ST||||S-VA168PR TAYLOR ST|Taylor St|Taylor St|168|Town of Berryville|168|Town of Berryville|    US 340, S Buckmarsh St| 223195|0|0|.09|    Dead End| 223196|0|0|.23|    04/09/2009|232|R|||||||X||24|||X||||||||||||||
719637|0|S-VA168PR TREADWELL ST||||S-VA168PR TREADWELL ST|Treadwell St|Treadwell St|168|Town of Berryville|168|Town of Berryville|    US 340, Buckmarsh St| 223186|0|0|0|    21-1004 Rice St| 223187|0|0|.082|    05/02/2012|58|R|||||||X||24|||X||||||||||||||
719638|0|S-VA168PR TREADWELL ST||||S-VA168PR TREADWELL ST|Treadwell St|Treadwell St|168|Town of Berryville|168|Town of Berryville|    21-1004 Rice St| 223187|0|0|.082|    21-1003| 223188|0|0|.209|    04/14/2009|247|R|||||||X||24|||X||||||||||||||
719639|0|S-VA168PR TREADWELL ST||||S-VA168PR TREADWELL ST|Treadwell St|Treadwell St|168|Town of Berryville|168|Town of Berryville|    21-1003| 223188|0|0|.209|    21-1009 Crown St| 223189|0|0|.271|    05/03/2012|179|R|||||||X||24|||X||||||||||||||
719640|0|S-VA168PR TREADWELL ST||||S-VA168PR TREADWELL ST|Treadwell St|Treadwell St|168|Town of Berryville|168|Town of Berryville|    21-1009 Crown St| 223189|0|0|.271|    Dead End| 223254|0|0|.47|    05/03/2012|174|R|||||||X||24|||X||||||||||||||
798265|0|S-VA168PR TURNER CT||||S-VA168PR TURNER CT|Turner Ct||168|Town of Berryville|168|Town of Berryville|    21-616, S Church St| 754228|0|0|0|    Cul-de-Sac| 754231|0|0|.05|    04/24/2012|50|R|||||||X||24|||X||||||||||||||
792371|0|S-VA168PR TYSON DR||||S-VA168PR TYSON DR|Tyson Dr| |168|Town of Berryville|168|Town of Berryville|    21-1029 Hermitage Blvd| 742521|0|0|0|    21-1003| 742522|0|0|.07|    05/02/2012|416|R|||||||X||24|||X||||||||||||||
796456|0|S-VA168PR TYSON DR||||S-VA168PR TYSON DR|Tyson Dr|Tyson Dr|168|Town of Berryville|168|Town of Berryville|    Dead End| 742522|0|0|.07|    21-1029 Hermitage Blvd| 749109|0|0|.44|    05/02/2012|607|R|||||||X||24|||X||||||||||||||
719657|0|S-VA168PR WALNUT ST||||S-VA168PR WALNUT ST|Walnut St||168|Town of Berryville|168|Town of Berryville|    US 340, N Buckmarsh St| 223202|0|0|0|    21-1004 Rice St| 223193|0|0|.032|    04/14/2009|695|R|||||||X||24|||X||||||||||||||
719658|0|S-VA168PR WALNUT ST||||S-VA168PR WALNUT ST|Walnut St||168|Town of Berryville|168|Town of Berryville|    21-1004 Rice St| 223193|0|0|.032|    21-1009 Crown St| 223201|0|0|.23|    04/14/2009|277|R|||||||X||24|||X||||||||||||||
719659|0|S-VA168PR WALNUT ST||||S-VA168PR WALNUT ST|Walnut St||168|Town of Berryville|168|Town of Berryville|    21-1009 Crown St| 223201|0|0|.23|    21-1024 Dorsey St| 223203|0|0|.349|    04/14/2009|306|R|||||||X||24|||X||||||||||||||
719660|0|S-VA168PR WALNUT ST||||S-VA168PR WALNUT ST|Walnut St||168|Town of Berryville|168|Town of Berryville|    21-1024 Dorsey St| 223203|0|0|.349|    NWCL Berryville| 223204|0|0|.43|    04/14/2009|70|R|||||||X||24|||X||||||||||||||
