sep=|
- - 2022 AADT Report for Town of Troutdale - -
LINKID|SEQUENCENUMBER|RTE_NM|RTE_NM_2|RTE_NM_3|RTE_NM_4|Host RTE_NM|Route Label|Street Name|Physical Jurisdiction|Physical Jurisdiciton Name|Maintenance Jurisdiction|Maintenance Jurisdiciton Name|    Start Label|Start Node|Start Node Route Sequence|Star tOffset|Start Milepoint|    End Label|End Node|End Node Route Sequence|End Offset|End Milepoint|    VPDDate|AADT|AADT Quality|Passenger Vehicle|Bus|Truck 2 Axle|Truck 3 Axle|Truck 1 Trailer|Truck 2 Trailer|Class Quality|K Factor|K Factor Quality|Direction Factor|AAWDT|AAWDT Quality|AADT Dir|AADT Quality Dir|PassengerVehicle Dir|Bus Dir|Truck 2 Axle Dir|Truck 3 Axle Dir|Truck 1 Trailer Dir|Truck 2 Trailer Dir|Class Quality Dir|K Factor Dir|K Factor Quality Dir|Direction Factor Dir|AAWDT Dir|AAWDT Quality Dir
010239|0|R-VA   SR00016NB||||R-VA   SR00016NB|VA 16|Troutdale Hwy|314|Town of Troutdale|038|Grayson County|    ECL Troutdale| 353862|0|0|13.71|    Physical Jurisdiction Boundary: 314 Town of Troutdale / 038 Grayson County| 353861|0|0|15.97|    01/01/2022|999|G|90|1|1|2|7|0|C|.113|6 |.59|982|G||||||||||||||
405468|0|R-VA038SC00603EB||||R-VA038SC00603EB|38-603|Fairwood Dr|314|Town of Troutdale|038|Grayson County|    WCL Troutdale| 353028|0|0|4.77|    SR 16 N, Troutdale Hwy| 353030|0|0|5.77|    01/01/2022|299|G|96|0|1|1|2|0|C|.11|6 |.53|294|G||||||||||||||
741729|0|R-VA038SC00603EB||||R-VA038SC00603EB|38-603|Fairwood Rd|314|Town of Troutdale|038|Grayson County|    SR 16 S, Troutdale Hwy| 353725|0|0|6.08|    Physical Jurisdiction Boundary: 314 Town of Troutdale / 038 Grayson County| 353034|0|0|6.93|    05/20/2014|259|R|||||||X||24|||X||||||||||||||
742203|0|R-VA038SC00827NB||||R-VA038SC00827NB|38-827|Auburn Lane|314|Town of Troutdale|038|Grayson County|    Dead End| 353728|0|0|0|    38-603 Fairwood Rd| 353033|0|0|.13|    05/20/2014|45|R|||||||X||24|||X||||||||||||||
742214|0|R-VA038SC00837NB||||R-VA038SC00837NB|38-837|Timberline Rd|314|Town of Troutdale|038|Grayson County|    SR 16 Troutdale Hwy| 353565|0|0|0|    38-603 Fairwood Rd| 353031|0|0|.22|    05/20/2014|238|R|||||||X||24|||X||||||||||||||
742363|0|R-VA038SC01201NB||||R-VA038SC01201NB|38-1201|High County Ln|314|Town of Troutdale|038|Grayson County|    38-603 Fairwood Rd| 353032|0|0|0|    Dead End| 353729|0|0|.13|    05/20/2014|36|R|||||||X||24|||X||||||||||||||
742364|0|R-VA038SC01202NB||||R-VA038SC01202NB|38-1202|Woodland Lane|314|Town of Troutdale|038|Grayson County|    Dead End| 701007|0|0|0|    38-603 Fairwood Dr| 353029|0|0|.43|    05/20/2014|40|R|||||||X||24|||X||||||||||||||
