sep=|
- - 2022 AADT Report for City of Newport News - -
LINKID|SEQUENCENUMBER|RTE_NM|RTE_NM_2|RTE_NM_3|RTE_NM_4|Host RTE_NM|Route Label|Street Name|Physical Jurisdiction|Physical Jurisdiciton Name|Maintenance Jurisdiction|Maintenance Jurisdiciton Name|    Start Label|Start Node|Start Node Route Sequence|Star tOffset|Start Milepoint|    End Label|End Node|End Node Route Sequence|End Offset|End Milepoint|    VPDDate|AADT|AADT Quality|Passenger Vehicle|Bus|Truck 2 Axle|Truck 3 Axle|Truck 1 Trailer|Truck 2 Trailer|Class Quality|K Factor|K Factor Quality|Direction Factor|AAWDT|AAWDT Quality|AADT Dir|AADT Quality Dir|PassengerVehicle Dir|Bus Dir|Truck 2 Axle Dir|Truck 3 Axle Dir|Truck 1 Trailer Dir|Truck 2 Trailer Dir|Class Quality Dir|K Factor Dir|K Factor Quality Dir|Direction Factor Dir|AAWDT Dir|AAWDT Quality Dir
150320|0|R-VA   IS00064EB||||R-VA   IS00064EB|I-64| |121|City of Newport News|099|York County|    | 672199|0|0|246.96|    | 672201|0|0|248.28|    01/01/2022|83823|G|95|0|1|1|3|0|F|.07|6 |.52|84275|G|42043|G|95|0|1|1|3|0|F|.075|6 |1|42346|G
050127|0|R-VA   IS00064EB||||R-VA   IS00064EB|I-64| |121|City of Newport News|099|York County|    SR 238 Yorktown Rd| 672201|0|0|248.28|    SR 105 Ft Eustis Blvd| 672202|0|0|250.32|    01/01/2022|92118|G|95|0|1|1|3|0|F|.079|6 |.53|92611|G|45590|G|95|0|1|1|3|0|F|.075|6 |1|45919|G
150040|0|R-VA   IS00064EB||||R-VA   IS00064EB|I-64| |121|City of Newport News|099|York County|    SR 105 Ft Eustis Blvd| 672202|0|0|250.32|    | 733887|0|.23|255.35|    01/01/2022|102171|G|95|0|1|1|3|0|F|.074|6 |.51|102722|G|51528|G|95|0|1|1|3|0|F|.081|6 |1|51900|G
050393|0|R-VA   IS00064EB||||R-VA   IS00064EB|I-64| |121|City of Newport News|099|York County|    SR 143 Jefferson Ave| 733887|0|.23|255.35|    SR 171 Oyster Point Rd| 704805|0|0|256.76|    01/01/2022|121025|G|95|0|1|1|3|0|F|.076|6 |.51|121670|G|59411|G|95|0|1|1|3|0|F|.079|6 |1|59838|G
050163|0|R-VA   IS00064EB||||R-VA   IS00064EB|I-64| |121|City of Newport News|099|York County|    SR 171 Oyster Point Rd| 704805|0|0|256.76|    | 672210|0|0|258.57|    01/01/2022|133970|A|95|0|1|1|3|0|C|.091|1 |.55|135629|A|67239|A|95|0|1|1|3|0|C|.086|1 |1|68310|A
050160|0|R-VA   IS00064EB||||R-VA   IS00064EB|I-64| |121|City of Newport News|099|York County|    US 17 J Clyde Morris Blvd| 672210|0|0|258.57|    | 672214|0|0|259.63|    01/01/2022|155994|G|95|0|1|1|3|0|F|.082|6 |.53|156835|G|78689|G|95|0|1|1|3|0|F|.078|6 |1|79257|G
789809|0|R-VA   IS00064EB      DCR255.00X||||R-VA   IS00064EB      DCR255.00X|I-64  EB Collector-Distributor 255|Ramp|121|City of Newport News|099|York County|    I-64 East| 733887|0|0|0|    I-64 East Exit 255A to SR 143 South| 737262|0|0|.27|    01/01/2022|13184|G|||||||X|.089|6 |1|14019|G||||||||||||||
797851|0|R-VA   IS00064EB      DCR255.00X||||R-VA   IS00064EB      DCR255.00X|I-64  EB Collector-Distributor 255|Collector Rd|121|City of Newport News|099|York County|    I-64 East Exit 255A to SR 143 South| 737262|0|0|.27|    Ramp from SR 143 South| 737263|0|0|.34|    01/01/2022|5306|G|||||||X|.088|6 |1|5642|G||||||||||||||
797852|0|R-VA   IS00064EB      DCR255.00X||||R-VA   IS00064EB      DCR255.00X|I-64  EB Collector-Distributor 255|Collector Rd|121|City of Newport News|099|York County|    Ramp from SR 143 South| 737263|0|0|.34|    I-64 East Exit 255B to SR 143 North| 737264|0|0|.55|    01/01/2022|16904|G|||||||X|.086|6 |1|17975|G||||||||||||||
797853|0|R-VA   IS00064EB      DCR255.00X||||R-VA   IS00064EB      DCR255.00X|I-64  EB Collector-Distributor 255|Collector Rd|121|City of Newport News|099|York County|    I-64 East Exit 255B to SR 143 North| 737264|0|0|.55|    Ramp from SR 143 North| 737265|0|0|.62|    01/01/2022|14318|G|||||||X|.085|6 |1|15226|G||||||||||||||
797854|0|R-VA   IS00064EB      DCR255.00X||||R-VA   IS00064EB      DCR255.00X|I-64  EB Collector-Distributor 255|Collector Rd|121|City of Newport News|099|York County|    Ramp from SR 143 North| 737265|0|0|.62|    I-64 East| 733888|0|0|.95|    01/01/2022|18045|G|||||||X|.087|6 |1|18045|G||||||||||||||
781034|0|R-VA   IS00064EB      RMP250.00A||||R-VA   IS00064EB      RMP250.00A|I-64  EB EXIT 250A|Ramp|121|City of Newport News|099|York County|    I-64 East| 672202|0|0|0|    SR 105 W, Ft Eustis Blvd| 718209|0|0|.29|    01/01/2022|4189|G|||||||X|.132|6 |1|4455|G||||||||||||||
781035|0|R-VA   IS00064EB      RMP250.00B||||R-VA   IS00064EB      RMP250.00B|I-64  EB EXIT 250B|Ramp|121|City of Newport News|099|York County|    I-64 East| 672204|0|0|0|    SR 105 E, Ft Eustis Blvd| 672275|0|0|.19|    01/01/2022|4403|G|||||||X|.117|6 |1|4683|G||||||||||||||
781036|0|R-VA   IS00064EB      RMP255.00A||||R-VA   IS00064EB      RMP255.00A|I-64  EB EXIT 255A|Ramp|121|City of Newport News|099|York County|    I-64 East Collector Rd| 737262|0|0|0|    SR 143 S, Jefferson Ave| 672290|0|0|.35|    01/01/2022|7878|G|||||||X|.096|6 |1|8377|G||||||||||||||
781037|0|R-VA   IS00064EB      RMP255.00B||||R-VA   IS00064EB      RMP255.00B|I-64  EB EXIT 255B|Ramp|121|City of Newport News|099|York County|    I-64 East Collector Rd| 737264|0|0|0|    SR 143 N, Jefferson Ave| 672291|0|0|.12|    01/01/2022|2585|G|||||||X|.102|6 |1|2749|G||||||||||||||
781038|0|R-VA   IS00064EB      RMP256.00A||||R-VA   IS00064EB      RMP256.00A|I-64  EB EXIT 256A|Ramp|121|City of Newport News|099|York County|    I-64 East| 704805|0|0|0|    SR 171 W, Victory Blvd| 704861|0|0|.36|    01/01/2022|1775|G|||||||X|.109|6 |1|2999|G||||||||||||||
781039|0|R-VA   IS00064EB      RMP256.00B||||R-VA   IS00064EB      RMP256.00B|I-64  EB EXIT 256B|Ramp|121|City of Newport News|099|York County|    I-64 East| 704807|0|0|0|    SR 171 E, Victory Blvd| 704860|0|0|.25|    01/01/2022|4350|G|||||||X|.129|6 |1|4627|G||||||||||||||
781040|0|R-VA   IS00064EB      RMP258.00A||||R-VA   IS00064EB      RMP258.00A|I-64  EB EXIT 258A|Ramp|121|City of Newport News|099|York County|    I-64 East| 672210|0|0|0|    US 17 S, J Clyde Morris Blvd|1273478|0|0|.3|    01/01/2022|5612|G|||||||X|.095|6 |1|5968|G||||||||||||||
781041|0|R-VA   IS00064EB      RMP258.00B||||R-VA   IS00064EB      RMP258.00B|I-64  EB EXIT 258B|Ramp|121|City of Newport News|099|York County|    I-64 East| 672212|0|0|0|    US 17 N, J Clyde Morris Blvd| 672179|0|0|.15|    01/01/2022|1912|G|||||||X|.12|6 |1|2034|G||||||||||||||
150306|0|R-VA   IS00064WB||||R-VA   IS00064WB|I-64| |121|City of Newport News|099|York County|    | 672244|0|0|247.04|    Physical Jurisdiction Boundary: 047 James City County / 121 City of Newport News| 672245|0|0|247.1|    01/01/2022|88699|G|95|0|1|1|3|0|F|.077|6 |.54|89173|G|45462|G|95|0|1|1|3|0|F|.081|6 |1|45624|G
150047|0|R-VA   IS00064WB||||R-VA   IS00064WB|I-64| |121|City of Newport News|099|York County|    SR 143 Jefferson Ave| 672245|0|0|247.1|    SR 238 Yorktown Rd| 672246|0|0|248.38|    01/01/2022|83823|G|95|0|1|1|3|0|F|.078|6 |.52|84275|G|41780|G|95|0|1|1|3|0|F|.081|6 |1|41929|G
150048|0|R-VA   IS00064WB||||R-VA   IS00064WB|I-64| |121|City of Newport News|099|York County|    SR 238 Yorktown Rd| 672246|0|0|248.38|    SR 105 Fort Eustis Blvd| 672249|0|0|250.7|    01/01/2022|92118|G|95|0|1|1|3|0|F|.079|6 |.53|92611|G|46528|G|95|0|1|1|3|0|F|.083|6 |1|46692|G
150049|0|R-VA   IS00064WB||||R-VA   IS00064WB|I-64| |121|City of Newport News|099|York County|    SR 105 Fort Eustis Blvd| 672249|0|0|250.7|    SR 143 Jefferson Ave| 733886|0|0|255.92|    01/01/2022|102171|G|95|0|1|1|3|0|F|.081|6 |.51|102722|G|50643|G|95|0|1|1|3|0|F|.08|6 |1|50822|G
150050|0|R-VA   IS00064WB||||R-VA   IS00064WB|I-64| |121|City of Newport News|099|York County|    SR 143 Jefferson Ave| 733886|0|0|255.92|    SR 171 Oyster Point Rd| 704812|0|0|257.47|    01/01/2022|121025|G|95|0|1|1|3|0|F|.079|6 |.53|121670|G|61614|G|95|0|1|1|3|0|F|.081|6 |1|61832|G
150051|0|R-VA   IS00064WB||||R-VA   IS00064WB|I-64| |121|City of Newport News|099|York County|    SR 171 Oyster Point Rd| 704812|0|0|257.47|    US 17 J Clyde Morris Blvd| 672258|0|0|258.97|    01/01/2022|133970|A|95|0|1|1|3|0|C|.091|1 |.55|135629|A|66731|A|95|0|1|1|3|0|C|.1|1 |1|67319|A
150308|0|R-VA   IS00064WB||||R-VA   IS00064WB|I-64| |121|City of Newport News|099|York County|    US 17 J Clyde Morris Blvd| 672258|0|0|258.97|    Physical Jurisdiction Boundary: 121 City of Newport News / 114 City of Hampton| 672259|0|0|259.75|    01/01/2022|155994|G|95|0|1|1|3|0|F|.076|6 |.53|156835|G|77305|G|95|0|1|1|3|0|F|.086|6 |1|77578|G
789810|0|R-VA   IS00064WB      DCR255.00X||||R-VA   IS00064WB      DCR255.00X|I-64  WB Collector-Distributor 255|Ramp|121|City of Newport News|099|York County|    I-64 West| 733886|0|0|0|    I-64 West Exit 255B to SR 143 N, Jefferson Ave| 737266|0|0|.21|    01/01/2022|18915|G|||||||X|.084|6 |1|20114|G||||||||||||||
797871|0|R-VA   IS00064WB      DCR255.00X||||R-VA   IS00064WB      DCR255.00X|I-64  WB Collector-Distributor 255|Collector Rd|121|City of Newport News|099|York County|    I-64 West Exit 255B to SR 143 N, Jefferson Ave| 737266|0|0|.21|    Ramp from SR 143 North| 737267|0|0|.28|    01/01/2022|2708|G|||||||X|.123|6 |1|2880|G||||||||||||||
797872|0|R-VA   IS00064WB      DCR255.00X||||R-VA   IS00064WB      DCR255.00X|I-64  WB Collector-Distributor 255|Collector Rd|121|City of Newport News|099|York County|    Ramp from SR 143 North| 737267|0|0|.28|    I-64 West Exit 255A to SR 143 S, Jefferson Ave| 737268|0|0|.45|    01/01/2022|8237|G|||||||X|.098|6 |1|8759|G||||||||||||||
797873|0|R-VA   IS00064WB      DCR255.00X||||R-VA   IS00064WB      DCR255.00X|I-64  WB Collector-Distributor 255|Collector Rd|121|City of Newport News|099|York County|    I-64 West Exit 255A to SR 143 S, Jefferson Ave| 737268|0|0|.45|    Ramp from SR 143 S, Jefferson Ave| 737269|0|0|.53|    01/01/2022|5608|G|||||||X|.088|6 |1|5963|G||||||||||||||
797874|0|R-VA   IS00064WB      DCR255.00X||||R-VA   IS00064WB      DCR255.00X|I-64  WB Collector-Distributor 255|Ramp|121|City of Newport News|099|York County|    Ramp from SR 143 S, Jefferson Ave| 737269|0|0|.53|    I-64 West| 733885|0|0|.87|    01/01/2022|8580|G|||||||X|.086|6 |1|8580|G||||||||||||||
781152|0|R-VA   IS00064WB      RMP247.00A||||R-VA   IS00064WB      RMP247.00A|I-64  WB EXIT 247A|Ramp|121|City of Newport News|099|York County|    I-64 West| 672246|0|0|0|    SR 238 Yorktown Rd|1070909|0|0|.14|    01/01/2022|4753|G|||||||X|.097|6 |1|8031|G||||||||||||||
781153|0|R-VA   IS00064WB      RMP250.00A||||R-VA   IS00064WB      RMP250.00A|I-64  WB EXIT 250A|Ramp|121|City of Newport News|099|York County|    I-64 West| 672248|0|0|0|    SR 105 W, Ft Eustis Blvd|1062503|0|0|.19|    01/01/2022|9041|G|||||||X|.111|6 |1|9614|G||||||||||||||
781154|0|R-VA   IS00064WB      RMP250.00B||||R-VA   IS00064WB      RMP250.00B|I-64  WB EXIT 250B|Ramp|121|City of Newport News|099|York County|    I-64 West| 672250|0|0|0|    SR 143 Jefferson Ave| 646119|0|0|.21|    01/01/2022|4927|G|||||||X|.118|6 |1|5240|G||||||||||||||
781155|0|R-VA   IS00064WB      RMP255.00A||||R-VA   IS00064WB      RMP255.00A|I-64  WB EXIT 255A|Ramp|121|City of Newport News|099|York County|    I-64 West Collector Rd| 737268|0|0|0|    SR 143 S, Jefferson Ave| 672294|0|0|.12|    01/01/2022|2630|G|||||||X|.125|6 |1|2796|G||||||||||||||
781156|0|R-VA   IS00064WB      RMP255.00B||||R-VA   IS00064WB      RMP255.00B|I-64  WB EXIT 255B|Ramp|121|City of Newport News|099|York County|    I-64 West Collector Rd| 737266|0|0|0|    SR 143 N, Jefferson Ave| 672295|0|0|.33|    01/01/2022|16207|G|||||||X|.082|6 |1|17234|G||||||||||||||
781157|0|R-VA   IS00064WB      RMP256.00A||||R-VA   IS00064WB      RMP256.00A|I-64  WB EXIT 256A|Ramp|121|City of Newport News|099|York County|    I-64 West| 704810|0|0|0|    SR 171 W, Victory Blvd| 704858|0|0|.3|    01/01/2022|7565|G|||||||X|.11|6 |1|8046|G||||||||||||||
781158|0|R-VA   IS00064WB      RMP256.00B||||R-VA   IS00064WB      RMP256.00B|I-64  WB EXIT 256B|Ramp|121|City of Newport News|099|York County|    I-64 West| 704812|0|0|0|    SR 171 E, Victory Blvd| 704854|0|0|.39|    01/01/2022|4399|G|||||||X|.138|6 |1|4680|G||||||||||||||
781159|0|R-VA   IS00064WB      RMP258.00A||||R-VA   IS00064WB      RMP258.00A|I-64  WB EXIT 258A|Ramp|121|City of Newport News|099|York County|    I-64 West| 672256|0|0|0|    US 17 S, J Clyde Morris Blvd|1273480|0|0|.15|    01/01/2022|11714|G|||||||X|.102|6 |1|12460|G||||||||||||||
781160|0|R-VA   IS00064WB      RMP258.00B||||R-VA   IS00064WB      RMP258.00B|I-64  WB EXIT 258B|Ramp|121|City of Newport News|099|York County|    I-64 West| 672258|0|0|0|    US 17 N, J Clyde Morris Blvd| 672176|0|0|.3|    01/01/2022|7141|G|||||||X|.11|6 |1|7596|G||||||||||||||
150317|0|R-VA   IS00664EB||||R-VA   IS00664EB|I-664|Hampton Roads Beltway|121|City of Newport News|099|York County|    | 672368|0|0|3|    Roanoke Ave; Chestnut St| 672369|0|0|3.12|    01/01/2022|75010|G|93|0|1|1|4|0|F|.093|6 |.65|79717|G|35669|G|94|0|1|1|4|0|F|.113|6 |1|37774|G
050413|0|R-VA   IS00664EB||||R-VA   IS00664EB|I-664|Hampton Roads Beltway|121|City of Newport News|099|York County|    Roanoke Ave; Chestnut St| 672369|0|0|3.12|    SR 143 Jefferson Ave; 35th St| 708827|0|0|4.14|    01/01/2022|64373|G|93|0|1|1|4|0|F|.095|6 |.68|68406|G|31780|G|94|0|1|1|4|0|F|.115|6 |1|33656|G
050595|0|R-VA   IS00664EB||||R-VA   IS00664EB|I-664|Hampton Roads Beltway|121|City of Newport News|099|York County|    SR 143 Jefferson Ave; 35th St| 708827|0|0|4.14|    | 703660|0|0|5.78|    01/01/2022|57252|G|93|0|1|1|4|0|F|.095|6 |.68|60880|G|22213|G|94|0|1|1|4|0|F|.088|6 |1|23524|G
050596|0|R-VA   IS00664EB||||R-VA   IS00664EB|I-664|Monitor Merrimac Memorial Bridge Tunnel|121|City of Newport News|099|York County|    Terminal Ave| 703660|0|0|5.78|    Jurisdiction Boundary: | 705145|0|0|8.62|    01/01/2022|69530|A|93|0|1|1|4|0|F|.094|1 |.51|74149|A|34566|A|94|0|1|1|4|0|F|.1|1 |1|36676|A
789523|0|R-VA   IS00664EB      RMP004.00A||||R-VA   IS00664EB      RMP004.00A|I-664  EB EXIT 4A|Ramp|121|City of Newport News|099|York County|    I-664 East| 672369|0|0|0|    121-7019 Chestnut Ave|1059369|0|0|.15|    01/01/2022|5128|G|||||||X|.091|6 |1|8705|G||||||||||||||
789524|0|R-VA   IS00664EB      RMP005.00A||||R-VA   IS00664EB      RMP005.00A|I-664  EB EXIT 5A|Ramp|121|City of Newport News|099|York County|    I-664 East| 708827|0|0|0|    I-664 West Exit 5A To 35th Street| 737185|0|0|.32|    01/01/2022|8753|G|||||||X|.19|6 |1|9297|G||||||||||||||
789525|0|R-VA   IS00664EB      RMP006.00A||||R-VA   IS00664EB      RMP006.00A|I-664  EB EXIT 6A|Ramp|121|City of Newport News|099|York County|    I-664 East| 672371|0|0|0|    I-664 East Exit 6B To 27th Street| 737196|0|0|.15|    01/01/2022|7191|G|||||||X|.104|6 |1|11362|G||||||||||||||
789527|0|R-VA   IS00664EB      RMP007.00A||||R-VA   IS00664EB      RMP007.00A|I-664  EB EXIT 7A|Ramp|121|City of Newport News|099|York County|    I-664 East| 703660|0|0|0|    Terminal Ave| 737201|0|0|.17|    01/01/2022|602|G|||||||X|.091|6 |1|639|G||||||||||||||
150018|0|R-VA   IS00664WB||||R-VA   IS00664WB|I-664|Hampton Roads Beltway|121|City of Newport News|099|York County|    Roanoke Ave; Chestnut St| 672385|0|0|3.76|    SR 143 Jefferson Ave; 35th St| 672386|0|0|4.54|    01/01/2022|64373|G|93|0|1|1|4|0|F|.095|6 |.68|68406|G|32593|G|93|0|1|1|4|0|F|.131|6 |1|34750|G
150019|0|R-VA   IS00664WB||||R-VA   IS00664WB|I-664|Hampton Roads Beltway|121|City of Newport News|099|York County|    SR 143 Jefferson Ave; 35th St| 672386|0|0|4.54|    Terminal Ave| 703655|0|0|5.95|    01/01/2022|57252|G|93|0|1|1|4|0|F|.09|6 |.64|60880|G|35039|G|93|0|1|1|4|0|F|.093|6 |1|37356|G
150302|0|R-VA   IS00664WB||||R-VA   IS00664WB|I-664|Monitor Merrimac Memorial Bridge Tunnel|121|City of Newport News|099|York County|    Terminal Ave| 703655|0|0|5.95|    Jurisdiction Boundary: | 705176|0|0|8.88|    01/01/2022|69530|A|93|0|1|1|4|0|F|.094|1 |.51|74149|A|34964|A|93|0|1|1|4|0|F|.096|1 |1|37473|A
789534|0|R-VA   IS00664WB      RMP004.00A||||R-VA   IS00664WB      RMP004.00A|I-664  WB EXIT 4A|Ramp|121|City of Newport News|099|York County|    I-664 West| 672385|0|0|0|    121-7017 Roanoke Ave| 646289|0|0|.13|    01/01/2022|1035|G|||||||X|.105|6 |1|1758|G||||||||||||||
789535|0|R-VA   IS00664WB      RMP005.00A||||R-VA   IS00664WB      RMP005.00A|I-664  WB EXIT 5A|Ramp|121|City of Newport News|099|York County|    I-664 West| 672386|0|0|0|    I-664 West Exit 5C to Jefferson Ave| 737190|0|0|.02|    01/01/2022|9003|G|||||||X|.123|6 |1|9557|G||||||||||||||
789537|0|R-VA   IS00664WB      RMP006.00A||||R-VA   IS00664WB      RMP006.00A|I-664  WB EXIT 6A|Ramp|121|City of Newport News|099|York County|    I-664 West| 672376|0|0|0|    I-664 West Exit 6B To 25th Street| 737195|0|0|.13|    01/01/2022|2677|G|||||||X|.164|6 |1|4230|G||||||||||||||
789539|0|R-VA   IS00664WB      RMP007.00A||||R-VA   IS00664WB      RMP007.00A|I-664  WB EXIT 7A|I-664 WB (NB) Exit 7 Ramp|121|City of Newport News|099|York County|    I-664 West| 703655|0|0|0|    Terminal Ave| 737202|0|0|.26|    01/01/2022|806|G|96|0|1|0|0|0|F|.097|6 |1|856|G||||||||||||||
653240|0|R-VA   SR00105EB||||R-VA   SR00105EB|VA 105|Ft Eustis Blvd|121|City of Newport News|121|City of Newport News|    US 60| 646089|0|0|0|    | 672275|0|0|1.05|    01/01/2022|36169|G|96|1|1|1|1|0|F|.1|6 |.64|40029|G||||||||||||||
653382|0|R-VA   SR00105EB||||R-VA   SR00105EB|VA 105|Ft Eustis Blvd|121|City of Newport News|121|City of Newport News|    I-64| 672275|0|0|1.05|    |  50650|0|0|1.28|    01/01/2022|16921|F|96|1|1|1|1|0|F|.086|6 |.62|18566|F||||||||||||||
150107|0|R-VA   SR00105EB||||R-VA   SR00105EB|VA 105|Ft Eustis Blvd|121|City of Newport News|121|City of Newport News|    SR 143 Jefferson Ave|  50650|0|0|1.28|    Jurisdiction Boundary: 121 City of Newport News / 099 York County|  50651|0|0|2.54|    01/01/2022|16063|A|96|1|1|1|1|0|C|.114|1 |.62|17625|A||||||||||||||
803474|0|R-VA   SR00105EB      RMP000.00A||||R-VA   SR00105EB      RMP000.00A|VA 105  EB EXIT 0A|Ramp|121|City of Newport News|121|City of Newport News|    SR-00105(B)/RAMP TO RTE. 60| 646091|0|0|0|    US-00060(B)/RAMP FROM RTE. 105| 646071|0|0|.25|    01/01/2022|1708|F|||||||X|.348|6 |1|1708|F||||||||||||||
803475|0|R-VA   SR00105EB      RMP000.00B||||R-VA   SR00105EB      RMP000.00B|VA 105  EB EXIT 0B|Ramp|121|City of Newport News|121|City of Newport News|    SR-00105(B)/RAMP TO AND FROM RTE. 60| 646094|0|0|0|    US-00060(B)/RAMP FROM RTE. 105| 646072|0|0|.12|    01/01/2022|264|F|||||||X|.151|6 |1|264|F||||||||||||||
781330|0|R-VA   SR00105EB      RMP001.00A||||R-VA   SR00105EB      RMP001.00A|VA 105  EB EXIT 1A|Ramp|121|City of Newport News|099|York County|    SR 105 E, Ft Eustis Blvd| 672274|0|0|0|    I-64 East| 672205|0|0|.28|    01/01/2022|9937|G|||||||X|.129|6 |1|10567|G||||||||||||||
781331|0|R-VA   SR00105EB      RMP001.00B||||R-VA   SR00105EB      RMP001.00B|VA 105  EB EXIT 1B|Ramp|121|City of Newport News|099|York County|    SR 105 E, Ft Eustis Blvd| 672276|0|0|0|    I-64 West| 672249|0|0|.19|    01/01/2022|3747|G|||||||X|.121|6 |1|3985|G||||||||||||||
803476|0|R-VA   SR00105WB      RMP000.00A||||R-VA   SR00105WB      RMP000.00A|VA 105  WB EXIT 0A|Ramp|121|City of Newport News|121|City of Newport News|    SR-00105(B)/US-00060-W252B(U)/RAMPN FROM RTE.|1062502|0|0|0|    US-00060(B)/RAMP FROM RTE. 105| 646075|0|0|.16|    01/01/2022|3661|F|||||||X|.114|6 |1|3661|F||||||||||||||
803477|0|R-VA   SR00105WB      RMP000.00B||||R-VA   SR00105WB      RMP000.00B|VA 105  WB EXIT 0B|Ramp|121|City of Newport News|121|City of Newport News|    SR-00105(B)/RAMP TO RTE. 60| 646092|0|0|0|    US-00060(B)/RAMP FROM RTE. 105| 646074|0|0|.14|    01/01/2022|4822|F|||||||X|.129|6 |1|4822|F||||||||||||||
781332|0|R-VA   SR00105WB      RMP001.00A||||R-VA   SR00105WB      RMP001.00A|VA 105  WB EXIT 1A|Ramp|121|City of Newport News|099|York County|    SR 105 W, Ft Eustis Blvd|1062497|0|0|0|    I-64 East| 672203|0|0|.19|    01/01/2022|5115|G|||||||X|.118|6 |1|5439|G||||||||||||||
653417|0|R-VA   SR00143NB||||R-VA   SR00143NB|VA 143|27th St|121|City of Newport News|121|City of Newport News|    WCL Hampton|  50628|0|0|6.69|    SR 143 Par, 28th St| 646099|0|0|7.04|    01/01/2022|5409|F|97|1|1|0|0|0|F|.095|6 |.54|5738|F||||||||||||||
653420|0|R-VA   SR00143NB||||R-VA   SR00143NB|VA 143|28th St|121|City of Newport News|121|City of Newport News|    SR 143 Par, 27th St| 646099|0|0|7.04|    Chestnut Ave| 646102|0|0|7.52|    01/01/2022|1956|F|95|1|3|0|0|0|F|.095|6 |1|2075|F||||||||||||||
653364|0|R-VA   SR00143NB||||R-VA   SR00143NB|VA 143|28th St|121|City of Newport News|121|City of Newport News|    Chestnut Ave| 646102|0|0|7.52|    SR 143 Par, 27th St| 646105|0|0|8.42|    01/01/2022|1845|G|95|1|3|0|0|0|C|.155|6 |.67|1964|G||||||||||||||
653248|0|R-VA   SR00143NB||||R-VA   SR00143NB|VA 143|Jefferson Ave|121|City of Newport News|121|City of Newport News|    SR 143 Par, 27th St| 646105|0|0|8.42|    I-664| 646106|0|0|8.75|    01/01/2022|8641|F|96|1|1|0|0|0|C|.091|6 |.53|9167|F||||||||||||||
653253|0|R-VA   SR00143NB||||R-VA   SR00143NB|VA 143|Jefferson Ave|121|City of Newport News|121|City of Newport News|    I-664| 646106|0|0|8.75|    50th St| 646111|0|0|9.36|    01/01/2022|21081|F|98|1|1|0|0|0|F|.091|6 |.59|22478|F||||||||||||||
653362|0|R-VA   SR00143NB||||R-VA   SR00143NB|VA 143|Jefferson Ave|121|City of Newport News|121|City of Newport News|    50th St| 646111|0|0|9.36|    US 258 Mercury Blvd| 910001|0|0|11.255|    01/01/2022|23132|F|98|1|1|0|0|0|F|.09|6 |.61|24664|F||||||||||||||
653208|0|R-VA   SR00143NB|R-VA   US00017NB|||R-VA   US00017NB|US 17, VA 143|Jefferson Ave|121|City of Newport News|121|City of Newport News|    US 258 Mercury Blvd| 910001|0|0|11.255|    SR 152 Main St| 646008|0|0|12.56|    01/01/2022|38150|F|97|0|1|1|1|0|F|.084|6 |.53|41245|F||||||||||||||
150101|0|R-VA   SR00143NB|R-VA   US00017NB|||R-VA   US00017NB|US 17, VA 143|Jefferson Ave|121|City of Newport News|121|City of Newport News|    SR 152 Main St| 646008|0|0|12.56|    SR 306 Harpersville Rd| 646006|0|0|14.25|    01/01/2022|40635|F|97|0|1|1|1|0|F|.092|6 |.6|41835|F||||||||||||||
653205|0|R-VA   SR00143NB|R-VA   US00017NB|||R-VA   US00017NB|US 17, VA 143|Jefferson Ave|121|City of Newport News|121|City of Newport News|    SR 306 Harpersville Rd| 646006|0|0|14.25|    SR 312 J Clyde Morris Blvd| 646005|0|0|15.37|    01/01/2022|45624|F|97|0|1|1|1|0|F|.083|6 |.55|49325|F||||||||||||||
653246|0|R-VA   SR00143NB||||R-VA   SR00143NB|VA 143|Jefferson Ave|121|City of Newport News|121|City of Newport News|    US 17;  J Clyde Morris Blvd| 646005|0|0|15.37|    Middle Ground Blvd| 716547|0|0|16.48|    01/01/2022|46036|F|98|1|1|0|0|0|F|.084|6 |.52|49086|F||||||||||||||
653384|0|R-VA   SR00143NB||||R-VA   SR00143NB|VA 143|Jefferson Ave|121|City of Newport News|121|City of Newport News|    Middle Ground Blvd| 716547|0|0|16.48|    | 646114|0|0|17.77|    01/01/2022|46006|F|98|1|1|0|0|0|F|.084|6 |.57|49053|F||||||||||||||
653245|0|R-VA   SR00143NB||||R-VA   SR00143NB|VA 143|Jefferson Ave|121|City of Newport News|121|City of Newport News|    SR 171 Oyster Point Rd| 646114|0|0|17.77|    I-64| 672289|0|0|18.52|    01/01/2022|50874|F|98|1|1|0|0|0|F|.08|6 |.51|54245|F||||||||||||||
653244|0|R-VA   SR00143NB||||R-VA   SR00143NB|VA 143|Jefferson Ave|121|City of Newport News|121|City of Newport News|    I-64| 672289|0|0|18.52|    | 646115|0|0|19.63|    01/01/2022|73739|F|98|1|1|0|0|0|F|.081|6 |.57|78624|F||||||||||||||
653207|0|R-VA   SR00143NB||||R-VA   SR00143NB|VA 143|Jefferson Ave|121|City of Newport News|121|City of Newport News|    Bland Blvd| 646115|0|0|19.63|    | 646116|0|0|20.49|    01/01/2022|49823|F|98|1|1|0|0|0|F|.083|6 |.54|53124|F||||||||||||||
150108|0|R-VA   SR00143NB||||R-VA   SR00143NB|VA 143|Jefferson Ave|121|City of Newport News|121|City of Newport News|    SR 173 Denbigh Blvd| 646116|0|0|20.49|    Richneck Rd| 646117|0|0|21.33|    01/01/2022|33180|A|98|1|1|0|0|0|C|.096|1 |.51|35378|A||||||||||||||
653311|0|R-VA   SR00143NB||||R-VA   SR00143NB|VA 143|Jefferson Ave|121|City of Newport News|121|City of Newport News|    Richneck Rd| 646117|0|0|21.33|    SR 105 Ft Eustis Blvd|  50650|0|0|23.52|    01/01/2022|23042|F|98|1|1|0|0|0|F|.089|6 |.53|24569|F||||||||||||||
653243|0|R-VA   SR00143NB||||R-VA   SR00143NB|VA 143|Jefferson Ave|121|City of Newport News|121|City of Newport News|    SR 105 Ft Eustis Blvd|  50650|0|0|23.52|    Yorktown Rd|  50656|0|0|26.07|    01/01/2022|6443|F|96|1|1|2|0|0|C|.102|6 |.55|6843|F||||||||||||||
653241|0|R-VA   SR00143NB||||R-VA   SR00143NB|VA 143|Jefferson Ave|121|City of Newport News|121|City of Newport News|    Yorktown Rd|  50656|0|0|26.07|    |  50631|0|0|27.19|    01/01/2022|12164|G|96|1|1|2|0|0|F|.099|6 |.57|12920|G||||||||||||||
803514|0|R-VA   SR00143NB      RMP011.00A||||R-VA   SR00143NB      RMP011.00A|VA 143  NB EXIT 11A|Ramp|121|City of Newport News|121|City of Newport News|    SR-00143(R)/US-00017-N051D(L)/RAMP TO US 258/| 756245|0|0|0|    US-00258(B)/US-00258-W059B(L)/RAMP TO US 17/R| 756247|0|0|.06|    01/01/2022|2553|F|||||||X|.095|6 |1|2553|F||||||||||||||
781347|0|R-VA   SR00143NB      RMP018.00A||||R-VA   SR00143NB      RMP018.00A|VA 143  NB EXIT 18A|Ramp|121|City of Newport News|099|York County|    SR 143 N, Jefferson Ave| 672289|0|0|0|    I-64 East Collector Rd| 737265|0|0|.13|    01/01/2022|2579|G|||||||X|.101|6 |1|2743|G||||||||||||||
781348|0|R-VA   SR00143NB      RMP018.00B||||R-VA   SR00143NB      RMP018.00B|VA 143  NB EXIT 18B|Ramp|121|City of Newport News|099|York County|    SR 143 N, Jefferson Ave| 672293|0|0|0|    I-64 West Collector Rd| 737267|0|0|.19|    01/01/2022|5583|G|||||||X|.084|6 |1|5938|G||||||||||||||
653347|0|R-VA   SR00143PA001||||R-VA   SR00143PA001|VA 143|27th St|121|City of Newport News|121|City of Newport News|    SR 143; 28th St|1061553|0|0|0|    Chestnut Ave| 646129|0|0|.48|    01/01/2022|1739|F|98|1|1|0|0|0|C|.1|6 |1|1845|F||||||||||||||
653250|0|R-VA   SR00143PA001||||R-VA   SR00143PA001|VA 143|27th St|121|City of Newport News|121|City of Newport News|    Chestnut Ave| 646129|0|0|.48|    | 646105|0|0|1.43|    01/01/2022|2211|F|96|1|1|0|0|0|C|.114|6 |.6|2346|F||||||||||||||
781350|0|R-VA   SR00143SB      RMP018.00A||||R-VA   SR00143SB      RMP018.00A|VA 143  SB EXIT 18A|Ramp|121|City of Newport News|099|York County|    SR 143 S, Jefferson Ave| 672292|0|0|0|    I-64 East Collector Rd| 737263|0|0|.23|    01/01/2022|14362|G|||||||X|.085|6 |1|15273|G||||||||||||||
781351|0|R-VA   SR00143SB      RMP018.00B||||R-VA   SR00143SB      RMP018.00B|VA 143  SB EXIT 18B|Ramp|121|City of Newport News|099|York County|    SR 143 S, Jefferson Ave| 672296|0|0|0|    I-64 West Collector Rd| 737269|0|0|.13|    01/01/2022|2453|G|||||||X|.093|6 |1|2609|G||||||||||||||
798073|0|R-VA   SR00143UK      RMP009.00A||||R-VA   SR00143UK      RMP009.00A|VA 143  EXIT 9A|Ramp|121|City of Newport News|099|York County|    121-7006 Jefferson Ave; 34th St| 737189|0|0|.48|    I-664 East| 672375|0|0|.82|    01/01/2022|6131|G|||||||X|.104|6 |1|6508|G||||||||||||||
789590|0|R-VA   SR00143UK      RMP009.00B||||R-VA   SR00143UK      RMP009.00B|VA 143  EXIT 9B|Ramp|121|City of Newport News|099|York County|    SR 143- 9A TO 35TH STREET| 737188|0|0|0|    I-664-E005A FROM JEFFERSON AVENUE| 737184|0|0|.16|    01/01/2022|5078|G|||||||X|.097|6 |1|5078|G||||||||||||||
781343|0|R-VA   SR00143UK      RMP023.00A||||R-VA   SR00143UK      RMP023.00A|VA 143  EXIT 23A|Ramp|121|City of Newport News|099|York County|    SR 143 Jefferson Ave| 646120|0|0|0|    I-64 West| 672247|0|0|.14|    01/01/2022|4969|G|||||||X|.093|6 |1|5283|G||||||||||||||
781344|0|R-VA   SR00143UK      RMP027.00A||||R-VA   SR00143UK      RMP027.00A|VA 143  EXIT 27A|Ramp|121|City of Newport News|099|York County|    SR 143 Jefferson Ave| 646122|0|0|0|    I-64 West| 672245|0|0|.22|    01/01/2022|2331|G|||||||X|.086|6 |1|2479|G||||||||||||||
781345|0|R-VA   SR00143UK      RMP027.00B||||R-VA   SR00143UK      RMP027.00B|VA 143  EXIT 27B|Ramp|121|City of Newport News|099|York County|    SR 143 Jefferson Ave| 646123|0|0|0|    I-64 East| 672200|0|0|.25|    01/01/2022|2098|G|||||||X|.13|6 |1|2232|G||||||||||||||
653254|0|R-VA   SR00152EB||||R-VA   SR00152EB|VA 152|Main St|121|City of Newport News|121|City of Newport News|    US 60 Warwick Blvd| 646041|0|0|0|    US 17, SR 143 Jefferson Ave| 646008|0|0|.41|    01/01/2022|9710|F|97|1|1|0|0|0|C|.09|6 |.52|10308|F||||||||||||||
653333|0|R-VA   SR00152EB||||R-VA   SR00152EB|VA 152|Main St|121|City of Newport News|121|City of Newport News|    US 17, SR 143 Jefferson Ave| 646008|0|0|.41|    WCL Hampton|  50663|0|0|.97|    01/01/2022|8612|F|98|1|1|1|0|0|C|.089|6 |.52|9141|F||||||||||||||
653319|0|R-VA   SR00171EB||||R-VA   SR00171EB|VA 171|Oyster Point Rd|121|City of Newport News|121|City of Newport News|    SR 143 Jefferson Ave| 646114|0|0|0|    121-12 Canon Blvd| 704864|0|0|.7|    01/01/2022|41305|F|98|1|0|0|0|0|F|.09|6 |.51|43819|F||||||||||||||
653397|0|R-VA   SR00171EB||||R-VA   SR00171EB|VA 171|Oyster Point Rd|121|City of Newport News|121|City of Newport News|    121-12 Canon Blvd| 704864|0|0|.7|    I-64| 704863|0|0|.87|    01/01/2022|47838|F|98|1|0|0|0|0|F|.095|6 |.58|50750|F||||||||||||||
653400|0|R-VA   SR00171EB||||R-VA   SR00171EB|VA 171|Victory Blvd|121|City of Newport News|121|City of Newport News|    I-64| 704863|0|0|.87|    York County Line| 704851|0|0|1.61|    01/01/2022|47378|F|||||||X|.096|6 |.6|50262|F||||||||||||||
781373|0|R-VA   SR00171EB      RMP001.00A||||R-VA   SR00171EB      RMP001.00A|VA 171  EB EXIT 1A|Ramp|121|City of Newport News|099|York County|    SR 171 E, Victory Blvd; Oyster Point Rd| 704863|0|0|0|    I-64 East| 704808|0|0|.33|    01/01/2022|8949|G|||||||X|.084|6 |1|9518|G||||||||||||||
781374|0|R-VA   SR00171EB      RMP001.00B||||R-VA   SR00171EB      RMP001.00B|VA 171  EB EXIT 1B|Ramp|121|City of Newport News|099|York County|    SR 171 E, Victory Blvd| 704856|0|0|0|    I-64 West| 704811|0|0|.25|    01/01/2022|2102|G|||||||X|.133|6 |1|2236|G||||||||||||||
781375|0|R-VA   SR00171WB      RMP001.00A||||R-VA   SR00171WB      RMP001.00A|VA 171  WB EXIT 1A|Ramp|121|City of Newport News|099|York County|    SR 171 W, Victory Blvd|1058109|0|0|0|    I-64 East| 704806|0|0|.26|    01/01/2022|4856|G|||||||X|.116|6 |1|5166|G||||||||||||||
781376|0|R-VA   SR00171WB      RMP001.00B||||R-VA   SR00171WB      RMP001.00B|VA 171  WB EXIT 1B|Ramp|121|City of Newport News|099|York County|    SR 171 W, Victory Blvd|1058120|0|0|0|    I-64 West| 704809|0|0|.36|    01/01/2022|5472|G|||||||X|.114|6 |1|5821|G||||||||||||||
653385|0|R-VA   SR00173EB||||R-VA   SR00173EB|VA 173|Denbigh Blvd|121|City of Newport News|121|City of Newport News|    Moyer Drive| 646141|0|0|0|    | 646145|0|0|.53|    01/01/2022|3147|F|96|1|1|0|0|0|C|.098|6 |.55|3339|F||||||||||||||
653260|0|R-VA   SR00173EB||||R-VA   SR00173EB|VA 173|Denbigh Blvd|121|City of Newport News|121|City of Newport News|    Catalina Dr| 646145|0|0|.53|    | 646149|0|0|1.27|    01/01/2022|7465|F|96|1|1|0|0|0|F|.094|6 |.65|7923|F||||||||||||||
653314|0|R-VA   SR00173EB||||R-VA   SR00173EB|VA 173|Denbigh Blvd|121|City of Newport News|121|City of Newport News|    Lucas Creek Rd| 646149|0|0|1.27|    US 60 Warwick Blvd| 646057|0|0|1.82|    01/01/2022|14175|F|96|1|1|0|0|0|F|.09|6 |.63|15045|F||||||||||||||
653261|0|R-VA   SR00173EB||||R-VA   SR00173EB|VA 173|Denbigh Blvd|121|City of Newport News|121|City of Newport News|    US 60 Warwick Blvd| 646057|0|0|1.82|    SR 143 Jefferson Ave| 646116|0|0|2.96|    01/01/2022|22067|G|98|1|0|0|0|0|C|.079|6 |.51|23458|G||||||||||||||
653262|0|R-VA   SR00173EB||||R-VA   SR00173EB|VA 173|Denbigh Blvd|121|City of Newport News|121|City of Newport News|    SR 143 Jefferson Ave| 646116|0|0|2.96|    |  50654|0|0|4.28|    01/01/2022|23830|F|98|0|1|0|0|0|F|.091|6 |.57|25107|F||||||||||||||
653263|0|R-VA   SR00238EB||||R-VA   SR00238EB|VA 238|Yorktown Rd|121|City of Newport News|121|City of Newport News|    US 60 Warwick Blvd| 646079|0|0|0|    | 672341|0|0|.94|    01/01/2022|5992|F|92|1|1|2|3|0|C|.119|6 |.69|6362|F||||||||||||||
653386|0|R-VA   SR00238EB||||R-VA   SR00238EB|VA 238|Yorktown Rd|121|City of Newport News|121|City of Newport News|    I-64| 672341|0|0|.94|    SR 143 Jefferson Ave|  50656|0|0|1.12|    01/01/2022|9628|F|98|1|1|1|0|0|F|.097|6 |.58|10660|F||||||||||||||
653264|0|R-VA   SR00238EB||||R-VA   SR00238EB|VA 238|Yorktown Rd|121|City of Newport News|121|City of Newport News|    SR 143 Jefferson Ave|  50656|0|0|1.12|    York County Line|  50657|0|0|2.18|    01/01/2022|9971|F|98|1|1|1|0|0|F|.097|6 |.57|11039|F||||||||||||||
781389|0|R-VA   SR00238UK      RMP001.00A||||R-VA   SR00238UK      RMP001.00A|VA 238  EXIT 1A|Ramp|121|City of Newport News|099|York County|    SR 238 Yorktown Rd| 672341|0|0|0|    I-64 East| 672201|0|0|.2|    01/01/2022|2960|G|||||||X|.111|6 |1|3148|G||||||||||||||
653329|0|R-VA   SR00306EB||||R-VA   SR00306EB|VA 306|Harpersville Rd|121|City of Newport News|121|City of Newport News|    US 60 Warwick Blvd| 646042|0|0|0|    US 17, SR 143 Jefferson Ave| 646006|0|0|.88|    01/01/2022|7053|F|98|1|1|0|0|0|C|.093|6 |.56|7485|F||||||||||||||
653267|0|R-VA   SR00312EB||||R-VA   SR00312EB|VA 312|J Clyde Morris Blvd|121|City of Newport News|121|City of Newport News|    US 60 Warwick Blvd| 646043|0|0|0|    US 17;  SR143| 646005|0|0|1.11|    01/01/2022|28658|F|98|1|1|0|0|0|C|.084|6 |.55|30437|F||||||||||||||
653270|0|R-VA   SR00351EB||||R-VA   SR00351EB|VA 351|39th St|121|City of Newport News|121|City of Newport News|    US 60 Huntington Ave| 646173|0|0|0|    Marshall Ave| 646172|0|0|.64|    01/01/2022|4276|F|95|2|1|1|0|0|F|.119|6 |.7|4535|F||||||||||||||
653269|0|R-VA   SR00351EB||||R-VA   SR00351EB|VA 351|39th St|121|City of Newport News|121|City of Newport News|    Marshall Ave| 646172|0|0|.64|    |  50665|0|0|1.51|    01/01/2022|8869|F|95|2|1|1|0|0|C|.119|6 |.7|9408|F||||||||||||||
653210|0|R-VA   US00017NB|R-VA   US00258EB|||R-VA   US00017NB|US 17, US 258|Mercury Blvd|121|City of Newport News|121|City of Newport News|    |  50240|0|0|50.53|    US 60 Warwick Blvd| 646016|0|0|50.75|    01/01/2022|28589|F|97|0|1|1|1|0|F|.116|6 |.61|30907|F||||||||||||||
653209|0|R-VA   US00017NB|R-VA   US00258EB|||R-VA   US00017NB|US 17, US 258|Mercury Blvd|121|City of Newport News|121|City of Newport News|    US 60 Warwick Blvd| 646016|0|0|50.75|    US 258, SR 143 Jefferson Ave| 910001|0|0|51.315|    01/01/2022|36398|F|97|0|1|1|1|0|F|.105|6 |.57|39350|F||||||||||||||
653208|0|R-VA   US00017NB|R-VA   SR00143NB|||R-VA   US00017NB|US 17, VA 143|Jefferson Ave|121|City of Newport News|121|City of Newport News|    US 258 Mercury Blvd| 910001|0|0|51.315|    SR 152 Main St| 646008|0|0|52.62|    01/01/2022|38150|F|97|0|1|1|1|0|F|.084|6 |.53|41245|F||||||||||||||
150101|0|R-VA   US00017NB|R-VA   SR00143NB|||R-VA   US00017NB|US 17, VA 143|Jefferson Ave|121|City of Newport News|121|City of Newport News|    SR 152 Main St| 646008|0|0|52.62|    SR 306 Harpersville Rd| 646006|0|0|54.31|    01/01/2022|40635|F|97|0|1|1|1|0|F|.092|6 |.6|41835|F||||||||||||||
653205|0|R-VA   US00017NB|R-VA   SR00143NB|||R-VA   US00017NB|US 17, VA 143|Jefferson Ave|121|City of Newport News|121|City of Newport News|    SR 306 Harpersville Rd| 646006|0|0|54.31|    SR 312 J Clyde Morris Blvd| 646005|0|0|55.43|    01/01/2022|45624|F|97|0|1|1|1|0|F|.083|6 |.55|49325|F||||||||||||||
653204|0|R-VA   US00017NB||||R-VA   US00017NB|US 17|J Clyde Morris Blvd|121|City of Newport News|121|City of Newport News|    SR 143 Jefferson Ave| 646005|0|0|55.43|    I-64| 672180|0|0|56.71|    01/01/2022|38600|G|97|0|1|1|1|0|F|.08|6 |.55|42044|G||||||||||||||
653202|0|R-VA   US00017NB||||R-VA   US00017NB|US 17|J Clyde Morris Blvd|121|City of Newport News|121|City of Newport News|    I-64| 672180|0|0|56.71|    121-7034 Harpersville Rd| 646001|0|0|57.51|    01/01/2022|39898|F|97|0|1|0|1|0|F|.082|6 |.59|42905|F||||||||||||||
653201|0|R-VA   US00017NB||||R-VA   US00017NB|US 17|J Clyde Morris Blvd|121|City of Newport News|121|City of Newport News|    121-7034 Harpersville Rd| 646001|0|0|57.51|    NCL Newport News|  50645|0|0|57.76|    01/01/2022|32480|F|97|0|1|0|1|0|F|.084|6 |.54|34928|F||||||||||||||
803873|0|R-VA   US00017NB      RMP051.00A||||R-VA   US00017NB      RMP051.00A|US 17  NB EXIT 51A|Ramp|121|City of Newport News|121|City of Newport News|    US-00017(B)/RAMP TO US 60| 646014|0|0|0|    US-00017-N051B(U)/US-00017-N051C(R)/SPLIT OF| 756378|0|0|.1|    01/01/2022|4334|F|||||||X|.129|6 |1|4334|F||||||||||||||
803875|0|R-VA   US00017NB      RMP051.00A||||R-VA   US00017NB      RMP051.00A|US 17  NB EXIT 51A|Ramp|121|City of Newport News|121|City of Newport News|    US 17 NB, US 258 EB, SR 32 NB, W Mercury Blvd| 756378|0|0|.1|    US 60 Warwick Blvd EB| 646031|0|0|.16|    01/01/2022|1593|F|||||||X|.26|6 |1|1593|F||||||||||||||
803874|0|R-VA   US00017NB      RMP051.00B||||R-VA   US00017NB      RMP051.00B|US 17  NB EXIT 51B|Ramp|121|City of Newport News|121|City of Newport News|    US 17 NB, US 258 EB, SR 32 NB, W Mercury Blvd| 756378|0|0|0|    US 60 Warwick Blvd WB| 646033|0|0|.05|    01/01/2022|2741|F|||||||X|.13|6 |1|2741|F||||||||||||||
781513|0|R-VA   US00017NB      RMP057.00A||||R-VA   US00017NB      RMP057.00A|US 17  NB EXIT 57A|Ramp|121|City of Newport News|099|York County|    US 17 N, J Clyde Morris Blvd| 672180|0|0|0|    I-64 East| 672213|0|0|.16|    01/01/2022|11966|G|||||||X|.092|6 |1|12727|G||||||||||||||
781514|0|R-VA   US00017NB      RMP057.00B||||R-VA   US00017NB      RMP057.00B|US 17  NB EXIT 57B|Ramp|121|City of Newport News|099|York County|    US 17 N, J Clyde Morris Blvd| 672177|0|0|0|    I-64 West| 672257|0|0|.25|    01/01/2022|5480|G|||||||X|.117|6 |1|5828|G||||||||||||||
803882|0|R-VA   US00017SB      RMP051.00A||||R-VA   US00017SB      RMP051.00A|US 17  SB EXIT 51A|Ramp|121|City of Newport News|121|City of Newport News|    US 17 SB, US 258 WB, SR 32 NB, W Mercury Blvd| 646012|0|0|0|    US 60 Warwick Blvd EB| 646035|0|0|.08|    01/01/2022|4189|F|||||||X|.193|6 |1|4189|F||||||||||||||
803883|0|R-VA   US00017SB      RMP051.00B||||R-VA   US00017SB      RMP051.00B|US 17  SB EXIT 51B|Ramp|121|City of Newport News|121|City of Newport News|    US 17 SB, US 258 WB, SR 32 NB, W Mercury Blvd|1062829|0|0|0|    US 60 Warwick Blvd WB| 646037|0|0|.09|    01/01/2022|2377|F|||||||X|.096|6 |1|2377|F||||||||||||||
781517|0|R-VA   US00017SB      RMP057.00A||||R-VA   US00017SB      RMP057.00A|US 17  SB EXIT 57A|Ramp|121|City of Newport News|099|York County|    US 17 S, J Clyde Morris Blvd| 672178|0|0|0|    I-64 East| 672211|0|0|.26|    01/01/2022|6122|G|||||||X|.089|6 |1|6511|G||||||||||||||
781518|0|R-VA   US00017SB      RMP057.00B||||R-VA   US00017SB      RMP057.00B|US 17  SB EXIT 57B|Ramp|121|City of Newport News|099|York County|    US 17 S, J Clyde Morris Blvd| 672175|0|0|0|    I-64 West| 672255|0|0|.16|    01/01/2022|2588|G|||||||X|.091|6 |1|2752|G||||||||||||||
653211|0|R-VA   US00060EB||||R-VA   US00060EB|US 60|Warwick Blvd|121|City of Newport News|121|City of Newport News|    James City County Line|  50623|0|0|248.45|    Yorktown Rd| 646079|0|0|250.15|    01/01/2022|7830|F|89|2|2|2|5|0|F|.087|6 |.51|8311|F||||||||||||||
653212|0|R-VA   US00060EB||||R-VA   US00060EB|US 60|Warwick Blvd|121|City of Newport News|121|City of Newport News|    Yorktown Rd| 646079|0|0|250.15|    | 646071|0|0|251.71|    01/01/2022|11482|F|92|2|1|2|3|0|C|.095|6 |.57|12187|F||||||||||||||
653213|0|R-VA   US00060EB||||R-VA   US00060EB|US 60|Warwick Blvd|121|City of Newport News|121|City of Newport News|    SR 105 Ft Eustis Blvd| 646071|0|0|251.71|    | 646064|0|0|253.44|    01/01/2022|22015|F|92|2|1|2|3|0|F|.087|6 |.6|23355|F||||||||||||||
653214|0|R-VA   US00060EB||||R-VA   US00060EB|US 60|Warwick Blvd|121|City of Newport News|121|City of Newport News|    Snidow Blvd| 646064|0|0|253.44|    | 646057|0|0|255.1|    01/01/2022|28559|F|97|1|1|0|0|0|F|.089|6 |.56|30298|F||||||||||||||
653215|0|R-VA   US00060EB||||R-VA   US00060EB|US 60|Warwick Blvd|121|City of Newport News|121|City of Newport News|    Denbigh Blvd| 646057|0|0|255.1|    Bland Blvd| 716487|0|0|255.88|    01/01/2022|35276|F|97|1|1|0|0|0|F|.08|6 |.51|37462|F||||||||||||||
653216|0|R-VA   US00060EB||||R-VA   US00060EB|US 60|Warwick Blvd|121|City of Newport News|121|City of Newport News|    Bland Blvd| 716487|0|0|255.88|    Oyster Point Rd| 646052|0|0|257.33|    01/01/2022|35720|F|97|1|1|0|0|0|F|.087|6 |.54|37895|F||||||||||||||
653218|0|R-VA   US00060EB||||R-VA   US00060EB|US 60|Warwick Blvd|121|City of Newport News|121|City of Newport News|    Oyster Point Rd| 646052|0|0|257.33|    Deep Creek Road| 646045|0|0|259.72|    01/01/2022|32221|F|98|1|0|0|0|0|F|.092|6 |.55|34182|F||||||||||||||
653219|0|R-VA   US00060EB||||R-VA   US00060EB|US 60|Warwick Blvd|121|City of Newport News|121|City of Newport News|    Deep Creek Road| 646045|0|0|259.72|    | 646043|0|0|260.61|    01/01/2022|34654|F|98|1|0|0|0|0|F|.091|6 |.59|36765|F||||||||||||||
653220|0|R-VA   US00060EB||||R-VA   US00060EB|US 60|Warwick Blvd|121|City of Newport News|121|City of Newport News|    J Clyde Morris Blvd| 646043|0|0|260.61|    | 646042|0|0|261.68|    01/01/2022|26642|F|98|1|0|0|0|0|C|.098|6 |.58|28275|F||||||||||||||
653221|0|R-VA   US00060EB||||R-VA   US00060EB|US 60|Warwick Blvd|121|City of Newport News|121|City of Newport News|    Harpersville Rd| 646042|0|0|261.68|    Main Street| 646041|0|0|263.17|    01/01/2022|25645|F|98|1|0|0|0|0|F|.1|6 |.6|27217|F||||||||||||||
653223|0|R-VA   US00060EB||||R-VA   US00060EB|US 60|Warwick Blvd|121|City of Newport News|121|City of Newport News|    Main Street| 646041|0|0|263.17|    Mercury Blvd| 646038|0|0|264.25|    01/01/2022|24172|F|98|1|0|0|0|0|F|.108|6 |.68|25653|F||||||||||||||
653225|0|R-VA   US00060EB||||R-VA   US00060EB|US 60|Warwick Blvd|121|City of Newport News|121|City of Newport News|    Mercury Blvd| 646038|0|0|264.25|    Huntington Ave| 646030|0|0|264.86|    01/01/2022|26600|F|97|1|0|0|0|0|C|.128|6 |.82|28230|F||||||||||||||
653233|0|R-VA   US00060EB||||R-VA   US00060EB|US 60|Huntington Ave|121|City of Newport News|121|City of Newport News|    Warwick Blvd| 646030|0|0|264.86|    | 717711|0|0|266.1|    01/01/2022|9671|G|97|1|0|0|0|0|F|.188|6 |1|10282|G||||||||||||||
653286|0|R-VA   US00060EB||||R-VA   US00060EB|US 60|Huntington Ave|121|City of Newport News|121|City of Newport News|    50th St| 717711|0|0|266.1|    39th St| 646080|0|0|266.65|    01/01/2022|11730|F|97|1|0|0|0|0|F|.137|6 |1|12449|F||||||||||||||
653287|0|R-VA   US00060EB||||R-VA   US00060EB|US 60|Huntington Ave|121|City of Newport News|121|City of Newport News|    39th St| 646080|0|0|266.65|    29th St| 718500|0|0|267.15|    01/01/2022|10982|G|97|1|0|0|0|0|F|.174|6 |1|11676|G||||||||||||||
653249|0|R-VA   US00060EB||||R-VA   US00060EB|US 60|Huntington Ave|121|City of Newport News|121|City of Newport News|    29th St| 718500|0|0|267.15|    25th St| 646174|0|0|267.43|    01/01/2022|5121|F|97|1|0|0|0|0|F|.186|6 |1|5433|F||||||||||||||
653303|0|R-VA   US00060EB||||R-VA   US00060EB|US 60|25th St|121|City of Newport News|121|City of Newport News|    Huntington Ave| 646174|0|0|267.43|    | 718502|0|0|267.66|    01/01/2022|7702|F|93|2|3|1|1|0|C|.221|6 |1|8174|F||||||||||||||
653299|0|R-VA   US00060EB||||R-VA   US00060EB|US 60|25th St|121|City of Newport News|121|City of Newport News|    I-664| 718502|0|0|267.66|    | 646084|0|0|267.91|    01/01/2022|2378|F|93|2|3|1|1|0|C|.18|6 |1|2522|F||||||||||||||
653399|0|R-VA   US00060EB||||R-VA   US00060EB|US 60|25th St|121|City of Newport News|121|City of Newport News|    Jefferson Ave| 646084|0|0|267.91|    Roanoke Ave| 646087|0|0|268.67|    01/01/2022|2206|F|93|2|3|1|1|0|F|.097|6 |.7|2340|F||||||||||||||
653381|0|R-VA   US00060EB||||R-VA   US00060EB|US 60|25th St|121|City of Newport News|121|City of Newport News|    Roanoke Ave| 646087|0|0|268.67|    26th St| 646018|0|0|269.18|    01/01/2022|2133|F|93|2|3|1|1|0|F|.101|6 |.61|2262|F||||||||||||||
653265|0|R-VA   US00060EB||||R-VA   US00060EB|US 60|25th St|121|City of Newport News|121|City of Newport News|    26th St| 646018|0|0|269.18|    WCL Hampton|  50661|0|0|269.71|    01/01/2022|3175|F|93|2|3|1|1|0|F|.089|6 |.51|3368|F||||||||||||||
804070|0|R-VA   US00060EB      RMP252.00A||||R-VA   US00060EB      RMP252.00A|US 60  EB EXIT 252A|Ramp|121|City of Newport News|121|City of Newport News|    US-00060(B)/RAMP TO SR 105| 646076|0|0|0|    US-00060-W252A(L)/US-00060- 251A(U)/SPLIT OF| 756372|0|0|.12|    01/01/2022|583|F|||||||X|.189|6 |1|583|F||||||||||||||
804071|0|R-VA   US00060EB      RMP252.00B||||R-VA   US00060EB      RMP252.00B|US 60  EB EXIT 252B|Ramp|121|City of Newport News|121|City of Newport News|    US-00060(B)/RAMP TO RTE. 105| 646073|0|0|0|    SR-00105(B)/RAMP FROM RTE. 60| 646093|0|0|.17|    01/01/2022|3718|F|||||||X|.111|6 |1|3718|F||||||||||||||
804072|0|R-VA   US00060EB      RMP264.00A||||R-VA   US00060EB      RMP264.00A|US 60  EB EXIT 264A|Ramp|121|City of Newport News|121|City of Newport News|    US-00060(B)/RAMP TO US 17| 646038|0|0|0|    US-00060-W264A(L)/US-00060- 264A(R)/SPLIT OF| 756377|0|0|.05|    01/01/2022|2635|F|||||||X|.128|6 |1|2635|F||||||||||||||
804073|0|R-VA   US00060EB      RMP264.00B||||R-VA   US00060EB      RMP264.00B|US 60  EB EXIT 264B|Ramp|121|City of Newport News|121|City of Newport News|    US 60 Warwick Blvd EB| 646034|0|0|0|    US 17 NB, US 258 EB, SR 32 NB, W Mercury Blvd| 646011|0|0|.09|    01/01/2022|2544|F|||||||X|.089|6 |1|2544|F||||||||||||||
789684|0|R-VA   US00060EB      RMP267.00A||||R-VA   US00060EB      RMP267.00A|US 60  EB EXIT 267A|Ramp|121|City of Newport News|099|York County|    US 60 25th St| 718501|0|0|0|    US 60- 267A; 4US 60-P000A FROM HUN| 737193|0|0|.2|    01/01/2022|3370|G|||||||X|.247|6 |1|5329|G||||||||||||||
653226|0|R-VA   US00060PA003||||R-VA   US00060PA003|US 60|Warwick Blvd|121|City of Newport News|121|City of Newport News|    US 60|1089464|0|0|0|    50Th St| 718467|0|0|1.21|    01/01/2022|11637|F|96|2|1|0|0|0|C|.171|6 |1|12353|F||||||||||||||
653340|0|R-VA   US00060PA003||||R-VA   US00060PA003|US 60|Warwick  Blvd|121|City of Newport News|121|City of Newport News|    50Th St| 718467|0|0|1.21|    38Th St| 718486|0|0|1.8|    01/01/2022|13150|G|97|1|1|0|0|0|F|.142|6 |1|13982|G||||||||||||||
653227|0|R-VA   US00060PA003||||R-VA   US00060PA003|US 60|Warwick Blvd|121|City of Newport News|121|City of Newport News|    38Th St| 718486|0|0|1.8|    | 646082|0|0|2.57|    01/01/2022|3844|G|97|1|1|0|0|0|C|.235|6 |1|4088|G||||||||||||||
653230|0|R-VA   US00060PA004||||R-VA   US00060PA004|US 60|26th St|121|City of Newport News|121|City of Newport News|    US 60| 646024|0|0|0|    | 646020|0|0|1.39|    01/01/2022|928|F|94|2|3|0|0|0|C|.089|6 |1|984|F||||||||||||||
653229|0|R-VA   US00060PA004||||R-VA   US00060PA004|US 60|26th St|121|City of Newport News|121|City of Newport News|    Chestnut Ave| 646020|0|0|1.39|    25th St| 646018|0|0|1.88|    01/01/2022|870|F|94|2|2|0|0|0|C|.09|6 |.57|923|F||||||||||||||
789756|0|R-VA   US00060PA004   RMP000.00A||||R-VA   US00060PA004   RMP000.00A|004 US 60  EXIT 0A|Ramp|121|City of Newport News|099|York County|    US 60 26th Street| 723785|0|0|0|    US 60 East Exit 267A Ramp| 737193|0|0|.29|    01/01/2022|1573|G|||||||X|.224|6 |1|2484|G||||||||||||||
804058|0|R-VA   US00060UK      RMP252.00A||||R-VA   US00060UK      RMP252.00A|US 60  EXIT 252A|Ramp|121|City of Newport News|121|City of Newport News|    US-00060-E251A(U)/US-00060-W252A(L)/SPLIT OF| 756372|0|0|0|    SR-00105(B)/RAMP FROM RTE. 60| 646090|0|0|.07|    01/01/2022|1791|F|||||||X|.114|6 |1|1791|F||||||||||||||
804059|0|R-VA   US00060UK      RMP264.00A||||R-VA   US00060UK      RMP264.00A|US 60  EXIT 264A|Ramp|121|City of Newport News|121|City of Newport News|    Ramps from US 60 Warwick Blvd EB and WB| 756377|0|0|0|    US 17 SB, US 258 WB, SR 32 NB, W Mercury Blvd| 646013|0|0|.09|    01/01/2022|1777|F|||||||X|.283|6 |1|1777|F||||||||||||||
789682|0|R-VA   US00060UK      RMP267.00A||||R-VA   US00060UK      RMP267.00A|US 60  EXIT 267A|Ramp|121|City of Newport News|099|York County|    US 60 25th; 26th St Split| 737193|0|0|0|    I-664 East| 703657|0|0|.1|    01/01/2022|4639|G|||||||X|.277|6 |1|4924|G||||||||||||||
789683|0|R-VA   US00060UK      RMP267.00B||||R-VA   US00060UK      RMP267.00B|US 60  EXIT 267B|Ramp|121|City of Newport News|099|York County|    US 60 Ramp Merge| 737194|0|0|0|    I-664 West| 672387|0|0|.18|    01/01/2022|5751|G|||||||X|.162|6 |1|6105|G||||||||||||||
804082|0|R-VA   US00060WB      RMP252.00A||||R-VA   US00060WB      RMP252.00A|US 60  WB EXIT 252A|Ramp|121|City of Newport News|121|City of Newport News|    US-00060(B)/(IN MEDIAN) RAMP TO RTE. 105| 720379|0|0|0|    US-00060-E251A(R)/US-00060- 251A(L)/SPLIT OF| 756372|0|0|.23|    01/01/2022|1135|F|||||||X|.153|6 |1|1135|F||||||||||||||
804083|0|R-VA   US00060WB      RMP252.00B||||R-VA   US00060WB      RMP252.00B|US 60  WB EXIT 252B|Ramp|121|City of Newport News|121|City of Newport News|    US-00060(B)/RAMP TO RTE. 105| 646070|0|0|0|    SR-00105(B)/SR-00105-W000A(U)/RAMPN FROM RTE.| 646095|0|0|.12|    01/01/2022|6417|F|||||||X|.105|6 |1|6417|F||||||||||||||
804085|0|R-VA   US00060WB      RMP264.00B||||R-VA   US00060WB      RMP264.00B|US 60  WB EXIT 264B|Ramp|121|City of Newport News|121|City of Newport News|    US 60 Warwick Blvd WB| 646032|0|0|0|    US 17 NB, US 258 EB, SR 32 NB, W Mercury Blvd| 646010|0|0|.1|    01/01/2022|5299|F|||||||X|.198|6 |1|5299|F||||||||||||||
653210|0|R-VA   US00258EB|R-VA   US00017NB|||R-VA   US00017NB|US 17, US 258|Mercury Blvd|121|City of Newport News|121|City of Newport News|    |  50240|0|0|58.69|    US 60 Warwick Blvd| 646016|0|0|58.91|    01/01/2022|28589|F|97|0|1|1|1|0|F|.116|6 |.61|30907|F||||||||||||||
653209|0|R-VA   US00258EB|R-VA   US00017NB|||R-VA   US00017NB|US 17, US 258|Mercury Blvd|121|City of Newport News|121|City of Newport News|    US 60 Warwick Blvd| 646016|0|0|58.91|    US 258, SR 143 Jefferson Ave| 910001|0|0|59.475|    01/01/2022|36398|F|97|0|1|1|1|0|F|.105|6 |.57|39350|F||||||||||||||
653232|0|R-VA   US00258EB||||R-VA   US00258EB|US 258|Mercury Blvd|121|City of Newport News|121|City of Newport News|    Jefferson Ave| 910001|0|0|59.475|    WCL Hampton|  50658|0|0|59.76|    01/01/2022|39365|F|98|0|0|0|1|0|F|.094|6 |.57|41030|F||||||||||||||
804134|0|R-VA   US00258WB      RMP059.00B||||R-VA   US00258WB      RMP059.00B|US 258  WB EXIT 59B|Ramp|121|City of Newport News|121|City of Newport News|    US-00258(R)/SR-00143-N011A(L)/RAMP TO US 17/R|1062802|0|0|0|    US-00017(B)/US-00017-S051A(R)/RAMP TO US 17/R| 756246|0|0|.06|    01/01/2022|5016|F|||||||X|.089|6 |1|5016|F||||||||||||||
653257|0|S-VA121PR 16TH ST||||S-VA121PR 16TH ST|16th St|16th St|121|City of Newport News|121|City of Newport News|    Jefferson Ave| 646137|0|0|0|    Chestnut Ave (pre-update)| 731578|0|0|1.31|    01/01/2022|2851|F|95|3|1|0|0|0|C|.097|6 |.54|3026|F||||||||||||||
653401|0|S-VA121PR 23RD ST||||S-VA121PR 23RD ST|23rd St|23rd St|121|City of Newport News|121|City of Newport News|    West Ave| 646177|0|0|.163|    US 60 Huntington Ave| 646174|0|0|.383|    01/01/2022|3011|G|96|0|1|0|0|0|C|.166|6 |.93|3204|G||||||||||||||
653403|0|S-VA121PR 25TH ST||||S-VA121PR 25TH ST|25th St|25th St|121|City of Newport News|121|City of Newport News|    Washington Ave| 716396|0|0|0|    Warwick Blvd| 646082|0|0|.09|    01/01/2022|1585|F|88|3|3|2|0|0|C|.117|6 |.86|1683|F||||||||||||||
781676|0|S-VA121PR 27TH ST||||S-VA121PR 27TH ST|27th St|27th St|121|City of Newport News|121|City of Newport News|    121-7004 28th Street| 716345|0|0|.11|    121-7013; 1SR 143-P Jefferson Ave| 646126|0|0|.24|    01/01/2022|3207|G|97|1|0|0|0|0|F|.187|6 |1|3487|G||||||||||||||
653365|0|S-VA121PR 28TH ST||||S-VA121PR 28TH ST|28th St|28th St|121|City of Newport News|121|City of Newport News|    Huntington Ave| 646083|0|0|.3|    Jefferson Ave| 646105|0|0|.78|    01/01/2022|2633|F|97|1|0|0|0|0|C|.134|6 |.79|2793|F||||||||||||||
653366|0|S-VA121PR 34TH ST||||S-VA121PR 34TH ST|34th St|34th St|121|City of Newport News|121|City of Newport News|    Washington Ave| 716350|0|0|.11|    US 60 Warwick Blvd| 718446|0|0|.204|    01/01/2022|3794|F|97|1|0|0|0|0|F|.16|6 |1|4026|F||||||||||||||
781678|0|S-VA121PR 34TH ST||||S-VA121PR 34TH ST|34th St|34th St|121|City of Newport News|121|City of Newport News|    US 60 Warwick Blvd| 718446|0|0|.204|    Jurisdiction Boundary: 121 City of Newport News / |1061800|0|0|1.01|    01/01/2022|1110|F|97|1|0|0|0|0|F|.153|6 |.64|1178|F||||||||||||||
783018|0|S-VA121PR 35TH ST||||S-VA121PR 35TH ST|35th St|35th St|121|City of Newport News|121|City of Newport News|    Washington Ave (pre-update)|1057859|0|0|0|    |1071480|0|0|1.629|    01/01/2022|4112|F|98|0|0|1|0|0|F|.168|6 |1|4366|F||||||||||||||
653339|0|S-VA121PR 39TH ST||||S-VA121PR 39TH ST|39th St|39th St|121|City of Newport News|121|City of Newport News|    Washington Ave| 716435|0|0|0|    | 646173|0|0|.24|    01/01/2022|2027|F|||||||X|.155|6 |.67|2151|F||||||||||||||
653370|0|S-VA121PR 48TH ST||||S-VA121PR 48TH ST|48th St|48th St|121|City of Newport News|121|City of Newport News|    Jefferson Ave| 646111|0|0|.276|    Madison Ave| 646208|0|0|.43|    01/01/2022|2390|F|91|3|2|2|1|0|C|.089|6 |.68|2535|F||||||||||||||
653371|0|S-VA121PR 48TH ST||||S-VA121PR 48TH ST|48th St|48th St|121|City of Newport News|121|City of Newport News|    Madison Ave| 646208|0|0|.43|    Marshall Ave| 646210|0|0|.59|    01/01/2022|3304|F|91|3|2|1|1|0|C|.089|6 |.57|3505|F||||||||||||||
653372|0|S-VA121PR 48TH ST||||S-VA121PR 48TH ST|48th St|48th St|121|City of Newport News|121|City of Newport News|    Marshall Ave| 646210|0|0|.59|    |1062120|0|0|1.433|    01/01/2022|3551|F|94|2|1|1|1|0|C|.086|6 |.53|3767|F||||||||||||||
653404|0|S-VA121PR 49TH ST||||S-VA121PR 49TH ST|49th St|49th St|121|City of Newport News|121|City of Newport News|    Washington Ave| 716439|0|0|0|    Jurisdiction Boundary: 121 City of Newport News / |1057761|0|0|.437|    01/01/2022|3596|F|82|10|3|0|0|0|C|.158|6 |1|3817|F||||||||||||||
653405|0|S-VA121PR 50TH ST||||S-VA121PR 50TH ST|50th St|50th St|121|City of Newport News|121|City of Newport News|    Washington Ave| 716441|0|0|0|    US 60, Huntington Ave| 717711|0|0|.1|    01/01/2022|3312|F|84|9|2|0|0|0|C|.175|6 |1|3515|F||||||||||||||
783019|0|S-VA121PR 50TH ST||||S-VA121PR 50TH ST|50th St|50th St|121|City of Newport News|121|City of Newport News|    US 60, Huntington Ave| 717711|0|0|.1|    Jurisdiction Boundary: 121 City of Newport News / |1057757|0|0|.489|    01/01/2022|1406|F|84|9|2|0|0|0|F|.166|6 |1|1493|F||||||||||||||
653406|0|S-VA121PR BEECHMONT DR||||S-VA121PR BEECHMONT DR|Beechmont Dr|Beechmont Dr|121|City of Newport News|121|City of Newport News|    Moyer Rd| 716486|0|0|.057|    Lucas Creek Dr| 646206|0|0|1.22|    01/01/2022|3418|F|97|1|0|0|0|0|C|.087|6 |.55|3630|F||||||||||||||
653309|0|S-VA121PR BEECHMONT DR||||S-VA121PR BEECHMONT DR|Beechmont Dr|Beechmont Dr|121|City of Newport News|121|City of Newport News|    Lucas Creek Rd| 646206|0|0|1.22|    Jurisdiction Boundary: 121 City of Newport News / |1063155|0|0|1.46|    01/01/2022|6250|F|97|1|0|0|0|0|F|.087|6 |.6|6632|F||||||||||||||
789800|0|S-VA121PR BLAND BLVD||||S-VA121PR BLAND BLVD|Bland Blvd|Bland Blvd|121|City of Newport News|121|City of Newport News|    US 60 Warwick Blvd|1062384|0|0|0|    SR 143 Jefferson Ave| 646115|0|0|.92|    01/01/2022|26280|F|99|0|0|0|0|0|C|.091|6 |.57|27880|F||||||||||||||
784984|0|S-VA121PR BLAND BLVD||||S-VA121PR BLAND BLVD|Bland Blvd|Bland Blvd|121|City of Newport News|121|City of Newport News|    SR 143 Jefferson Ave| 646115|0|0|.92|    McManus Blvd|1257356|0|0|1.633|    01/01/2022|10974|F|99|0|0|0|0|0|F|.087|6 |.54|11647|F||||||||||||||
653389|0|S-VA121PR BLOUNT POINT RD||||S-VA121PR BLOUNT POINT RD|Blount Point Rd|Blount Point Rd|121|City of Newport News|121|City of Newport News|    Beverly Hills Blvd| 646419|0|0|0|    Jurisdiction Boundary: 121 City of Newport News / |1062654|0|0|1.01|    01/01/2022|1827|F|97|1|1|0|0|0|C|.101|6 |.6|1938|F||||||||||||||
653373|0|S-VA121PR BOXLEY BLVD||||S-VA121PR BOXLEY BLVD|Boxley Blvd|Boxley Blvd|121|City of Newport News|121|City of Newport News|    US 60; Warwick Blvd|1094112|0|0|.011|    Menchville Rd| 716511|0|0|.8|    01/01/2022|11495|F|98|1|0|0|0|0|C|.084|6 |.61|12208|F||||||||||||||
653274|0|S-VA121PR BRIARFIELD RD||||S-VA121PR BRIARFIELD RD|Briarfield Rd|Briarfield Rd|121|City of Newport News|121|City of Newport News|    | 646112|0|0|.007|    SWCL Hampton| 831004|0|0|1.157|    01/01/2022|7400|F|97|1|1|0|1|0|C|.095|6 |.56|7856|F||||||||||||||
653390|0|S-VA121PR CANON BLVD||||S-VA121PR CANON BLVD|Canon Blvd|Canon Blvd|121|City of Newport News|121|City of Newport News|    Thimble Shoals Blvd| 716443|0|0|0|    | 704864|0|0|1.61|    01/01/2022|14999|F|98|1|1|0|1|0|C|.103|6 |.69|15918|F||||||||||||||
653259|0|S-VA121PR CHESAPEAKE AVE||||S-VA121PR CHESAPEAKE AVE|Chesapeake Ave|Chesapeake Ave|121|City of Newport News|121|City of Newport News|    Walnut Ave| 731578|0|0|0|    SCL Hampton|  50664|0|0|.63|    01/01/2022|1118|F|99|0|0|0|0|0|C|.108|6 |1|1186|F||||||||||||||
653277|0|S-VA121PR CHESTNUT AVE||||S-VA121PR CHESTNUT AVE|Chestnut Ave|Chestnut Ave|121|City of Newport News|121|City of Newport News|    US 60 25th St| 646088|0|0|.49|    I-664| 646329|0|0|1.28|    01/01/2022|5563|F|96|1|1|1|0|0|C|.087|6 |.53|5906|F||||||||||||||
653336|0|S-VA121PR CHESTNUT AVE||||S-VA121PR CHESTNUT AVE|Chestnut Ave|Chestnut Ave|121|City of Newport News|121|City of Newport News|    I-664| 646329|0|0|1.28|    Briarfield Rd| 646265|0|0|2.39|    01/01/2022|17833|F|93|2|2|1|2|0|C|.08|6 |.54|18917|F||||||||||||||
653407|0|S-VA121PR CHESTNUT AVE NB||||S-VA121PR CHESTNUT AVE NB|Chestnut Ave Nb|Chestnut Ave|121|City of Newport News|121|City of Newport News|    Briarfield Rd| 646265|0|0|0|    SWCL Hampton| 831007|0|0|.94|    01/01/2022|6510|F|97|1|1|0|0|0|C|.093|6 |.51|6906|F||||||||||||||
653279|0|S-VA121PR COLONY RD||||S-VA121PR COLONY RD|Colony Rd|Colony Rd|121|City of Newport News|121|City of Newport News|    US 60 Warwick Blvd| 646054|0|0|.637|    Lucas Creek Rd| 646201|0|0|2.158|    01/01/2022|6666|F|94|3|1|1|0|0|F|.083|6 |.59|7079|F||||||||||||||
653392|0|S-VA121PR COLONY RD||||S-VA121PR COLONY RD|Colony Rd|Colony Rd|121|City of Newport News|121|City of Newport News|    Lucas Creek Rd| 646201|0|0|2.158|    Hertzler Rd| 646447|0|0|2.662|    01/01/2022|2016|F|94|3|1|1|0|0|C|.093|6 |.68|2139|F||||||||||||||
653282|0|S-VA121PR DEEP CREEK RD||||S-VA121PR DEEP CREEK RD|Deep Creek Rd|Deep Creek Rd|121|City of Newport News|121|City of Newport News|    | 646048|0|0|.007|    Normandy Lane| 646435|0|0|1.09|    01/01/2022|4378|F|97|1|1|0|0|0|C|.081|6 |.51|4646|F||||||||||||||
653408|0|S-VA121PR DILIGENCE DR||||S-VA121PR DILIGENCE DR|Diligence Dr|Diligence Dr|121|City of Newport News|121|City of Newport News|    J.Clyde Morris Blvd| 716483|0|0|0|    Thimble Shoals Blvd| 716479|0|0|.45|    01/01/2022|11297|F|98|0|1|0|0|0|C|.093|6 |.52|11989|F||||||||||||||
653315|0|S-VA121PR EASTWOOD DR||||S-VA121PR EASTWOOD DR|Eastwood Dr|Eastwood Dr|121|City of Newport News|121|City of Newport News|    Lucas Creek Rd| 646195|0|0|0|    Colony Dr| 646454|0|0|1.36|    01/01/2022|2359|F|96|2|1|0|0|0|C|.106|6 |.59|2502|F||||||||||||||
653409|0|S-VA121PR EASTWOOD DR||||S-VA121PR EASTWOOD DR|Eastwood Dr|Eastwood Dr|121|City of Newport News|121|City of Newport News|    Colony Rd| 646454|0|0|1.36|    |1062384|0|0|1.79|    01/01/2022|5882|F|96|2|1|0|0|0|C|.096|6 |.59|6240|F||||||||||||||
636129|1|S-VA121PR HAMPTON ROADS CENTER PKWY||||S-VA121PR HAMPTON ROADS CENTER PKWY|Hampton Roads Center Pkwy||121|City of Newport News|121|City of Newport News|    Harpersville Rd; Terrace Dr| 646359|0|0|0|    WCL Hampton| 734334|0|0|.63|    01/01/2022|19733|A|99|0|0|0|0|0|C|.109|1 |.54|21315|A||||||||||||||
653283|0|S-VA121PR HARPERSVILLE RD||||S-VA121PR HARPERSVILLE RD|Harpersville Rd|Harpersville Rd|121|City of Newport News|121|City of Newport News|    Jefferson Ave| 646006|0|0|.878|    | 646365|0|0|1.804|    01/01/2022|20488|F|98|1|0|0|0|0|F|.098|6 |.52|21745|F||||||||||||||
653321|0|S-VA121PR HARPERSVILLE RD||||S-VA121PR HARPERSVILLE RD|Harpersville Rd|Harpersville Rd|121|City of Newport News|121|City of Newport News|    E-W Expressway| 646365|0|0|1.804|    | 646380|0|0|3.509|    01/01/2022|8271|F|98|1|0|0|0|0|C|.104|6 |.54|8774|F||||||||||||||
653320|0|S-VA121PR HARPERSVILLE RD||||S-VA121PR HARPERSVILLE RD|Harpersville Rd||121|City of Newport News|121|City of Newport News|    Harpersville Rd| 646380|0|0|3.509|    US 17 J Clyde Morris Blvd| 646001|0|0|4.039|    01/01/2022|9835|F|97|1|1|0|0|0|F|.092|6 |.52|10438|F||||||||||||||
653255|0|S-VA121PR JEFFERSON AVE||||S-VA121PR JEFFERSON AVE|Jefferson Ave|Jefferson Ave|121|City of Newport News|121|City of Newport News|    US 60, 25th St| 646137|0|0|.81|    | 646023|0|0|1.36|    01/01/2022|7287|F|95|2|1|1|1|0|C|.157|6 |.76|7730|F||||||||||||||
781679|0|S-VA121PR JEFFERSON AVE||||S-VA121PR JEFFERSON AVE|Jefferson Ave|Jefferson Ave|121|City of Newport News|121|City of Newport News|    121-3;  27Th Street| 646023|0|0|1.36|    US 60, 25th St| 646126|0|0|1.41|    01/01/2022|8433|F|97|1|1|0|0|0|F|.113|6 |.66|8945|F||||||||||||||
653316|0|S-VA121PR LUCAS CREEK RD||||S-VA121PR LUCAS CREEK RD|Lucas Creek Rd|Lucas Creek Rd|121|City of Newport News|121|City of Newport News|    Menchville Rd| 646189|0|0|0|    | 646201|0|0|1.36|    01/01/2022|3201|F|97|2|1|0|0|0|C|.098|6 |.55|3399|F||||||||||||||
653289|0|S-VA121PR LUCAS CREEK RD||||S-VA121PR LUCAS CREEK RD|Lucas Creek Rd|Lucas Creek Rd|121|City of Newport News|121|City of Newport News|    Colony Rd| 646201|0|0|1.36|    Jurisdiction Boundary: 121 City of Newport News / | 746465|0|0|2.45|    01/01/2022|4781|F|97|2|1|0|0|0|F|.087|6 |.51|5078|F||||||||||||||
653291|0|S-VA121PR MARSHALL AVE||||S-VA121PR MARSHALL AVE|Marshall Ave|Marshall Ave|121|City of Newport News|121|City of Newport News|    25th St| 646085|0|0|.6|    39th St| 646172|0|0|1.29|    01/01/2022|3937|F|95|3|1|0|0|0|F|.082|6 |.66|4178|F||||||||||||||
653337|0|S-VA121PR MARSHALL AVE||||S-VA121PR MARSHALL AVE|Marshall Ave|Marshall Ave|121|City of Newport News|121|City of Newport News|    39th St| 646172|0|0|1.29|    Richard Ct| 646238|0|0|2.37|    01/01/2022|6474|F|95|3|1|0|0|0|C|.089|6 |.51|6872|F||||||||||||||
653290|0|S-VA121PR MARSHALL AVE||||S-VA121PR MARSHALL AVE|Marshall Ave|Marshall Ave|121|City of Newport News|121|City of Newport News|    Richard Ct| 646238|0|0|2.37|    SWCL Hampton| 831005|0|0|3.4|    01/01/2022|4214|F|95|3|1|0|0|0|F|.093|6 |.53|4474|F||||||||||||||
653325|0|S-VA121PR MAXWELL LN||||S-VA121PR MAXWELL LN|Maxwell Ln|Maxwell Ln|121|City of Newport News|121|City of Newport News|    Normandy Lane|1066734|0|0|0|    Jurisdiction Boundary: 121 City of Newport News / |1066739|0|0|1.15|    01/01/2022|4902|F|97|1|1|0|0|0|C|.094|6 |.64|5202|F||||||||||||||
653410|0|S-VA121PR MCMANUS BLVD||||S-VA121PR MCMANUS BLVD|McManus Blvd|McManus Blvd|121|City of Newport News|121|City of Newport News|    Bland Blvd| 727301|0|0|0|    Denbigh Blvd| 646158|0|0|.94|    01/01/2022|6632|F|99|0|0|0|0|0|C|.095|6 |.63|7044|F||||||||||||||
653412|0|S-VA121PR MIDDLE GROUND BLVD||||S-VA121PR MIDDLE GROUND BLVD|Middle Ground Blvd|Middle Ground Blvd|121|City of Newport News|121|City of Newport News|    Jefferson Ave|1062727|0|0|0|    Jurisdiction Boundary: 121 City of Newport News / |1062724|0|0|.79|    01/01/2022|12156|F|97|1|1|0|0|0|C|.092|6 |.6|12901|F||||||||||||||
653413|0|S-VA121PR MOYER RD||||S-VA121PR MOYER RD|Moyer Rd|Moyer Rd|121|City of Newport News|121|City of Newport News|    Denbigh Blvd| 646142|0|0|0|    Jurisdiction Boundary: 121 City of Newport News / |1062847|0|0|1.57|    01/01/2022|2334|F|96|2|1|0|0|0|C|.093|6 |.6|2446|F||||||||||||||
653375|0|S-VA121PR OLD DENBIGH BLVD||||S-VA121PR OLD DENBIGH BLVD|Old Denbigh Blvd|Old Denbigh Blvd|121|City of Newport News|121|City of Newport News|    Denbigh Blvd|1064987|0|0|0|    York County Line| 910004|0|0|.6|    01/01/2022|7161|F|97|1|1|0|0|0|C|.1|6 |.54|7606|F||||||||||||||
781684|0|S-VA121PR OLD OYSTER PT RD||||S-VA121PR OLD OYSTER PT RD|Old Oyster Pt Rd|Old Oyster Point Rd|121|City of Newport News|121|City of Newport News|    121-12 Canon Blvd| 716448|0|0|0|    Lochaven Drive| 646394|0|0|.707|    01/01/2022|5197|F|97|1|1|0|0|0|F|.088|6 |.55|5515|F||||||||||||||
653418|0|S-VA121PR OLD OYSTER PT RD||||S-VA121PR OLD OYSTER PT RD|Old Oyster Pt Rd|Old Oyster Point Rd|121|City of Newport News|121|City of Newport News|    Lochaven Drive| 646394|0|0|.707|    Atkins Ln (pre-update)|1057937|0|0|1.557|    01/01/2022|5143|F|97|1|1|0|0|0|C|.096|6 |.5|5458|F||||||||||||||
653396|0|S-VA121PR ORCUTT AVE||||S-VA121PR ORCUTT AVE|Orcutt Ave|Orcutt Ave|121|City of Newport News|121|City of Newport News|    Briarfield Rd| 646260|0|0|1.751|    Paul St| 646256|0|0|2.126|    01/01/2022|1365|F|98|1|0|0|0|0|C|.095|6 |.56|1433|F||||||||||||||
653378|0|S-VA121PR ORCUTT AVE||||S-VA121PR ORCUTT AVE|Orcutt Ave|Orcutt Ave|121|City of Newport News|121|City of Newport News|    Paul St| 646256|0|0|2.126|    SWCLHampton| 831003|0|0|2.681|    01/01/2022|1548|F|97|1|1|0|0|0|C|.092|6 |.58|1624|F||||||||||||||
783017|0|S-VA121PR OYSTER POINT RD||||S-VA121PR OYSTER POINT RD|Oyster Point Rd|Oyster Point Rd|121|City of Newport News|121|City of Newport News|    US 60; Warwick Blvd|1058096|0|0|0|    SR 143; Jefferson Ave| 646114|0|0|1.03|    01/01/2022|33812|F|98|1|0|0|0|0|F|.086|6 |.57|35861|F||||||||||||||
653411|0|S-VA121PR RICHNECK RD||||S-VA121PR RICHNECK RD|Richneck Rd|Richneck Rd|121|City of Newport News|121|City of Newport News|    VA 173 Denbigh Blvd| 672151|0|0|.09|    VA 143 Jefferson Ave| 646117|0|0|.97|    01/01/2022|316|F|86|2|6|3|2|0|C|.099|6 |.79|335|F||||||||||||||
653414|0|S-VA121PR RICHNECK RD||||S-VA121PR RICHNECK RD|Richneck Rd|Richneck Rd|121|City of Newport News|121|City of Newport News|    VA 143 Jefferson Ave| 646117|0|0|.97|    | 671183|0|0|3.418|    01/01/2022|3609|F|86|2|6|3|2|0|F|.102|6 |.63|3830|F||||||||||||||
653415|0|S-VA121PR RIVER RD||||S-VA121PR RIVER RD|River Rd|River Rd|121|City of Newport News|121|City of Newport News|    Mercury Blvd| 718447|0|0|0|    |1066925|0|0|2.176|    01/01/2022|716|F|98|1|0|0|0|0|C|.148|6 |.58|760|F||||||||||||||
653302|0|S-VA121PR ROANOKE AVE||||S-VA121PR ROANOKE AVE|Roanoke Ave|Roanoke Ave|121|City of Newport News|121|City of Newport News|    16Th St| 646139|0|0|.2|    I-664| 646289|0|0|1.404|    01/01/2022|2303|G|97|1|0|0|0|0|F|.089|6 |.51|2444|G||||||||||||||
653301|0|S-VA121PR ROANOKE AVE||||S-VA121PR ROANOKE AVE|Roanoke Ave|Roanoke Ave|121|City of Newport News|121|City of Newport News|    I-664| 646289|0|0|1.404|    Briarfield Rd| 646264|0|0|2.55|    01/01/2022|2599|F|97|1|0|0|0|0|C|.098|6 |.67|2727|F||||||||||||||
653300|0|S-VA121PR ROANOKE AVE||||S-VA121PR ROANOKE AVE|Roanoke Ave|Roanoke Ave|121|City of Newport News|121|City of Newport News|    Briarfield Rd| 646264|0|0|2.55|    | 831006|0|0|3.49|    01/01/2022|2635|F|96|1|1|0|0|0|C|.103|6 |.62|2764|F||||||||||||||
653355|0|S-VA121PR SAUNDERS RD||||S-VA121PR SAUNDERS RD|Saunders Rd|Saunders Rd|121|City of Newport News|121|City of Newport News|    Harpersville Rd| 646380|0|0|0|    NWCL Hampton| 831010|0|0|.84|    01/01/2022|8395|F|98|1|1|0|0|0|C|.096|6 |.56|8909|F||||||||||||||
653305|0|S-VA121PR SHOE LN||||S-VA121PR SHOE LN|Shoe Ln|Shoe Ln|121|City of Newport News|121|City of Newport News|    Warwick Blvd|1258759|0|0|0|    Jurisdiction Boundary: 121 City of Newport News| 716352|0|0|.61|    01/01/2022|5243|F|98|1|0|0|0|0|C|.094|6 |.55|5562|F||||||||||||||
653416|0|S-VA121PR THIMBLE SHOALS BLVD||||S-VA121PR THIMBLE SHOALS BLVD|Thimble Shoals Blvd|Thimble Shoals Blvd|121|City of Newport News|121|City of Newport News|    Jefferson Ave| 702739|0|0|.147|    Pilot House Dr| 716549|0|0|1.1|    01/01/2022|12853|F|99|0|0|0|0|0|C|.098|6 |.59|13641|F||||||||||||||
653419|0|S-VA121PR THIMBLE SHOALS BLVD||||S-VA121PR THIMBLE SHOALS BLVD|Thimble Shoals Blvd|Thimble Shoals Blvd|121|City of Newport News|121|City of Newport News|    Pilot House Rd| 716549|0|0|1.1|    US 17 J Clyde Morris Blvd| 716548|0|0|1.34|    01/01/2022|6720|F|98|1|1|0|0|0|C|.102|6 |.66|7132|F||||||||||||||
781677|1|S-VA121PR WARWICK BLVD||||S-VA121PR WARWICK BLVD|Warwick Blvd|Warwick Bl vd|121|City of Newport News|121|City of Newport News|    23rd St|1060477|0|0|0|    Jurisdiction Boundary: 121 City of Newport News| 646025|0|0|.1|    01/01/2022|470|F|96|0|1|0|0|0|F|.173|6 |1|499|F||||||||||||||
653341|0|S-VA121PR WASHINGTON AVE||||S-VA121PR WASHINGTON AVE|Washington Ave|Washington Ave|121|City of Newport News|121|City of Newport News|    25Th St| 716396|0|0|0|    50Th St| 716441|0|0|1.24|    01/01/2022|3022|F|87|3|3|0|0|0|C|.11|6 |.55|3208|F||||||||||||||
