sep=|
- - 2022 AADT Report for Town of Cape Charles - -
LINKID|SEQUENCENUMBER|RTE_NM|RTE_NM_2|RTE_NM_3|RTE_NM_4|Host RTE_NM|Route Label|Street Name|Physical Jurisdiction|Physical Jurisdiciton Name|Maintenance Jurisdiction|Maintenance Jurisdiciton Name|    Start Label|Start Node|Start Node Route Sequence|Star tOffset|Start Milepoint|    End Label|End Node|End Node Route Sequence|End Offset|End Milepoint|    VPDDate|AADT|AADT Quality|Passenger Vehicle|Bus|Truck 2 Axle|Truck 3 Axle|Truck 1 Trailer|Truck 2 Trailer|Class Quality|K Factor|K Factor Quality|Direction Factor|AAWDT|AAWDT Quality|AADT Dir|AADT Quality Dir|PassengerVehicle Dir|Bus Dir|Truck 2 Axle Dir|Truck 3 Axle Dir|Truck 1 Trailer Dir|Truck 2 Trailer Dir|Class Quality Dir|K Factor Dir|K Factor Quality Dir|Direction Factor Dir|AAWDT Dir|AAWDT Quality Dir
050332|0|R-VA   SR00184EB||||R-VA   SR00184EB|VA 184|Bay Ave;Mason Ave|182|Town of Cape Charles|065|Northampton County|    65-1101 Pine St; 65-1106 Washington Ave| 488401|0|0|0|    | 488614|0|0|1.42|    01/01/2022|2770|F|97|0|1|1|0|0|C|.097|6 |.56|2712|F||||||||||||||
150214|0|R-VA   SR00184EB||||R-VA   SR00184EB|VA 184|Stone Rd|182|Town of Cape Charles|065|Northampton County|    Heritage Acres Ct| 488614|0|0|1.42|    Physical Jurisdiction Boundary: 182 Town of Cape Charles / 065 Northampton County|1157602|0|0|1.924|    01/01/2022|4809|F|98|0|1|0|1|0|C|.085|6 |.51|4699|F||||||||||||||
404367|0|R-VA065SC00642NB||||R-VA065SC00642NB|65-642|Old Cape Charles Rd|182|Town of Cape Charles|065|Northampton County|    |1276920|0|0|3.086|    Physical Jurisdiction Boundary: 065 Northampton County / 182 Town of Cape Charles| 488204|0|0|3.63|    01/01/2022|599|F|98|0|0|1|1|0|C|.097|6 |.57|586|F||||||||||||||
404368|0|R-VA065SC00642NB||||R-VA065SC00642NB|65-642|Old Cape Charles Rd|182|Town of Cape Charles|065|Northampton County|    65-1108 Bayshore Rd| 488204|0|0|3.63|    SR 184 Bay Ave; Mason Ave| 488206|0|0|3.88|    01/01/2022|1228|F|97|0|1|0|1|0|C|.116|6 |.53|1202|F||||||||||||||
756417|0|R-VA065SC00642NB||||R-VA065SC00642NB|65-642|Nectarine St|182|Town of Cape Charles|065|Northampton County|    SR 184 Bay Ave; Mason Ave| 488206|0|0|3.88|    65-1112 Randolph Ave| 488207|0|0|3.94|    08/03/2022|189|R|||||||X||24|||X||||||||||||||
756418|0|R-VA065SC00642NB||||R-VA065SC00642NB|65-642|Nectarine St|182|Town of Cape Charles|065|Northampton County|    65-1112 Randolph Ave| 488207|0|0|3.94|    65-1111 Tazewell Ave| 488208|0|0|4|    08/03/2022|161|R|||||||X||24|||X||||||||||||||
756419|0|R-VA065SC00642NB||||R-VA065SC00642NB|65-642|Nectarine St|182|Town of Cape Charles|065|Northampton County|    65-1111 Tazewell Ave| 488208|0|0|4|    65-1110 Monroe Ave| 488209|0|0|4.08|    08/03/2022|155|R|||||||X||24|||X||||||||||||||
756420|0|R-VA065SC00642NB||||R-VA065SC00642NB|65-642|Nectarine St|182|Town of Cape Charles|065|Northampton County|    65-1110 Monroe Ave| 488209|0|0|4.08|    65-1104 Madison Ave| 488210|0|0|4.15|    08/03/2022|125|R|||||||X||24|||X||||||||||||||
756421|0|R-VA065SC00642NB||||R-VA065SC00642NB|65-642|Nectarine St|182|Town of Cape Charles|065|Northampton County|    65-1104 Madison Ave| 488210|0|0|4.15|    65-1103 Jefferson Ave| 488211|0|0|4.2|    08/03/2022|64|R|||||||X||24|||X||||||||||||||
756422|0|R-VA065SC00642NB||||R-VA065SC00642NB|65-642|Nectarine St|182|Town of Cape Charles|065|Northampton County|    65-1103 Jefferson Ave| 488211|0|0|4.2|    65-1106 Washington Ave| 488212|0|0|4.27|    08/03/2022|110|R|||||||X||24|||X||||||||||||||
756602|0|R-VA065SC01101NB||||R-VA065SC01101NB|65-1101|Pine St|182|Town of Cape Charles|065|Northampton County|    SR 184 S, Bay Ave; Mason Ave| 488395|0|0|0|    65-1112 Randolph Ave| 488396|0|0|.06|    08/03/2022|762|R|||||||X||24|||X||||||||||||||
756603|0|R-VA065SC01101NB||||R-VA065SC01101NB|65-1101|Pine St|182|Town of Cape Charles|065|Northampton County|    65-1112 Randolph Ave| 488396|0|0|.06|    65-1111 Tazewell Ave| 488397|0|0|.12|    08/03/2022|451|R|||||||X||24|||X||||||||||||||
756604|0|R-VA065SC01101NB||||R-VA065SC01101NB|65-1101|Pine St|182|Town of Cape Charles|065|Northampton County|    65-1111 Tazewell Ave| 488397|0|0|.12|    65-1110 Monroe Ave| 488398|0|0|.18|    08/03/2022|209|R|||||||X||24|||X||||||||||||||
756605|0|R-VA065SC01101NB||||R-VA065SC01101NB|65-1101|Pine St|182|Town of Cape Charles|065|Northampton County|    65-1110 Monroe Ave| 488398|0|0|.18|    65-1104 Madison Ave| 488399|0|0|.25|    08/03/2022|102|R|||||||X||24|||X||||||||||||||
756606|0|R-VA065SC01101NB||||R-VA065SC01101NB|65-1101|Pine St|182|Town of Cape Charles|065|Northampton County|    65-1104 Madison Ave| 488399|0|0|.25|    65-1103 Jefferson Ave| 488400|0|0|.31|    08/03/2022|145|R|||||||X||24|||X||||||||||||||
756607|0|R-VA065SC01101NB||||R-VA065SC01101NB|65-1101|Pine St|182|Town of Cape Charles|065|Northampton County|    65-1103 Jefferson Ave| 488400|0|0|.31|    SR 184 N; 65-1106| 488401|0|0|.37|    08/03/2022|172|R|||||||X||24|||X||||||||||||||
756608|0|R-VA065SC01102NB||||R-VA065SC01102NB|65-1102|Strawberry St|182|Town of Cape Charles|065|Northampton County|    SR 184 Bay Ave; Mason Ave| 488402|0|0|0|    65-1112 Randolph Ave| 488403|0|0|.05|    08/03/2022|1079|R|||||||X||24|||X||||||||||||||
756609|0|R-VA065SC01102NB||||R-VA065SC01102NB|65-1102|Strawberry St|182|Town of Cape Charles|065|Northampton County|    65-1112 Randolph Ave| 488403|0|0|.05|    65-1111 Tazewell Ave| 488404|0|0|.11|    08/03/2022|858|R|||||||X||24|||X||||||||||||||
756610|0|R-VA065SC01102NB||||R-VA065SC01102NB|65-1102|Strawberry St|182|Town of Cape Charles|065|Northampton County|    65-1111 Tazewell Ave| 488404|0|0|.11|    65-1110 Monroe Ave| 488405|0|0|.17|    08/03/2022|351|R|||||||X||24|||X||||||||||||||
756611|0|R-VA065SC01102NB||||R-VA065SC01102NB|65-1102|Strawberry St|182|Town of Cape Charles|065|Northampton County|    65-1110 Monroe Ave| 488405|0|0|.17|    65-1115 Park Row| 488406|0|0|.2|    08/03/2022|449|R|||||||X||24|||X||||||||||||||
756612|0|R-VA065SC01102NB||||R-VA065SC01102NB|65-1102|Strawberry St|182|Town of Cape Charles|065|Northampton County|    65-1115 Park Row| 488406|0|0|.2|    65-1104 Madison Ave| 488407|0|0|.23|    08/03/2022|462|R|||||||X||24|||X||||||||||||||
756613|0|R-VA065SC01102NB||||R-VA065SC01102NB|65-1102|Strawberry St|182|Town of Cape Charles|065|Northampton County|    65-1104 Madison Ave| 488407|0|0|.23|    65-1103 Jefferson Ave| 488408|0|0|.29|    08/03/2022|117|R|||||||X||24|||X||||||||||||||
756614|0|R-VA065SC01102NB||||R-VA065SC01102NB|65-1102|Strawberry St|182|Town of Cape Charles|065|Northampton County|    65-1103 Jefferson Ave| 488408|0|0|.29|    65-1106 Washington Ave| 488409|0|0|.35|    08/03/2022|135|R|||||||X||24|||X||||||||||||||
756615|0|R-VA065SC01103EB||||R-VA065SC01103EB|65-1103|Jefferson Ave|182|Town of Cape Charles|065|Northampton County|    SR 184 Bay Ave; Mason Ave| 488410|0|0|0|    65-1107 Harbor St| 488411|0|0|.05|    08/03/2022|137|R|||||||X||24|||X||||||||||||||
756616|0|R-VA065SC01103EB||||R-VA065SC01103EB|65-1103|Jefferson Ave|182|Town of Cape Charles|065|Northampton County|    65-1107 Harbor St| 488411|0|0|.05|    65-1101 Pine St| 488400|0|0|.07|    08/03/2022|99|R|||||||X||24|||X||||||||||||||
756617|0|R-VA065SC01103EB||||R-VA065SC01103EB|65-1103|Jefferson Ave|182|Town of Cape Charles|065|Northampton County|    65-1101 Pine St| 488400|0|0|.07|    65-1102 Strawberry St| 488408|0|0|.2|    08/03/2022|159|R|||||||X||24|||X||||||||||||||
756618|0|R-VA065SC01103EB||||R-VA065SC01103EB|65-1103|Jefferson Ave|182|Town of Cape Charles|065|Northampton County|    65-1102 Strawberry St| 488408|0|0|.2|    65-1109 Peach St| 488412|0|0|.25|    08/03/2022|190|R|||||||X||24|||X||||||||||||||
756619|0|R-VA065SC01103EB||||R-VA065SC01103EB|65-1103|Jefferson Ave|182|Town of Cape Charles|065|Northampton County|    65-1109 Peach St| 488412|0|0|.25|    65-1113 Plum St| 488413|0|0|.31|    08/03/2022|235|R|||||||X||24|||X||||||||||||||
756620|0|R-VA065SC01103EB||||R-VA065SC01103EB|65-1103|Jefferson Ave|182|Town of Cape Charles|065|Northampton County|    65-1113 Plum St| 488413|0|0|.31|    65-642 Nectarine St| 488211|0|0|.43|    08/03/2022|225|R|||||||X||24|||X||||||||||||||
756621|0|R-VA065SC01103EB||||R-VA065SC01103EB|65-1103|Jefferson Ave|182|Town of Cape Charles|065|Northampton County|    65-642 Nectarine St| 488211|0|0|.43|    65-1105 Fig St| 488414|0|0|.55|    08/03/2022|278|R|||||||X||24|||X||||||||||||||
756622|0|R-VA065SC01104EB||||R-VA065SC01104EB|65-1104|Madison Ave|182|Town of Cape Charles|065|Northampton County|    SR 184 Bay Ave; Mason Ave| 488415|0|0|0|    65-1107 Harbor St| 488416|0|0|.05|    08/03/2022|167|R|||||||X||24|||X||||||||||||||
756623|0|R-VA065SC01104EB||||R-VA065SC01104EB|65-1104|Madison Ave|182|Town of Cape Charles|065|Northampton County|    65-1107 Harbor St| 488416|0|0|.05|    65-1101 Pine St| 488399|0|0|.09|    08/03/2022|136|R|||||||X||24|||X||||||||||||||
756624|0|R-VA065SC01104EB||||R-VA065SC01104EB|65-1104|Madison Ave|182|Town of Cape Charles|065|Northampton County|    65-1101 Pine St| 488399|0|0|.09|    65-1102 Strawberry St| 488407|0|0|.22|    08/03/2022|220|R|||||||X||24|||X||||||||||||||
756625|0|R-VA065SC01104EB||||R-VA065SC01104EB|65-1104|Madison Ave|182|Town of Cape Charles|065|Northampton County|    65-1102 Strawberry St| 488407|0|0|.22|    65-1109 Peach St| 488417|0|0|.28|    08/03/2022|307|R|||||||X||24|||X||||||||||||||
756626|0|R-VA065SC01104EB||||R-VA065SC01104EB|65-1104|Madison Ave|182|Town of Cape Charles|065|Northampton County|    65-1109 Peach St| 488417|0|0|.28|    65-1113 Plum St| 488418|0|0|.35|    08/03/2022|189|R|||||||X||24|||X||||||||||||||
756627|0|R-VA065SC01104EB||||R-VA065SC01104EB|65-1104|Madison Ave|182|Town of Cape Charles|065|Northampton County|    65-1113 Plum St| 488418|0|0|.35|    65-642 Nectarine St| 488210|0|0|.47|    08/03/2022|233|R|||||||X||24|||X||||||||||||||
756628|0|R-VA065SC01104EB||||R-VA065SC01104EB|65-1104|Madison Ave|182|Town of Cape Charles|065|Northampton County|    65-642 Nectarine St| 488210|0|0|.47|    65-1105 Fig St| 488419|0|0|.59|    08/03/2022|752|R|||||||X||24|||X||||||||||||||
756629|0|R-VA065SC01105NB||||R-VA065SC01105NB|65-1105|Fig St|182|Town of Cape Charles|065|Northampton County|    SR 184; 65-1112| 488420|0|0|0|    65-1110 Monroe Ave| 488422|0|0|.12|    08/03/2022|1505|R|||||||X||24|||X||||||||||||||
756630|0|R-VA065SC01105NB||||R-VA065SC01105NB|65-1105|Fig St|182|Town of Cape Charles|065|Northampton County|    65-1110 Monroe Ave| 488422|0|0|.12|    65-1103 Jefferson Ave| 488414|0|0|.27|    08/03/2022|913|R|||||||X||24|||X||||||||||||||
756631|0|R-VA065SC01105NB||||R-VA065SC01105NB|65-1105|Fig St|182|Town of Cape Charles|065|Northampton County|    65-1103 Jefferson Ave| 488414|0|0|.27|    Dead End|1158201|0|0|.61|    08/03/2022|765|R|||||||X||24|||X||||||||||||||
756632|0|R-VA065SC01106EB||||R-VA065SC01106EB|65-1106|Washington Ave|182|Town of Cape Charles|065|Northampton County|    SR 184; 65-1101| 488401|0|0|0|    65-1102 Strawberry St| 488409|0|0|.13|    08/03/2022|376|R|||||||X||24|||X||||||||||||||
756633|0|R-VA065SC01106EB||||R-VA065SC01106EB|65-1106|Washington Ave|182|Town of Cape Charles|065|Northampton County|    65-1102 Strawberry St| 488409|0|0|.13|    65-1109 Peach St| 488425|0|0|.19|    08/03/2022|392|R|||||||X||24|||X||||||||||||||
756634|0|R-VA065SC01106EB||||R-VA065SC01106EB|65-1106|Washington Ave|182|Town of Cape Charles|065|Northampton County|    65-1109 Peach St| 488425|0|0|.19|    65-1113 Plum St| 488426|0|0|.25|    08/03/2022|446|R|||||||X||24|||X||||||||||||||
756635|0|R-VA065SC01106EB||||R-VA065SC01106EB|65-1106|Washington Ave|182|Town of Cape Charles|065|Northampton County|    65-1113 Plum St| 488426|0|0|.25|    65-642 Nectarine St| 488212|0|0|.37|    08/03/2022|456|R|||||||X||24|||X||||||||||||||
756636|0|R-VA065SC01106EB||||R-VA065SC01106EB|65-1106|Washington Ave|182|Town of Cape Charles|065|Northampton County|    65-642 Nectarine St| 488212|0|0|.37|    65-1105 Fig St| 488423|0|0|.49|    08/03/2022|329|R|||||||X||24|||X||||||||||||||
756637|0|R-VA065SC01107NB||||R-VA065SC01107NB|65-1107|Harbor Ave|182|Town of Cape Charles|065|Northampton County|    SR 184 Bay Ave; Mason Ave| 488427|0|0|0|    65-1112 Randolph Ave| 488428|0|0|.06|    08/03/2022|358|R|||||||X||24|||X||||||||||||||
756638|0|R-VA065SC01107NB||||R-VA065SC01107NB|65-1107|Harbor Ave|182|Town of Cape Charles|065|Northampton County|    65-1112 Randolph Ave| 488428|0|0|.06|    65-1111 Tazewell Ave| 488429|0|0|.12|    08/03/2022|239|R|||||||X||24|||X||||||||||||||
756639|0|R-VA065SC01107NB||||R-VA065SC01107NB|65-1107|Harbor Ave|182|Town of Cape Charles|065|Northampton County|    65-1111 Tazewell Ave| 488429|0|0|.12|    65-1110 Monroe Ave| 488430|0|0|.18|    08/03/2022|261|R|||||||X||24|||X||||||||||||||
756640|0|R-VA065SC01107NB||||R-VA065SC01107NB|65-1107|Harbor Ave|182|Town of Cape Charles|065|Northampton County|    65-1110 Monroe Ave| 488430|0|0|.18|    65-1104 Madison Ave| 488416|0|0|.25|    08/04/2022|231|R|||||||X||24|||X||||||||||||||
756641|0|R-VA065SC01107NB||||R-VA065SC01107NB|65-1107|Harbor Ave|182|Town of Cape Charles|065|Northampton County|    65-1104 Madison Ave| 488416|0|0|.25|    65-1103 Jefferson Ave| 488411|0|0|.31|    08/04/2022|218|R|||||||X||24|||X||||||||||||||
756642|0|R-VA065SC01108EB||||R-VA065SC01108EB|65-1108|Marina Dr|182|Town of Cape Charles|065|Northampton County|    Dead End| 488578|0|0|0|    65-1116| 488431|0|0|.23|    08/04/2022|142|R|||||||X||24|||X||||||||||||||
756643|0|R-VA065SC01108EB||||R-VA065SC01108EB|65-1108|Marina Dr|182|Town of Cape Charles|065|Northampton County|    65-1116| 488431|0|0|.23|    65-642 Old Cape Charles Rd| 488204|0|0|.55|    08/04/2022|1139|R|||||||X||24|||X||||||||||||||
756644|0|R-VA065SC01109NB||||R-VA065SC01109NB|65-1109|Peach St|182|Town of Cape Charles|065|Northampton County|    SR 184 Bay Ave; Mason Ave| 488432|0|0|0|    65-1112 Randolph Ave| 488433|0|0|.05|    08/04/2022|356|R|||||||X||24|||X||||||||||||||
756645|0|R-VA065SC01109NB||||R-VA065SC01109NB|65-1109|Peach St|182|Town of Cape Charles|065|Northampton County|    65-1112 Randolph Ave| 488433|0|0|.05|    65-1111 Tazewell Ave| 488434|0|0|.1|    08/04/2022|142|R|||||||X||24|||X||||||||||||||
756646|0|R-VA065SC01109NB||||R-VA065SC01109NB|65-1109|Peach St|182|Town of Cape Charles|065|Northampton County|    65-1111 Tazewell Ave| 488434|0|0|.1|    Dead End; Gap| 488579|0|0|.13|    08/04/2022|178|R|||||||X||24|||X||||||||||||||
756647|0|R-VA065SC01109NB||||R-VA065SC01109NB|65-1109|Peach St|182|Town of Cape Charles|065|Northampton County|    65-1104 Madison Ave; Gap| 488417|0|0|.13|    65-1103 Jefferson Ave| 488412|0|0|.19|    08/04/2022|145|R|||||||X||24|||X||||||||||||||
756648|0|R-VA065SC01109NB||||R-VA065SC01109NB|65-1109|Peach St|182|Town of Cape Charles|065|Northampton County|    65-1103 Jefferson Ave| 488412|0|0|.19|    65-1106 Washington Ave| 488425|0|0|.25|    08/04/2022|121|R|||||||X||24|||X||||||||||||||
756649|0|R-VA065SC01110EB||||R-VA065SC01110EB|65-1110|Monroe Ave|182|Town of Cape Charles|065|Northampton County|    SR 184 Bay Ave; Mason Ave|1077974|0|0|0|    65-1107 Harbor Ave| 488430|0|0|.06|    08/04/2022|234|R|||||||X||24|||X||||||||||||||
756650|0|R-VA065SC01110EB||||R-VA065SC01110EB|65-1110|Monroe Ave|182|Town of Cape Charles|065|Northampton County|    65-1107 Harbor Ave| 488430|0|0|.06|    65-1101 Pine St| 488398|0|0|.09|    08/04/2022|271|R|||||||X||24|||X||||||||||||||
756651|0|R-VA065SC01110EB||||R-VA065SC01110EB|65-1110|Monroe Ave|182|Town of Cape Charles|065|Northampton County|    65-1101 Pine St| 488398|0|0|.09|    65-1102 Strawberry St; Gap| 488405|0|0|.2|    08/04/2022|162|R|||||||X||24|||X||||||||||||||
756652|0|R-VA065SC01110EB||||R-VA065SC01110EB|65-1110|Monroe Ave|182|Town of Cape Charles|065|Northampton County|    65-1113 Plum St; Gap| 488436|0|0|.2|    65-642 Nectarine St| 488209|0|0|.31|    08/03/2022|193|R|||||||X||24|||X||||||||||||||
756653|0|R-VA065SC01110EB||||R-VA065SC01110EB|65-1110|Monroe Ave|182|Town of Cape Charles|065|Northampton County|    65-642 Nectarine St| 488209|0|0|.31|    65-1105 Fig St| 488422|0|0|.42|    08/03/2022|280|R|||||||X||24|||X||||||||||||||
756654|0|R-VA065SC01110EB||||R-VA065SC01110EB|65-1110|Monroe Ave|182|Town of Cape Charles|065|Northampton County|    65-1105 Fig St| 488422|0|0|.42|    65-1114 Fulcher St| 488437|0|0|.51|    08/03/2022|218|R|||||||X||24|||X||||||||||||||
756655|0|R-VA065SC01111EB||||R-VA065SC01111EB|65-1111|Tazewell Ave|182|Town of Cape Charles|065|Northampton County|    SR 184 Bay Ave; Mason Ave| 488438|0|0|0|    65-1107 Harbor St| 488429|0|0|.07|    08/03/2022|158|R|||||||X||24|||X||||||||||||||
756656|0|R-VA065SC01111EB||||R-VA065SC01111EB|65-1111|Tazewell Ave|182|Town of Cape Charles|065|Northampton County|    65-1107 Harbor St| 488429|0|0|.07|    65-1101 Pine St| 488397|0|0|.12|    08/03/2022|251|R|||||||X||24|||X||||||||||||||
756657|0|R-VA065SC01111EB||||R-VA065SC01111EB|65-1111|Tazewell Ave|182|Town of Cape Charles|065|Northampton County|    65-1101 Pine St| 488397|0|0|.12|    65-1109 Peach St| 488434|0|0|.29|    08/03/2022|251|R|||||||X||24|||X||||||||||||||
756658|0|R-VA065SC01111EB||||R-VA065SC01111EB|65-1111|Tazewell Ave|182|Town of Cape Charles|065|Northampton County|    65-1109 Peach St| 488434|0|0|.29|    65-1113 Plum St| 488439|0|0|.36|    08/03/2022|455|R|||||||X||24|||X||||||||||||||
756659|0|R-VA065SC01111EB||||R-VA065SC01111EB|65-1111|Tazewell Ave|182|Town of Cape Charles|065|Northampton County|    65-1113 Plum St| 488439|0|0|.36|    65-642 Nectarine St| 488208|0|0|.48|    08/03/2022|339|R|||||||X||24|||X||||||||||||||
756660|0|R-VA065SC01111EB||||R-VA065SC01111EB|65-1111|Tazewell Ave|182|Town of Cape Charles|065|Northampton County|    65-642 Nectarine St| 488208|0|0|.48|    65-1105 Fig St| 488421|0|0|.6|    08/03/2022|377|R|||||||X||24|||X||||||||||||||
756661|0|R-VA065SC01111EB||||R-VA065SC01111EB|65-1111|Tazewell Ave|182|Town of Cape Charles|065|Northampton County|    65-1105 Fig St| 488421|0|0|.6|    65-1114 Fulcher St| 488440|0|0|.7|    08/03/2022|348|R|||||||X||24|||X||||||||||||||
756662|0|R-VA065SC01112EB||||R-VA065SC01112EB|65-1112|Randolph Ave|182|Town of Cape Charles|065|Northampton County|    SR 184 Bay Ave; Mason Ave| 488441|0|0|0|    65-1107 Harbor Ave| 488428|0|0|.08|    09/08/2022|326|R|||||||X||24|||X||||||||||||||
756663|0|R-VA065SC01112EB||||R-VA065SC01112EB|65-1112|Randolph Ave|182|Town of Cape Charles|065|Northampton County|    65-1107 Harbor Ave| 488428|0|0|.08|    65-1101 Pine St| 488396|0|0|.14|    09/08/2022|378|R|||||||X||24|||X||||||||||||||
756664|0|R-VA065SC01112EB||||R-VA065SC01112EB|65-1112|Randolph Ave|182|Town of Cape Charles|065|Northampton County|    65-1101 Pine St| 488396|0|0|.14|    65-1102 Strawberry St| 488403|0|0|.25|    09/08/2022|864|R|||||||X||24|||X||||||||||||||
756665|0|R-VA065SC01112EB||||R-VA065SC01112EB|65-1112|Randolph Ave|182|Town of Cape Charles|065|Northampton County|    65-1102 Strawberry St| 488403|0|0|.25|    65-1109 Peach St| 488433|0|0|.31|    09/08/2022|1044|R|||||||X||24|||X||||||||||||||
756666|0|R-VA065SC01112EB||||R-VA065SC01112EB|65-1112|Randolph Ave|182|Town of Cape Charles|065|Northampton County|    65-1109 Peach St| 488433|0|0|.31|    65-1113 Plum St| 488442|0|0|.38|    09/08/2022|1175|R|||||||X||24|||X||||||||||||||
756667|0|R-VA065SC01112EB||||R-VA065SC01112EB|65-1112|Randolph Ave|182|Town of Cape Charles|065|Northampton County|    65-1113 Plum St| 488442|0|0|.38|    65-642 Nectarine St| 488207|0|0|.5|    09/08/2022|1238|R|||||||X||24|||X||||||||||||||
756668|0|R-VA065SC01112EB||||R-VA065SC01112EB|65-1112|Randolph Ave|182|Town of Cape Charles|065|Northampton County|    65-642 Nectarine St| 488207|0|0|.5|    SR 184; 65-1105| 488420|0|0|.62|    09/08/2022|1549|R|||||||X||24|||X||||||||||||||
756669|0|R-VA065SC01113NB||||R-VA065SC01113NB|65-1113|Plum St|182|Town of Cape Charles|065|Northampton County|    SR 184 Bay Ave; Mason Ave| 488443|0|0|0|    65-1112 Randolph Ave| 488442|0|0|.05|    08/04/2022|372|R|||||||X||24|||X||||||||||||||
756670|0|R-VA065SC01113NB||||R-VA065SC01113NB|65-1113|Plum St|182|Town of Cape Charles|065|Northampton County|    65-1112 Randolph Ave| 488442|0|0|.05|    65-1111 Tazewell Ave| 488439|0|0|.1|    08/04/2022|428|R|||||||X||24|||X||||||||||||||
756671|0|R-VA065SC01113NB||||R-VA065SC01113NB|65-1113|Plum St|182|Town of Cape Charles|065|Northampton County|    65-1111 Tazewell Ave| 488439|0|0|.1|    65-1110 Monroe Ave| 488436|0|0|.16|    08/04/2022|275|R|||||||X||24|||X||||||||||||||
756672|0|R-VA065SC01113NB||||R-VA065SC01113NB|65-1113|Plum St|182|Town of Cape Charles|065|Northampton County|    65-1110 Monroe Ave| 488436|0|0|.16|    65-1104 Madison Ave| 488418|0|0|.23|    08/04/2022|426|R|||||||X||24|||X||||||||||||||
756673|0|R-VA065SC01113NB||||R-VA065SC01113NB|65-1113|Plum St|182|Town of Cape Charles|065|Northampton County|    65-1104 Madison Ave| 488418|0|0|.23|    65-1103 Jefferson Ave| 488413|0|0|.29|    08/04/2022|333|R|||||||X||24|||X||||||||||||||
756674|0|R-VA065SC01113NB||||R-VA065SC01113NB|65-1113|Plum St|182|Town of Cape Charles|065|Northampton County|    65-1103 Jefferson Ave| 488413|0|0|.29|    65-1106 Washington Ave| 488426|0|0|.34|    08/04/2022|391|R|||||||X||24|||X||||||||||||||
756675|0|R-VA065SC01114NB||||R-VA065SC01114NB|65-1114|Fulcher St|182|Town of Cape Charles|065|Northampton County|    SR 184 Stone Rd| 488444|0|0|0|    65-1111 Tazewell Ave| 488440|0|0|.08|    08/03/2022|353|R|||||||X||24|||X||||||||||||||
756676|0|R-VA065SC01114NB||||R-VA065SC01114NB|65-1114|Fulcher St|182|Town of Cape Charles|065|Northampton County|    65-1111 Tazewell Ave| 488440|0|0|.08|    65-1110 Monroe Ave| 488437|0|0|.15|    08/03/2022|237|R|||||||X||24|||X||||||||||||||
756677|0|R-VA065SC01115EB||||R-VA065SC01115EB|65-1115|Park Row|182|Town of Cape Charles|065|Northampton County|    65-1102 Strawberry St| 488406|0|0|0|    Dead End| 488580|0|0|.06|    09/13/2022|69|R|||||||X||24|||X||||||||||||||
756678|0|R-VA065SC01116EB||||R-VA065SC01116EB|65-1116| |182|Town of Cape Charles|065|Northampton County|    Dead End| 488581|0|0|0|    65-1108 Marina Dr| 488431|0|0|.08|    09/13/2022|962|R|||||||X||24|||X||||||||||||||
794991|0|R-VA065SC01117NB||||R-VA065SC01117NB|65-1117|Bay Shore Rd|182|Town of Cape Charles|065|Northampton County|    Dead End| 748505|0|0|0|    65-1108 Marina Dr|1157554|0|0|.18|    04/21/2016|612|R|||||||X||24|||X||||||||||||||
