sep=|
- - 2022 AADT Report for Town of Edinburg - -
LINKID|SEQUENCENUMBER|RTE_NM|RTE_NM_2|RTE_NM_3|RTE_NM_4|Host RTE_NM|Route Label|Street Name|Physical Jurisdiction|Physical Jurisdiciton Name|Maintenance Jurisdiction|Maintenance Jurisdiciton Name|    Start Label|Start Node|Start Node Route Sequence|Star tOffset|Start Milepoint|    End Label|End Node|End Node Route Sequence|End Offset|End Milepoint|    VPDDate|AADT|AADT Quality|Passenger Vehicle|Bus|Truck 2 Axle|Truck 3 Axle|Truck 1 Trailer|Truck 2 Trailer|Class Quality|K Factor|K Factor Quality|Direction Factor|AAWDT|AAWDT Quality|AADT Dir|AADT Quality Dir|PassengerVehicle Dir|Bus Dir|Truck 2 Axle Dir|Truck 3 Axle Dir|Truck 1 Trailer Dir|Truck 2 Trailer Dir|Class Quality Dir|K Factor Dir|K Factor Quality Dir|Direction Factor Dir|AAWDT Dir|AAWDT Quality Dir
150215|0|R-VA   SR00185EB||||R-VA   SR00185EB|VA 185|Stoney Creek Blvd|215|Town of Edinburg|085|Shenandoah County|    | 602079|0|0|.34|    US 11 Main St| 602045|0|0|1|    01/01/2022|5150|G|93|0|1|2|4|0|F|.092|6 |.53|5483|G||||||||||||||
080186|0|R-VA   US00011NB||||R-VA   US00011NB|US 11|Main St|215|Town of Edinburg|085|Shenandoah County|    | 602046|0|0|294.51|    SR 185 Stoney Creek Blvd| 602045|0|0|294.79|    01/01/2022|5921|G|96|0|1|1|1|0|F|.093|6 |.5|5929|G||||||||||||||
080484|0|R-VA   US00011NB||||R-VA   US00011NB|US 11|Main St|215|Town of Edinburg|085|Shenandoah County|    SR 185 Stoney Creek Blvd| 602045|0|0|294.79|    Physical Jurisdiction Boundary: 215 Town of Edinburg / 085 Shenandoah County| 602042|0|0|295.58|    01/01/2022|6771|G|96|0|1|1|1|0|C|.089|6 |.52|7178|G||||||||||||||
770579|0|R-VA085SC00675EB||||R-VA085SC00675EB|85-675|Picadilly St|215|Town of Edinburg|085|Shenandoah County|    SR 185 MID, Stoney Creek Blvd| 601813|0|0|11.85|    Railroad Track; Gap| 601814|0|0|11.99|    07/22/2020|163|R|||||||X||24|||X||||||||||||||
770580|0|R-VA085SC00675EB||||R-VA085SC00675EB|85-675|Picadilly St|215|Town of Edinburg|085|Shenandoah County|    Dead End; Railroad Track; Gap| 601815|0|0|11.99|    85-1402, South High St| 601285|0|0|12.11|    11/29/2017|354|R|||||||X||24|||X||||||||||||||
302774|0|R-VA085SC00675EB||||R-VA085SC00675EB|85-675|Picadilly St|215|Town of Edinburg|085|Shenandoah County|    85-1402, South High St| 601285|0|0|12.11|    SR 185 S, Stoney Creek Blvd| 601816|0|0|12.16|    01/01/2022|72|G|92|0|1|2|4|0|F|.146|6 |.56|76|G||||||||||||||
302775|0|R-VA085SC00675EB||||R-VA085SC00675EB|85-675|Fort Rd|215|Town of Edinburg|085|Shenandoah County|    US 11 Main St| 601286|0|0|12.16|    ECL Edinburg| 601288|0|0|12.33|    01/01/2022|2404|G|98|0|1|1|1|0|C|.093|6 |.59|2558|G||||||||||||||
302793|0|R-VA085SC00698NB||||R-VA085SC00698NB|85-698|Palmyra Church Rd|215|Town of Edinburg|085|Shenandoah County|    ECL Edinburg| 601373|0|0|13.01|    85-1419 Palmyra Rd| 601372|0|0|13.12|    01/01/2022|534|G|99|0|1|0|0|0|C|.099|6 |.51|569|G||||||||||||||
770661|0|R-VA085SC00698NB||||R-VA085SC00698NB|85-698|Palmyra Church Rd|215|Town of Edinburg|085|Shenandoah County|    85-1419 Palmyra Rd| 601372|0|0|13.12|    Physical Jurisdiction Boundary: 215 Town of Edinburg / 085 Shenandoah County| 601371|0|0|13.17|    07/22/2020|459|R|||||||X||24|||X||||||||||||||
302808|0|R-VA085SC00760EB||||R-VA085SC00760EB|85-760|Water St|215|Town of Edinburg|085|Shenandoah County|    US 11 Main St| 601518|0|0|0|    85-1419 Palmyra Rd| 601519|0|0|.05|    01/01/2022|195|G|90|4|2|0|0|0|C|.127|6 |1|207|G||||||||||||||
770822|0|R-VA085SC00760EB||||R-VA085SC00760EB|85-760|Water St|215|Town of Edinburg|085|Shenandoah County|    85-1419 Palmyra Rd| 601519|0|0|.05|    85-1407 Hisey St| 601520|0|0|.08|    07/22/2020|509|R|||||||X||24|||X||||||||||||||
770823|0|R-VA085SC00760EB||||R-VA085SC00760EB|85-760|Water St|215|Town of Edinburg|085|Shenandoah County|    85-1407 Hisey St| 601520|0|0|.08|    85-1403 Walnut St| 601521|0|0|.25|    11/29/2017|178|R|||||||X||24|||X||||||||||||||
770824|0|R-VA085SC00760EB||||R-VA085SC00760EB|85-760|Water St|215|Town of Edinburg|085|Shenandoah County|    85-1403 Walnut St| 601521|0|0|.25|    ECL Edinburg| 601522|0|0|.39|    07/22/2020|89|R|||||||X||24|||X||||||||||||||
770872|0|R-VA085SC00784NB||||R-VA085SC00784NB|85-784|South Grove Ave|215|Town of Edinburg|085|Shenandoah County|    Dead End| 601554|0|0|0|    85-675; 85-797|1143335|0|0|.29|    03/09/2020|90|T|||||||X||24|||X||||||||||||||
770888|0|R-VA085SC00797NB||||R-VA085SC00797NB|85-797|North Grove Ave|215|Town of Edinburg|085|Shenandoah County|    85-675; 85-784| 601287|0|0|0|    Dead End| 601982|0|0|.1|    03/09/2020|50|T|||||||X||24|||X||||||||||||||
771069|0|R-VA085SC01401NB||||R-VA085SC01401NB|85-1401|Shenandoah Ave|215|Town of Edinburg|085|Shenandoah County|    85-675 Stoney Creek Rd| 601283|0|0|0|    Dead End| 601971|0|0|.27|    07/20/2011|600|R|||||||X||24|||X||||||||||||||
771070|0|R-VA085SC01402EB||||R-VA085SC01402EB|85-1402|South High St|215|Town of Edinburg|085|Shenandoah County|    0.02 MW 85-675 Stoney Creek Rd| 601972|0|0|0|    85-675 Piccadilly St| 601285|0|0|.02|    01/01/1991|150|R|||||||X||24|||X||||||||||||||
302822|0|R-VA085SC01402EB||||R-VA085SC01402EB|85-1402|North High St|215|Town of Edinburg|085|Shenandoah County|    85-675 Piccadilly St| 601285|0|0|.02|    Comer St| 601973|0|0|.32|    01/01/2022|358|G|96|3|1|0|0|0|C|.129|6 |.56|381|G||||||||||||||
771071|0|R-VA085SC01403NB||||R-VA085SC01403NB|85-1403|Walnut St|215|Town of Edinburg|085|Shenandoah County|    85-760 Water St| 601521|0|0|0|    US 11 Main St| 601757|0|0|.08|    11/29/2017|249|R|||||||X||24|||X||||||||||||||
771072|0|R-VA085SC01404EB||||R-VA085SC01404EB|85-1404|Winfred St|215|Town of Edinburg|085|Shenandoah County|    Dead End| 601759|0|0|0|    US 11 Main St| 601758|0|0|.15|    03/09/2020|35|T|||||||X||24|||X||||||||||||||
771073|0|R-VA085SC01405EB||||R-VA085SC01405EB|85-1405|Printz St|215|Town of Edinburg|085|Shenandoah County|    SR 185 Stoney Creek Blvd| 602082|0|0|0|    85-675 Stoney Creek Rd| 601284|0|0|.05|    07/22/2020|497|R|||||||X||24|||X||||||||||||||
771074|0|R-VA085SC01405EB||||R-VA085SC01405EB|85-1405|Printz St|215|Town of Edinburg|085|Shenandoah County|    85-675 Stoney Creek Rd| 601284|0|0|.05|    Dead End| 601974|0|0|.14|    11/29/2017|454|R|||||||X||24|||X||||||||||||||
771075|0|R-VA085SC01406EB||||R-VA085SC01406EB|85-1406|South Wissen St|215|Town of Edinburg|085|Shenandoah County|    85-1414 Orchard St| 601760|0|0|0|    85-1419 Palmyra Rd| 601761|0|0|.12|    07/20/2011|85|R|||||||X||24|||X||||||||||||||
771076|0|R-VA085SC01406EB||||R-VA085SC01406EB|85-1406|South Wissen St|215|Town of Edinburg|085|Shenandoah County|    85-1419 Palmyra Rd| 601761|0|0|.12|    Dead End| 601975|0|0|.33|    07/22/2020|118|R|||||||X||24|||X||||||||||||||
771077|0|R-VA085SC01407NB||||R-VA085SC01407NB|85-1407|Hisey St|215|Town of Edinburg|085|Shenandoah County|    85-760 Water St| 601520|0|0|0|    US 11 Main St| 601762|0|0|.04|    11/29/2017|556|R|||||||X||24|||X||||||||||||||
771078|0|R-VA085SC01408EB||||R-VA085SC01408EB|85-1408|Massanutten St|215|Town of Edinburg|085|Shenandoah County|    85-1414 Orchard St| 601764|0|0|0|    85-1419 Palmyra Rd| 601763|0|0|.12|    09/10/2014|80|R|||||||X||24|||X||||||||||||||
771080|0|R-VA085SC01410NB||||R-VA085SC01410NB|85-1410|Windsor Knit Rd|215|Town of Edinburg|085|Shenandoah County|    SR 185 Stoney Creek Blvd| 601766|0|0|0|    85-1412 Molneu Rd| 601768|0|0|.215|    07/22/2020|976|R|||||||X||24|||X||||||||||||||
771081|0|R-VA085SC01410NB||||R-VA085SC01410NB|85-1410||215|Town of Edinburg|085|Shenandoah County|    85-1412 Molneu Rd| 601768|0|0|.215|    Physical Jurisdiction Boundary: 215 Town of Edinburg / 085 Shenandoah County|1276891|0|0|.355|    11/29/2017|900|R|||||||X||24|||X||||||||||||||
771084|0|R-VA085SC01413EB||||R-VA085SC01413EB|85-1413|Koontz St|215|Town of Edinburg|085|Shenandoah County|    85-1401 Shenandoah Ave| 601755|0|0|0|    Dead End| 601978|0|0|.05|    09/15/2014|79|R|||||||X||24|||X||||||||||||||
771085|0|R-VA085SC01414NB||||R-VA085SC01414NB|85-1414|Orchard St|215|Town of Edinburg|085|Shenandoah County|    85-1408 Massanutten St| 601764|0|0|0|    85-1406 South Wissen St| 601760|0|0|.04|    07/20/2011|37|R|||||||X||24|||X||||||||||||||
771086|0|R-VA085SC01415EB||||R-VA085SC01415EB|85-1415|Palmyra Rd Ext|215|Town of Edinburg|085|Shenandoah County|    85-1419 Palmyra Rd| 601770|0|0|0|    Dead End| 601979|0|0|.06|    08/29/2017|5|T|||||||X||24|||X||||||||||||||
771089|0|R-VA085SC01417EB||||R-VA085SC01417EB|85-1417|Cooper St|215|Town of Edinburg|085|Shenandoah County|    SCL Edinburg| 601772|0|0|.04|    0.07 ME of SCL| 601772|0|.07|.11|    09/10/2014|56|R|||||||X||24|||X||||||||||||||
771090|0|R-VA085SC01417EB||||R-VA085SC01417EB|85-1417|Cooper St|215|Town of Edinburg|085|Shenandoah County|    0.07 ME of SCL| 601772|0|.07|.11|    85-1419 Palmyra Rd| 601771|0|0|.19|    09/10/2014|56|R|||||||X||24|||X||||||||||||||
771091|0|R-VA085SC01418NB||||R-VA085SC01418NB|85-1418|Mill Rd|215|Town of Edinburg|085|Shenandoah County|    Dead End| 601774|0|0|0|    Physical Jurisdiction Boundary: 215 Town of Edinburg / 085 Shenandoah County| 601773|0|0|.08|    11/29/2017|781|R|||||||X||24|||X||||||||||||||
302823|0|R-VA085SC01419NB||||R-VA085SC01419NB|85-1419|Palmyra Rd|215|Town of Edinburg|085|Shenandoah County|    85-698 Palmyra Church Rd| 601372|0|0|0|    85-1417 Cooper St| 601771|0|0|.1|    01/01/2022|299|G|97|0|1|1|0|0|C|.108|6 |.62|319|G||||||||||||||
302824|0|R-VA085SC01419NB||||R-VA085SC01419NB|85-1419|Palmyra Rd|215|Town of Edinburg|085|Shenandoah County|    85-1417 Cooper St| 601771|0|0|.1|    85-760 Water St| 601519|0|0|.4|    01/01/2022|462|G|97|0|1|1|0|0|F|.12|6 |.52|490|G||||||||||||||
771092|0|R-VA085SC01420EB||||R-VA085SC01420EB|85-1420|Jackson St|215|Town of Edinburg|085|Shenandoah County|    85-1401 Shenandoah Ave| 601756|0|0|0|    Dead End| 601980|0|0|.13|    03/09/2020|70|T|||||||X||24|||X||||||||||||||
803218|0|R-VA085SC01426EB||||R-VA085SC01426EB|85-1426| |215|Town of Edinburg|085|Shenandoah County|    US 11 Main St| 755570|0|0|0|    85-1427; 85-1428| 755571|0|0|.05|    03/09/2020|210|R|||||||X||24|||X||||||||||||||
803219|0|R-VA085SC01427NB||||R-VA085SC01427NB|85-1427| |215|Town of Edinburg|085|Shenandoah County|    85-1426| 755571|0|0|0|    Cul-de-Sac, End State Maintenance| 755573|0|0|.12|    03/09/2020|130|T|||||||X||24|||X||||||||||||||
803220|0|R-VA085SC01428NB||||R-VA085SC01428NB|85-1428| |215|Town of Edinburg|085|Shenandoah County|    Cul-de-Sac, End State Maintenance| 755572|0|0|0|    85-1426| 755571|0|0|.07|    03/09/2020|80|T|||||||X||24|||X||||||||||||||
