sep=|
- - 2022 AADT Report for Town of Chase City - -
LINKID|SEQUENCENUMBER|RTE_NM|RTE_NM_2|RTE_NM_3|RTE_NM_4|Host RTE_NM|Route Label|Street Name|Physical Jurisdiction|Physical Jurisdiciton Name|Maintenance Jurisdiction|Maintenance Jurisdiciton Name|    Start Label|Start Node|Start Node Route Sequence|Star tOffset|Start Milepoint|    End Label|End Node|End Node Route Sequence|End Offset|End Milepoint|    VPDDate|AADT|AADT Quality|Passenger Vehicle|Bus|Truck 2 Axle|Truck 3 Axle|Truck 1 Trailer|Truck 2 Trailer|Class Quality|K Factor|K Factor Quality|Direction Factor|AAWDT|AAWDT Quality|AADT Dir|AADT Quality Dir|PassengerVehicle Dir|Bus Dir|Truck 2 Axle Dir|Truck 3 Axle Dir|Truck 1 Trailer Dir|Truck 2 Trailer Dir|Class Quality Dir|K Factor Dir|K Factor Quality Dir|Direction Factor Dir|AAWDT Dir|AAWDT Quality Dir
614006|0|R-VA   SR00047NB||||R-VA   SR00047NB|VA 47|E Second St|186|Town of Chase City|058|Mecklenburg County|    | 453976|0|0|20.89|    Drew St| 453972|0|0|21.37|    01/01/2022|4168|F|90|1|2|3|5|0|C|.085|6 |.52|4059|F||||||||||||||
614017|0|R-VA   SR00047NB||||R-VA   SR00047NB|VA 47|E Second St|186|Town of Chase City|058|Mecklenburg County|    Drew St| 453972|0|0|21.37|    SR 49, SR 92| 453969|0|0|21.63|    01/01/2022|5139|F|90|1|2|3|5|0|F|.09|6 |.52|5012|F||||||||||||||
614018|0|R-VA   SR00047NB|R-VA   SR00049NB|||R-VA   SR00049NB|VA 47, VA 49|N Main St|186|Town of Chase City|058|Mecklenburg County|    E Second St| 453969|0|0|21.63|    E Fifth St| 453988|0|0|21.87|    01/01/2022|6362|F|94|1|1|1|2|0|F|.095|6 |.52|6192|F||||||||||||||
614005|0|R-VA   SR00047NB|R-VA   SR00049NB|||R-VA   SR00049NB|VA 47, VA 49|N Main St|186|Town of Chase City|058|Mecklenburg County|    E Fifth St| 453988|0|0|21.87|    SR 47| 453968|0|0|22.89|    01/01/2022|7004|F|94|1|1|1|3|0|C|.102|6 |.51|6816|F||||||||||||||
614001|0|R-VA   SR00049NB||||R-VA   SR00049NB|VA 49|W Second St|186|Town of Chase City|058|Mecklenburg County|    WCL Chase City| 453438|0|0|29.27|    SR 92| 454001|0|0|29.5|    01/01/2022|1467|F|94|1|1|1|2|0|C|.087|6 |.56|1435|F||||||||||||||
614003|0|R-VA   SR00049NB|R-VA   SR00092NB|||R-VA   SR00049NB|VA 49, VA 92|W Second St|186|Town of Chase City|058|Mecklenburg County|    SR 92| 454001|0|0|29.5|    Endly St| 453994|0|0|30.06|    01/01/2022|4559|F|93|1|1|1|4|0|C|.09|6 |.54|4447|F||||||||||||||
614016|0|R-VA   SR00049NB|R-VA   SR00092NB|||R-VA   SR00049NB|VA 49, VA 92|E Second St|186|Town of Chase City|058|Mecklenburg County|    Endly St| 453994|0|0|30.06|    N Main St| 453969|0|0|30.25|    01/01/2022|5059|F|94|1|1|1|2|0|F|.083|6 |.58|4934|F||||||||||||||
614018|0|R-VA   SR00049NB|R-VA   SR00047NB|||R-VA   SR00049NB|VA 47, VA 49|N Main St|186|Town of Chase City|058|Mecklenburg County|    E Second St| 453969|0|0|30.25|    E Fifth St| 453988|0|0|30.49|    01/01/2022|6362|F|94|1|1|1|2|0|F|.095|6 |.52|6192|F||||||||||||||
614005|0|R-VA   SR00049NB|R-VA   SR00047NB|||R-VA   SR00049NB|VA 47, VA 49|N Main St|186|Town of Chase City|058|Mecklenburg County|    E Fifth St| 453988|0|0|30.49|    SR 47| 453968|0|0|31.51|    01/01/2022|7004|F|94|1|1|1|3|0|C|.102|6 |.51|6816|F||||||||||||||
614008|0|R-VA   SR00092NB||||R-VA   SR00092NB|VA 92|S Main St|186|Town of Chase City|058|Mecklenburg County|    SCL Chase City| 454052|0|0|9.57|    "B" ST| 454054|0|0|10.01|    01/01/2022|2918|F|91|1|2|2|3|0|C|.106|6 |.59|2842|F||||||||||||||
614013|0|R-VA   SR00092NB||||R-VA   SR00092NB|VA 92|S Main St|186|Town of Chase City|058|Mecklenburg County|    "B" ST| 454054|0|0|10.01|    Sycamore St| 453919|0|0|10.24|    01/01/2022|3056|F|91|1|2|2|3|0|C|.104|6 |.59|2976|F||||||||||||||
614015|0|R-VA   SR00092NB||||R-VA   SR00092NB|VA 92|N Main St|186|Town of Chase City|058|Mecklenburg County|    Sycamore St| 453919|0|0|10.24|    E Second St| 453969|0|0|10.45|    01/01/2022|3482|F|91|1|2|2|3|0|F|.103|6 |.6|3391|F||||||||||||||
614003|0|R-VA   SR00092NB|R-VA   SR00049NB|||R-VA   SR00049NB|VA 49, VA 92|W Second St|186|Town of Chase City|058|Mecklenburg County|    SR 92| 453994|0|0|10.45|    Endly St| 453994|0|0|11.01|    01/01/2022|4559|F|93|1|1|1|4|0|C|.09|6 |.54|4447|F||||||||||||||
614016|0|R-VA   SR00092NB|R-VA   SR00049NB|||R-VA   SR00049NB|VA 49, VA 92|E Second St|186|Town of Chase City|058|Mecklenburg County|    Endly St| 453969|0|0|11.01|    N Main St| 453969|0|0|11.2|    01/01/2022|5059|F|94|1|1|1|2|0|F|.083|6 |.58|4934|F||||||||||||||
040213|0|R-VA   SR00092NB||||R-VA   SR00092NB|VA 92|W 2nd St|186|Town of Chase City|058|Mecklenburg County|    N SR 49| 454001|0|0|11.2|    Physical Jurisdiction Boundary: 186 Town of Chase City / 058 Mecklenburg County| 453437|0|0|11.42|    01/01/2022|2762|F|90|0|1|1|6|0|C|.089|6 |.54|2701|F||||||||||||||
200859|0|S-VA186PR ACADEMY LN||||S-VA186PR ACADEMY LN|Academy Ln||186|Town of Chase City|186|Town of Chase City|    |1042748|0|0|0|    VA 49 N Main St| 453985|0|0|.4|    ||X||||||||||||||||||||||||||
614024|0|S-VA186PR BOYD ST N||||S-VA186PR BOYD ST N|Boyd St N|N.Boyd St|186|Town of Chase City|186|Town of Chase City|    E Second St| 453993|0|0|0|    Jurisdiction Boundary: 186 Town of Chase City / | 453967|0|0|1.166|    01/01/2022|879|F|97|1|1|0|1|0|C|.11|6 |.51|855|F||||||||||||||
614010|0|S-VA186PR ENDLY ST||||S-VA186PR ENDLY ST|Endly St|Endly St|186|Town of Chase City|186|Town of Chase City|    Sycamore St| 714048|0|0|0|    W Second St| 453994|0|0|.13|    01/01/2022|728|F|95|0|1|1|1|0|C|.102|6 |.56|712|F||||||||||||||
614026|0|S-VA186PR ENDLY ST||||S-VA186PR ENDLY ST|Endly St|Endly St|186|Town of Chase City|186|Town of Chase City|    Second St| 453994|0|0|.13|    Jurisdiction Boundary: 186 Town of Chase City / |1026509|0|0|.71|    01/01/2022|826|F|95|0|1|1|1|0|F|.102|6 |.57|805|F||||||||||||||
614004|0|S-VA186PR FIFTH ST||||S-VA186PR FIFTH ST|Fifth St|W Fifth St|186|Town of Chase City|186|Town of Chase City|    WCL Chase City| 453007|0|0|0|    Old Southern R.R. Track| 714062|0|0|.61|    01/01/2022|598|F|98|0|1|0|0|0|C|.095|6 |.58|584|F||||||||||||||
614022|0|S-VA186PR FIFTH ST||||S-VA186PR FIFTH ST|Fifth St|E Fifth St|186|Town of Chase City|186|Town of Chase City|    Old Southern R.R Track| 714062|0|0|.61|    N Main St| 453988|0|0|.8|    01/01/2022|1177|F|91|1|3|2|1|0|C|.115|6 |.57|1146|F||||||||||||||
614021|0|S-VA186PR FIFTH ST||||S-VA186PR FIFTH ST|Fifth St|E Fifth St|186|Town of Chase City|186|Town of Chase City|    N Main St| 453988|0|0|.8|    Marshall St| 714082|0|0|.87|    01/01/2022|537|F|98|0|1|0|0|0|C|.102|6 |.62|523|F||||||||||||||
614023|0|S-VA186PR FOURTH ST||||S-VA186PR FOURTH ST|Fourth St|Fourth St|186|Town of Chase City|186|Town of Chase City|    N Boyd St| 714061|0|0|.37|    4Th St Main St| 453990|0|0|.45|    01/01/2022|189|F|90|1|3|4|1|0|F|.127|6 |.59|184|F||||||||||||||
614020|0|S-VA186PR FOURTH ST||||S-VA186PR FOURTH ST|Fourth St|Fourth St|186|Town of Chase City|186|Town of Chase City|    Main St| 453989|0|0|.45|    Marshall St| 714080|0|0|.52|    01/01/2022|171|F|90|1|3|4|1|0|C|.216|6 |.51|167|F||||||||||||||
614014|0|S-VA186PR MARSHALL ST||||S-VA186PR MARSHALL ST|Marshall St|Marshall St|186|Town of Chase City|186|Town of Chase City|    Sycamore St| 453920|0|0|.06|    Second St| 453970|0|0|.27|    01/01/2022|1592|F|95|1|1|1|1|0|C|.13|6 |.58|1553|F||||||||||||||
614019|0|S-VA186PR MARSHALL ST||||S-VA186PR MARSHALL ST|Marshall St|Marshall St|186|Town of Chase City|186|Town of Chase City|    Second St| 453970|0|0|.27|    Jurisdiction Boundary: 186 Town of Chase City / |1026350|0|0|.51|    01/01/2022|1092|F|96|0|1|1|0|0|C|.135|6 |.61|1065|F||||||||||||||
614009|0|S-VA186PR SYCAMORE ST||||S-VA186PR SYCAMORE ST|Sycamore St|W Sycamore St|186|Town of Chase City|186|Town of Chase City|    WCL Chase City| 714003|0|0|.015|    Madison St| 714043|0|0|.62|    01/01/2022|438|F|98|0|1|0|0|0|C|.121|6 |.56|429|F||||||||||||||
614011|0|S-VA186PR SYCAMORE ST||||S-VA186PR SYCAMORE ST|Sycamore St|Sycamore St|186|Town of Chase City|186|Town of Chase City|    Madison St| 714043|0|0|.62|    SR 92 Main St| 454057|0|0|.98|    01/01/2022|1484|F|95|1|1|1|1|0|C|.101|6 |.56|1451|F||||||||||||||
614012|0|S-VA186PR SYCAMORE ST||||S-VA186PR SYCAMORE ST|Sycamore St|Sycamore St|186|Town of Chase City|186|Town of Chase City|    SR 92 Main St| 453919|0|0|1.002|    Marshall St| 453920|0|0|1.07|    01/01/2022|918|F|98|0|1|0|0|0|C|.103|6 |.53|898|F||||||||||||||
614007|0|S-VA186PR SYCAMORE ST||||S-VA186PR SYCAMORE ST|Sycamore St|Sycamore St|186|Town of Chase City|186|Town of Chase City|    Marshall St| 453920|0|0|1.07|    ECL Chase City| 453791|0|0|1.39|    01/01/2022|423|F|92|1|4|0|1|0|C|.119|6 |.83|414|F||||||||||||||
614025|0|S-VA186PR THIRD ST||||S-VA186PR THIRD ST|Third St|E.Third St|186|Town of Chase City|186|Town of Chase City|    Endly St| 714065|0|0|.43|    Jurisdiction Boundary: 186 Town of Chase City / | 714094|0|0|.67|    01/01/2022|197|F|93|3|1|1|0|0|C|.106|6 |.7|192|F||||||||||||||
