sep=|
- - 2022 AADT Report for Town of Glen Lyn - -
LINKID|SEQUENCENUMBER|RTE_NM|RTE_NM_2|RTE_NM_3|RTE_NM_4|Host RTE_NM|Route Label|Street Name|Physical Jurisdiction|Physical Jurisdiciton Name|Maintenance Jurisdiction|Maintenance Jurisdiciton Name|    Start Label|Start Node|Start Node Route Sequence|Star tOffset|Start Milepoint|    End Label|End Node|End Node Route Sequence|End Offset|End Milepoint|    VPDDate|AADT|AADT Quality|Passenger Vehicle|Bus|Truck 2 Axle|Truck 3 Axle|Truck 1 Trailer|Truck 2 Trailer|Class Quality|K Factor|K Factor Quality|Direction Factor|AAWDT|AAWDT Quality|AADT Dir|AADT Quality Dir|PassengerVehicle Dir|Bus Dir|Truck 2 Axle Dir|Truck 3 Axle Dir|Truck 1 Trailer Dir|Truck 2 Trailer Dir|Class Quality Dir|K Factor Dir|K Factor Quality Dir|Direction Factor Dir|AAWDT Dir|AAWDT Quality Dir
780888|0|R-VA   FR00971NB||||R-VA   FR00971NB|FR 971|Davis Ave|224|Town of Glen Lyn|035|Giles County|    US 460 Davis Ave| 338712|0|0|0|    US 460 Davis Ave| 338711|0|0|.11|    10/18/2017|146|R|||||||X||24|||X||||||||||||||
020306|0|R-VA   US00460EB||||R-VA   US00460EB|US 460|Virginia Ave|224|Town of Glen Lyn|035|Giles County|    West Virginia State Line| 700856|0|0|80.87|    35-1308 Houston Lane|1182701|0|0|81.67|    01/01/2022|9189|G|90|1|1|1|7|0|F|.093|6 |.55|9730|G||||||||||||||
020305|0|R-VA   US00460EB||||R-VA   US00460EB|US 460|Virginia Ave|224|Town of Glen Lyn|035|Giles County|    35-1308 Houston Lane|1182701|0|0|81.67|    Physical Jurisdiction Boundary: 224 Town of Glen Lyn / 035 Giles County| 338741|0|0|82.27|    01/01/2022|9377|G|90|1|1|1|7|0|F|.083|6 |.51|9929|G||||||||||||||
740367|0|R-VA035SC00648EB||||R-VA035SC00648EB|35-648|Elgood Mtn Rd|224|Town of Glen Lyn|035|Giles County|    Jurisdiction Boundary: 035 Giles County| 338179|0|0|.88|    US 460; 35-704;  Gap Terminus| 338178|0|0|.91|    10/18/2017|233|R|||||||X||24|||X||||||||||||||
740368|0|R-VA035SC00648EB||||R-VA035SC00648EB|35-648|Ball Ave|224|Town of Glen Lyn|035|Giles County|    US 460; 35-704; Gap| 338282|0|0|.91|    35-1302 Bell St| 338177|0|0|1.02|    10/18/2017|1371|R|||||||X||24|||X||||||||||||||
740369|0|R-VA035SC00648EB||||R-VA035SC00648EB|35-648|Ball Ave|224|Town of Glen Lyn|035|Giles County|    35-1302 Bell St| 338177|0|0|1.02|    West Virginia State Line| 338176|0|0|1.08|    10/18/2017|30|R|||||||X||24|||X||||||||||||||
740458|0|R-VA035SC00649EB||||R-VA035SC00649EB|35-649|Lurich Rd|224|Town of Glen Lyn|035|Giles County|    35-648 Ball Ave| 338178|0|0|0|    35-649 Lurich Rd| 338189|0|0|.16|    10/18/2017|214|R|||||||X||24|||X||||||||||||||
740370|0|R-VA035SC00649EB||||R-VA035SC00649EB|35-649|Lurich Rd|224|Town of Glen Lyn|035|Giles County|    35-704 East River Mtn Rd; Lurich Rd| 338189|0|0|.16|    35-1307 Apco Rd| 338188|0|0|.62|    10/18/2017|274|R|||||||X||24|||X||||||||||||||
740371|0|R-VA035SC00649EB||||R-VA035SC00649EB|35-649|Lurich Rd|224|Town of Glen Lyn|035|Giles County|    35-1307 Apco Rd| 338188|0|0|.62|    Physical Jurisdiction Boundary: 224 Town of Glen Lyn / 035 Giles County| 338187|0|0|.92|    10/18/2017|219|R|||||||X||24|||X||||||||||||||
740459|0|R-VA035SC00704EB||||R-VA035SC00704EB|35-704|East River Mtn Rd|224|Town of Glen Lyn|035|Giles County|    35-649 Lurich Rd| 338189|0|0|0|    SCL Glen Lyn| 338278|0|0|.7|    10/18/2017|198|R|||||||X||24|||X||||||||||||||
740746|0|R-VA035SC01302EB||||R-VA035SC01302EB|35-1302|Bell St|224|Town of Glen Lyn|035|Giles County|    West Virginia State Line| 338518|0|0|0|    35-648 Ball Ave| 338177|0|0|.05|    10/18/2017|40|T|||||||X||24|||X||||||||||||||
740747|0|R-VA035SC01303EB||||R-VA035SC01303EB|35-1303|Pine Crest Lane|224|Town of Glen Lyn|035|Giles County|    35-1304| 338519|0|0|0|    35-704 East River Mtn Rd| 338281|0|0|.08|    10/18/2017|48|R|||||||X||24|||X||||||||||||||
740748|0|R-VA035SC01304NB||||R-VA035SC01304NB|35-1304| |224|Town of Glen Lyn|035|Giles County|    Dead End| 338687|0|0|0|    35-1303 Pine Crest Lane| 338519|0|0|.04|    10/18/2017|40|R|||||||X||24|||X||||||||||||||
740749|0|R-VA035SC01304NB||||R-VA035SC01304NB|35-1304| |224|Town of Glen Lyn|035|Giles County|    35-1303 Pine Crest Lane| 338519|0|0|.04|    Dead End| 338686|0|0|.07|    06/05/2014|20|R|||||||X||24|||X||||||||||||||
740750|0|R-VA035SC01305NB||||R-VA035SC01305NB|35-1305|Skyview Dr|224|Town of Glen Lyn|035|Giles County|    Dead End| 338520|0|0|0|    35-704 East River Mtn Rd| 338280|0|0|.07|    10/10/2017|10|T|||||||X||24|||X||||||||||||||
740752|0|R-VA035SC01307NB||||R-VA035SC01307NB|35-1307|Apco Rd|224|Town of Glen Lyn|035|Giles County|    Dead End| 338691|0|0|0|    35-649 Lurich Rd| 338188|0|0|.05|    10/18/2017|177|R|||||||X||24|||X||||||||||||||
740753|0|R-VA035SC01308EB||||R-VA035SC01308EB|35-1308|Houston Lane|224|Town of Glen Lyn|035|Giles County|    US 460 Virginia Ave| 338439|0|0|0|    ECL Glen Lyn| 338437|0|0|.47|    10/18/2017|413|R|||||||X||24|||X||||||||||||||
