sep=|
- - 2022 AADT Report for Town of Woodstock - -
LINKID|SEQUENCENUMBER|RTE_NM|RTE_NM_2|RTE_NM_3|RTE_NM_4|Host RTE_NM|Route Label|Street Name|Physical Jurisdiction|Physical Jurisdiciton Name|Maintenance Jurisdiction|Maintenance Jurisdiciton Name|    Start Label|Start Node|Start Node Route Sequence|Star tOffset|Start Milepoint|    End Label|End Node|End Node Route Sequence|End Offset|End Milepoint|    VPDDate|AADT|AADT Quality|Passenger Vehicle|Bus|Truck 2 Axle|Truck 3 Axle|Truck 1 Trailer|Truck 2 Trailer|Class Quality|K Factor|K Factor Quality|Direction Factor|AAWDT|AAWDT Quality|AADT Dir|AADT Quality Dir|PassengerVehicle Dir|Bus Dir|Truck 2 Axle Dir|Truck 3 Axle Dir|Truck 1 Trailer Dir|Truck 2 Trailer Dir|Class Quality Dir|K Factor Dir|K Factor Quality Dir|Direction Factor Dir|AAWDT Dir|AAWDT Quality Dir
080499|0|R-VA   IS00081NB||||R-VA   IS00081NB|I-81| |330|Town of Woodstock|085|Shenandoah County|    | 602119|0|0|283.44|    SR 42 Reservoir Rd| 602120|0|0|283.82|    01/01/2022|46750|A|73|1|1|1|22|2|F|.103|1 |.56|44991|A|23447|A|72|1|1|1|23|2|F|.11|1 |1|22492|A
080500|0|R-VA   IS00081NB||||R-VA   IS00081NB|I-81| |330|Town of Woodstock|085|Shenandoah County|    SR 42 Reservoir Rd| 602120|0|0|283.82|    Physical Jurisdiction Boundary: 330 Town of Woodstock / 085 Shenandoah County| 602122|0|0|285.23|    01/01/2022|46351|F|73|1|1|1|22|2|F|.075|6 |.52|45622|F|23066|F|72|1|1|1|23|2|F|.073|6 |1|22895|F
787051|0|R-VA   IS00081NB      RMP283.00A||||R-VA   IS00081NB      RMP283.00A|I-81  NB EXIT 283A|Ramp I-81 N Exit 283 to SR 42|330|Town of Woodstock|085|Shenandoah County|    I-81 N| 602120|0|0|0|    SR 42 W Reservoir Rd| 602063|0|0|.16|    01/01/2022|2668|A|||||||X|.112|1 |1|2694|A||||||||||||||
180016|0|R-VA   IS00081SB||||R-VA   IS00081SB|I-81| |330|Town of Woodstock|085|Shenandoah County|    | 602139|0|0|283.71|    SR 42 Reservoir Rd| 602141|0|0|284.4|    01/01/2022|46750|A|73|1|1|1|22|2|F|.103|1 |.56|44991|A|23303|A|74|1|1|1|21|2|F|.11|1 |1|22499|A
180015|0|R-VA   IS00081SB||||R-VA   IS00081SB|I-81| |330|Town of Woodstock|085|Shenandoah County|    SR 42 Reservoir Rd| 602141|0|0|284.4|    Physical Jurisdiction Boundary: 330 Town of Woodstock / 085 Shenandoah County| 602142|0|0|285.4|    01/01/2022|46351|F|73|1|1|1|22|2|F|.075|6 |.52|45622|F|23285|F|74|1|1|1|21|2|F|.08|6 |1|22727|F
787157|0|R-VA   IS00081SB      RMP283.00A||||R-VA   IS00081SB      RMP283.00A|I-81  SB EXIT 283A|Ramp I-81 S Exit 283 to SR 42|330|Town of Woodstock|085|Shenandoah County|    I-81 South| 602141|0|0|0|    SR 42 W Reservoir Rd| 602064|0|0|.18|    01/01/2022|3492|F|||||||X|.105|6 |1|3705|F||||||||||||||
683022|0|R-VA   SR00042NB||||R-VA   SR00042NB|VA 42|W Reservoir Rd|330|Town of Woodstock|085|Shenandoah County|    WCL Woodstock| 602066|0|0|270.56|    I-81| 602064|0|.07|271|    01/01/2022|8774|G|95|0|1|1|3|0|F|.094|6 |.54|9341|G||||||||||||||
683023|0|R-VA   SR00042NB||||R-VA   SR00042NB|VA 42|W Reservoir Rd|330|Town of Woodstock|085|Shenandoah County|    I-81| 602064|0|.07|271|    Susan Ave| 601798|0|0|271.41|    01/01/2022|14838|G|97|0|1|1|1|0|C|.086|6 |.53|15797|G||||||||||||||
683024|0|R-VA   SR00042NB||||R-VA   SR00042NB|VA 42|W Reservoir Rd|330|Town of Woodstock|085|Shenandoah County|    Susan Ave| 601798|0|0|271.41|    Main Street| 602038|0|0|271.63|    01/01/2022|15243|G|97|0|1|1|1|0|F|.086|6 |.52|16228|G||||||||||||||
787190|0|R-VA   SR00042UK      RMP270.00A||||R-VA   SR00042UK      RMP270.00A|VA 42  EXIT 270A|Ramp to I-81 S at Exit 283|330|Town of Woodstock|085|Shenandoah County|    SR 42 W Reservoir Rd| 602064|0|0|0|    I-81 S| 602140|0|0|.17|    01/01/2022|2674|A|||||||X|.109|1 |1|2643|A||||||||||||||
787191|0|R-VA   SR00042UK      RMP270.00B||||R-VA   SR00042UK      RMP270.00B|VA 42  EXIT 270B|Ramp to I-81 N at Exit 283|330|Town of Woodstock|085|Shenandoah County|    SR 42 W Reservoir Rd| 602063|0|0|0|    I-81 North| 602121|0|0|.17|    01/01/2022|3275|F|||||||X|.091|6 |1|3476|F||||||||||||||
683011|0|R-VA   US00011NB||||R-VA   US00011NB|US 11|Main St|330|Town of Woodstock|085|Shenandoah County|    SCL Woodstock| 602041|0|0|298.55|    Lakeview Dr| 602040|0|0|298.77|    01/01/2022|8506|G|96|0|1|1|1|0|F|.093|6 |.51|9017|G||||||||||||||
683012|0|R-VA   US00011NB||||R-VA   US00011NB|US 11|Main St|330|Town of Woodstock|085|Shenandoah County|    Lakeview Dr| 602040|0|0|298.77|    SR 42, W Reservoir Rd| 602038|0|0|299.07|    01/01/2022|9399|G|96|0|1|1|1|0|F|.091|6 |.52|9963|G||||||||||||||
683013|0|R-VA   US00011NB||||R-VA   US00011NB|US 11|Main St|330|Town of Woodstock|085|Shenandoah County|    SR 42, W Reservoir Rd| 602038|0|0|299.07|    Indian Spring Rd| 602033|0|0|299.72|    01/01/2022|10693|G|96|0|1|1|1|0|F|.084|6 |.51|11342|G||||||||||||||
683014|0|R-VA   US00011NB||||R-VA   US00011NB|US 11|Main St|330|Town of Woodstock|085|Shenandoah County|    Indian Spring Rd| 602033|0|0|299.72|    W North St| 602025|0|0|300.57|    01/01/2022|10296|G|96|0|1|1|1|0|F|.092|6 |.53|10915|G||||||||||||||
683015|0|R-VA   US00011NB||||R-VA   US00011NB|US 11|Old Valley Pike|330|Town of Woodstock|085|Shenandoah County|    W North St| 602025|0|0|300.57|    Physical Jurisdiction Boundary: 330 Town of Woodstock / 085 Shenandoah County| 602023|0|0|301.19|    01/01/2022|7962|G|97|1|1|0|0|0|F|.093|6 |.51|8440|G||||||||||||||
683001|0|S-VA330PR CHURCH ST N||||S-VA330PR CHURCH ST N|Church St N|Church St|330|Town of Woodstock|330|Town of Woodstock|    Spring St| 713162|0|0|0|    Jurisdiction Boundary: 330 Town of Woodstock / |1052853|0|0|.68|    01/01/2022|115|G|95|0|1|1|0|0|C|.15|6 |.67|122|G||||||||||||||
683002|0|S-VA330PR COMMERCE ST||||S-VA330PR COMMERCE ST|Commerce St|Commerce St|330|Town of Woodstock|330|Town of Woodstock|    Massunutten Hghts Rd| 713182|0|0|.042|    Jurisdiction Boundary: 330 Town of Woodstock / |1052895|0|0|.432|    01/01/2022|1886|G|99|0|0|0|0|0|C|.108|6 |.53|2007|G||||||||||||||
683006|0|S-VA330PR HOLLINGSWORTH RD||||S-VA330PR HOLLINGSWORTH RD|Hollingsworth Rd|Hollingsworth Rd|330|Town of Woodstock|330|Town of Woodstock|    Water St| 713165|0|0|0|    Jurisdiction Boundary: 330 Town of Woodstock / |1007687|0|0|.39|    01/01/2022|1148|G|97|0|1|0|0|0|C|.114|6 |.59|1222|G||||||||||||||
683007|0|S-VA330PR HUGHES ST E||||S-VA330PR HUGHES ST E|Hughes St E|Hughes St|330|Town of Woodstock|330|Town of Woodstock|    Church St| 713162|0|0|.09|    Water St| 713166|0|0|.19|    01/01/2022|141|G|98|0|1|1|0|0|C|.153|6 |.53|150|G||||||||||||||
683008|0|S-VA330PR INDIAN SPRING RD||||S-VA330PR INDIAN SPRING RD|Indian Spring Rd|Indian Spring Rd|330|Town of Woodstock|330|Town of Woodstock|    US 11 Main St| 602033|0|0|0|    Jurisdiction Boundary: 330 Town of Woodstock / |1008482|0|0|.43|    01/01/2022|549|G|98|0|1|0|0|0|C|.109|6 |.69|584|G||||||||||||||
203512|0|S-VA330PR JACKSON ST||||S-VA330PR JACKSON ST|Jackson St||330|Town of Woodstock|330|Town of Woodstock|    Hollingsworth Rd| 713181|0|0|0|    Jefferson St|1007503|0|0|.4|    ||X||||||||||||||||||||||||||
683009|0|S-VA330PR LAKEVIEW DR||||S-VA330PR LAKEVIEW DR|Lakeview Dr|Lakeview Dr|330|Town of Woodstock|330|Town of Woodstock|    Main St| 602040|0|0|0|    ECL Woodstock| 601261|0|0|.08|    01/01/2022|1421|G|98|0|1|0|1|0|C|.103|6 |.65|1514|G||||||||||||||
201355|0|S-VA330PR LINCOLN ST||||S-VA330PR LINCOLN ST|Lincoln St||330|Town of Woodstock|330|Town of Woodstock|    Jackson St|1007644|0|0|0|    |1007656|0|0|.12|    ||X||||||||||||||||||||||||||
683016|0|S-VA330PR MASSANUTTEN HTS||||S-VA330PR MASSANUTTEN HTS|Massanutten Hts|Massanutten Heights Rd|330|Town of Woodstock|330|Town of Woodstock|    Commerce St| 713182|0|0|0|    Ox Rd; Park Ave| 713183|0|0|.39|    01/01/2022|1887|G|99|0|0|0|0|0|C|.106|6 |.52|2009|G||||||||||||||
683017|0|S-VA330PR MILL RD||||S-VA330PR MILL RD|Mill Rd|Mill Rd|330|Town of Woodstock|330|Town of Woodstock|    Main St| 602024|0|0|0|    | 601250|0|0|.2|    01/01/2022|1306|G|96|0|1|1|0|0|C|.094|6 |.52|1391|G||||||||||||||
201356|0|S-VA330PR MOOSE RD||||S-VA330PR MOOSE RD|Moose Rd||330|Town of Woodstock|330|Town of Woodstock|    85-664 Moose Rd, Moose Rd|1007718|0|0|.18|    85-664 Moose Rd, Moose Rd|1007722|0|0|.22|    ||X||||||||||||||||||||||||||
683010|0|S-VA330PR N LEE ST||||S-VA330PR N LEE ST|N Lee St|Lee St|330|Town of Woodstock|330|Town of Woodstock|    North St| 602150|0|0|.33|    NCL Woodstock| 601193|0|0|.67|    01/01/2022|411|G|98|0|1|1|0|0|C|.115|6 |.61|437|G||||||||||||||
683020|0|S-VA330PR NORTH ST||||S-VA330PR NORTH ST|North St|North St|330|Town of Woodstock|330|Town of Woodstock|    WCL Woodstock| 601025|0|0|0|    Summit Ave| 602148|0|0|.33|    01/01/2022|1937|G|97|0|1|1|1|0|C|.108|6 |.62|2062|G||||||||||||||
683021|0|S-VA330PR NORTH ST||||S-VA330PR NORTH ST|North St|North St|330|Town of Woodstock|330|Town of Woodstock|    Summit Ave| 602148|0|0|.33|    Jurisdiction Boundary: 330 Town of Woodstock / | 713172|0|0|1.05|    01/01/2022|2476|G|97|0|1|1|1|0|C|.107|6 |.56|2638|G||||||||||||||
683018|0|S-VA330PR OX RD||||S-VA330PR OX RD|Ox Rd|Ox Rd|330|Town of Woodstock|330|Town of Woodstock|    Massanutten Heights Rd| 713183|0|0|0|    | 602061|0|0|.6|    01/01/2022|4749|G|99|0|0|0|0|0|C|.1|6 |.51|5056|G||||||||||||||
770634|0|S-VA330PR OX RD||||S-VA330PR OX RD|Ox Rd|Ox Rd|085|Shenandoah County|330|Town of Woodstock|    Jurisdiction Boundary: 330 Town of Woodstock / | 601336|0|0|1.119|    SCL Woodstock| 601035|0|0|1.34|    07/20/2020|1219|R|||||||X||24|||X||||||||||||||
683004|0|S-VA330PR RESERVOIR RD E||||S-VA330PR RESERVOIR RD E|Reservoir Rd E|E Reservoir Rd|330|Town of Woodstock|330|Town of Woodstock|    Water St| 602038|0|0|0|    Main St| 713133|0|0|.202|    01/01/2022|5563|G|98|0|1|0|1|0|F|.101|6 |.5|5922|G||||||||||||||
683003|0|S-VA330PR RESERVOIR RD E||||S-VA330PR RESERVOIR RD E|Reservoir Rd E|E Reservoir Rd|330|Town of Woodstock|330|Town of Woodstock|    ECL Woodstock| 713133|0|0|.202|    | 601259|0|0|.53|    01/01/2022|986|G|98|0|1|0|1|0|C|.102|6 |.52|1049|G||||||||||||||
683005|0|S-VA330PR SPRING ST E||||S-VA330PR SPRING ST E|Spring St E|E Spring St|330|Town of Woodstock|330|Town of Woodstock|    US 11 Main St| 602030|0|0|0|    Church St| 713159|0|0|.09|    01/01/2022|505|G|94|1|1|0|0|0|C|.105|6 |.57|538|G||||||||||||||
785561|0|S-VA330PR SPRING ST E||||S-VA330PR SPRING ST E|Spring St E|E Spring St|330|Town of Woodstock|330|Town of Woodstock|    Church St| 713159|0|0|.09|    Water St| 713167|0|0|.18|    01/01/2021|393|G|||||||X|.108|6 |.6||X||||||||||||||
683026|0|S-VA330PR SPRING ST W||||S-VA330PR SPRING ST W|Spring St W|W Spring St|330|Town of Woodstock|330|Town of Woodstock|    Main St| 602030|0|0|0|    Summit Ave| 602159|0|0|.52|    01/01/2022|1383|G|97|0|1|0|0|0|C|.112|6 |.57|1473|G||||||||||||||
683025|0|S-VA330PR SPRING ST W||||S-VA330PR SPRING ST W|Spring St W|W Spring St|330|Town of Woodstock|330|Town of Woodstock|    Summit Ave| 602159|0|0|.52|    | 601581|0|0|.87|    01/01/2022|1304|G|99|0|1|0|0|0|C|.118|6 |.62|1388|G||||||||||||||
683019|0|S-VA330PR SUMMIT AVE||||S-VA330PR SUMMIT AVE|Summit Ave|Summit Ave|330|Town of Woodstock|330|Town of Woodstock|    W Spring St| 602159|0|0|.307|    North St| 602148|0|0|.837|    01/01/2022|937|G|98|0|0|0|1|0|C|.116|6 |.51|997|G||||||||||||||
201357|0|S-VA330PR WALTON FARM RD||||S-VA330PR WALTON FARM RD|Walton Farm Rd||330|Town of Woodstock|330|Town of Woodstock|    85-780 Walton Farm Rd|1007595|0|0|0|    Hisey Ave| 601551|0|0|.07|    ||X||||||||||||||||||||||||||
785560|0|S-VA330PR WATER ST||||S-VA330PR WATER ST|Water St|Water St|330|Town of Woodstock|330|Town of Woodstock|    High Street| 729288|0|0|0|    Mill Rd| 713116|0|0|.68|    01/01/2022|2318|G|98|0|0|1|0|0|C|.11|6 |.5|2468|G||||||||||||||
781888|0|S-VA330PR WATER ST S||||S-VA330PR WATER ST S|Water St S|Water St|330|Town of Woodstock|330|Town of Woodstock|    High Street| 729288|0|0|0|    330-12 Hughes Street| 713166|0|0|.22|    01/01/2022|2457|G|98|0|0|1|0|0|C|.114|6 |.52|2616|G||||||||||||||
683028|0|S-VA330PR WATER ST S||||S-VA330PR WATER ST S|Water St S|Water St|330|Town of Woodstock|330|Town of Woodstock|    330-12 Hughes Street| 713166|0|0|.22|    330-1 Indian Springs Road| 713095|0|0|.507|    01/01/2022|2768|G|98|0|1|1|0|0|C|.104|6 |.59|2947|G||||||||||||||
781887|0|S-VA330PR WATER ST S||||S-VA330PR WATER ST S|Water St S|Water St|330|Town of Woodstock|330|Town of Woodstock|    330-1 Indian Springs Road| 713095|0|0|.507|    330-7 Reservior Rd| 713164|0|0|1.03|    01/01/2022|2584|G|98|0|0|1|0|0|C|.105|6 |.57|2752|G||||||||||||||
