sep=|
- - 2022 AADT Report for Town of Clinchco - -
LINKID|SEQUENCENUMBER|RTE_NM|RTE_NM_2|RTE_NM_3|RTE_NM_4|Host RTE_NM|Route Label|Street Name|Physical Jurisdiction|Physical Jurisdiciton Name|Maintenance Jurisdiction|Maintenance Jurisdiciton Name|    Start Label|Start Node|Start Node Route Sequence|Star tOffset|Start Milepoint|    End Label|End Node|End Node Route Sequence|End Offset|End Milepoint|    VPDDate|AADT|AADT Quality|Passenger Vehicle|Bus|Truck 2 Axle|Truck 3 Axle|Truck 1 Trailer|Truck 2 Trailer|Class Quality|K Factor|K Factor Quality|Direction Factor|AAWDT|AAWDT Quality|AADT Dir|AADT Quality Dir|PassengerVehicle Dir|Bus Dir|Truck 2 Axle Dir|Truck 3 Axle Dir|Truck 1 Trailer Dir|Truck 2 Trailer Dir|Class Quality Dir|K Factor Dir|K Factor Quality Dir|Direction Factor Dir|AAWDT Dir|AAWDT Quality Dir
401808|0|R-VA025SC00664NB||||R-VA025SC00664NB|25-664|Mill St|339|Town of Clinchco|025|Dickenson County|    Jurisdiction Boundary: 025 Dickenson County| 706781|0|0|2.48|    25-786 Perry St| 243198|0|0|2.79|    01/01/2022|259|G|89|0|1|0|9|0|F|.118|6 |.59|257|G||||||||||||||
401809|0|R-VA025SC00664NB||||R-VA025SC00664NB|25-664|Mill St|339|Town of Clinchco|025|Dickenson County|    25-786 Perry St| 243198|0|0|2.79|    25-675 Palmer-Adams St| 243197|0|0|4.46|    01/01/2022|404|G|98|1|1|0|0|0|C|.102|6 |.6|400|G||||||||||||||
401810|0|R-VA025SC00664NB||||R-VA025SC00664NB|25-664|Clinchco Main St|339|Town of Clinchco|025|Dickenson County|    25-675 Palmer-Adams St| 243197|0|0|4.46|    SR 83 Dickenson Hwy| 243195|0|0|4.68|    01/01/2022|624|G|89|0|1|0|9|0|C|.104|6 |.63|620|G||||||||||||||
720663|0|R-VA025SC00664NB||||R-VA025SC00664NB|25-664|Clincho Main St|339|Town of Clinchco|025|Dickenson County|    SR 83 Dickenson Hwy| 243195|0|0|4.68|    25-781 Banner St| 243194|0|0|4.74|    01/05/2022|823|R|||||||X||24|||X||||||||||||||
720664|0|R-VA025SC00664NB||||R-VA025SC00664NB|25-664|Banner St|339|Town of Clinchco|025|Dickenson County|    25-781 Banner St| 243194|0|0|4.74|    Dead End| 243501|0|0|4.88|    12/08/2021|60|T|||||||X||24|||X||||||||||||||
720667|0|R-VA025SC00666EB||||R-VA025SC00666EB|25-666|Number 10 St|339|Town of Clinchco|025|Dickenson County|    SR 83 Dickenson Hwy| 243202|0|0|0|    Dead End| 700709|0|0|.24|    12/08/2021|21|T|||||||X||24|||X||||||||||||||
720685|0|R-VA025SC00675NB||||R-VA025SC00675NB|25-675|Palmer St|339|Town of Clinchco|025|Dickenson County|    Dead End| 713385|0|0|0|    25-664 Clinchco Main St; Mill St| 243197|0|0|.76|    01/05/2022|184|R|||||||X||24|||X||||||||||||||
720686|0|R-VA025SC00675NB||||R-VA025SC00675NB|25-675|Adams St|339|Town of Clinchco|025|Dickenson County|    25-664 Clinchco Main St; Mill St| 243197|0|0|.76|    25-782 Lytton Circle| 243222|0|0|.96|    01/05/2022|51|R|||||||X||24|||X||||||||||||||
720808|0|R-VA025SC00779EB||||R-VA025SC00779EB|25-779|New Camp Rd|339|Town of Clinchco|025|Dickenson County|    Dead End| 243325|0|0|0|    SR 83 Dickenson Hwy| 243324|0|0|.09|    12/29/2021|77|T|||||||X||24|||X||||||||||||||
720809|0|R-VA025SC00780EB||||R-VA025SC00780EB|25-780|Shifty Lane|339|Town of Clinchco|025|Dickenson County|    25-783 Walnut St| 243327|0|0|0|    SR 83 Dickenson Hwy| 243326|0|0|.12|    01/05/2022|63|R|||||||X||24|||X||||||||||||||
720810|0|R-VA025SC00781EB||||R-VA025SC00781EB|25-781|Banner St|339|Town of Clinchco|025|Dickenson County|    25-664 Banner St; Clincho Main St| 243194|0|0|0|    SR 83 Dickenson Hwy| 243328|0|0|.12|    01/05/2022|98|R|||||||X||24|||X||||||||||||||
720811|0|R-VA025SC00782NB||||R-VA025SC00782NB|25-782|Lytton Circle|339|Town of Clinchco|025|Dickenson County|    25-664 Clinchco Main St| 243196|0|0|0|    25-675 Adams St| 243222|0|0|.038|    01/05/2022|118|R|||||||X||24|||X||||||||||||||
720812|0|R-VA025SC00782NB||||R-VA025SC00782NB|25-782|Lytton Circle|339|Town of Clinchco|025|Dickenson County|    25-675 Adams St| 243222|0|0|.038|    Dead End| 243473|0|0|.07|    12/29/2021|49|T|||||||X||24|||X||||||||||||||
720813|0|R-VA025SC00783NB||||R-VA025SC00783NB|25-783|Walnut St|339|Town of Clinchco|025|Dickenson County|    Dead End| 243475|0|0|0|    25-780 Shifty Lane| 243327|0|0|.05|    12/29/2021|28|T|||||||X||24|||X||||||||||||||
720814|0|R-VA025SC00783NB||||R-VA025SC00783NB|25-783|Walnut St|339|Town of Clinchco|025|Dickenson County|    25-780 Shifty Lane| 243327|0|0|.05|    Dead End| 243474|0|0|.08|    12/29/2021|7|T|||||||X||24|||X||||||||||||||
720817|0|R-VA025SC00786NB||||R-VA025SC00786NB|25-786|Perry St|339|Town of Clinchco|025|Dickenson County|    25-664 Mill St| 243198|0|0|0|    Physical Jurisdiction Boundary: 339 Town of Clinchco / 025 Dickenson County| 706782|0|0|.05|    01/05/2022|32|R|||||||X||24|||X||||||||||||||
794355|0|R-VA025SC00802NB||||R-VA025SC00802NB|25-802|Lytton Circle|339|Town of Clinchco|025|Dickenson County|    25-664 Mill St| 747823|0|0|0|    25-782 Lytton Circle| 243473|0|0|.21|    01/10/2022|195|R|||||||X||24|||X||||||||||||||
720901|0|R-VA025SC09693EB||||R-VA025SC09693EB|25-9693|Vocational Dr|339|Town of Clinchco|025|Dickenson County|    Dickenson Voc Sch| 243203|0|0|0|    SR 83 Dickenson Hwy| 243377|0|0|.18|    01/05/2022|512|R|||||||X||24|||X||||||||||||||
