sep=|
- - 2022 AADT Report for City of Manassas Park - -
LINKID|SEQUENCENUMBER|RTE_NM|RTE_NM_2|RTE_NM_3|RTE_NM_4|Host RTE_NM|Route Label|Street Name|Physical Jurisdiction|Physical Jurisdiciton Name|Maintenance Jurisdiction|Maintenance Jurisdiciton Name|    Start Label|Start Node|Start Node Route Sequence|Star tOffset|Start Milepoint|    End Label|End Node|End Node Route Sequence|End Offset|End Milepoint|    VPDDate|AADT|AADT Quality|Passenger Vehicle|Bus|Truck 2 Axle|Truck 3 Axle|Truck 1 Trailer|Truck 2 Trailer|Class Quality|K Factor|K Factor Quality|Direction Factor|AAWDT|AAWDT Quality|AADT Dir|AADT Quality Dir|PassengerVehicle Dir|Bus Dir|Truck 2 Axle Dir|Truck 3 Axle Dir|Truck 1 Trailer Dir|Truck 2 Trailer Dir|Class Quality Dir|K Factor Dir|K Factor Quality Dir|Direction Factor Dir|AAWDT Dir|AAWDT Quality Dir
090099|0|R-VA   SR00028NB||||R-VA   SR00028NB|VA 28|Centreville Rd|152|City of Manassas Park|152|City of Manassas Park|    |1011581|0|0|25.02|    Jurisdiction Boundary: 152 City of Manassas Park / 076 Prince William County| 546083|0|0|25.34|    01/01/2022|44456|F|97|1|1|1|1|0|F|.073|6 |.55|47525|F||||||||||||||
649501|0|R-VA   SR00213EB||||R-VA   SR00213EB|VA 213|Manassas Dr|152|City of Manassas Park|152|City of Manassas Park|    WCL Manassas Park, 76-1501| 547359|0|0|0|    Baker St| 549446|0|0|.04|    01/01/2022|9558|F|96|1|1|0|0|0|F|.084|6 |.52|10148|F||||||||||||||
649502|0|R-VA   SR00213EB||||R-VA   SR00213EB|VA 213|Manassas Dr|152|City of Manassas Park|152|City of Manassas Park|    Baker St| 549446|0|0|.04|    152-4402 Cabbel Dr| 549443|0|0|1.2|    01/01/2022|7846|F|96|1|1|0|0|0|C|.083|6 |.51|8330|F||||||||||||||
649503|0|R-VA   SR00213EB||||R-VA   SR00213EB|VA 213|Manassas Dr|152|City of Manassas Park|152|City of Manassas Park|    152-4402 Cabbel Dr| 549443|0|0|1.2|    SR 28 Centreville Rd| 549334|0|0|1.89|    01/01/2022|11073|F|96|1|1|0|0|0|F|.087|6 |.63|11757|F||||||||||||||
649507|0|S-VA152PR CABBEL DR||||S-VA152PR CABBEL DR|Cabbel Dr|Cabbel Dr|152|City of Manassas Park|152|City of Manassas Park|    ECL Manassas| 549606|0|0|0|    Manassas Dr| 549443|0|0|.36|    01/01/2022|299|F|91|4|2|0|0|0|C|.128|6 |.64|317|F||||||||||||||
649506|0|S-VA152PR CABBEL DR||||S-VA152PR CABBEL DR|Cabbel Dr|Cabbel Dr|152|City of Manassas Park|152|City of Manassas Park|    Manassas Dr| 549443|0|0|.36|    Kent Dr| 549614|0|0|1.07|    01/01/2022|1519|F|94|2|2|0|0|0|C|.092|6 |.6|1613|F||||||||||||||
649508|0|S-VA152PR DENVER DR||||S-VA152PR DENVER DR|Denver Dr|Denver Dr|152|City of Manassas Park|152|City of Manassas Park|    Manassas Dr| 549445|0|0|0|    NCL Manassas Park| 546592|0|0|.36|    01/01/2022|4109|F|95|1|2|1|0|0|C|.094|6 |.74|4363|F||||||||||||||
790880|0|S-VA152PR DIGITAL DR||||S-VA152PR DIGITAL DR|Digital Dr|Digital Dr|152|City of Manassas Park|152|City of Manassas Park|    152-1 Manassas Dr|1011870|0|0|0|    |1011856|0|0|.617|    01/01/2022|3854|F|94|1|1|2|0|0|C|.084|6 |.62|4092|F||||||||||||||
649511|0|S-VA152PR MANASSAS DR||||S-VA152PR MANASSAS DR|Manassas Dr|Manassas Dr|   ||152|City of Manassas Park|    SR 28 Centreville Rd| 549334|0|0|1.9|    Euclid Ave| 715515|0|0|2.31|    01/01/2022|17117|F|98|1|1|0|0|0|F|.081|6 |.52|18174|F||||||||||||||
649512|0|S-VA152PR MANASSAS DR||||S-VA152PR MANASSAS DR|Manassas Dr|Manassas Dr|   ||152|City of Manassas Park|    Euclid Ave| 715515|0|0|2.31|    |1090195|0|0|4.35|    01/01/2022|13255|F|98|1|1|0|0|0|C|.087|6 |.6|14075|F||||||||||||||
790881|0|S-VA152PR W WEST CARONDELET DR||||S-VA152PR W WEST CARONDELET DR|W West Carondelet Dr|Carondelet Dr West|152|City of Manassas Park|152|City of Manassas Park|    Digital Dr| 738189|0|0|0|    Wilcoxen Dr| 738192|0|0|.25|    01/01/2022|850|F|94|4|1|0|0|0|C|.086|6 |.55|903|F||||||||||||||
