sep=|
- - 2022 AADT Report for Highland County - -
LINKID|SEQUENCENUMBER|RTE_NM|RTE_NM_2|RTE_NM_3|RTE_NM_4|Host RTE_NM|Route Label|Street Name|Physical Jurisdiction|Physical Jurisdiciton Name|Maintenance Jurisdiction|Maintenance Jurisdiciton Name|    Start Label|Start Node|Start Node Route Sequence|Star tOffset|Start Milepoint|    End Label|End Node|End Node Route Sequence|End Offset|End Milepoint|    VPDDate|AADT|AADT Quality|Passenger Vehicle|Bus|Truck 2 Axle|Truck 3 Axle|Truck 1 Trailer|Truck 2 Trailer|Class Quality|K Factor|K Factor Quality|Direction Factor|AAWDT|AAWDT Quality|AADT Dir|AADT Quality Dir|PassengerVehicle Dir|Bus Dir|Truck 2 Axle Dir|Truck 3 Axle Dir|Truck 1 Trailer Dir|Truck 2 Trailer Dir|Class Quality Dir|K Factor Dir|K Factor Quality Dir|Direction Factor Dir|AAWDT Dir|AAWDT Quality Dir
080214|0|R-VA   SR00084EB||||R-VA   SR00084EB|VA 84|Mill Gap Rd|045|Highland County|045|Highland County|    West Virginia State Line|  50319|0|0|0|    45-600 Upper Back Creek Rd| 388002|0|0|5.87|    01/01/2022|148|G|89|1|2|1|7|0|C|.124|6 |.57|147|G||||||||||||||
080387|0|R-VA   SR00084EB||||R-VA   SR00084EB|VA 84|Mill Gap Rd|045|Highland County|045|Highland County|    45-600 Upper Back Creek Rd| 388002|0|0|5.87|    45-640 Meadowdale Rd| 388102|0|0|12.51|    01/01/2022|319|G|91|2|2|1|4|0|C|.128|6 |.57|317|G||||||||||||||
080212|0|R-VA   SR00084EB||||R-VA   SR00084EB|VA 84|Mill Gap Rd|045|Highland County|045|Highland County|    45-640 Meadowdale Rd| 388102|0|0|12.51|    US 220 Vanderpool| 388163|0|0|14.94|    01/01/2022|510|G|88|2|2|1|4|0|C|.102|6 |.68|507|G||||||||||||||
080390|0|R-VA   US00220NB||||R-VA   US00220NB|US 220|Jackson River Rd|045|Highland County|045|Highland County|    Bath County Line|  50301|0|0|163.69|    | 388016|0|0|172.31|    01/01/2022|511|G|85|1|1|2|10|0|F|.109|6 |.56|509|G||||||||||||||
080218|0|R-VA   US00220NB||||R-VA   US00220NB|US 220|Jackson River Rd|045|Highland County|045|Highland County|    45-607 N, Big Valley Rd| 388016|0|0|172.31|    SR 84 Mill Gap Rd| 388163|0|0|175.78|    01/01/2022|597|G|85|1|1|2|10|0|F|.102|6 |.54|595|G||||||||||||||
080389|0|R-VA   US00220NB||||R-VA   US00220NB|US 220|Jackson River Rd|045|Highland County|045|Highland County|    SR 84 Vanderpool| 388163|0|0|175.78|    | 388167|0|0|179.32|    01/01/2022|1146|G|88|0|2|1|7|0|C|.092|6 |.56|1141|G||||||||||||||
080389|0|R-VA   US00220NB||||R-VA   US00220NB|US 220|Jackson River Rd|262|Town of Monterey|045|Highland County|    | 388167|0|0|179.32|    Physical Jurisdiction Boundary: 045 Highland County / 262 Town of Monterey| 388166|0|0|179.67|    01/01/2022|1146|G|88|0|2|1|7|0|C|.092|6 |.56|1141|G||||||||||||||
080216|0|R-VA   US00220NB||||R-VA   US00220NB|US 220|Jackson River Rd; Potomac River Rd|262|Town of Monterey|045|Highland County|    US 250| 388166|0|0|179.67|    Physical Jurisdiction Boundary: 262 Town of Monterey / 045 Highland County| 388165|0|0|179.86|    01/01/2022|1314|G|88|0|1|2|6|0|C|.103|6 |.53|1309|G||||||||||||||
080216|0|R-VA   US00220NB||||R-VA   US00220NB|US 220|Jackson River Rd; Potomac River Rd|045|Highland County|045|Highland County|    | 388165|0|0|179.86|    Physical Jurisdiction Boundary: 262 Town of Monterey / 045 Highland County| 388105|0|0|186.16|    01/01/2022|1314|G|88|0|1|2|6|0|C|.103|6 |.53|1309|G||||||||||||||
080388|0|R-VA   US00220NB||||R-VA   US00220NB|US 220|Potomac River Rd|045|Highland County|045|Highland County|    45-642 Blue Grass Valley Rd| 388105|0|0|186.16|    West Virginia State Line|  50321|0|0|187.28|    01/01/2022|669|G|82|1|1|2|9|0|C|.111|6 |.62|666|G||||||||||||||
080224|0|R-VA   US00250EB||||R-VA   US00250EB|US 250|Highland Turnpike|045|Highland County|045|Highland County|    West Virginia State Line|  50318|0|0|0|    45-640 Blue Grass Valley Rd; Meadowdale Rd| 388101|0|0|8.02|    01/01/2022|367|G|91|1|2|1|3|0|F|.117|6 |.56|366|G||||||||||||||
080391|0|R-VA   US00250EB||||R-VA   US00250EB|US 250|Highland Turnpike|045|Highland County|045|Highland County|    45-640 Blue Grass Valley Rd; Meadowdale Rd| 388101|0|0|8.02|    Physical Jurisdiction Boundary: 045 Highland County / 262 Town of Monterey| 388169|0|0|13.36|    01/01/2022|426|G|91|1|2|1|3|0|F|.11|6 |.62|424|G||||||||||||||
080391|0|R-VA   US00250EB||||R-VA   US00250EB|US 250|Highland Turnpike|262|Town of Monterey|045|Highland County|    | 388169|0|0|13.36|    US 220 Monterey| 388166|0|0|13.76|    01/01/2022|426|G|91|1|2|1|3|0|F|.11|6 |.62|424|G||||||||||||||
080222|0|R-VA   US00250EB||||R-VA   US00250EB|US 250|Highland Turnpike|262|Town of Monterey|045|Highland County|    US 220 Monterey| 388166|0|0|13.76|    Physical Jurisdiction Boundary: 262 Town of Monterey / 045 Highland County| 388168|0|0|13.94|    01/01/2022|1057|G|91|1|2|1|3|0|C|.092|6 |.55|1054|G||||||||||||||
080222|0|R-VA   US00250EB||||R-VA   US00250EB|US 250|Highland Turnpike|045|Highland County|045|Highland County|    | 388168|0|0|13.94|    45-678 Bullpasture River Rd| 388126|0|0|23.5|    01/01/2022|1057|G|91|1|2|1|3|0|C|.092|6 |.55|1054|G||||||||||||||
080220|0|R-VA   US00250EB||||R-VA   US00250EB|US 250|Highland Turnpike|045|Highland County|045|Highland County|    45-678 Bullpasture River Rd| 388126|0|0|23.5|    Augusta County Line|  50320|0|0|32.45|    01/01/2022|1022|G|89|1|2|2|4|0|C|.096|6 |.59|1018|G||||||||||||||
401869|0|R-VA045SC00600NB||||R-VA045SC00600NB|45-600|Lower Back Creek Rd|045|Highland County|045|Highland County|    Bath County Line| 809001|0|0|0|    SR 84 S, Mill Gap Rd| 388149|0|0|2.89|    01/01/2022|79|G|96|2|0|1|1|0|C|.227|6 |.67|79|G||||||||||||||
746414|0|R-VA045SC00600NB||||R-VA045SC00600NB|45-600| |045|Highland County|045|Highland County|    SR 84 NORTH| 388002|0|0|4.49|    2.50 MN SR 84 N| 388002|0|2.5|6.99|    05/03/2021|99|R|||||||X||24|||X||||||||||||||
746415|0|R-VA045SC00600NB||||R-VA045SC00600NB|45-600| |045|Highland County|045|Highland County|    2.50 MN SR 84 N| 388002|0|2.5|6.99|    7.19 MN SR 84 N| 388002|0|7.19|11.68|    05/11/2015|69|R|||||||X||24|||X||||||||||||||
746416|0|R-VA045SC00600NB||||R-VA045SC00600NB|45-600| |045|Highland County|045|Highland County|    7.19 MN SR 84 N| 388002|0|7.19|11.68|    8.94 MN SR 84 N| 388002|0|8.94|13.43|    06/20/2018|45|R|||||||X||24|||X||||||||||||||
746417|0|R-VA045SC00600NB||||R-VA045SC00600NB|45-600| |045|Highland County|045|Highland County|    8.94 MN SR 84 N| 388002|0|8.94|13.43|    US 250 Highland Tpke| 388001|0|0|16.78|    05/11/2015|19|R|||||||X||24|||X||||||||||||||
746418|0|R-VA045SC00601NB||||R-VA045SC00601NB|45-601| |045|Highland County|045|Highland County|    Dead End| 388005|0|0|0|    US 250 Highland Tpke| 388004|0|0|1.6|    06/20/2018|21|R|||||||X||24|||X||||||||||||||
746419|0|R-VA045SC00602EB||||R-VA045SC00602EB|45-602| |045|Highland County|045|Highland County|    Dead End| 388006|0|0|0|    SR 84| 388007|0|0|.2|    06/20/2018|4|R|||||||X||24|||X||||||||||||||
746420|0|R-VA045SC00603EB||||R-VA045SC00603EB|45-603| |045|Highland County|045|Highland County|    45-600 Lower Back Creek Rd| 388003|0|0|0|    45-604| 388008|0|0|.6|    06/20/2018|64|R|||||||X||24|||X||||||||||||||
746421|0|R-VA045SC00604NB||||R-VA045SC00604NB|45-604| |045|Highland County|045|Highland County|    Dead End| 388010|0|0|0|    45-603| 388008|0|0|1.2|    06/20/2018|48|R|||||||X||24|||X||||||||||||||
746422|0|R-VA045SC00604NB||||R-VA045SC00604NB|45-604| |045|Highland County|045|Highland County|    45-603| 388008|0|0|1.2|    SR 84| 388009|0|0|4.6|    06/20/2018|66|R|||||||X||24|||X||||||||||||||
746424|0|R-VA045SC00605NB||||R-VA045SC00605NB|45-605| |045|Highland County|045|Highland County|    US 220| 388011|0|0|0|    Dead End| 388012|0|0|1|    06/13/2018|32|R|||||||X||24|||X||||||||||||||
746425|0|R-VA045SC00606NB||||R-VA045SC00606NB|45-606| |045|Highland County|045|Highland County|    US 220| 388013|0|0|0|    1.25 MN US 220| 388013|0|1.25|1.25|    06/13/2018|39|R|||||||X||24|||X||||||||||||||
746426|0|R-VA045SC00606NB||||R-VA045SC00606NB|45-606| |045|Highland County|045|Highland County|    1.25 MN US 220| 388013|0|1.25|1.25|    45-607| 388014|0|0|2.6|    06/13/2018|29|R|||||||X||24|||X||||||||||||||
746427|0|R-VA045SC00607NB||||R-VA045SC00607NB|45-607| |045|Highland County|045|Highland County|    US 220 SOUTH| 388017|0|0|0|    08-694 Little Valley| 809011|0|0|1.6|    05/03/2021|98|R|||||||X||24|||X||||||||||||||
746428|0|R-VA045SC00607NB||||R-VA045SC00607NB|45-607| |045|Highland County|045|Highland County|    08-694 Little Valley| 809011|0|0|1.6|    45-606 EAST|1102382|0|3.552|9.07|    05/03/2021|39|R|||||||X||24|||X||||||||||||||
746429|0|R-VA045SC00607NB||||R-VA045SC00607NB|45-607| |045|Highland County|045|Highland County|    45-606 EAST|1102382|0|3.552|9.07|    45-606 WEST| 388014|0|0|9.37|    05/03/2021|64|R|||||||X||24|||X||||||||||||||
746430|0|R-VA045SC00607NB||||R-VA045SC00607NB|45-607| |045|Highland County|045|Highland County|    45-606 WEST| 388014|0|0|9.37|    US 220 NORTH| 388016|0|0|11.17|    05/11/2015|95|R|||||||X||24|||X||||||||||||||
746431|0|R-VA045SC00608NB||||R-VA045SC00608NB|45-608| |045|Highland County|045|Highland County|    US 220| 388018|0|0|0|    Dead End| 388019|0|0|.7|    06/13/2018|12|R|||||||X||24|||X||||||||||||||
401870|0|R-VA045SC00609NB||||R-VA045SC00609NB|45-609|Burnsville Rd|045|Highland County|045|Highland County|    Bath County Line| 809004|0|0|0|    45-678 Bullpasture River Rd| 388020|0|0|3.24|    01/01/2022|85|G|95|0|3|0|0|0|C|.147|6 |.5|85|G||||||||||||||
746432|0|R-VA045SC00610NB||||R-VA045SC00610NB|45-610| |045|Highland County|045|Highland County|    45-609 Burnsville Rd| 388021|0|0|0|    0.07 MN 45-609| 388021|0|.07|.07|    02/08/2018|4|R|||||||X||24|||X||||||||||||||
746433|0|R-VA045SC00610NB||||R-VA045SC00610NB|45-610| |045|Highland County|045|Highland County|    0.07 MN 45-609| 388021|0|.07|.07|    45-678 Bullpasture River Rd| 388022|0|0|.83|    02/08/2018|8|R|||||||X||24|||X||||||||||||||
746434|0|R-VA045SC00611NB||||R-VA045SC00611NB|45-611| |045|Highland County|045|Highland County|    US 220| 388023|0|0|0|    Dead End| 388024|0|0|.6|    06/13/2018|26|R|||||||X||24|||X||||||||||||||
746435|0|R-VA045SC00612EB||||R-VA045SC00612EB|45-612| |045|Highland County|045|Highland County|    45-678 Bullpasture River Rd| 388026|0|0|0|    45-614| 388025|0|0|5.2|    06/13/2018|8|R|||||||X||24|||X||||||||||||||
746436|0|R-VA045SC00613NB||||R-VA045SC00613NB|45-613| |045|Highland County|045|Highland County|    45-614| 388027|0|0|0|    Dead End| 388028|0|0|1.1|    04/22/2021|20|R|||||||X||24|||X||||||||||||||
746437|0|R-VA045SC00614NB||||R-VA045SC00614NB|45-614| |045|Highland County|045|Highland County|    Bath County Line| 809005|0|0|0|    GW Natl For Bndy|1101674|0|0|3.43|    02/08/2018|80|R|||||||X||24|||X||||||||||||||
746440|0|R-VA045SC00614NB||||R-VA045SC00614NB|45-614| |045|Highland County|045|Highland County|    0.46 ME of Bndy|1101674|0|0|3.43|    45-613| 388027|0|0|5.14|    02/08/2018|31|R|||||||X||24|||X||||||||||||||
746441|0|R-VA045SC00614NB||||R-VA045SC00614NB|45-614| |045|Highland County|045|Highland County|    45-613| 388027|0|0|5.14|    45-612| 388025|0|0|7.74|    02/08/2018|38|R|||||||X||24|||X||||||||||||||
746442|0|R-VA045SC00614NB||||R-VA045SC00614NB|45-614| |045|Highland County|045|Highland County|    45-612| 388025|0|0|7.74|    45-616| 388034|0|0|9.08|    02/08/2018|37|R|||||||X||24|||X||||||||||||||
746443|0|R-VA045SC00614NB||||R-VA045SC00614NB|45-614| |045|Highland County|045|Highland County|    45-616| 388034|0|0|9.08|    US 250| 720314|0|.96|13.187|    02/08/2018|38|R|||||||X||24|||X||||||||||||||
746444|0|R-VA045SC00614NB||||R-VA045SC00614NB|45-614| |045|Highland County|045|Highland County|    US 250| 720314|0|.96|13.187|    45-619| 388031|0|0|18.28|    02/21/2018|82|R|||||||X||24|||X||||||||||||||
746445|0|R-VA045SC00614NB||||R-VA045SC00614NB|45-614| |045|Highland County|045|Highland County|    45-619| 388031|0|0|18.28|    West Virginia State Line| 388029|0|0|20.72|    04/22/2021|127|R|||||||X||24|||X||||||||||||||
746446|0|R-VA045SC00615EB||||R-VA045SC00615EB|45-615| |045|Highland County|045|Highland County|    US 250| 388035|0|0|0|    45-678 Bullpasture River Rd| 388036|0|0|4.6|    02/08/2018|38|R|||||||X||24|||X||||||||||||||
746447|0|R-VA045SC00616NB||||R-VA045SC00616NB|45-616| |045|Highland County|045|Highland County|    45-614| 388034|0|0|0|    US 250 S, Highland Turnpike| 388152|0|0|4.22|    05/11/2015|165|R|||||||X||24|||X||||||||||||||
746448|0|R-VA045SC00616NB||||R-VA045SC00616NB|45-616| |045|Highland County|045|Highland County|    US 250 N, Highland Turnpike| 388037|0|0|4.45|    Dead End| 388038|0|0|7.05|    02/08/2018|14|R|||||||X||24|||X||||||||||||||
746451|0|R-VA045SC00617NB||||R-VA045SC00617NB|45-617| |045|Highland County|045|Highland County|    45-654 S, Johnston Rd| 388043|0|0|0|    Dead End| 388153|0|0|2.2|    02/21/2018|12|R|||||||X||24|||X||||||||||||||
746450|0|R-VA045SC00617NB||||R-VA045SC00617NB|45-617| |045|Highland County|045|Highland County|    45-618| 388042|0|0|2.3|    45-654 N, Johnston Rd| 388040|0|0|7.78|    02/21/2018|37|R|||||||X||24|||X||||||||||||||
746449|0|R-VA045SC00617NB||||R-VA045SC00617NB|45-617| |045|Highland County|045|Highland County|    45-624| 388040|0|0|7.78|    45-618| 388039|0|0|9.97|    02/21/2018|20|R|||||||X||24|||X||||||||||||||
746452|0|R-VA045SC00618NB||||R-VA045SC00618NB|45-618| |045|Highland County|045|Highland County|    45-614| 388170|0|0|0|    Dead End; Gap| 388176|0|0|.8|    02/21/2018|7|R|||||||X||24|||X||||||||||||||
746453|0|R-VA045SC00618NB||||R-VA045SC00618NB|45-618| |045|Highland County|045|Highland County|    Dead End; Gap| 388032|0|0|.8|    45-654 N, Johnston Rd| 388164|0|0|3.5|    02/21/2018|45|R|||||||X||24|||X||||||||||||||
746454|0|R-VA045SC00618NB||||R-VA045SC00618NB|45-618| |045|Highland County|045|Highland County|    45-654 S, Johnston Rd| 388044|0|0|3.55|    45-617| 388040|0|0|4.35|    04/22/2021|104|R|||||||X||24|||X||||||||||||||
746455|0|R-VA045SC00619EB||||R-VA045SC00619EB|45-619| |045|Highland County|045|Highland County|    45-654 Johnston Rd| 388045|0|0|0|    0.69 ME 45-654| 388045|0|.69|.69|    02/21/2018|70|R|||||||X||24|||X||||||||||||||
746456|0|R-VA045SC00619EB||||R-VA045SC00619EB|45-619| |045|Highland County|045|Highland County|    0.69 ME 45-654| 388045|0|.69|.69|    45-648| 388046|0|0|1.9|    02/21/2018|50|R|||||||X||24|||X||||||||||||||
746457|0|R-VA045SC00619EB||||R-VA045SC00619EB|45-619| |045|Highland County|045|Highland County|    45-648| 388046|0|0|1.9|    45-614| 388031|0|0|3.91|    02/21/2018|62|R|||||||X||24|||X||||||||||||||
746458|0|R-VA045SC00620EB||||R-VA045SC00620EB|45-620| |045|Highland County|045|Highland County|    45-654 Johnston Rd| 388047|0|0|0|    West Virginia State Line| 388177|0|0|1.7|    02/21/2018|24|R|||||||X||24|||X||||||||||||||
746459|0|R-VA045SC00620EB||||R-VA045SC00620EB|45-620| |045|Highland County|045|Highland County|    West Virginia State Line| 388048|0|0|1.7|    45-614 NORTH| 388030|0|0|3.5|    02/21/2018|17|R|||||||X||24|||X||||||||||||||
746460|0|R-VA045SC00620EB||||R-VA045SC00620EB|45-620| |045|Highland County|045|Highland County|    45-614 SOUTH| 388151|0|0|3.58|    West Virginia State Line| 388049|0|0|6.35|    02/21/2018|11|R|||||||X||24|||X||||||||||||||
746461|0|R-VA045SC00621NB||||R-VA045SC00621NB|45-621| |045|Highland County|045|Highland County|    Dead End| 388154|0|0|0|    45-636| 388050|0|0|1.18|    06/13/2018|320|R|||||||X||24|||X||||||||||||||
746462|0|R-VA045SC00622NB||||R-VA045SC00622NB|45-622| |045|Highland County|045|Highland County|    45-654 Johnston Rd| 388051|0|0|0|    45-623| 388052|0|0|.6|    02/21/2018|105|R|||||||X||24|||X||||||||||||||
746463|0|R-VA045SC00622NB||||R-VA045SC00622NB|45-622| |045|Highland County|045|Highland County|    45-623| 388052|0|0|.6|    West Virginia State Line|1102849|0|0|1.41|    02/21/2018|49|R|||||||X||24|||X||||||||||||||
746464|0|R-VA045SC00623NB||||R-VA045SC00623NB|45-623| |045|Highland County|045|Highland County|    Dead End| 388054|0|0|0|    45-622| 388052|0|0|.9|    02/21/2018|40|R|||||||X||24|||X||||||||||||||
746465|0|R-VA045SC00624EB||||R-VA045SC00624EB|45-624| |045|Highland County|045|Highland County|    45-629| 388057|0|0|0|    45-628| 388056|0|0|.1|    02/21/2018|43|R|||||||X||24|||X||||||||||||||
746466|0|R-VA045SC00624EB||||R-VA045SC00624EB|45-624| |045|Highland County|045|Highland County|    45-628| 388056|0|0|.1|    45-617| 388039|0|0|6.1|    02/21/2018|29|R|||||||X||24|||X||||||||||||||
746467|0|R-VA045SC00624EB||||R-VA045SC00624EB|45-624| |045|Highland County|045|Highland County|    45-617| 388039|0|0|6.1|    45-654 Johnston Rd| 388055|0|0|7.7|    04/22/2021|37|R|||||||X||24|||X||||||||||||||
746468|0|R-VA045SC00625EB||||R-VA045SC00625EB|45-625| |045|Highland County|045|Highland County|    Dead End| 388060|0|0|0|    US 220| 388059|0|0|.1|    06/13/2018|12|R|||||||X||24|||X||||||||||||||
746469|0|R-VA045SC00625EB||||R-VA045SC00625EB|45-625| |045|Highland County|045|Highland County|    US 220| 388059|0|0|.1|    West Virginia State Line| 388058|0|0|2|    06/13/2018|52|R|||||||X||24|||X||||||||||||||
746470|0|R-VA045SC00626NB||||R-VA045SC00626NB|45-626| |045|Highland County|045|Highland County|    Dead End| 388062|0|0|0|    US 220| 388061|0|0|1.6|    06/13/2018|42|R|||||||X||24|||X||||||||||||||
746471|0|R-VA045SC00627NB||||R-VA045SC00627NB|45-627| |045|Highland County|045|Highland County|    Dead End| 388064|0|0|0|    US 220| 388063|0|0|.3|    01/16/2018|14|T|||||||X||24|||X||||||||||||||
746472|0|R-VA045SC00628NB||||R-VA045SC00628NB|45-628| |045|Highland County|045|Highland County|    Dead End| 388065|0|0|0|    45-624| 388056|0|0|.8|    02/21/2017|7|R|||||||X||24|||X||||||||||||||
746473|0|R-VA045SC00629NB||||R-VA045SC00629NB|45-629| |045|Highland County|045|Highland County|    US 250| 388069|0|0|0|    US 220| 388066|0|0|4.18|    02/21/2018|248|R|||||||X||24|||X||||||||||||||
746474|0|R-VA045SC00630NB||||R-VA045SC00630NB|45-630| |045|Highland County|045|Highland County|    Dead End| 388070|0|0|0|    45-629| 388068|0|0|.52|    02/21/2018|52|R|||||||X||24|||X||||||||||||||
746475|0|R-VA045SC00631NB||||R-VA045SC00631NB|45-631| |045|Highland County|045|Highland County|    US 250| 388071|0|0|0|    45-629| 388067|0|0|2|    02/21/2018|32|R|||||||X||24|||X||||||||||||||
746476|0|R-VA045SC00632NB||||R-VA045SC00632NB|45-632| |045|Highland County|045|Highland County|    US 220 SOUTH| 388075|0|0|0|    US 220 NORTH| 388072|0|0|1.97|    05/03/2021|58|R|||||||X||24|||X||||||||||||||
746477|0|R-VA045SC00633EB||||R-VA045SC00633EB|45-633| |045|Highland County|045|Highland County|    Dead End| 388077|0|0|0|    45-634| 388076|0|0|.8|    06/13/2018|87|R|||||||X||24|||X||||||||||||||
746478|0|R-VA045SC00634NB||||R-VA045SC00634NB|45-634| |045|Highland County|045|Highland County|    US 220| 388078|0|0|0|    Dead End| 388079|0|0|1.2|    06/13/2018|158|R|||||||X||24|||X||||||||||||||
746479|0|R-VA045SC00635NB||||R-VA045SC00635NB|45-635| |045|Highland County|045|Highland County|    US 220| 388080|0|0|0|    Dead End| 388081|0|0|1|    06/13/2018|196|R|||||||X||24|||X||||||||||||||
746480|0|R-VA045SC00636NB||||R-VA045SC00636NB|45-636| |045|Highland County|045|Highland County|    US 220| 388087|0|0|0|    45-1010| 388086|0|0|.46|    06/13/2018|133|R|||||||X||24|||X||||||||||||||
746481|0|R-VA045SC00636NB||||R-VA045SC00636NB|45-636| |045|Highland County|045|Highland County|    45-1010| 388086|0|0|.46|    Physical Jurisdiction Boundary: 045 Highland County / 262 Town of Monterey| 388085|0|0|1.033|    06/13/2018|507|R|||||||X||24|||X||||||||||||||
746481|0|R-VA045SC00636NB||||R-VA045SC00636NB|45-636| |262|Town of Monterey|045|Highland County|    | 388085|0|0|1.033|    US 250| 388083|0|0|1.38|    06/13/2018|507|R|||||||X||24|||X||||||||||||||
788272|0|R-VA045SC00636NB||||R-VA045SC00636NB|45-636|Spruce St; Maple St|262|Town of Monterey|045|Highland County|    US 250| 388083|0|0|1.38|    Dead End| 388082|0|0|1.42|    06/13/2018|662|R|||||||X||24|||X||||||||||||||
746482|0|R-VA045SC00637NB||||R-VA045SC00637NB|45-637|Dug Bank Rd|045|Highland County|045|Highland County|    SR 84 Mill Gap Rd| 388093|0|0|0|    45-638 Mill Ln| 388092|0|0|1.8|    06/20/2018|47|R|||||||X||24|||X||||||||||||||
746483|0|R-VA045SC00637NB||||R-VA045SC00637NB|45-637|Dug Bank Rd|045|Highland County|045|Highland County|    45-638 Mill Ln| 388092|0|0|1.8|    US 250 Highland Turnpike| 388091|0|0|4.8|    06/20/2018|37|R|||||||X||24|||X||||||||||||||
746484|0|R-VA045SC00637NB||||R-VA045SC00637NB|45-637| |045|Highland County|045|Highland County|    US 250| 388091|0|0|4.8|    45-640 Blue Grass Valley Rd| 388088|0|0|10.1|    06/20/2018|81|R|||||||X||24|||X||||||||||||||
746485|0|R-VA045SC00638EB||||R-VA045SC00638EB|45-638| |045|Highland County|045|Highland County|    45-640 Meadowdale Rd| 388094|0|0|0|    45-637| 388092|0|0|1|    06/20/2018|14|R|||||||X||24|||X||||||||||||||
746486|0|R-VA045SC00639EB||||R-VA045SC00639EB|45-639| |045|Highland County|045|Highland County|    45-640 Blue Grass Valley Rd| 388095|0|0|0|    45-637| 388089|0|0|.5|    06/20/2018|8|R|||||||X||24|||X||||||||||||||
401871|0|R-VA045SC00640NB||||R-VA045SC00640NB|45-640|Meadowdale Rd|045|Highland County|045|Highland County|    SR 84 Mill Gap Rd| 388102|0|0|0|    45-638 Mill Ln| 388094|0|0|1.1|    01/01/2022|125|G|83|1|4|1|8|0|C|.137|6 |.5|125|G||||||||||||||
401872|0|R-VA045SC00640NB||||R-VA045SC00640NB|45-640|Meadowdale Rd|045|Highland County|045|Highland County|    45-638 Mill Ln| 388094|0|0|1.1|    US 250 Highland Tpke| 388101|0|0|4.32|    01/01/2022|97|G|83|1|4|1|8|0|F|.147|6 |.75|97|G||||||||||||||
401873|0|R-VA045SC00640NB||||R-VA045SC00640NB|45-640|Blue Grass Valley Rd|045|Highland County|045|Highland County|    US 250 Highland Tpke| 388101|0|0|4.32|    45-637 Maple Sugar Rd| 388088|0|0|9.52|    01/01/2022|96|G|93|0|1|1|1|0|F|.138|6 |.56|96|G||||||||||||||
401874|0|R-VA045SC00640NB||||R-VA045SC00640NB|45-640|Blue Grass Valley Rd|045|Highland County|045|Highland County|    45-637 Maple Sugar Rd| 388088|0|0|9.52|    45-642 W, Laurel Fork Rd| 388099|0|0|10.82|    01/01/2022|244|G|93|1|1|1|1|0|C|.101|6 |.5|244|G||||||||||||||
401875|0|R-VA045SC00640NB||||R-VA045SC00640NB|45-640|Bluegrass Valley Rd|045|Highland County|045|Highland County|    45-642 W, Laurel Fork Rd| 388099|0|0|10.82|    45-642 E, Wimer Mountain Rd| 388155|0|0|11.52|    01/01/2022|340|G|93|0|1|1|1|0|C|.124|6 |.55|339|G||||||||||||||
746487|0|R-VA045SC00640NB||||R-VA045SC00640NB|45-640| |045|Highland County|045|Highland County|    45-642 EAST| 388155|0|0|11.52|    45-650| 388098|0|0|11.92|    05/03/2021|192|R|||||||X||24|||X||||||||||||||
746488|0|R-VA045SC00640NB||||R-VA045SC00640NB|45-640| |045|Highland County|045|Highland County|    45-650| 388098|0|0|11.92|    45-644| 388097|0|0|12.72|    06/20/2018|212|R|||||||X||24|||X||||||||||||||
746489|0|R-VA045SC00640NB||||R-VA045SC00640NB|45-640| |045|Highland County|045|Highland County|    45-644| 388097|0|0|12.72|    West Virginia State Line| 388096|0|0|15.12|    05/03/2021|66|R|||||||X||24|||X||||||||||||||
746490|0|R-VA045SC00641NB||||R-VA045SC00641NB|45-641| |045|Highland County|045|Highland County|    45-640 Blue Grass Valley Rd| 388100|0|0|0|    45-657| 388103|0|0|.45|    05/03/2021|123|R|||||||X||24|||X||||||||||||||
746491|0|R-VA045SC00641NB||||R-VA045SC00641NB|45-641| |045|Highland County|045|Highland County|    45-657| 388103|0|0|.45|    Dead End| 388104|0|0|.7|    01/16/2018|42|T|||||||X||24|||X||||||||||||||
746492|0|R-VA045SC00642EB||||R-VA045SC00642EB|45-642| |045|Highland County|045|Highland County|    West Virginia State Line|1102085|0|0|0|    45-643| 388106|0|0|9.9|    06/20/2018|28|R|||||||X||24|||X||||||||||||||
746493|0|R-VA045SC00642EB||||R-VA045SC00642EB|45-642| |045|Highland County|045|Highland County|    45-643| 388106|0|0|9.9|    45-640 WEST| 388099|0|0|11.1|    06/20/2018|103|R|||||||X||24|||X||||||||||||||
401876|0|R-VA045SC00642EB||||R-VA045SC00642EB|45-642|Blue Grass Valley Rd|045|Highland County|045|Highland County|    45-640 E, Wimer Mountain Rd| 388155|0|0|11.8|    US 220 Potomac River Rd| 388105|0|0|14.4|    01/01/2022|543|G|95|1|1|1|1|0|C|.117|6 |.56|540|G||||||||||||||
746494|0|R-VA045SC00643NB||||R-VA045SC00643NB|45-643| |045|Highland County|045|Highland County|    45-642| 388106|0|0|0|    45-644| 388108|0|0|1.1|    06/18/2018|86|R|||||||X||24|||X||||||||||||||
746495|0|R-VA045SC00644NB||||R-VA045SC00644NB|45-644| |045|Highland County|045|Highland County|    45-640| 388097|0|0|0|    45-643| 388108|0|0|1.6|    05/03/2021|54|R|||||||X||24|||X||||||||||||||
746496|0|R-VA045SC00644NB||||R-VA045SC00644NB|45-644| |045|Highland County|045|Highland County|    45-643| 388108|0|0|1.6|    West Virginia State Line| 388109|0|0|5.5|    06/20/2018|49|R|||||||X||24|||X||||||||||||||
746497|0|R-VA045SC00645EB||||R-VA045SC00645EB|45-645| |045|Highland County|045|Highland County|    US 250 WEST| 388110|0|0|0|    45-654 Johnston Rd| 388111|0|0|.2|    04/22/2021|159|R|||||||X||24|||X||||||||||||||
746498|0|R-VA045SC00645EB||||R-VA045SC00645EB|45-645| |045|Highland County|045|Highland County|    45-654 Johnston Rd| 388111|0|0|.2|    US 250 EAST| 388112|0|0|.29|    05/07/2015|25|R|||||||X||24|||X||||||||||||||
746499|0|R-VA045SC00646NB||||R-VA045SC00646NB|45-646| |045|Highland County|045|Highland County|    Dead End| 388156|0|0|0|    45-637| 388090|0|0|.15|    01/16/2018|21|T|||||||X||24|||X||||||||||||||
746500|0|R-VA045SC00647NB||||R-VA045SC00647NB|45-647| |045|Highland County|045|Highland County|    45-632| 388074|0|0|0|    Dead End| 388113|0|0|1.01|    06/13/2018|410|R|||||||X||24|||X||||||||||||||
746501|0|R-VA045SC00648NB||||R-VA045SC00648NB|45-648| |045|Highland County|045|Highland County|    45-619| 388046|0|0|0|    Dead End| 388114|0|0|.8|    02/21/2018|8|R|||||||X||24|||X||||||||||||||
746502|0|R-VA045SC00649NB||||R-VA045SC00649NB|45-649| |045|Highland County|045|Highland County|    Dead End| 388116|0|0|0|    US 250| 388115|0|0|.5|    05/03/2021|566|R|||||||X||24|||X||||||||||||||
746503|0|R-VA045SC00650EB||||R-VA045SC00650EB|45-650| |045|Highland County|045|Highland County|    Dead End| 388157|0|0|0|    45-640| 388098|0|0|.15|    05/07/2015|20|R|||||||X||24|||X||||||||||||||
746504|0|R-VA045SC00651EB||||R-VA045SC00651EB|45-651| |045|Highland County|045|Highland County|    45-654 Johnston Rd| 388117|0|0|0|    Dead End| 388158|0|0|.07|    05/07/2015|10|R|||||||X||24|||X||||||||||||||
746505|0|R-VA045SC00652EB||||R-VA045SC00652EB|45-652| |045|Highland County|045|Highland County|    US 250| 388118|0|0|0|    Physical Jurisdiction Boundary: 045 Highland County / 262 Town of Monterey| 388119|0|0|.09|    06/13/2018|64|R|||||||X||24|||X||||||||||||||
746505|0|R-VA045SC00652EB||||R-VA045SC00652EB|45-652| |262|Town of Monterey|045|Highland County|    Jurisdiction Boundary: 045 Highland County| 388119|0|0|.09|    Dead End| 388121|0|0|.2|    06/13/2018|64|R|||||||X||24|||X||||||||||||||
746506|0|R-VA045SC00653EB||||R-VA045SC00653EB|45-653| |045|Highland County|045|Highland County|    Dead End| 388159|0|0|0|    45-617| 388041|0|0|.6|    02/21/2018|12|R|||||||X||24|||X||||||||||||||
401877|0|R-VA045SC00654NB||||R-VA045SC00654NB|45-654|Doe Hill Rd|045|Highland County|045|Highland County|    US 250 Highland Turnpike| 388123|0|0|0|    45-617 N, Seldom Seen Rd| 388042|0|0|.91|    01/01/2022|509|G|93|0|2|2|1|0|C|.101|6 |.61|508|G||||||||||||||
401878|0|R-VA045SC00654NB||||R-VA045SC00654NB|45-654|Doe Hill Rd|045|Highland County|045|Highland County|    45-617 N, Seldom Seen Rd| 388042|0|0|.91|    45-618 N, Keister Hollow Rd| 388164|0|0|4.58|    01/01/2022|364|G|95|0|1|2|1|0|C|.109|6 |.5|363|G||||||||||||||
401879|0|R-VA045SC00654NB||||R-VA045SC00654NB|45-654|Doe Hill Rd|045|Highland County|045|Highland County|    45-618 N, Keister Hollow Rd| 388164|0|0|4.58|    45-624 Jack Mountain Rd| 388055|0|0|7.53|    01/01/2022|214|G|91|0|1|4|2|0|C|.11|6 |.55|213|G||||||||||||||
401880|0|R-VA045SC00654NB||||R-VA045SC00654NB|45-654|Doe Hill Rd|045|Highland County|045|Highland County|    45-624 Jack Mountain Rd| 388055|0|0|7.53|    West Virginia State Line| 388122|0|0|9.07|    01/01/2022|129|G|89|0|2|5|2|0|C|.171|6 |.52|129|G||||||||||||||
746507|0|R-VA045SC00655EB||||R-VA045SC00655EB|45-655| |045|Highland County|045|Highland County|    45-632| 388073|0|0|0|    Dead End| 388160|0|0|.15|    01/16/2018|7|T|||||||X||24|||X||||||||||||||
746508|0|R-VA045SC00656NB||||R-VA045SC00656NB|45-656| |045|Highland County|045|Highland County|    Dead End| 388125|0|0|0|    US 250| 388124|0|0|.04|    05/07/2015|25|R|||||||X||24|||X||||||||||||||
746509|0|R-VA045SC00657NB||||R-VA045SC00657NB|45-657| |045|Highland County|045|Highland County|    Dead End| 388161|0|0|0|    45-641| 388103|0|0|.37|    01/16/2018|42|T|||||||X||24|||X||||||||||||||
746510|0|R-VA045SC00660NB||||R-VA045SC00660NB|45-660| |045|Highland County|045|Highland County|    45-617 SOUTH| 710330|0|0|0|    45-617 NORTH| 710331|0|0|.12|    02/21/2018|14|R|||||||X||24|||X||||||||||||||
746511|0|R-VA045SC00678NB||||R-VA045SC00678NB|45-678| |045|Highland County|045|Highland County|    Bath County Line| 809009|0|0|0|    45-609 Burnsville Rd| 388020|0|0|3.83|    02/08/2018|82|R|||||||X||24|||X||||||||||||||
401881|0|R-VA045SC00678NB||||R-VA045SC00678NB|45-678|Bullpasture River Rd|045|Highland County|045|Highland County|    45-609 Burnsville Rd| 388020|0|0|3.83|    45-610 Job's Hill Rd| 388022|0|0|4.32|    01/01/2022|126|G|90|0|2|1|2|0|C|.108|6 |.53|125|G||||||||||||||
401882|0|R-VA045SC00678NB||||R-VA045SC00678NB|45-678|Bullpasture River Rd|045|Highland County|045|Highland County|    45-610 Job's Hill Rd| 388022|0|0|4.32|    45-612 McClung Rd| 388026|0|0|7.44|    01/01/2022|137|G|95|0|1|0|3|0|C|.118|6 |.53|137|G||||||||||||||
401883|0|R-VA045SC00678NB||||R-VA045SC00678NB|45-678|Bullpasture River Rd|045|Highland County|045|Highland County|    45-612 McClung Rd| 388026|0|0|7.44|    45-615 Davis Run Rd| 388036|0|0|10.76|    01/01/2022|140|G|92|1|3|1|3|0|C|.122|6 |.5|140|G||||||||||||||
401884|0|R-VA045SC00678NB||||R-VA045SC00678NB|45-678|Bullpasture River Rd|045|Highland County|045|Highland County|    45-615 Davis Run Rd| 388036|0|0|10.76|    US 250 Highland Turnpike| 388126|0|0|13.58|    01/01/2022|212|G|96|0|1|0|2|0|C|.103|6 |.5|212|G||||||||||||||
746512|0|R-VA045SC01001NB||||R-VA045SC01001NB|45-1001|Walnut St|262|Town of Monterey|045|Highland County|    45-1002 Courthouse Ln| 388128|0|0|0|    US 250| 388127|0|0|.04|    05/03/2021|75|R|||||||X||24|||X||||||||||||||
746513|0|R-VA045SC01002EB||||R-VA045SC01002EB|45-1002|Walnut St; Courthouse Ln|262|Town of Monterey|045|Highland County|    45-1001 Sieg Alley| 388128|0|0|0|    45-636 Spruce St| 388185|0|0|.05|    05/11/2015|58|R|||||||X||24|||X||||||||||||||
746514|0|R-VA045SC01002EB||||R-VA045SC01002EB|45-1002|Courthouse Ln|262|Town of Monterey|045|Highland County|    45-636 Spruce St| 388185|0|0|.05|    US 220| 388130|0|0|.25|    05/03/2021|156|R|||||||X||24|||X||||||||||||||
746515|0|R-VA045SC01003NB||||R-VA045SC01003NB|45-1003|Water St|262|Town of Monterey|045|Highland County|    45-1002 Courthouse Ln| 388129|0|0|0|    US 250| 388131|0|0|.04|    05/03/2021|263|R|||||||X||24|||X||||||||||||||
746516|0|R-VA045SC01003NB||||R-VA045SC01003NB|45-1003|Water St|262|Town of Monterey|045|Highland County|    US 250| 388131|0|0|.04|    Dead End| 388132|0|0|.08|    05/03/2021|131|R|||||||X||24|||X||||||||||||||
746517|0|R-VA045SC01004EB||||R-VA045SC01004EB|45-1004|Fleisher Ave|262|Town of Monterey|045|Highland County|    US 220| 388133|0|0|0|    45-1005 Wilson Ave| 388134|0|0|.16|    06/13/2018|407|R|||||||X||24|||X||||||||||||||
746518|0|R-VA045SC01005NB||||R-VA045SC01005NB|45-1005|Wilson Ave|262|Town of Monterey|045|Highland County|    US 250| 388135|0|0|0|    45-1004 Fleisher Ave| 388134|0|0|.09|    06/13/2018|479|R|||||||X||24|||X||||||||||||||
746519|0|R-VA045SC01005NB||||R-VA045SC01005NB|45-1005|Wilson Ave|262|Town of Monterey|045|Highland County|    45-1004 Fleisher Ave| 388134|0|0|.09|    Physical Jurisdiction Boundary: 262 Town of Monterey / 045 Highland County| 388136|0|0|.19|    06/13/2018|52|R|||||||X||24|||X||||||||||||||
746519|0|R-VA045SC01005NB||||R-VA045SC01005NB|45-1005|Wilson Ave|045|Highland County|045|Highland County|    | 388136|0|0|.19|    Dead End| 388137|0|0|.35|    06/13/2018|52|R|||||||X||24|||X||||||||||||||
746520|0|R-VA045SC01006EB||||R-VA045SC01006EB|45-1006|Sieg Alley|262|Town of Monterey|045|Highland County|    Dead End| 388162|0|0|0|    45-636 Spruce St| 388084|0|0|.25|    05/03/2021|93|R|||||||X||24|||X||||||||||||||
746521|0|R-VA045SC01007NB||||R-VA045SC01007NB|45-1007| |045|Highland County|045|Highland County|    Dead End| 388140|0|0|0|    45-1006 Sieg Alley| 388138|0|0|.22|    05/03/2021|42|R|||||||X||24|||X||||||||||||||
746522|0|R-VA045SC01010EB||||R-VA045SC01010EB|45-1010| |045|Highland County|045|Highland County|    45-1011|1264287|0|0|0|    45-636| 388086|0|0|.12|    06/13/2018|91|R|||||||X||24|||X||||||||||||||
746523|0|R-VA045SC01011NB||||R-VA045SC01011NB|45-1011| |045|Highland County|045|Highland County|    45-1010|1264287|0|0|0|    Cul-de-Sac| 388141|0|0|.07|    06/13/2018|56|T|||||||X||24|||X||||||||||||||
790429|0|R-VA045SC01032NB||||R-VA045SC01032NB|45-1032|Highland Center Dr|262|Town of Monterey|045|Highland County|    45-636 Spruce St| 388144|0|0|0|    45-636 Spruce St| 388143|0|0|.13|    06/13/2018|82|R|||||||X||24|||X||||||||||||||
746525|0|R-VA045SC09506NB||||R-VA045SC09506NB|45-9506| |045|Highland County|045|Highland County|    45-678 Bullpasture River Rd| 388146|0|0|0|    McDowell Elem Sch| 388145|0|0|.15|    09/26/2012|142|R|||||||X||24|||X||||||||||||||
746526|0|R-VA045SC09965EB||||R-VA045SC09965EB|45-9965| |045|Highland County|045|Highland County|    Cul-de-Sac| 388148|0|0|0|    45-649| 388147|0|0|.17|    05/03/2021|367|R|||||||X||24|||X||||||||||||||
