sep=|
- - 2022 AADT Report for Town of Luray - -
LINKID|SEQUENCENUMBER|RTE_NM|RTE_NM_2|RTE_NM_3|RTE_NM_4|Host RTE_NM|Route Label|Street Name|Physical Jurisdiction|Physical Jurisdiciton Name|Maintenance Jurisdiction|Maintenance Jurisdiciton Name|    Start Label|Start Node|Start Node Route Sequence|Star tOffset|Start Milepoint|    End Label|End Node|End Node Route Sequence|End Offset|End Milepoint|    VPDDate|AADT|AADT Quality|Passenger Vehicle|Bus|Truck 2 Axle|Truck 3 Axle|Truck 1 Trailer|Truck 2 Trailer|Class Quality|K Factor|K Factor Quality|Direction Factor|AAWDT|AAWDT Quality|AADT Dir|AADT Quality Dir|PassengerVehicle Dir|Bus Dir|Truck 2 Axle Dir|Truck 3 Axle Dir|Truck 1 Trailer Dir|Truck 2 Trailer Dir|Class Quality Dir|K Factor Dir|K Factor Quality Dir|Direction Factor Dir|AAWDT Dir|AAWDT Quality Dir
646103|0|R-VA   US00211EB|R-VA   US00340NB|||R-VA   US00211EB|US 211, US 340|Lee Highway|159|Town of Luray|069|Page County|    WCL Luray| 508510|0|0|12.67|    Bus US 211| 508449|0|0|13.03|    01/01/2022|12705|G|95|1|1|1|2|0|F|.09|6 |.52|12648|G||||||||||||||
646100|0|R-VA   US00211EB|R-VA   US00340NB|||R-VA   US00211EB|US 211, US 340|Lee Highway|159|Town of Luray|069|Page County|    Bus US 211| 508449|0|0|13.03|    Physical Jurisdiction Boundary: 159 Town of Luray / 069 Page County| 508509|0|0|13.72|    01/01/2022|6413|G|95|0|1|1|2|0|C|.091|6 |.52|6385|G||||||||||||||
646100|0|R-VA   US00211EB|R-VA   US00340NB|||R-VA   US00211EB|US 211, US 340|Lee Highway|159|Town of Luray|069|Page County|    | 508446|0|0|14.25|    US 340| 508507|0|0|14.81|    01/01/2022|6413|G|95|0|1|1|2|0|C|.091|6 |.52|6385|G||||||||||||||
080393|0|R-VA   US00211EB||||R-VA   US00211EB|US 211|Lee Highway|159|Town of Luray|069|Page County|    US 340| 508507|0|0|14.81|    Physical Jurisdiction Boundary: 159 Town of Luray / 069 Page County| 508445|0|0|15.19|    01/01/2022|4247|G|96|0|1|1|2|0|C|.091|6 |.52|4230|G||||||||||||||
080555|0|R-VA   US00211EB||||R-VA   US00211EB|US 211|Lee Highway|159|Town of Luray|069|Page County|    WCL Luray; 69-656 Whispering Hill Rd| 508444|0|0|16.54|    Physical Jurisdiction Boundary: 159 Town of Luray / 069 Page County| 508443|0|0|16.82|    01/01/2022|2610|G|96|0|1|1|2|0|C|.093|6 |.55|2599|G||||||||||||||
646080|0|R-VA   US00211EBBUS003||||R-VA   US00211EBBUS003|BUS US 211|West  Main St|159|Town of Luray|159|Town of Luray|    US 211 Lee Highway|1093559|0|0|0|    Leaksville Rd| 508472|0|0|.17|    01/01/2022|7186|G|99|0|1|0|0|0|F|.082|6 |.52|7178|G||||||||||||||
646082|0|R-VA   US00211EBBUS003||||R-VA   US00211EBBUS003|BUS US 211|West Main St|159|Town of Luray|159|Town of Luray|    Leaksville Rd| 508472|0|0|.17|    Lee St| 508524|0|0|1|    01/01/2022|6912|G|99|0|1|0|0|0|C|.084|6 |.54|6904|G||||||||||||||
646088|0|R-VA   US00211EBBUS003||||R-VA   US00211EBBUS003|BUS US 211|West Main St|159|Town of Luray|159|Town of Luray|    Lee St| 508524|0|0|1|    US 340| 508448|0|0|1.33|    01/01/2022|6891|G|99|0|1|0|0|0|F|.095|6 |.52|6785|G||||||||||||||
646091|0|R-VA   US00211EBBUS003||||R-VA   US00211EBBUS003|BUS US 211|East Main St|159|Town of Luray|159|Town of Luray|    US 340| 508448|0|0|1.33|    Reservoir Ave| 508483|0|0|2.31|    01/01/2022|8334|G|98|0|0|0|0|0|F|.08|6 |.52|8326|G||||||||||||||
646092|0|R-VA   US00211EBBUS003||||R-VA   US00211EBBUS003|BUS US 211|East Main St|159|Town of Luray|159|Town of Luray|    Reservoir Ave| 508483|0|0|2.31|    Collins Ave| 714886|0|0|2.45|    01/01/2022|6395|G|98|0|0|0|0|0|C|.083|6 |.52|6388|G||||||||||||||
646102|0|R-VA   US00211EBBUS003||||R-VA   US00211EBBUS003|BUS US 211|East Main St|159|Town of Luray|159|Town of Luray|    Collins Ave| 714886|0|0|2.45|    ECL Luray| 508447|0|0|3.17|    01/01/2022|4505|G|98|0|1|0|0|0|F|.086|6 |.55|4500|G||||||||||||||
804090|0|R-VA   US00211WB      RMP015.00B||||R-VA   US00211WB      RMP015.00B|US 211  WB EXIT 15B|Ramp|159|Town of Luray|069|Page County|    US-00211(B)/RAMP TO RTE. 340| 508505|0|0|0|    US-00340(B)/US-00340- 071B(L)/RAMP TO AND FRO| 508513|0|0|.16|    01/01/2022|514|F|95|1|1|1|3|0|C|.114|6 |1|514|F||||||||||||||
646103|0|R-VA   US00340NB|R-VA   US00211EB|||R-VA   US00211EB|US 211, US 340|Lee Highway|159|Town of Luray|069|Page County|    WCL Luray| 508510|0|0|69.06|    Bus US 211| 508449|0|0|69.42|    01/01/2022|12705|G|95|1|1|1|2|0|F|.09|6 |.52|12648|G||||||||||||||
646100|0|R-VA   US00340NB|R-VA   US00211EB|||R-VA   US00211EB|US 211, US 340|Lee Highway|159|Town of Luray|069|Page County|    Bus US 211| 508449|0|0|69.42|    Physical Jurisdiction Boundary: 159 Town of Luray / 069 Page County| 508509|0|0|70.11|    01/01/2022|6413|G|95|0|1|1|2|0|C|.091|6 |.52|6385|G||||||||||||||
646100|0|R-VA   US00340NB|R-VA   US00211EB|||R-VA   US00211EB|US 211, US 340|Lee Highway|159|Town of Luray|069|Page County|    | 508446|0|0|70.64|    US 340| 508507|0|0|71.2|    01/01/2022|6413|G|95|0|1|1|2|0|C|.091|6 |.52|6385|G||||||||||||||
646104|0|R-VA   US00340NB||||R-VA   US00340NB|US 340|N Broad St|159|Town of Luray|159|Town of Luray|    |1038774|0|0|71.39|    Jurisdiction Boundary: 159 Town of Luray / 069 Page County| 508452|0|0|71.58|    01/01/2022|5709|G|97|0|1|1|1|0|C|.086|6 |.52|5686|G||||||||||||||
804142|0|R-VA   US00340NB      RMP071.00A||||R-VA   US00340NB      RMP071.00A|US 340  NB EXIT 71A|Ramp|159|Town of Luray|069|Page County|    US-00211(B)/US-00340- 071B(L)/Gap Terminus/RA| 508507|0|0|0|    C1US-00340(R)/US-00340(L)/US-00340- 071A(L)/G| 508514|0|0|.07|    01/01/2022|1682|F|95|0|1|2|1|0|C|.1|6 |1|1682|F||||||||||||||
646105|0|R-VA   US00340NBBUS001||||R-VA   US00340NBBUS001|BUS US 340|Virginia Ave|159|Town of Luray|159|Town of Luray|    SCL Luray| 508453|0|0|11.8|    Linden Ave| 713129|0|0|11.89|    01/01/2022|4980|G|97|0|1|0|1|0|F|.087|6 |.6|4974|G||||||||||||||
646087|0|R-VA   US00340NBBUS001||||R-VA   US00340NBBUS001|BUS US 340|Virginia Ave|159|Town of Luray|159|Town of Luray|    Linden Ave| 713129|0|0|11.89|    Bus US 211| 508448|0|0|12.41|    01/01/2022|5223|G|97|0|1|0|1|0|C|.089|6 |.55|5142|G||||||||||||||
646089|0|R-VA   US00340NBBUS001||||R-VA   US00340NBBUS001|BUS US 340|Broad St|159|Town of Luray|159|Town of Luray|    Bus US 211| 508448|0|0|12.41|    |1038774|0|0|13.06|    01/01/2022|5358|G|97|1|1|1|1|0|C|.082|6 |.51|5275|G||||||||||||||
804140|0|R-VA   US00340UKBUS001RMP013.00A||||R-VA   US00340UKBUS001RMP013.00A|BUS US 340  EXIT 13A|Ramp|159|Town of Luray|069|Page County|    C1US-00340(R)/US-00340(L)/US-00340-N071A(L)/G| 508514|0|0|0|    US-00211(B)/RAMP FROM RTE. 340| 508506|0|0|.19|    01/01/2022|492|F|94|1|1|1|3|0|C|.119|6 |1|492|F||||||||||||||
757995|0|R-VA069SC00647NB||||R-VA069SC00647NB|69-647|Homestead Dr|159|Town of Luray|069|Page County|    WCL Luray| 508158|0|0|0|    Physical Jurisdiction Boundary: 159 Town of Luray / 069 Page County|1100608|0|0|.124|    05/21/2018|423|R|||||||X||24|||X||||||||||||||
646304|0|S-VA159PR ANTIOCH RD||||S-VA159PR ANTIOCH RD|Antioch Rd|Antioch Rd|159|Town of Luray|159|Town of Luray|    SCL Luray| 508252|0|0|0|    Jurisdiction Boundary: 159 Town of Luray / |1005758|0|0|.37|    01/01/2022|1094|G|98|1|0|0|0|0|C|.095|6 |.53|1092|G||||||||||||||
785271|0|S-VA159PR CAVE HILL RD||||S-VA159PR CAVE HILL RD|Cave Hill Rd|Cave Hill Rd|159|Town of Luray|159|Town of Luray|    |1038620|0|0|.252|    Cavehill Rd| 508158|0|0|.6|    04/27/2021|125|R|||||||X||24|||X||||||||||||||
646303|0|S-VA159PR COLLINS AVE||||S-VA159PR COLLINS AVE|Collins Ave|Collins Ave|159|Town of Luray|159|Town of Luray|    BUS US 211; Main St| 714886|0|0|0|    159-1; Norfolk Southern RR Tracks| 713089|0|0|.26|    01/01/2022|1794|G|96|1|1|1|1|0|C|.088|6 |.53|1791|G||||||||||||||
646305|0|S-VA159PR COLLINS AVE||||S-VA159PR COLLINS AVE|Collins Ave|Collins Ave|159|Town of Luray|159|Town of Luray|    159-6; Norfolk Southern RR Tracks| 713089|0|0|.26|    NCL Luray; 69-731| 508317|0|0|.88|    01/01/2022|1781|G|96|0|1|1|1|0|C|.096|6 |.52|1777|G||||||||||||||
646108|0|S-VA159PR COURT ST S||||S-VA159PR COURT ST S|Court St S|Court St|159|Town of Luray|159|Town of Luray|    Bus US 211 West Main St| 508470|0|0|0|    Mill Creek Rd; Court St Ext| 508465|0|0|.66|    01/01/2022|1320|G|97|0|1|0|0|0|C|.089|6 |.67|1317|G||||||||||||||
646302|0|S-VA159PR FAIRVIEW RD||||S-VA159PR FAIRVIEW RD|Fairview Rd|Fairview Rd|159|Town of Luray|159|Town of Luray|    Reservoir Ave| 508475|0|0|0|    Antioch Rd| 508471|0|0|.39|    01/01/2022|2336|G|99|0|0|0|0|0|C|.091|6 |.6|2332|G||||||||||||||
646107|0|S-VA159PR FAIRVIEW RD||||S-VA159PR FAIRVIEW RD|Fairview Rd|Fairview Rd|159|Town of Luray|159|Town of Luray|    Antioch Rd| 508471|0|0|.39|    ECL Luray| 508214|0|0|.87|    01/01/2022|953|G|99|0|0|0|0|0|C|.093|6 |.59|951|G||||||||||||||
646301|0|S-VA159PR HAWKSBILL ST N||||S-VA159PR HAWKSBILL ST N|Hawksbill St N|Hawksbill  St|159|Town of Luray|159|Town of Luray|    Bus US 211 Main St| 713096|0|0|0|    US 211, US 340| 508508|0|0|.48|    01/01/2022|1041|G|98|0|1|0|0|0|C|.089|6 |.53|1039|G||||||||||||||
646081|0|S-VA159PR LEAKSVILLE RD||||S-VA159PR LEAKSVILLE RD|Leaksville Rd|Leaksville Rd|159|Town of Luray|159|Town of Luray|    BUS US 211, W Main St| 508472|0|0|0|    SCL Luray| 508072|0|0|.1|    01/01/2022|2533|G|98|0|1|0|0|0|C|.093|6 |.59|2529|G||||||||||||||
646083|0|S-VA159PR LEE ST N||||S-VA159PR LEE ST N|Lee St N|Lee St|159|Town of Luray|159|Town of Luray|    Bus US 211 Main St| 508524|0|0|0|    Jurisdiction Boundary: 159 Town of Luray / |1006081|0|0|.22|    01/01/2022|978|G|98|1|1|0|0|0|C|.094|6 |.63|963|G||||||||||||||
646300|0|S-VA159PR LINDEN AVE||||S-VA159PR LINDEN AVE|Linden Ave|Linden Ave|159|Town of Luray|159|Town of Luray|    Bus US 340| 713129|0|0|0|    159-5; Big Spring St| 713131|0|0|.22|    01/01/2022|876|G|98|1|1|0|0|0|F|.084|6 |.55|874|G||||||||||||||
781849|0|S-VA159PR LINDEN AVE||||S-VA159PR LINDEN AVE|Linden Ave|Linden Ave|159|Town of Luray|159|Town of Luray|    159-4; Big Spring St| 713131|0|0|.22|    Hawksbill Heights Dr (pre-update)|1006020|0|0|.365|    01/01/2022|805|G|97|0|1|0|0|0|F|.085|6 |.55|803|G||||||||||||||
646086|0|S-VA159PR MECHANIC ST||||S-VA159PR MECHANIC ST|Mechanic St|Mechanic St|159|Town of Luray|159|Town of Luray|    Bus US 340| 508459|0|0|0|    Lee St| 508457|0|0|.38|    01/01/2022|2717|G|98|0|1|0|0|0|C|.103|6 |.51|2675|G||||||||||||||
646084|0|S-VA159PR MECHANIC ST||||S-VA159PR MECHANIC ST|Mechanic St|Mechanic St|159|Town of Luray|159|Town of Luray|    Lee St| 508457|0|0|.38|    WCL Luray| 508229|0|0|.81|    01/01/2022|1629|G|97|0|1|1|0|0|C|.098|6 |.54|1626|G||||||||||||||
646093|0|S-VA159PR RESERVOIR AVE||||S-VA159PR RESERVOIR AVE|Reservoir Ave|Reservoir Ave|159|Town of Luray|159|Town of Luray|    Main St US 211 Bus| 508483|0|0|0|    Fairview Rd (pre-update)| 508475|0|0|1|    01/01/2022|2643|G|98|0|1|0|0|0|C|.094|6 |.59|2638|G||||||||||||||
646106|0|S-VA159PR WALLACE AVE||||S-VA159PR WALLACE AVE|Wallace Ave|Wallace Rd|159|Town of Luray|159|Town of Luray|    Bus US 211| 718102|0|0|0|    Jurisdiction Boundary: 159 Town of Luray / | 508181|0|0|.51|    01/01/2022|1782|G|95|1|1|1|3|0|C|.088|6 |.51|1779|G||||||||||||||
