sep=|
- - 2022 AADT Report for Town of Lawrenceville - -
LINKID|SEQUENCENUMBER|RTE_NM|RTE_NM_2|RTE_NM_3|RTE_NM_4|Host RTE_NM|Route Label|Street Name|Physical Jurisdiction|Physical Jurisdiciton Name|Maintenance Jurisdiction|Maintenance Jurisdiciton Name|    Start Label|Start Node|Start Node Route Sequence|Star tOffset|Start Milepoint|    End Label|End Node|End Node Route Sequence|End Offset|End Milepoint|    VPDDate|AADT|AADT Quality|Passenger Vehicle|Bus|Truck 2 Axle|Truck 3 Axle|Truck 1 Trailer|Truck 2 Trailer|Class Quality|K Factor|K Factor Quality|Direction Factor|AAWDT|AAWDT Quality|AADT Dir|AADT Quality Dir|PassengerVehicle Dir|Bus Dir|Truck 2 Axle Dir|Truck 3 Axle Dir|Truck 1 Trailer Dir|Truck 2 Trailer Dir|Class Quality Dir|K Factor Dir|K Factor Quality Dir|Direction Factor Dir|AAWDT Dir|AAWDT Quality Dir
040707|0|R-VA   SR00046NB|R-VA   US00058EBBUS001|||R-VA   US00058EBBUS001|BUS US 58, VA 46| |251|Town of Lawrenceville|012|Brunswick County|    Jurisdiction Boundary: 012 Brunswick County| 163612|0|0|16.63|    SR 46, E Church St| 163396|0|0|17.43|    01/01/2022|5853|F|97|1|1|0|1|0|C|.102|6 |.51|5715|F||||||||||||||
040637|0|R-VA   SR00046NB||||R-VA   SR00046NB|VA 46|Windsor Ave|251|Town of Lawrenceville|012|Brunswick County|    BUS US 58 NORTH| 163396|0|0|17.43|    NCL Lawrenceville| 163607|0|0|18.07|    01/01/2022|2094|F|86|0|1|2|10|0|C|.077|6 |.52|2041|F||||||||||||||
040707|0|R-VA   US00058EBBUS001|R-VA   SR00046NB|||R-VA   US00058EBBUS001|BUS US 58, VA 46| |251|Town of Lawrenceville|012|Brunswick County|    Jurisdiction Boundary: 012 Brunswick County| 163612|0|0|.2|    SR 46, E Church St| 163396|0|0|1|    01/01/2022|5853|F|97|1|1|0|1|0|C|.102|6 |.51|5715|F||||||||||||||
040331|0|R-VA   US00058EBBUS001||||R-VA   US00058EBBUS001|BUS US 58|Main St|251|Town of Lawrenceville|012|Brunswick County|    SR 46, E Church St| 163396|0|0|1|    Physical Jurisdiction Boundary: 251 Town of Lawrenceville / 012 Brunswick County| 163611|0|0|1.35|    01/01/2022|4050|F|97|1|1|0|1|0|F|.083|6 |.52|3947|F||||||||||||||
707797|0|R-VA012SC00678EB||||R-VA012SC00678EB|12-678|Railroad St|251|Town of Lawrenceville|012|Brunswick County|    12-713, S Main St| 163282|0|0|0|    ECL Lawrenceville| 163284|0|0|.25|    06/08/2022|447|R|||||||X||24|||X||||||||||||||
707826|0|R-VA012SC00695EB||||R-VA012SC00695EB|12-695|Fox Lane|251|Town of Lawrenceville|012|Brunswick County|    WCL Lawrenceville| 163308|0|0|.82|    12-1019 Union St| 163307|0|0|.88|    04/22/2022|177|R|||||||X||24|||X||||||||||||||
707827|0|R-VA012SC00695EB||||R-VA012SC00695EB|12-695|First Ave; Union St|251|Town of Lawrenceville|012|Brunswick County|    12-1019 Union St| 163307|0|0|.88|    12-1029 Davenport St| 163306|0|0|.98|    06/08/2022|225|R|||||||X||24|||X||||||||||||||
707828|0|R-VA012SC00695EB||||R-VA012SC00695EB|12-695|First Ave; Union St|251|Town of Lawrenceville|012|Brunswick County|    12-1029 Davenport St| 163306|0|0|.98|    12-1004 Belt Rd| 163305|0|0|1.11|    06/10/2022|197|R|||||||X||24|||X||||||||||||||
404105|0|R-VA012SC00713NB||||R-VA012SC00713NB|12-713|S Main St|251|Town of Lawrenceville|012|Brunswick County|    SCL Lawrenceville| 163343|0|0|1.2|    12-1005 Fifth Ave| 163341|0|0|1.35|    01/01/2022|450|F|99|0|0|0|0|0|C|.123|6 |.54|439|F||||||||||||||
404106|0|R-VA012SC00713NB||||R-VA012SC00713NB|12-713|S Main St|251|Town of Lawrenceville|012|Brunswick County|    12-1005 Fifth Ave| 163341|0|0|1.35|    Bus US 58| 163337|0|0|1.68|    01/01/2022|890|F|98|0|1|0|0|0|C|.1|6 |.51|868|F||||||||||||||
707914|0|R-VA012SC01000NB||||R-VA012SC01000NB|12-1000|Church St|251|Town of Lawrenceville|012|Brunswick County|    12-1010 Court St| 163397|0|0|0|    SR 46; Bus US 58| 163396|0|0|.02|    04/22/2022|622|R|||||||X||24|||X||||||||||||||
707915|0|R-VA012SC01001NB||||R-VA012SC01001NB|12-1001|Park St|251|Town of Lawrenceville|012|Brunswick County|    12-1016 New St| 163401|0|0|0|    12-1015, W Third St| 163400|0|0|.07|    04/27/2022|130|R|||||||X||24|||X||||||||||||||
707916|0|R-VA012SC01001NB||||R-VA012SC01001NB|12-1001|Park St|251|Town of Lawrenceville|012|Brunswick County|    12-1015, W Third St| 163400|0|0|.07|    12-1017 Second Ave| 163399|0|0|.14|    04/27/2022|149|R|||||||X||24|||X||||||||||||||
707917|0|R-VA012SC01001NB||||R-VA012SC01001NB|12-1001|Park St|251|Town of Lawrenceville|012|Brunswick County|    12-1017 Second Ave| 163399|0|0|.14|    SR 46 Windsor Ave| 163398|0|0|.27|    04/27/2022|212|R|||||||X||24|||X||||||||||||||
707920|0|R-VA012SC01003EB||||R-VA012SC01003EB|12-1003|Brickyard St|251|Town of Lawrenceville|012|Brunswick County|    WCL Lawrenceville| 163405|0|0|.6|    12-1004 Belt Rd| 163404|0|0|.66|    04/22/2022|345|R|||||||X||24|||X||||||||||||||
404112|0|R-VA012SC01004NB||||R-VA012SC01004NB|12-1004|Belt Rd|251|Town of Lawrenceville|012|Brunswick County|    12-1005 Fifth Ave| 163411|0|0|0|    12-1003 Brickyard St| 163404|0|0|.12|    01/01/2022|749|F|98|1|0|0|1|0|C|.089|6 |.51|732|F||||||||||||||
404113|0|R-VA012SC01004NB||||R-VA012SC01004NB|12-1004|Belt Rd|251|Town of Lawrenceville|012|Brunswick County|    12-1003 Brickyard St| 163404|0|0|.12|    12-1017 Second Ave; 12-1030| 163408|0|0|.29|    01/01/2022|544|F|98|0|1|0|0|0|C|.1|6 |.53|531|F||||||||||||||
404114|0|R-VA012SC01004NB||||R-VA012SC01004NB|12-1004|Belt Rd|251|Town of Lawrenceville|012|Brunswick County|    12-1017 Second Ave; 12-1030| 163408|0|0|.29|    12-695 Union St; First Ave| 163305|0|0|.38|    01/01/2022|279|F|96|1|1|1|0|0|C|.109|6 |.59|273|F||||||||||||||
404115|0|R-VA012SC01004NB||||R-VA012SC01004NB|12-1004|Belt Rd|251|Town of Lawrenceville|012|Brunswick County|    12-695 First Ave; Union St| 163305|0|0|.38|    SR 46 Windsor Ave| 163406|0|0|.54|    01/01/2022|311|F|97|2|0|0|0|0|C|.107|6 |.53|303|F||||||||||||||
404116|0|R-VA012SC01005EB||||R-VA012SC01005EB|12-1005|W Fifth Ave|251|Town of Lawrenceville|012|Brunswick County|    12-1004 Belt Rd| 163411|0|0|0|    Bus US 58| 163415|0|0|.51|    01/01/2022|998|F|97|1|1|0|1|0|C|.089|6 |.53|974|F||||||||||||||
404117|0|R-VA012SC01005EB||||R-VA012SC01005EB|12-1005|W Fifth Ave|251|Town of Lawrenceville|012|Brunswick County|    Bus US 58| 163415|0|0|.51|    12-713, S Main St| 163341|0|0|.76|    01/01/2022|690|F|97|1|0|1|0|0|C|.095|6 |.56|674|F||||||||||||||
707921|0|R-VA012SC01005EB||||R-VA012SC01005EB|12-1005|E Fifth St|251|Town of Lawrenceville|012|Brunswick County|    12-713, S Main St| 163341|0|0|.76|    12-1022 Turnbull St| 163416|0|0|.86|    04/20/2022|277|R|||||||X||24|||X||||||||||||||
707922|0|R-VA012SC01005EB||||R-VA012SC01005EB|12-1005|E Fifth St|251|Town of Lawrenceville|012|Brunswick County|    12-1022 Turnbull St| 163416|0|0|.86|    12-1020 Thomas St| 163417|0|0|.93|    04/20/2022|64|R|||||||X||24|||X||||||||||||||
404118|0|R-VA012SC01006NB||||R-VA012SC01006NB|12-1006|High St|251|Town of Lawrenceville|012|Brunswick County|    12-1016 New St| 163422|0|0|0|    SR 46 Windsor Ave| 163418|0|0|.19|    01/01/2022|1223|F|93|2|1|1|3|0|C|.101|6 |.6|1196|F||||||||||||||
707923|0|R-VA012SC01007EB||||R-VA012SC01007EB|12-1007|Plank Rd|251|Town of Lawrenceville|012|Brunswick County|    SR 46 Windsor Ave| 163423|0|0|0|    Bus US 58| 163424|0|0|.22|    08/12/2016|696|R|||||||X||24|||X||||||||||||||
707925|0|R-VA012SC01009EB||||R-VA012SC01009EB|12-1009|New Hicks St|251|Town of Lawrenceville|012|Brunswick County|    12-1014 South St| 163427|0|0|0|    12-1025 Sharp St| 163428|0|0|.04|    08/12/2016|145|R|||||||X||24|||X||||||||||||||
404119|0|R-VA012SC01009EB||||R-VA012SC01009EB|12-1009|New Hick St|251|Town of Lawrenceville|012|Brunswick County|    12-1025 Sharp St| 163428|0|0|.04|    Bus US 58 WEST| 163429|0|0|.11|    01/01/2022|246|F|97|1|1|0|0|0|C|.124|6 |.63|240|F||||||||||||||
404120|0|R-VA012SC01009EB||||R-VA012SC01009EB|12-1009|New Hick St|251|Town of Lawrenceville|012|Brunswick County|    Bus US 58 EAST| 163575|0|0|.18|    12-1010 Court St; 12-1040| 163430|0|0|.21|    01/01/2022|693|F|99|0|0|0|0|0|F|.125|6 |.63|676|F||||||||||||||
404121|0|R-VA012SC01010NB||||R-VA012SC01010NB|12-1010|Court St|251|Town of Lawrenceville|012|Brunswick County|    12-1009; 12-1040 Hicks St| 163430|0|0|0|    Bus US 58| 163433|0|0|.2|    01/01/2022|239|F|99|0|0|0|0|0|C|.142|6 |.57|233|F||||||||||||||
707926|0|R-VA012SC01011EB||||R-VA012SC01011EB|12-1011|Bank St|251|Town of Lawrenceville|012|Brunswick County|    Bus US 58| 163434|0|0|0|    12-1010 Court St| 163432|0|0|.02|    04/22/2022|388|R|||||||X||24|||X||||||||||||||
707927|0|R-VA012SC01012EB||||R-VA012SC01012EB|12-1012|W Fourth Ave|251|Town of Lawrenceville|012|Brunswick County|    12-1004 Belt Rd| 163410|0|0|0|    12-1013 Beech| 163435|0|0|.1|    04/22/2022|32|R|||||||X||24|||X||||||||||||||
707928|0|R-VA012SC01013NB||||R-VA012SC01013NB|12-1013|Beech|251|Town of Lawrenceville|012|Brunswick County|    12-1012, W Fourth Ave| 163435|0|0|0|    12-1005 Fifth Ave| 163412|0|0|.07|    04/22/2022|50|R|||||||X||24|||X||||||||||||||
707929|0|R-VA012SC01014NB||||R-VA012SC01014NB|12-1014|South St|251|Town of Lawrenceville|012|Brunswick County|    12-1005 Fifth Ave| 163414|0|0|0|    12-1009 New Hicks St| 163427|0|0|.23|    04/22/2022|201|R|||||||X||24|||X||||||||||||||
707930|0|R-VA012SC01015EB||||R-VA012SC01015EB|12-1015|W Third St|251|Town of Lawrenceville|012|Brunswick County|    12-1004 Belt Rd| 163409|0|0|0|    12-1006 High St| 163421|0|0|.31|    04/27/2022|205|R|||||||X||24|||X||||||||||||||
707931|0|R-VA012SC01016EB||||R-VA012SC01016EB|12-1016|New St|251|Town of Lawrenceville|012|Brunswick County|    12-1001 Park St| 163401|0|0|0|    12-1006 High St| 163422|0|0|.06|    04/29/2022|231|R|||||||X||24|||X||||||||||||||
404122|0|R-VA012SC01016EB||||R-VA012SC01016EB|12-1016|New St|251|Town of Lawrenceville|012|Brunswick County|    12-1006 High St| 163422|0|0|.06|    Bus US 58| 163438|0|0|.24|    01/01/2022|1405|F|92|2|1|1|3|0|C|.088|6 |.55|1375|F||||||||||||||
707932|0|R-VA012SC01017EB||||R-VA012SC01017EB|12-1017|Second Ave|251|Town of Lawrenceville|012|Brunswick County|    12-1019 Union St| 163439|0|0|0|    12-1004; 12-1030| 163408|0|0|.16|    04/27/2022|200|R|||||||X||24|||X||||||||||||||
707933|0|R-VA012SC01017EB||||R-VA012SC01017EB|12-1017|Second Ave|251|Town of Lawrenceville|012|Brunswick County|    12-1004 Belt Rd; 12-1030| 163408|0|0|.16|    12-1028 Maple St| 163441|0|0|.25|    04/27/2022|218|R|||||||X||24|||X||||||||||||||
707934|0|R-VA012SC01017EB||||R-VA012SC01017EB|12-1017|Second Ave|251|Town of Lawrenceville|012|Brunswick County|    12-1028 Maple St| 163441|0|0|.25|    12-1006 High St| 163419|0|0|.41|    04/27/2022|267|R|||||||X||24|||X||||||||||||||
707935|0|R-VA012SC01018EB||||R-VA012SC01018EB|12-1018|Sixth Ave|251|Town of Lawrenceville|012|Brunswick County|    12-1032 Walnut St| 163659|0|0|0|    12-1001 Park St| 163442|0|0|.15|    05/30/2019|125|R|||||||X||24|||X||||||||||||||
707936|0|R-VA012SC01018EB||||R-VA012SC01018EB|12-1018|Sixth Ave|251|Town of Lawrenceville|012|Brunswick County|    12-1001 Park St| 163442|0|0|.15|    12-713, S Main St| 163342|0|0|.6|    08/12/2016|297|R|||||||X||24|||X||||||||||||||
707937|0|R-VA012SC01019NB||||R-VA012SC01019NB|12-1019|Union St|251|Town of Lawrenceville|012|Brunswick County|    12-1017 Second Ave| 163439|0|0|0|    12-1026 Grove Ave| 163444|0|0|.15|    08/12/2016|98|R|||||||X||24|||X||||||||||||||
707938|0|R-VA012SC01020NB||||R-VA012SC01020NB|12-1020|Thomas St|251|Town of Lawrenceville|012|Brunswick County|    Dead End| 700468|0|0|0|    12-1037 Randolph St| 163445|0|0|.22|    09/20/2022|24|R|||||||X||24|||X||||||||||||||
707939|0|R-VA012SC01021EB||||R-VA012SC01021EB|12-1021|E Third Ave|251|Town of Lawrenceville|012|Brunswick County|    12-713, S Main St| 163339|0|0|0|    12-1022 Turnball St| 163446|0|0|.1|    08/12/2016|172|R|||||||X||24|||X||||||||||||||
707940|0|R-VA012SC01022NB||||R-VA012SC01022NB|12-1022|Turnbull St|251|Town of Lawrenceville|012|Brunswick County|    Dead End| 163559|0|0|0|    12-1033, E Fourth Ave| 163448|0|0|.15|    09/20/2022|51|R|||||||X||24|||X||||||||||||||
707941|0|R-VA012SC01022NB||||R-VA012SC01022NB|12-1022|Turnbull St|251|Town of Lawrenceville|012|Brunswick County|    12-1033, E Fourth Ave| 163448|0|0|.15|    12-1037 Randolph St| 163447|0|0|.28|    04/20/2022|69|R|||||||X||24|||X||||||||||||||
707942|0|R-VA012SC01023NB||||R-VA012SC01023NB|12-1023|Davie St|251|Town of Lawrenceville|012|Brunswick County|    Dead End|1205354|0|0|0|    12-1031 Church St| 163449|0|0|.07|    09/20/2022|45|R|||||||X||24|||X||||||||||||||
707943|0|R-VA012SC01024EB||||R-VA012SC01024EB|12-1024|Riddick|251|Town of Lawrenceville|012|Brunswick County|    12-1023 Davie St| 163450|0|0|0|    12-1025 Sharp St| 163451|0|0|.08|    04/22/2022|88|R|||||||X||24|||X||||||||||||||
404123|0|R-VA012SC01025NB||||R-VA012SC01025NB|12-1025|Sharp St|251|Town of Lawrenceville|012|Brunswick County|    12-1016 New St| 163437|0|0|0|    12-1009 New Hick St| 163428|0|0|.04|    01/01/2022|1040|F|97|1|1|0|0|0|C|.098|6 |.53|1018|F||||||||||||||
300854|0|R-VA012SC01025NB||||R-VA012SC01025NB|12-1025|Sharp St|251|Town of Lawrenceville|012|Brunswick County|    12-1009 New Hick St| 163428|0|0|.04|    12-1024 Riddick St| 163451|0|0|.08|    01/01/2022|1064|F|96|1|1|1|0|0|C|.09|6 |.51|1041|F||||||||||||||
707944|0|R-VA012SC01026EB||||R-VA012SC01026EB|12-1026|Grove Ave|251|Town of Lawrenceville|012|Brunswick County|    12-1019 Union St| 163444|0|0|0|    12-1029 Davenport St| 163453|0|0|.1|    04/27/2022|85|R|||||||X||24|||X||||||||||||||
707945|0|R-VA012SC01026EB||||R-VA012SC01026EB|12-1026|Grove Ave|251|Town of Lawrenceville|012|Brunswick County|    12-1029 Davenport St| 163453|0|0|.1|    12-1030 Maria St| 163452|0|0|.17|    04/27/2022|122|R|||||||X||24|||X||||||||||||||
707946|0|R-VA012SC01026EB||||R-VA012SC01026EB|12-1026|Grove Ave|251|Town of Lawrenceville|012|Brunswick County|    12-1030 Maria St| 163452|0|0|.17|    12-1004 Belt Rd; 12-1028| 163407|0|0|.25|    04/27/2022|126|R|||||||X||24|||X||||||||||||||
404124|0|R-VA012SC01027EB||||R-VA012SC01027EB|12-1027|Meredith St|251|Town of Lawrenceville|012|Brunswick County|    Bus US 58| 163454|0|0|0|    12-713, S Main St| 163338|0|0|.06|    01/01/2022|390|F|93|2|0|1|0|0|C|.119|6 |.58|382|F||||||||||||||
707947|0|R-VA012SC01028NB||||R-VA012SC01028NB|12-1028|Maple St|251|Town of Lawrenceville|012|Brunswick County|    12-1017 Second Ave| 163441|0|0|0|    12-1004 Belt Rd; 12-1026| 163407|0|0|.15|    04/27/2022|130|R|||||||X||24|||X||||||||||||||
707948|0|R-VA012SC01029NB||||R-VA012SC01029NB|12-1029|Davenport St|251|Town of Lawrenceville|012|Brunswick County|    12-1017 Second Ave| 163440|0|0|0|    12-695 First Ave; Union St| 163306|0|0|.08|    04/27/2022|40|R|||||||X||24|||X||||||||||||||
707949|0|R-VA012SC01029NB||||R-VA012SC01029NB|12-1029|Davenport St|251|Town of Lawrenceville|012|Brunswick County|    12-695 First Ave; Union St| 163306|0|0|.08|    12-1026 Grove Ave| 163453|0|0|.14|    04/27/2022|35|R|||||||X||24|||X||||||||||||||
707950|0|R-VA012SC01030NB||||R-VA012SC01030NB|12-1030|Maria St|251|Town of Lawrenceville|012|Brunswick County|    12-1004 Belt Rd| 163408|0|0|0|    12-1026 Grove Ave| 163452|0|0|.13|    04/27/2022|98|R|||||||X||24|||X||||||||||||||
707951|0|R-VA012SC01031EB||||R-VA012SC01031EB|12-1031|Church St|251|Town of Lawrenceville|012|Brunswick County|    12-1006 High St| 163420|0|0|0|    12-1023 Davie St| 163449|0|0|.06|    04/22/2022|474|R|||||||X||24|||X||||||||||||||
707952|0|R-VA012SC01031EB||||R-VA012SC01031EB|12-1031|Church St|251|Town of Lawrenceville|012|Brunswick County|    12-1023 Davie St| 163449|0|0|.06|    SR 46 Windsor Ave| 163456|0|0|.09|    04/22/2022|325|R|||||||X||24|||X||||||||||||||
707953|0|R-VA012SC01032NB||||R-VA012SC01032NB|12-1032|Walnut St|251|Town of Lawrenceville|012|Brunswick County|    Dead End| 163458|0|0|0|    12-1018 Sixth Ave| 163659|0|0|.01|    01/13/2022|38|T|||||||X||24|||X||||||||||||||
707954|0|R-VA012SC01032NB||||R-VA012SC01032NB|12-1032|Walnut St|251|Town of Lawrenceville|012|Brunswick County|    12-1018 Sixth Ave| 163659|0|0|.01|    Fourth St| 163457|0|0|.16|    04/22/2022|62|R|||||||X||24|||X||||||||||||||
707955|0|R-VA012SC01033EB||||R-VA012SC01033EB|12-1033|E Fourth Ave|251|Town of Lawrenceville|012|Brunswick County|    12-713, S Main St| 163340|0|0|0|    12-1022 Turnbull St| 163448|0|0|.09|    04/22/2022|50|R|||||||X||24|||X||||||||||||||
707956|0|R-VA012SC01034NB||||R-VA012SC01034NB|12-1034|Truck St|251|Town of Lawrenceville|012|Brunswick County|    Dead End| 163460|0|0|0|    SR 46 Windsor Ave| 163459|0|0|.08|    09/20/2022|85|R|||||||X||24|||X||||||||||||||
707957|0|R-VA012SC01035EB||||R-VA012SC01035EB|12-1035|Tobacco St|251|Town of Lawrenceville|012|Brunswick County|    12-1010 Court St| 163431|0|0|0|    Dead End| 163561|0|0|.09|    09/20/2022|71|R|||||||X||24|||X||||||||||||||
707958|0|R-VA012SC01036NB||||R-VA012SC01036NB|12-1036|Walker St|251|Town of Lawrenceville|012|Brunswick County|    Dead End| 163562|0|0|0|    12-678 Railroad St| 163283|0|0|.04|    03/28/2019|29|T|||||||X||24|||X||||||||||||||
707959|0|R-VA012SC01037EB||||R-VA012SC01037EB|12-1037|Randolph St|251|Town of Lawrenceville|012|Brunswick County|    12-1022 Turnbull St| 163447|0|0|0|    12-1020 Thomas St| 163445|0|0|.07|    04/20/2022|51|R|||||||X||24|||X||||||||||||||
794221|0|R-VA012SC01038NB||||R-VA012SC01038NB|12-1038|Goodrich Lane|251|Town of Lawrenceville|012|Brunswick County|    12-1039 Davenport St| 747718|0|0|0|    SR 46 Windsor Ave| 747717|0|0|.13|    04/27/2022|32|R|||||||X||24|||X||||||||||||||
794222|0|R-VA012SC01039EB||||R-VA012SC01039EB|12-1039|Davenport St|251|Town of Lawrenceville|012|Brunswick County|    Cul-de-Sac| 747720|0|0|0|    12-1038 Goodrich Lane| 747718|0|0|.05|    01/13/2022|48|T|||||||X||24|||X||||||||||||||
794223|0|R-VA012SC01039EB||||R-VA012SC01039EB|12-1039|Davenport St|251|Town of Lawrenceville|012|Brunswick County|    12-1038 Goodrich Lane| 747718|0|0|.05|    Cul-de-Sac| 747721|0|0|.09|    01/13/2022|10|T|||||||X||24|||X||||||||||||||
707960|0|R-VA012SC01040EB||||R-VA012SC01040EB|12-1040|Taft St|251|Town of Lawrenceville|012|Brunswick County|    12-1009 New Hick St; 12-1010| 163430|0|0|0|    Dead End| 163461|0|0|.1|    09/20/2022|108|R|||||||X||24|||X||||||||||||||
