sep=|
- - 2022 AADT Report for Town of Big Stone Gap - -
LINKID|SEQUENCENUMBER|RTE_NM|RTE_NM_2|RTE_NM_3|RTE_NM_4|Host RTE_NM|Route Label|Street Name|Physical Jurisdiction|Physical Jurisdiciton Name|Maintenance Jurisdiction|Maintenance Jurisdiciton Name|    Start Label|Start Node|Start Node Route Sequence|Star tOffset|Start Milepoint|    End Label|End Node|End Node Route Sequence|End Offset|End Milepoint|    VPDDate|AADT|AADT Quality|Passenger Vehicle|Bus|Truck 2 Axle|Truck 3 Axle|Truck 1 Trailer|Truck 2 Trailer|Class Quality|K Factor|K Factor Quality|Direction Factor|AAWDT|AAWDT Quality|AADT Dir|AADT Quality Dir|PassengerVehicle Dir|Bus Dir|Truck 2 Axle Dir|Truck 3 Axle Dir|Truck 1 Trailer Dir|Truck 2 Trailer Dir|Class Quality Dir|K Factor Dir|K Factor Quality Dir|Direction Factor Dir|AAWDT Dir|AAWDT Quality Dir
606212|0|R-VA   US00023NBBUS004|R-VA   US00058EBALT001|||R-VA   US00023NBBUS004|BUS US 23, ALT US 58|Gilley Ave|101|Town of Big Stone Gap|101|Town of Big Stone Gap|    Jurisdiction Boundary: 097 Wise County| 661753|0|0|.355|    E 5th St| 661959|0|0|1.28|    01/01/2022|13041|G|98|0|1|0|1|0|C|.082|6 |.57|14184|G||||||||||||||
606218|0|R-VA   US00023NBBUS004|R-VA   US00058EBALT001|||R-VA   US00023NBBUS004|BUS US 23, ALT US 58|E 5th St|101|Town of Big Stone Gap|101|Town of Big Stone Gap|    Gilley Ave| 661959|0|0|1.28|    ALT US 58 Wood Ave| 661958|0|0|1.52|    01/01/2022|11147|G|98|0|1|0|1|0|F|.085|6 |.52|12125|G||||||||||||||
606215|0|R-VA   US00023NBBUS004||||R-VA   US00023NBBUS004|BUS US 23|E 5th St|101|Town of Big Stone Gap|101|Town of Big Stone Gap|    ALT US 58 Wood Ave| 661958|0|0|1.52|    2nd Ave| 661956|0|0|1.8|    01/01/2022|9292|G|98|0|1|0|1|0|F|.082|6 |.52|10107|G||||||||||||||
606210|0|R-VA   US00023NBBUS004||||R-VA   US00023NBBUS004|BUS US 23|E 5th St|101|Town of Big Stone Gap|101|Town of Big Stone Gap|    2nd Ave| 661956|0|0|1.8|    Jurisdiction Boundary: 101 Town of Big Stone Gap / 097 Wise County| 661955|0|0|2.27|    01/01/2022|6507|G|97|0|1|0|2|0|C|.084|6 |.52|7077|G||||||||||||||
606211|0|R-VA   US00058EBALT001||||R-VA   US00058EBALT001|ALT US 58|Cumberland Ave; Wood Ave|101|Town of Big Stone Gap|101|Town of Big Stone Gap|    WCL Big Stone Gap| 662029|0|0|24.66|    W 1st Street| 662027|0|0|25.81|    01/01/2022|5688|G|97|0|1|1|2|0|C|.092|6 |.64|6072|G||||||||||||||
606222|0|R-VA   US00058EBALT001||||R-VA   US00058EBALT001|ALT US 58|Wood Ave|101|Town of Big Stone Gap|101|Town of Big Stone Gap|    W 1st Street| 662027|0|0|25.81|    E 1st Street| 662026|0|0|25.94|    01/01/2022|8004|G|97|0|1|1|2|0|F|.086|6 |.53|8706|G||||||||||||||
606216|0|R-VA   US00058EBALT001||||R-VA   US00058EBALT001|ALT US 58|Wood Ave|101|Town of Big Stone Gap|101|Town of Big Stone Gap|    E 1st Street| 662026|0|0|25.94|    Bus US 23, 5th St| 661958|0|0|26.36|    01/01/2022|7290|G|97|0|1|1|2|0|F|.086|6 |.5|7928|G||||||||||||||
606212|0|R-VA   US00058EBALT001|R-VA   US00023NBBUS004|||R-VA   US00023NBBUS004|BUS US 23, ALT US 58|Gilley Ave|101|Town of Big Stone Gap|101|Town of Big Stone Gap|    | 661753|0|0|26.715|    E 5th St| 661959|0|0|27.64|    01/01/2022|13041|G|98|0|1|0|1|0|C|.082|6 |.57|14184|G||||||||||||||
606218|0|R-VA   US00058EBALT001|R-VA   US00023NBBUS004|||R-VA   US00023NBBUS004|BUS US 23, ALT US 58|E 5th St|101|Town of Big Stone Gap|101|Town of Big Stone Gap|    Gilley Ave| 661958|0|0|27.455|    ALT US 58 Wood Ave| 661958|0|0|27.695|    01/01/2022|11147|G|98|0|1|0|1|0|F|.085|6 |.52|12125|G||||||||||||||
606219|0|S-VA101PR 4TH AVE E||||S-VA101PR 4TH AVE E|4th Ave E|4th Avenue|101|Town of Big Stone Gap|101|Town of Big Stone Gap|    19th St| 662111|0|0|.479|    ECL Big Stone Gap| 661032|0|0|1.049|    01/01/2022|11001|G|96|1|1|0|1|0|C|.125|6 |.51|12000|G||||||||||||||
201188|0|S-VA101PR CARTER ST||||S-VA101PR CARTER ST|Carter St||101|Town of Big Stone Gap|101|Town of Big Stone Gap|    Fox Ave|1007436|0|0|0|    97-614 Carter St| 661071|0|0|.07|    ||X||||||||||||||||||||||||||
606500|2|S-VA101PR E 19TH ST N||||S-VA101PR E 19TH ST N|E 19th St N|E 19 St  N|101|Town of Big Stone Gap|101|Town of Big Stone Gap|    2nd Ave E| 662109|0|0|0|    4th Ave E| 662111|0|0|.12|    01/01/2022|11828|G|98|1|1|0|1|0|F|.117|6 |.53|12903|G||||||||||||||
606213|0|S-VA101PR E SPRING ST||||S-VA101PR E SPRING ST|E Spring St|Spring St|101|Town of Big Stone Gap|101|Town of Big Stone Gap|    Wood Ave| 662101|0|0|0|    Fox Ave| 712718|0|0|.57|    01/01/2022|2320|G|99|0|0|0|0|0|C|.1|6 |.5|2512|G||||||||||||||
606220|0|S-VA101PR SHORT ST N||||S-VA101PR SHORT ST N|Short St N|Short St|101|Town of Big Stone Gap|101|Town of Big Stone Gap|    ALT 58; Cimberland Ave| 712729|0|0|0|    Jurisdiction Boundary: 101 Town of Big Stone Gap / |1007398|0|0|.17|    01/01/2022|3947|G|98|1|1|0|1|0|F|.108|6 |.55|4308|G||||||||||||||
778151|0|S-VA101PR TAGGART AVE||||S-VA101PR TAGGART AVE|Taggart Ave|E Taggart Ave|101|Town of Big Stone Gap|101|Town of Big Stone Gap|    ECL Big Stone Gap| 661071|0|0|.122|    97-614 (pre-update)|1208771|0|0|.268|    09/07/2021|98|R|||||||X||24|||X||||||||||||||
606214|0|S-VA101PR WOOD AVE E||||S-VA101PR WOOD AVE E|Wood Ave E|First Ave E|101|Town of Big Stone Gap|101|Town of Big Stone Gap|    E 9tth St; 1st Ave| 662103|0|0|0|    Spring St| 662101|0|0|.46|    01/01/2022|10769|G|98|1|1|0|1|0|C|.117|6 |.62|11748|G||||||||||||||
606217|0|S-VA101PR WOOD AVE E||||S-VA101PR WOOD AVE E|Wood Ave E|Wood Ave|101|Town of Big Stone Gap|101|Town of Big Stone Gap|    Spring St| 662101|0|0|.46|    5th St| 661958|0|0|.63|    01/01/2022|10095|G|98|1|1|0|1|0|F|.102|6 |.52|11012|G||||||||||||||
