sep=|
- - 2022 AADT Report for Town of Tazewell - -
LINKID|SEQUENCENUMBER|RTE_NM|RTE_NM_2|RTE_NM_3|RTE_NM_4|Host RTE_NM|Route Label|Street Name|Physical Jurisdiction|Physical Jurisdiciton Name|Maintenance Jurisdiction|Maintenance Jurisdiciton Name|    Start Label|Start Node|Start Node Route Sequence|Star tOffset|Start Milepoint|    End Label|End Node|End Node Route Sequence|End Offset|End Milepoint|    VPDDate|AADT|AADT Quality|Passenger Vehicle|Bus|Truck 2 Axle|Truck 3 Axle|Truck 1 Trailer|Truck 2 Trailer|Class Quality|K Factor|K Factor Quality|Direction Factor|AAWDT|AAWDT Quality|AADT Dir|AADT Quality Dir|PassengerVehicle Dir|Bus Dir|Truck 2 Axle Dir|Truck 3 Axle Dir|Truck 1 Trailer Dir|Truck 2 Trailer Dir|Class Quality Dir|K Factor Dir|K Factor Quality Dir|Direction Factor Dir|AAWDT Dir|AAWDT Quality Dir
780672|0|R-VA   FR00727EB||||R-VA   FR00727EB|FR 727|Vista St|158|Town of Tazewell|092|Tazewell County|    92-678 Market Street|1207131|0|0|0|    Dead End| 636774|0|0|.16|    08/07/2015|20|R|||||||X||24|||X||||||||||||||
675007|0|R-VA   SR00016NB|R-VA   US00019EBBUS002|||R-VA   US00019EBBUS002|BUS US 19, VA 16|Main St|158|Town of Tazewell|158|Town of Tazewell|    | 636712|0|0|65.18|    ALT SR 16 Fairgrounds Rd| 636672|0|0|65.38|    01/01/2022|2193|G|96|0|1|0|0|0|C|.098|6 |.56|2197|G||||||||||||||
675008|0|R-VA   SR00016NB|R-VA   US00019EBBUS002|||R-VA   US00019EBBUS002|BUS US 19, VA 16|Main St|158|Town of Tazewell|158|Town of Tazewell|    ALT SR 16 Fairgrounds Rd| 636672|0|0|65.38|    Church Ave| 636711|0|0|66.19|    01/01/2022|3248|G|96|1|1|0|0|0|C|.091|6 |.52|3255|G||||||||||||||
675009|0|R-VA   SR00016NB|R-VA   US00019EBBUS002|||R-VA   US00019EBBUS002|BUS US 19, VA 16|Fincastle Trpk|158|Town of Tazewell|158|Town of Tazewell|    Church St| 636711|0|0|66.19|    Tazewell Ave| 636811|0|0|66.63|    01/01/2022|3788|G|98|1|1|0|0|0|F|.09|6 |.52|3923|G||||||||||||||
675012|0|R-VA   SR00016NB||||R-VA   SR00016NB|VA 16|Tazewell Ave|158|Town of Tazewell|158|Town of Tazewell|    Bus US 19, Bus US 460, Main St| 636811|0|0|66.63|    US 19, US 460| 636684|0|0|67.46|    01/01/2022|4638|G|99|0|1|0|0|0|C|.099|6 |.56|4803|G||||||||||||||
675013|0|R-VA   SR00016NB||||R-VA   SR00016NB|VA 16|Tazewell Ave|158|Town of Tazewell|158|Town of Tazewell|    US 19, US 460| 636684|0|0|67.46|    SR 61 Riverside Dr| 636682|0|0|67.9|    01/01/2022|2843|G|97|0|1|0|1|0|C|.091|6 |.58|2851|G||||||||||||||
675014|0|R-VA   SR00016NB||||R-VA   SR00016NB|VA 16|Riverside Dr|158|Town of Tazewell|158|Town of Tazewell|    Tazewell Ave| 636682|0|0|67.9|    ALT SR 16 Fairgrounds Rd| 636679|0|0|69.2|    01/01/2022|3292|G|97|1|1|0|1|0|C|.093|6 |.55|3299|G||||||||||||||
675015|0|R-VA   SR00016NB||||R-VA   SR00016NB|VA 16|Riverside Dr|158|Town of Tazewell|158|Town of Tazewell|    ALT SR 16 Fairgrounds Rd| 636679|0|0|69.2|    NCL Tazewell| 636680|0|0|69.74|    01/01/2022|4249|G|96|0|2|1|1|0|C|.092|6 |.62|4258|G||||||||||||||
675006|0|R-VA   SR00016NBALT001||||R-VA   SR00016NBALT001|ALT VA 16|Fairgrounds Rd|158|Town of Tazewell|158|Town of Tazewell|    US 19 Bus Main St| 636672|0|0|0|    US 19 Tazewell| 636674|0|0|.88|    01/01/2022|2719|G|96|1|1|0|1|0|C|.11|6 |.52|2726|G||||||||||||||
010588|0|R-VA   SR00016NBALT001||||R-VA   SR00016NBALT001|ALT VA 16|Fairgrounds Rd|158|Town of Tazewell|158|Town of Tazewell|    US 19 Tazewell| 636674|0|0|.88|    SR 16 Riverside Dr| 636679|0|0|1.61|    01/01/2022|2703|G|97|0|1|1|2|0|C|.093|6 |.54|2799|G||||||||||||||
803356|0|R-VA   SR00016UK      RMP068.00B||||R-VA   SR00016UK      RMP068.00B|VA 16  EXIT 68B|Ramp|158|Town of Tazewell|092|Tazewell County|    SR-00016(B)/US-00019-N071A(R)/RAMP FROM & TO| 636684|0|0|0|    US-00019(B)/RAMP FROM RTE 16| 636699|0|0|.09|    01/01/2022|1031|F|99|1|0|0|0|0|C|.12|6 |1|1031|F||||||||||||||
675003|0|R-VA   SR00061EB||||R-VA   SR00061EB|VA 61|E Riverside Dr|158|Town of Tazewell|158|Town of Tazewell|    SR 16 Tazewell Ave| 636682|0|0|0|    US 19, US 460| 636716|0|0|.86|    01/01/2022|3407|G|97|0|1|0|0|0|C|.093|6 |.56|3413|G||||||||||||||
675001|0|R-VA   SR00061EB||||R-VA   SR00061EB|VA 61|E Riverside Dr|158|Town of Tazewell|158|Town of Tazewell|    US 19, US 460| 636716|0|0|.86|    US 19 BUS, US 460 BUS Fincastle Tpke| 636710|0|0|2.15|    01/01/2022|5844|G|98|0|1|1|1|0|C|.096|6 |.54|5853|G||||||||||||||
675002|0|R-VA   SR00061EB||||R-VA   SR00061EB|VA 61|Ben Bolt Ave|158|Town of Tazewell|158|Town of Tazewell|    US 19 BUS, US 460 BUS Fincastle Tpke| 636710|0|0|2.15|    SCL Tazewell| 636720|0|0|2.79|    01/01/2022|3908|G|96|0|1|1|1|0|F|.09|6 |.52|3914|G||||||||||||||
803437|0|R-VA   SR00061UK      RMP001.00A||||R-VA   SR00061UK      RMP001.00A|VA 61  EXIT 1A|Ramp|158|Town of Tazewell|092|Tazewell County|    SR-00061(B)/US-00019-S072A(R)/RAMP TO & FROM| 636715|0|0|0|    US-00019(B)/RAMP FROM ROUTE 61| 636696|0|0|.28|    01/01/2022|1005|F|||||||X|.132|6 |1|1005|F||||||||||||||
803438|0|R-VA   SR00061UK      RMP001.00B||||R-VA   SR00061UK      RMP001.00B|VA 61  EXIT 1B|Ramp|158|Town of Tazewell|092|Tazewell County|    SR-00061(B)/US-00019-N072A(R)/RAMP TO & FROM|1077218|0|0|0|    US-00019(B)/RAMP FROM ROUTE 61| 636810|0|0|.2|    01/01/2022|273|F|||||||X|.127|6 |1|273|F||||||||||||||
675007|0|R-VA   US00019EBBUS002|R-VA   SR00016NB|||R-VA   US00019EBBUS002|BUS US 19, VA 16|Main St|158|Town of Tazewell|158|Town of Tazewell|    | 636712|0|0|3.4|    ALT SR 16 Fairgrounds Rd| 636672|0|0|3.6|    01/01/2022|2193|G|96|0|1|0|0|0|C|.098|6 |.56|2197|G||||||||||||||
675008|0|R-VA   US00019EBBUS002|R-VA   SR00016NB|||R-VA   US00019EBBUS002|BUS US 19, VA 16|Main St|158|Town of Tazewell|158|Town of Tazewell|    ALT SR 16 Fairgrounds Rd| 636672|0|0|3.6|    Church Ave| 636711|0|0|4.41|    01/01/2022|3248|G|96|1|1|0|0|0|C|.091|6 |.52|3255|G||||||||||||||
675009|0|R-VA   US00019EBBUS002|R-VA   SR00016NB|||R-VA   US00019EBBUS002|BUS US 19, VA 16|Fincastle Trpk|158|Town of Tazewell|158|Town of Tazewell|    Church St| 636711|0|0|4.41|    Tazewell Ave| 636811|0|0|4.85|    01/01/2022|3788|G|98|1|1|0|0|0|F|.09|6 |.52|3923|G||||||||||||||
675010|0|R-VA   US00019EBBUS002||||R-VA   US00019EBBUS002|BUS US 19|Fincastle Trpk|158|Town of Tazewell|158|Town of Tazewell|    Tazewell Ave| 636811|0|0|4.85|    SR 61 Ben Bolt Blvd| 636710|0|0|6.5|    01/01/2022|6985|F|98|1|1|0|0|0|C|.099|6 |.53|7021|F||||||||||||||
675011|0|R-VA   US00019EBBUS002||||R-VA   US00019EBBUS002|BUS US 19|Fincastle Trpk|158|Town of Tazewell|158|Town of Tazewell|    SR 61 Ben Bolt Blvd| 636710|0|0|6.5|    ECL Tazewell| 636709|0|0|7.15|    01/01/2022|4055|G|98|1|1|0|0|0|F|.093|6 |.52|4064|G||||||||||||||
010354|0|R-VA   US00019EBBUS002||||R-VA   US00019EBBUS002|BUS US 19| |158|Town of Tazewell|092|Tazewell County|    ECL Tazewell| 636709|0|0|7.15|    US 19, US 460| 636707|0|0|7.78|    01/01/2022|3046|G|97|0|1|1|1|0|C|.091|6 |.59|3052|G||||||||||||||
010497|0|R-VA   US00019NB|R-VA   US00460EB|||R-VA   US00019NB|US 19, US 460| |158|Town of Tazewell|092|Tazewell County|    |1277764|0|0|69.67|    Physical Jurisdiction Boundary: 092 Tazewell County / 158 Town of Tazewell| 636699|0|0|70.959|    01/01/2022|8365|G|94|1|1|1|3|0|F|.089|6 |.54|9043|G||||||||||||||
010348|0|R-VA   US00019NB|R-VA   US00460EB|||R-VA   US00019NB|US 19, US 460| |158|Town of Tazewell|092|Tazewell County|    SR 61| 636699|0|0|70.959|    |1277767|0|0|71.83|    01/01/2022|6498|G|94|1|1|1|3|0|F|.089|6 |.53|7026|G||||||||||||||
803891|0|R-VA   US00019NB      RMP070.00A||||R-VA   US00019NB      RMP070.00A|US 19  NB EXIT 70A|Ramp|158|Town of Tazewell|092|Tazewell County|    US-00019(B)/RAMP TO & FROM ROUTE 16 ALT| 636703|0|0|0|    A1SR-00016(B)/A1SR-00016- 001B(U)/RAMP TO & F| 636675|0|0|.15|    01/01/2022|983|F|||||||X|.101|6 |1|983|F||||||||||||||
803893|0|R-VA   US00019NB      RMP072.00A||||R-VA   US00019NB      RMP072.00A|US 19  NB EXIT 72A|Ramp|158|Town of Tazewell|092|Tazewell County|    US-00019(B)/RAMP TO ROUTE 61| 636697|0|0|0|    SR-00061(B)/SR-00061- 001B(R)/RAMP TO & FROM| 636716|0|0|.16|    01/01/2022|1123|F|||||||X|.103|6 |1|1123|F||||||||||||||
803898|0|R-VA   US00019SB      RMP071.00A||||R-VA   US00019SB      RMP071.00A|US 19  SB EXIT 71A|Ramp|158|Town of Tazewell|092|Tazewell County|    US-00019(B)/RAMP TO ROUTE 16| 636698|0|0|0|    SR-00016(B)/SR-00016- 068A(R)/RAMP TO & FROM| 636683|0|0|.15|    01/01/2022|904|F|||||||X|.115|6 |1|904|F||||||||||||||
010497|0|R-VA   US00460EB|R-VA   US00019NB|||R-VA   US00019NB|US 19, US 460| |158|Town of Tazewell|092|Tazewell County|    |1277764|0|0|60.91|    Physical Jurisdiction Boundary: 092 Tazewell County / 158 Town of Tazewell| 636699|0|0|62.199|    01/01/2022|8365|G|94|1|1|1|3|0|F|.089|6 |.54|9043|G||||||||||||||
010348|0|R-VA   US00460EB|R-VA   US00019NB|||R-VA   US00019NB|US 19, US 460| |158|Town of Tazewell|092|Tazewell County|    SR 61| 636699|0|0|62.199|    |1277767|0|0|63.07|    01/01/2022|6498|G|94|1|1|1|3|0|F|.089|6 |.53|7026|G||||||||||||||
776212|0|R-VA092SC01306EB||||R-VA092SC01306EB|92-1306|Park St|158|Town of Tazewell|092|Tazewell County|    92-1305 King St| 636498|0|0|0|    92-1307 Shewey St| 636499|0|0|.07|    06/02/2015|43|R|||||||X||24|||X||||||||||||||
201180|0|S-VA092PR HARMON ST||||S-VA092PR HARMON ST|Harmon St||158|Town of Tazewell|158|Town of Tazewell|    Harmon St| 636501|0|0|0|    T B D|1265791|0|0|.02|    ||X||||||||||||||||||||||||||
776285|0|S-VA158PR ADVANTAGE DR||||S-VA158PR ADVANTAGE DR|Advantage Dr||158|Town of Tazewell|158|Town of Tazewell|    NCL Tazewell ; 92-793 Maplewood Lane| 636554|0|0|0|    Tazewell Elem Sch| 636555|0|0|.19|    01/01/2021|581|G|||||||X|.411|6 |.67||X||||||||||||||
200853|0|S-VA158PR BUCKHORN ST||||S-VA158PR BUCKHORN ST|Buckhorn St||158|Town of Tazewell|158|Town of Tazewell|    Harmon St| 734004|0|0|0|    92-1308 Buckhorn St|1076525|0|0|.1|    ||X||||||||||||||||||||||||||
790882|0|S-VA158PR CARLINE AVE||||S-VA158PR CARLINE AVE|Carline Ave|Carline Ave|158|Town of Tazewell|158|Town of Tazewell|    SR 16 Tazewell Ave| 737732|0|0|.45|    158-23 Maplewood Ln| 636685|0|0|.56|    01/01/2022|1128|G|95|2|1|0|0|0|C|.211|6 |.58|1187|G||||||||||||||
776246|0|S-VA158PR CODY ST||||S-VA158PR CODY ST|Cody St||158|Town of Tazewell|158|Town of Tazewell|    92-678 Market St| 704667|0|0|0|    92-1421 Racine Ave| 704669|0|0|.2|    06/02/2015|120|R|||||||X||24|||X||||||||||||||
776208|0|S-VA158PR CORAL DR||||S-VA158PR CORAL DR|Coral Dr|Coral Dr|158|Town of Tazewell|158|Town of Tazewell|    Market St| 636279|0|0|0|    Dead End| 636661|0|0|.22|    01/01/1999|52|R|||||||X||24|||X||||||||||||||
776249|0|S-VA158PR COX ST||||S-VA158PR COX ST|Cox St||158|Town of Tazewell|158|Town of Tazewell|    92-678 Market St| 704668|0|0|0|    92-1421 Racine Ave| 704670|0|0|.16|    06/02/2015|129|R|||||||X||24|||X||||||||||||||
775659|0|S-VA158PR DIAL ROCK RD||||S-VA158PR DIAL ROCK RD|Dial Rock Rd|Dial Rock Rd|158|Town of Tazewell|158|Town of Tazewell|    Bus US 19 Fincastle Tnpk|1074483|0|0|0|    92-1316 Vanguard Ave| 636004|0|0|.44|    06/02/2015|480|R|||||||X||24|||X||||||||||||||
775660|0|S-VA158PR DIAL ROCK RD||||S-VA158PR DIAL ROCK RD|Dial Rock Rd|Dial Rock Rd|158|Town of Tazewell|158|Town of Tazewell|    92-1316 Vanguard Ave| 636004|0|0|.44|    92-1317 Texas St (pre-update)|1076556|0|0|.52|    06/02/2015|151|R|||||||X||24|||X||||||||||||||
776214|0|S-VA158PR HARMON ST||||S-VA158PR HARMON ST|Harmon St|Hamon St|158|Town of Tazewell|158|Town of Tazewell|    ECL Tazewell| 636500|0|0|.1|    Dead End| 636501|0|0|.4|    06/02/2015|825|R|||||||X||24|||X||||||||||||||
776207|0|S-VA158PR INDUSTRIAL DR||||S-VA158PR INDUSTRIAL DR|Industrial Dr||158|Town of Tazewell|158|Town of Tazewell|    SR 61, E Riverside Dr| 636496|0|0|0|    Dead End| 636497|0|0|.23|    06/02/2015|377|R|||||||X||24|||X||||||||||||||
776210|0|S-VA158PR KING ST||||S-VA158PR KING ST|King St|King St|158|Town of Tazewell|158|Town of Tazewell|    92-600 Dial Rock Rd| 636002|0|0|0|    92-1306 Park St| 636498|0|0|.142|    06/02/2015|187|R|||||||X||24|||X||||||||||||||
776211|0|S-VA158PR KING ST||||S-VA158PR KING ST|King St|King St|158|Town of Tazewell|158|Town of Tazewell|    92-1306 Park St| 636498|0|0|.142|    Dead End| 636662|0|0|.173|    01/01/1986|55|R|||||||X||24|||X||||||||||||||
776045|0|S-VA158PR MAPLEWOOD LN||||S-VA158PR MAPLEWOOD LN|Maplewood Ln|Maplewood Lane|158|Town of Tazewell|158|Town of Tazewell|    Parkview Dr| 636671|0|0|0|    Aspen St|1077059|0|0|.382|    01/01/2021|1684|G|||||||X|.208|6 |.54||X||||||||||||||
790883|0|S-VA158PR MAPLEWOOD LN||||S-VA158PR MAPLEWOOD LN|Maplewood Ln|Maplewood Ln|158|Town of Tazewell|158|Town of Tazewell|    Aspen St|1077059|0|0|.382|    |1020320|0|0|.94|    01/01/2022|1912|G|95|2|1|0|0|0|C|.231|6 |.58|2005|G||||||||||||||
775896|0|S-VA158PR MARKET ST||||S-VA158PR MARKET ST|Market St|Market St|158|Town of Tazewell|158|Town of Tazewell|    | 636277|0|0|.44|    US 19 NB, US 460 EB Ramps| 636278|0|0|1.07|    01/01/2022|2023|G|98|0|0|0|0|0|C|.102|6 |.51|2023|G||||||||||||||
799009|0|S-VA158PR MARKET ST||||S-VA158PR MARKET ST|Market St|Market St|158|Town of Tazewell|158|Town of Tazewell|    US 19 NB, US 460 EB Ramps| 636278|0|0|1.07|    NCL Tazewell; 92-678|1265058|0|0|1.11|    01/01/2022|1591|G|98|0|0|0|0|0|C|.102|6 |.51|1591|G||||||||||||||
201321|0|S-VA158PR PROFESSIONAL DR||||S-VA158PR PROFESSIONAL DR|Professional Dr||158|Town of Tazewell|158|Town of Tazewell|    BUS US 19|1074483|0|0|0|    Hillsboro Dr|1020375|0|0|.23|    ||X||||||||||||||||||||||||||
776247|0|S-VA158PR RACINE AVE||||S-VA158PR RACINE AVE|Racine Ave|Racine Ave|158|Town of Tazewell|158|Town of Tazewell|    92-1420 Cody St| 704669|0|0|0|    92-1423 Cox St| 704670|0|0|.09|    06/02/2015|36|R|||||||X||24|||X||||||||||||||
776248|0|S-VA158PR SCRANTON AVE||||S-VA158PR SCRANTON AVE|Scranton Ave|Scranton Ave|158|Town of Tazewell|158|Town of Tazewell|    92-1423 Cox St| 704671|0|0|0|    Dead End| 704672|0|0|.03|    01/01/1995|32|R|||||||X||24|||X||||||||||||||
776213|0|S-VA158PR SHEWEY ST||||S-VA158PR SHEWEY ST|Shewey St||158|Town of Tazewell|158|Town of Tazewell|    92-600 Dial Rock Rd| 636003|0|0|0|    92-1306 Park St| 636499|0|0|.14|    06/02/2015|86|R|||||||X||24|||X||||||||||||||
776217|0|S-VA158PR TEXAS ST||||S-VA158PR TEXAS ST|Texas St||158|Town of Tazewell|158|Town of Tazewell|    ECL Tazewell| 636502|0|0|.03|    92-1318 Texas St| 636503|0|0|.052|    06/02/2015|316|R|||||||X||24|||X||||||||||||||
776220|0|S-VA158PR TEXAS ST||||S-VA158PR TEXAS ST|Texas St||158|Town of Tazewell|158|Town of Tazewell|    92-1315 Texas St| 636503|0|0|.052|    92-1316 Vanguard Ave| 636504|0|0|.254|    06/02/2015|198|R|||||||X||24|||X||||||||||||||
776221|0|S-VA158PR TEXAS ST||||S-VA158PR TEXAS ST|Texas St||158|Town of Tazewell|158|Town of Tazewell|    92-1316 Vanguard Ave| 636504|0|0|.254|    92-1317 Texas St| 636505|0|0|.32|    06/02/2015|48|R|||||||X||24|||X||||||||||||||
776219|0|S-VA158PR TEXAS ST||||S-VA158PR TEXAS ST|Texas St||158|Town of Tazewell|158|Town of Tazewell|    92-1318 Texas St| 636505|0|0|.32|    92-600 Dial Rock Rd| 636005|0|0|.37|    06/02/2015|50|R|||||||X||24|||X||||||||||||||
776218|0|S-VA158PR VANGUARD AVE||||S-VA158PR VANGUARD AVE|Vanguard Ave||158|Town of Tazewell|158|Town of Tazewell|    92-600 Dial Rock Rd| 636004|0|0|0|    92-1318 Texas St (pre-update)|1265826|0|0|.24|    06/02/2015|132|R|||||||X||24|||X||||||||||||||
776215|0|S-VA158PR WALKER ST||||S-VA158PR WALKER ST|Walker St||158|Town of Tazewell|158|Town of Tazewell|    92-1310 Hamon St| 706844|0|0|0|    92-1312 Walker St| 706845|0|0|.107|    06/02/2015|136|R|||||||X||24|||X||||||||||||||
776216|0|S-VA158PR WALKER ST||||S-VA158PR WALKER ST|Walker St||158|Town of Tazewell|158|Town of Tazewell|    92-1311 Walker St| 706845|0|0|.107|    Charles St| 706846|0|0|.19|    06/02/2015|37|R|||||||X||24|||X||||||||||||||
