sep=|
- - 2022 AADT Report for Town of Goshen - -
LINKID|SEQUENCENUMBER|RTE_NM|RTE_NM_2|RTE_NM_3|RTE_NM_4|Host RTE_NM|Route Label|Street Name|Physical Jurisdiction|Physical Jurisdiciton Name|Maintenance Jurisdiction|Maintenance Jurisdiciton Name|    Start Label|Start Node|Start Node Route Sequence|Star tOffset|Start Milepoint|    End Label|End Node|End Node Route Sequence|End Offset|End Milepoint|    VPDDate|AADT|AADT Quality|Passenger Vehicle|Bus|Truck 2 Axle|Truck 3 Axle|Truck 1 Trailer|Truck 2 Trailer|Class Quality|K Factor|K Factor Quality|Direction Factor|AAWDT|AAWDT Quality|AADT Dir|AADT Quality Dir|PassengerVehicle Dir|Bus Dir|Truck 2 Axle Dir|Truck 3 Axle Dir|Truck 1 Trailer Dir|Truck 2 Trailer Dir|Class Quality Dir|K Factor Dir|K Factor Quality Dir|Direction Factor Dir|AAWDT Dir|AAWDT Quality Dir
080410|0|R-VA   SR00039EB|R-VA   SR00042NB|||R-VA   SR00039EB|VA 39, VA 42|Maury River Rd|226|Town of Goshen|081|Rockbridge County|    Bath County Line|  50302|0|0|36.47|    SR 42 Goshen| 581733|0|0|38.94|    01/01/2022|1708|F|92|1|2|1|4|0|C|.098|6 |.61|1722|F||||||||||||||
080411|0|R-VA   SR00039EB||||R-VA   SR00039EB|VA 39|Maury River Rd|226|Town of Goshen|081|Rockbridge County|    SR 42 Goshen| 581733|0|0|38.94|    81-780 South of Goshen| 581469|0|0|40.28|    01/01/2022|1612|F|93|1|1|1|4|0|C|.096|6 |.62|1626|F||||||||||||||
080074|0|R-VA   SR00039EB||||R-VA   SR00039EB|VA 39|Maury River Rd|226|Town of Goshen|081|Rockbridge County|    81-780 South of Goshen; Brattons Run| 581469|0|0|40.28|    Physical Jurisdiction Boundary: 226 Town of Goshen / 081 Rockbridge County| 581735|0|0|40.35|    01/01/2022|648|F|91|1|2|2|4|0|C|.091|6 |.53|653|F||||||||||||||
080414|0|R-VA   SR00039NBALT001||||R-VA   SR00039NBALT001|ALT VA 39|Main St|226|Town of Goshen|081|Rockbridge County|    SR 42 Goshen| 581734|0|0|0|    SR 39 Maury River Rd| 581732|0|0|.35|    01/01/2022|1015|F|89|1|2|1|6|0|C|.093|6 |.6|1024|F||||||||||||||
080410|0|R-VA   SR00042NB|R-VA   SR00039EB|||R-VA   SR00039EB|VA 39, VA 42|Maury River Rd|226|Town of Goshen|081|Rockbridge County|    Bath County Line|  50302|0|0|174.77|    SR 42 Goshen| 581733|0|0|177.24|    01/01/2022|1708|F|92|1|2|1|4|0|C|.098|6 |.61|1722|F||||||||||||||
080076|0|R-VA   SR00042NB||||R-VA   SR00042NB|VA 42|Virginia Avenue|226|Town of Goshen|081|Rockbridge County|    SR 39 Goshen| 581733|0|0|177.24|    Physical Jurisdiction Boundary: 226 Town of Goshen / 081 Rockbridge County| 581741|0|0|177.3|    01/01/2022|1641|F|93|1|1|1|4|0|C|.104|6 |.59|1655|F||||||||||||||
767681|0|R-VA081SC00746NB||||R-VA081SC00746NB|81-746|Paxton Dr|226|Town of Goshen|081|Rockbridge County|    SR 39 Maury River Rd| 581405|0|0|0|    Dead End| 581406|0|0|.4|    05/13/2019|104|R|||||||X||24|||X||||||||||||||
767682|0|R-VA081SC00747NB||||R-VA081SC00747NB|81-747|Palace Hotel Ln|226|Town of Goshen|081|Rockbridge County|    SR 39 Maury River Rd| 581407|0|0|0|    81-748 Old Alleghany Circle| 581409|0|0|.17|    07/11/2017|218|R|||||||X||24|||X||||||||||||||
767683|0|R-VA081SC00747NB||||R-VA081SC00747NB|81-747|Palace Hotel Ln|226|Town of Goshen|081|Rockbridge County|    81-748 Old Alleghany Circle| 581409|0|0|.17|    Dead End| 581641|0|0|.38|    05/13/2019|45|R|||||||X||24|||X||||||||||||||
767684|0|R-VA081SC00748NB||||R-VA081SC00748NB|81-748|Old Alleghany Circle|226|Town of Goshen|081|Rockbridge County|    SR 39 Maury River Rd| 581410|0|0|0|    81-791 Furnace Hill Rd| 581411|0|0|.06|    07/11/2017|223|R|||||||X||24|||X||||||||||||||
767685|0|R-VA081SC00748NB||||R-VA081SC00748NB|81-748|Old Alleghany Circle|226|Town of Goshen|081|Rockbridge County|    81-791 Furnace Hill Rd| 581411|0|0|.06|    0.37 MN 81-791 Furnace Hill Rd| 581411|0|.37|.43|    05/13/2019|78|R|||||||X||24|||X||||||||||||||
767686|0|R-VA081SC00748NB||||R-VA081SC00748NB|81-748|Old Alleghany Circle|226|Town of Goshen|081|Rockbridge County|    0.37 MN 81-791 Furnace Hill Rd| 581411|0|.37|.43|    81-747 Palace Hotel Ln| 581409|0|0|.59|    05/13/2019|57|R|||||||X||24|||X||||||||||||||
767756|0|R-VA081SC00787EB||||R-VA081SC00787EB|81-787|Spring Dr|226|Town of Goshen|081|Rockbridge County|    81-791 Furnace Hill Rd| 581489|0|0|0|    SR 39 Maury River Rd| 581490|0|0|.06|    05/13/2019|88|R|||||||X||24|||X||||||||||||||
767757|0|R-VA081SC00787EB||||R-VA081SC00787EB|81-787|Spring Dr|226|Town of Goshen|081|Rockbridge County|    SR 39 Maury River Rd| 581490|0|0|.06|    Dead End| 581491|0|0|.19|    07/20/2017|50|T|||||||X||24|||X||||||||||||||
767761|0|R-VA081SC00791NB||||R-VA081SC00791NB|81-791|Furnace Hill Rd|226|Town of Goshen|081|Rockbridge County|    SR 39 Maury River Rd| 581494|0|0|0|    0.05 MN SR 39 Maury River Rd| 581494|0|.05|.05|    07/11/2017|106|R|||||||X||24|||X||||||||||||||
767762|0|R-VA081SC00791NB||||R-VA081SC00791NB|81-791|Furnace Hill Rd|226|Town of Goshen|081|Rockbridge County|    0.05 MN SR 39 Maury River Rd| 581494|0|.05|.05|    0.36 MN SR 39 Maury River Rd| 581494|0|.36|.36|    05/13/2019|104|R|||||||X||24|||X||||||||||||||
767763|0|R-VA081SC00791NB||||R-VA081SC00791NB|81-791|Furnace Hill Rd|226|Town of Goshen|081|Rockbridge County|    0.36 MN SR 39 Maury River Rd| 581494|0|.36|.36|    81-748 Old Alleghany Circle| 581411|0|0|.63|    06/15/2017|155|R|||||||X||24|||X||||||||||||||
767764|0|R-VA081SC00791NB||||R-VA081SC00791NB|81-791|Furnace Hill Rd|226|Town of Goshen|081|Rockbridge County|    81-748 Old Alleghany Circle| 581411|0|0|.63|    81-787 Spring Dr| 581489|0|0|.73|    05/13/2019|118|R|||||||X||24|||X||||||||||||||
767765|0|R-VA081SC00791NB||||R-VA081SC00791NB|81-791|Furnace Hill Rd|226|Town of Goshen|081|Rockbridge County|    81-787 Spring Dr| 581489|0|0|.73|    81-747 Palace Hotel Ln| 581408|0|0|.85|    06/15/2017|68|R|||||||X||24|||X||||||||||||||
767841|0|R-VA081SC01001NB||||R-VA081SC01001NB|81-1001|Baptist Hill Dr|226|Town of Goshen|081|Rockbridge County|    Dead End| 581535|0|0|0|    SR 39 Maury River Rd| 581534|0|0|.16|    07/06/2017|50|T|||||||X||24|||X||||||||||||||
767962|0|R-VA081SC09361EB||||R-VA081SC09361EB|81-9361| |226|Town of Goshen|081|Rockbridge County|    SR 39 Maury River Rd| 581601|0|0|0|    SR 39 Maury River Rd| 581600|0|0|.05|    01/01/1986|78|R|||||||X||24|||X||||||||||||||
