sep=|
- - 2022 AADT Report for Town of Eastville - -
LINKID|SEQUENCENUMBER|RTE_NM|RTE_NM_2|RTE_NM_3|RTE_NM_4|Host RTE_NM|Route Label|Street Name|Physical Jurisdiction|Physical Jurisdiciton Name|Maintenance Jurisdiction|Maintenance Jurisdiciton Name|    Start Label|Start Node|Start Node Route Sequence|Star tOffset|Start Milepoint|    End Label|End Node|End Node Route Sequence|End Offset|End Milepoint|    VPDDate|AADT|AADT Quality|Passenger Vehicle|Bus|Truck 2 Axle|Truck 3 Axle|Truck 1 Trailer|Truck 2 Trailer|Class Quality|K Factor|K Factor Quality|Direction Factor|AAWDT|AAWDT Quality|AADT Dir|AADT Quality Dir|PassengerVehicle Dir|Bus Dir|Truck 2 Axle Dir|Truck 3 Axle Dir|Truck 1 Trailer Dir|Truck 2 Trailer Dir|Class Quality Dir|K Factor Dir|K Factor Quality Dir|Direction Factor Dir|AAWDT Dir|AAWDT Quality Dir
050076|0|R-VA   US00013NB||||R-VA   US00013NB|US 13|Lankford Hwy|214|Town of Eastville|065|Northampton County|    | 488592|0|0|90.21|    Physical Jurisdiction Boundary: 214 Town of Eastville / 065 Northampton County| 488591|0|0|90.45|    01/01/2022|14055|F|91|0|1|1|6|0|F|.079|6 |.51|12843|F||||||||||||||
050023|0|R-VA   US00013NBBUS003||||R-VA   US00013NBBUS003|BUS US 13|Courthouse Rd|214|Town of Eastville|065|Northampton County|    Jurisdiction Boundary: 065 Northampton County| 488607|0|0|1.17|    65-631 Eastville| 488153|0|0|1.34|    01/01/2022|1641|F|95|1|1|1|1|0|C|.113|6 |.52|1603|F||||||||||||||
050021|0|R-VA   US00013NBBUS003||||R-VA   US00013NBBUS003|BUS US 13|Courthouse Rd|214|Town of Eastville|065|Northampton County|    65-631 Willow Oak Rd| 488153|0|0|1.34|    Physical Jurisdiction Boundary: 214 Town of Eastville / 065 Northampton County| 488605|0|0|1.53|    01/01/2022|1709|F|92|1|2|0|0|0|C|.105|6 |.55|1673|F||||||||||||||
404355|0|R-VA065SC00631EB||||R-VA065SC00631EB|65-631|Willow Oak Rd|214|Town of Eastville|065|Northampton County|    Bus US 13 Courthouse Rd| 488153|0|0|0|    US 13 Lankford Hwy| 488157|0|0|.43|    01/01/2022|982|F|97|1|1|0|0|0|C|.104|6 |.61|962|F||||||||||||||
404356|0|R-VA065SC00631EB||||R-VA065SC00631EB|65-631|Willow Oak Rd|214|Town of Eastville|065|Northampton County|    US 13 Lankford Hwy| 488157|0|0|.43|    ECL Eastville| 488159|0|0|.85|    01/01/2022|680|F|96|0|2|1|1|0|C|.096|6 |.52|666|F||||||||||||||
756739|0|R-VA065SC01601EB||||R-VA065SC01601EB|65-1601|James St|214|Town of Eastville|065|Northampton County|    65-631 Willow Oak Rd| 488158|0|0|0|    ECL Eastville| 488484|0|0|.13|    08/31/2022|155|R|||||||X||24|||X||||||||||||||
756741|0|R-VA065SC01603NB||||R-VA065SC01603NB|65-1603|Holland Ct|214|Town of Eastville|065|Northampton County|    SCL Eastville| 488486|0|0|0|    65-631 Willow Oak Rd| 488155|0|0|.2|    08/31/2022|286|R|||||||X||24|||X||||||||||||||
756742|0|R-VA065SC01604EB||||R-VA065SC01604EB|65-1604|Debedeavon Lane|214|Town of Eastville|065|Northampton County|    WCL Eastville| 488488|0|0|0|    Bus US 13, Courthouse Rd| 488487|0|0|.08|    08/31/2022|170|R|||||||X||24|||X||||||||||||||
756743|0|R-VA065SC01605EB||||R-VA065SC01605EB|65-1605|Tyson Circle|214|Town of Eastville|065|Northampton County|    65-631 W, Crossroad Ave| 488154|0|0|0|    65-631 E, Crossroad Ave| 488548|0|0|.38|    08/31/2022|214|R|||||||X||24|||X||||||||||||||
756744|0|R-VA065SC01606EB||||R-VA065SC01606EB|65-1606| |214|Town of Eastville|065|Northampton County|    65-631 W, Willow Oak Rd| 488156|0|0|0|    65-631 E, Willow Oak Rd| 488549|0|0|.14|    08/31/2022|366|R|||||||X||24|||X||||||||||||||
