sep=|
- - 2022 AADT Report for Town of Painter - -
LINKID|SEQUENCENUMBER|RTE_NM|RTE_NM_2|RTE_NM_3|RTE_NM_4|Host RTE_NM|Route Label|Street Name|Physical Jurisdiction|Physical Jurisdiciton Name|Maintenance Jurisdiction|Maintenance Jurisdiciton Name|    Start Label|Start Node|Start Node Route Sequence|Star tOffset|Start Milepoint|    End Label|End Node|End Node Route Sequence|End Offset|End Milepoint|    VPDDate|AADT|AADT Quality|Passenger Vehicle|Bus|Truck 2 Axle|Truck 3 Axle|Truck 1 Trailer|Truck 2 Trailer|Class Quality|K Factor|K Factor Quality|Direction Factor|AAWDT|AAWDT Quality|AADT Dir|AADT Quality Dir|PassengerVehicle Dir|Bus Dir|Truck 2 Axle Dir|Truck 3 Axle Dir|Truck 1 Trailer Dir|Truck 2 Trailer Dir|Class Quality Dir|K Factor Dir|K Factor Quality Dir|Direction Factor Dir|AAWDT Dir|AAWDT Quality Dir
050229|0|R-VA   SR00182EB||||R-VA   SR00182EB|VA 182|Mappsburg Rd|276|Town of Painter|001|Accomack County|    US 13 Lankford Hwy| 105081|0|0|0|    ECL Painter| 106349|0|0|.628|    01/01/2022|1405|G|93|1|1|2|1|0|C|.118|6 |.65|1388|G||||||||||||||
050088|0|R-VA   US00013NB||||R-VA   US00013NB|US 13|Lankford Hwy|276|Town of Painter|001|Accomack County|    Maintenance Jurisdiction Boundary: 065 Northampton County / 001 Accomack County| 106299|0|0|108.64|    Physical Jurisdiction Boundary: 001 Accomack County / 276 Town of Painter| 105081|0|0|109.07|    01/01/2022|16636|G|91|0|1|1|6|0|F|.079|6 |.55|15484|G||||||||||||||
050086|0|R-VA   US00013NB||||R-VA   US00013NB|US 13|Lankford Hwy|276|Town of Painter|001|Accomack County|    01-614 Wayside Dr| 105081|0|0|109.07|    Physical Jurisdiction Boundary: 276 Town of Painter / 001 Accomack County| 106298|0|0|109.53|    01/01/2022|17366|G|91|0|1|1|6|0|F|.081|6 |.52|16164|G||||||||||||||
700112|0|R-VA001SC00608NB||||R-VA001SC00608NB|01-608|Mappsburg Rd|276|Town of Painter|001|Accomack County|    Jurisdiction Boundary: 001 Accomack County| 105048|0|0|.66|    SR 182 Edmund St| 105050|0|0|1.2|    10/03/2017|112|R|||||||X||24|||X||||||||||||||
700141|0|R-VA001SC00614EB||||R-VA001SC00614EB|01-614|Wayside Dr|276|Town of Painter|001|Accomack County|    | 105083|0|0|6.719|    01-619 Hickman St; 01-1204 Cosby St| 105082|0|0|6.967|    06/03/2014|923|R|||||||X||24|||X||||||||||||||
700142|0|R-VA001SC00614EB||||R-VA001SC00614EB|01-614|Hickman St|276|Town of Painter|001|Accomack County|    01-619 Wayside Dr; 01-1204 Cosby St| 105082|0|0|6.967|    US 13 Lankford Hwy| 105081|0|0|6.99|    11/21/2017|1887|R|||||||X||24|||X||||||||||||||
700151|0|R-VA001SC00619NB||||R-VA001SC00619NB|01-619|Hickman St|276|Town of Painter|001|Accomack County|    01-614; 01-1204 Cosby St| 105082|0|0|0|    01-620 NCL Painter| 105102|0|0|.62|    10/03/2017|438|R|||||||X||24|||X||||||||||||||
700154|0|R-VA001SC00620NB||||R-VA001SC00620NB|01-620|Sisco Town Rd|276|Town of Painter|001|Accomack County|    Jurisdiction Boundary: 001 Accomack County| 105105|0|0|1.162|    01-619 Boggs Rd; Hickman St; NCL Painter| 105102|0|0|1.3|    10/03/2017|462|R|||||||X||24|||X||||||||||||||
700682|0|R-VA001SC01201NB||||R-VA001SC01201NB|01-1201|Grant St|276|Town of Painter|001|Accomack County|    01-1203 Main St| 105752|0|0|0|    01-1206 Savage St| 105755|0|0|.24|    07/27/2017|152|R|||||||X||24|||X||||||||||||||
700683|0|R-VA001SC01202NB||||R-VA001SC01202NB|01-1202|Alexine St|276|Town of Painter|001|Accomack County|    01-1203 Main St| 105756|0|0|0|    Physical Jurisdiction Boundary: 276 Town of Painter / 001 Accomack County| 105759|0|0|.29|    07/27/2017|75|R|||||||X||24|||X||||||||||||||
700684|0|R-VA001SC01203NB||||R-VA001SC01203NB|01-1203|Main St|276|Town of Painter|001|Accomack County|    01-608 Mappsburg Rd| 105049|0|0|0|    01-1202 Alexine St| 105756|0|0|.08|    07/27/2017|341|R|||||||X||24|||X||||||||||||||
700685|0|R-VA001SC01203NB||||R-VA001SC01203NB|01-1203|Main St|276|Town of Painter|001|Accomack County|    01-1202 Alexine St| 105756|0|0|.08|    01-1207 Callahan Dr| 105762|0|0|.13|    07/27/2017|462|R|||||||X||24|||X||||||||||||||
700686|0|R-VA001SC01203NB||||R-VA001SC01203NB|01-1203|Main St|276|Town of Painter|001|Accomack County|    01-1207 Callahan Dr| 105762|0|0|.13|    01-1201 Grant St| 105752|0|0|.28|    07/27/2017|471|R|||||||X||24|||X||||||||||||||
700687|0|R-VA001SC01203NB||||R-VA001SC01203NB|01-1203|Main St|276|Town of Painter|001|Accomack County|    01-1201 Grant St| 105752|0|0|.28|    SR 182 Mappsburg Rd| 105761|0|0|.33|    07/27/2017|444|R|||||||X||24|||X||||||||||||||
700688|0|R-VA001SC01204EB||||R-VA001SC01204EB|01-1204|Cosby St|276|Town of Painter|001|Accomack County|    Jurisdiction Boundary: 001 Accomack County| 105763|0|0|.09|    01-614; 01-619| 105082|0|0|.4|    07/27/2017|843|R|||||||X||24|||X||||||||||||||
700689|0|R-VA001SC01205EB||||R-VA001SC01205EB|01-1205|Duer St|276|Town of Painter|001|Accomack County|    01-619 Hickman St| 105101|0|0|0|    US 13 Lankford Hwy| 105764|0|0|.09|    07/27/2017|932|R|||||||X||24|||X||||||||||||||
700690|0|R-VA001SC01206EB||||R-VA001SC01206EB|01-1206|Savage St|276|Town of Painter|001|Accomack County|    0.10 MW 01-1201, End State Maintenance| 106272|0|0|0|    0.10 ME 01-1201, End State Maintenance| 105765|0|0|.2|    07/27/2017|184|R|||||||X||24|||X||||||||||||||
700691|0|R-VA001SC01207NB||||R-VA001SC01207NB|01-1207|Callahan St|276|Town of Painter|001|Accomack County|    01-1203 Main St| 105762|0|0|0|    SR 182 Mappsburg Rd| 105766|0|0|.073|    07/27/2017|69|R|||||||X||24|||X||||||||||||||
700692|0|R-VA001SC01207NB||||R-VA001SC01207NB|01-1207|Callahan Dr|276|Town of Painter|001|Accomack County|    SR 182 Mappsburg Rd| 105766|0|0|.073|    01-1210 Callahan Dr| 105767|0|0|.18|    07/27/2017|44|R|||||||X||24|||X||||||||||||||
700693|0|R-VA001SC01208NB||||R-VA001SC01208NB|01-1208|Railroad Ave|276|Town of Painter|001|Accomack County|    SR 182 Mappsburg Rd| 105768|0|0|0|    01-1209 Fleming St| 105769|0|0|.1|    07/27/2017|116|R|||||||X||24|||X||||||||||||||
700694|0|R-VA001SC01209EB||||R-VA001SC01209EB|01-1209|Fleming St|276|Town of Painter|001|Accomack County|    01-1208 Railroad Ave| 105769|0|0|0|    01-1201 Grant St| 105754|0|0|.09|    07/27/2017|19|R|||||||X||24|||X||||||||||||||
700695|0|R-VA001SC01210NB||||R-VA001SC01210NB|01-1210|Callahan Dr|276|Town of Painter|001|Accomack County|    01-1202 Alexine St| 105758|0|0|0|    01-1207 Callahan Dr| 105767|0|0|.05|    07/27/2017|26|R|||||||X||24|||X||||||||||||||
