sep=|
- - 2022 AADT Report for Town of Cheriton - -
LINKID|SEQUENCENUMBER|RTE_NM|RTE_NM_2|RTE_NM_3|RTE_NM_4|Host RTE_NM|Route Label|Street Name|Physical Jurisdiction|Physical Jurisdiciton Name|Maintenance Jurisdiction|Maintenance Jurisdiciton Name|    Start Label|Start Node|Start Node Route Sequence|Star tOffset|Start Milepoint|    End Label|End Node|End Node Route Sequence|End Offset|End Milepoint|    VPDDate|AADT|AADT Quality|Passenger Vehicle|Bus|Truck 2 Axle|Truck 3 Axle|Truck 1 Trailer|Truck 2 Trailer|Class Quality|K Factor|K Factor Quality|Direction Factor|AAWDT|AAWDT Quality|AADT Dir|AADT Quality Dir|PassengerVehicle Dir|Bus Dir|Truck 2 Axle Dir|Truck 3 Axle Dir|Truck 1 Trailer Dir|Truck 2 Trailer Dir|Class Quality Dir|K Factor Dir|K Factor Quality Dir|Direction Factor Dir|AAWDT Dir|AAWDT Quality Dir
050326|0|R-VA   US00013NB||||R-VA   US00013NB|US 13|Lankford Hwy|188|Town of Cheriton|065|Northampton County|    |1280269|0|0|85.35|    Bus US 13 N of Cheriton| 488595|0|0|85.94|    01/01/2022|14325|F|91|0|1|1|6|0|F|.084|6 |.52|13090|F||||||||||||||
050325|0|R-VA   US00013NB||||R-VA   US00013NB|US 13|Lankford Hwy|188|Town of Cheriton|065|Northampton County|    Bus US 13 N of Cheriton| 488595|0|0|85.94|    Physical Jurisdiction Boundary: 188 Town of Cheriton / 065 Northampton County| 488594|0|0|86.42|    01/01/2022|15994|F|91|0|1|1|6|0|F|.078|6 |.51|14615|F||||||||||||||
050330|0|R-VA   US00013NBBUS004||||R-VA   US00013NBBUS004|BUS US 13|Bayside Dr|188|Town of Cheriton|065|Northampton County|    Jurisdiction Boundary: 065 Northampton County| 488609|0|0|.8|    US 13 Cheriton|1066227|0|0|1.59|    01/01/2022|2335|F|97|0|1|1|1|0|C|.101|6 |.55|2281|F||||||||||||||
756408|0|R-VA065SC00638NB||||R-VA065SC00638NB|65-638|Mill St|188|Town of Cheriton|065|Northampton County|    65-639 Sunnyside Rd| 488175|0|0|0|    Dead End| 488179|0|0|.66|    08/03/2022|585|R|||||||X||24|||X||||||||||||||
404361|0|R-VA065SC00639EB||||R-VA065SC00639EB|65-639|Sunnyside Rd|188|Town of Cheriton|065|Northampton County|    Bus US 13| 488180|0|0|0|    65-638 Mill St| 488175|0|0|.42|    01/01/2022|1845|F|95|1|1|1|1|0|C|.085|6 |.61|1803|F||||||||||||||
404362|0|R-VA065SC00639EB||||R-VA065SC00639EB|65-639|Sunnyside Rd|188|Town of Cheriton|065|Northampton County|    65-638 Mill St| 488175|0|0|.42|    ECL Cheriton| 488182|0|0|.68|    01/01/2022|1566|F|96|0|1|1|1|0|C|.093|6 |.6|1530|F||||||||||||||
404376|0|R-VA065SC00663EB||||R-VA065SC00663EB|65-663|Cherrystone Rd|188|Town of Cheriton|065|Northampton County|    |1276916|0|0|1.78|    65-680 Townfield Dr| 488253|0|0|2.02|    01/01/2022|415|F|96|0|1|1|1|0|C|.105|6 |.53|406|F||||||||||||||
404378|0|R-VA065SC00680EB||||R-VA065SC00680EB|65-680|Townfield Dr|188|Town of Cheriton|065|Northampton County|    |1276918|0|0|1.68|    US 13 Lankford Hwy| 488275|0|0|1.79|    01/01/2022|1375|F|91|1|2|1|4|0|C|.119|6 |.54|1347|F||||||||||||||
404377|0|R-VA065SC00680EB||||R-VA065SC00680EB|65-680|Cherrystone Rd|188|Town of Cheriton|065|Northampton County|    US 13 Lankford Hwy| 488275|0|0|1.79|    BUS US 13 Bayside Rd| 488450|0|0|2.17|    01/01/2022|724|F|96|1|0|1|1|0|C|.105|6 |.56|707|F||||||||||||||
756691|0|R-VA065SC01301EB||||R-VA065SC01301EB|65-1301|Stoakley Rd|188|Town of Cheriton|065|Northampton County|    Bus US 13 ; 65-680| 488450|0|0|0|    65-638 Mill St| 488177|0|0|.48|    08/03/2022|220|R|||||||X||24|||X||||||||||||||
756694|0|R-VA065SC01304EB||||R-VA065SC01304EB|65-1304|Maple Dr|188|Town of Cheriton|065|Northampton County|    65-1301 Stoakley Rd| 488451|0|0|0|    65-638 Mill St| 488176|0|0|.25|    08/03/2022|251|R|||||||X||24|||X||||||||||||||
756695|0|R-VA065SC01305NB||||R-VA065SC01305NB|65-1305|Casey Lane|188|Town of Cheriton|065|Northampton County|    Jurisdiction Boundary: 065 Northampton County| 488454|0|0|.34|    65-639 Sunnyside Rd| 488181|0|0|.4|    08/03/2022|149|R|||||||X||24|||X||||||||||||||
756696|0|R-VA065SC01306EB||||R-VA065SC01306EB|65-1306|Wilson Rd|188|Town of Cheriton|065|Northampton County|    Bus US 13| 488456|0|0|0|    65-1308 Holland Dr| 488457|0|0|.1|    08/03/2022|323|R|||||||X||24|||X||||||||||||||
756697|0|R-VA065SC01306EB||||R-VA065SC01306EB|65-1306|Wilson Rd|188|Town of Cheriton|065|Northampton County|    65-1308 Holland Dr| 488457|0|0|.1|    65-1318 Wilson Ct| 488458|0|0|.13|    08/03/2022|257|R|||||||X||24|||X||||||||||||||
756699|0|R-VA065SC01308NB||||R-VA065SC01308NB|65-1308|Holland Dr|188|Town of Cheriton|065|Northampton County|    Bus US 13| 488608|0|0|0|    65-1306 Wilson Rd| 488457|0|0|.24|    08/03/2022|115|R|||||||X||24|||X||||||||||||||
756700|0|R-VA065SC01309EB||||R-VA065SC01309EB|65-1309|Sunnyside Rd|188|Town of Cheriton|065|Northampton County|    Dead End| 488462|0|0|0|    65-1313 Pine View Rd| 488461|0|0|.05|    08/03/2022|59|R|||||||X||24|||X||||||||||||||
756701|0|R-VA065SC01309EB||||R-VA065SC01309EB|65-1309|Sunnyside Rd|188|Town of Cheriton|065|Northampton County|    65-1313 Pine View Rd| 488461|0|0|.05|    65-1310 Huntington St| 488460|0|0|.1|    08/03/2022|116|R|||||||X||24|||X||||||||||||||
756702|0|R-VA065SC01309EB||||R-VA065SC01309EB|65-1309|Sunnyside Rd|188|Town of Cheriton|065|Northampton County|    65-1310 Huntington St| 488460|0|0|.1|    Bus US 13 ; 65-639| 488180|0|0|.28|    08/03/2022|452|R|||||||X||24|||X||||||||||||||
756703|0|R-VA065SC01310NB||||R-VA065SC01310NB|65-1310|Huntington Rd|188|Town of Cheriton|065|Northampton County|    65-1309 Sunnyside Rd| 488460|0|0|0|    65-1314 Pine View Rd| 488463|0|0|.09|    08/03/2022|145|R|||||||X||24|||X||||||||||||||
756704|0|R-VA065SC01310NB||||R-VA065SC01310NB|65-1310|Huntington Rd|188|Town of Cheriton|065|Northampton County|    65-1314 Pine View Rd| 488463|0|0|.09|    65-680 Townfield Dr| 488273|0|0|.17|    08/03/2022|158|R|||||||X||24|||X||||||||||||||
756707|0|R-VA065SC01313NB||||R-VA065SC01313NB|65-1313|Pine View Rd|188|Town of Cheriton|065|Northampton County|    65-1309 Sunnyside Rd| 488461|0|0|0|    65-1314 Pine View Rd| 488464|0|0|.08|    09/13/2022|71|R|||||||X||24|||X||||||||||||||
756708|0|R-VA065SC01314EB||||R-VA065SC01314EB|65-1314|Pine View Rd|188|Town of Cheriton|065|Northampton County|    65-1313 Pine View Rd| 488464|0|0|0|    65-1310 Huntington Rd| 488463|0|0|.05|    08/03/2022|39|R|||||||X||24|||X||||||||||||||
786626|0|R-VA065SC01318EB||||R-VA065SC01318EB|65-1318|Wilson Ct|188|Town of Cheriton|065|Northampton County|    65-1306 Wilson Rd| 488458|0|0|0|    End Loop (pre-update)| 730311|1|0|.5|    08/03/2022|255|R|||||||X||24|||X||||||||||||||
