sep=|
- - 2022 AADT Report for Town of The Plains - -
LINKID|SEQUENCENUMBER|RTE_NM|RTE_NM_2|RTE_NM_3|RTE_NM_4|Host RTE_NM|Route Label|Street Name|Physical Jurisdiction|Physical Jurisdiciton Name|Maintenance Jurisdiction|Maintenance Jurisdiciton Name|    Start Label|Start Node|Start Node Route Sequence|Star tOffset|Start Milepoint|    End Label|End Node|End Node Route Sequence|End Offset|End Milepoint|    VPDDate|AADT|AADT Quality|Passenger Vehicle|Bus|Truck 2 Axle|Truck 3 Axle|Truck 1 Trailer|Truck 2 Trailer|Class Quality|K Factor|K Factor Quality|Direction Factor|AAWDT|AAWDT Quality|AADT Dir|AADT Quality Dir|PassengerVehicle Dir|Bus Dir|Truck 2 Axle Dir|Truck 3 Axle Dir|Truck 1 Trailer Dir|Truck 2 Trailer Dir|Class Quality Dir|K Factor Dir|K Factor Quality Dir|Direction Factor Dir|AAWDT Dir|AAWDT Quality Dir
070092|0|R-VA   SR00055EB||||R-VA   SR00055EB|VA 55|John Marshall Hwy|311|Town of The Plains|030|Fauquier County|    | 314150|0|0|54.26|    SR 245 Fauquier Ave| 314147|0|0|54.58|    01/01/2022|2074|F|93|1|2|1|1|0|C|.101|6 |.57|2026|F||||||||||||||
070277|0|R-VA   SR00055EB||||R-VA   SR00055EB|VA 55|Main St|311|Town of The Plains|030|Fauquier County|    SR 245 Fauquier Ave| 314147|0|0|54.58|    Physical Jurisdiction Boundary: 311 Town of The Plains / 030 Fauquier County| 314146|0|0|54.8|    01/01/2022|1653|F|94|1|1|1|1|0|C|.095|6 |.58|1615|F||||||||||||||
070284|0|R-VA   SR00245NB||||R-VA   SR00245NB|VA 245|Old Tavern Rd|311|Town of The Plains|030|Fauquier County|    | 314182|0|0|3|    SR 55 The Plains| 314147|0|0|3.27|    01/01/2022|3397|F|97|0|1|0|1|0|F|.091|6 |.58|3319|F||||||||||||||
736494|0|R-VA030SC00601EB||||R-VA030SC00601EB|30-601|Hopewell Rd|311|Town of The Plains|030|Fauquier County|    30-626 London Ave| 313013|0|0|0|    ECL The Plains| 313012|0|0|.28|    01/01/2022|852|F|95|1|2|1|0|0|C|.112|6 |.61|833|F||||||||||||||
405076|0|R-VA030SC00626NB||||R-VA030SC00626NB|30-626|Loudoun Ave|311|Town of The Plains|030|Fauquier County|    SR 55 Main St| 313143|0|0|0|    30-601 Hopewell Rd| 313013|0|0|.17|    01/01/2022|2626|F|95|1|2|2|1|0|C|.094|6 |.52|2566|F||||||||||||||
405077|0|R-VA030SC00626NB||||R-VA030SC00626NB|30-626|Loudoun Ave|311|Town of The Plains|030|Fauquier County|    30-601 Hopewell Rd| 313013|0|0|.17|    Physical Jurisdiction Boundary: 311 Town of The Plains / 030 Fauquier County| 313140|0|0|.37|    01/01/2022|1818|F|95|1|1|2|0|0|C|.095|6 |.56|1777|F||||||||||||||
736910|0|R-VA030SC00784EB||||R-VA030SC00784EB|30-784|Lee St|311|Town of The Plains|030|Fauquier County|    30-626 Loudoun Ave| 313142|0|0|0|    ECL The Plains| 313526|0|0|.15|    10/13/2022|159|R|||||||X||24|||X||||||||||||||
736939|0|R-VA030SC00804EB||||R-VA030SC00804EB|30-804|Stuart St|311|Town of The Plains|030|Fauquier County|    SR 55 Main St| 313548|0|0|0|    30-626 Loudoun Ave| 313141|0|0|.3|    10/13/2022|264|R|||||||X||24|||X||||||||||||||
