sep=|
- - 2022 AADT Report for Town of Monterey - -
LINKID|SEQUENCENUMBER|RTE_NM|RTE_NM_2|RTE_NM_3|RTE_NM_4|Host RTE_NM|Route Label|Street Name|Physical Jurisdiction|Physical Jurisdiciton Name|Maintenance Jurisdiction|Maintenance Jurisdiciton Name|    Start Label|Start Node|Start Node Route Sequence|Star tOffset|Start Milepoint|    End Label|End Node|End Node Route Sequence|End Offset|End Milepoint|    VPDDate|AADT|AADT Quality|Passenger Vehicle|Bus|Truck 2 Axle|Truck 3 Axle|Truck 1 Trailer|Truck 2 Trailer|Class Quality|K Factor|K Factor Quality|Direction Factor|AAWDT|AAWDT Quality|AADT Dir|AADT Quality Dir|PassengerVehicle Dir|Bus Dir|Truck 2 Axle Dir|Truck 3 Axle Dir|Truck 1 Trailer Dir|Truck 2 Trailer Dir|Class Quality Dir|K Factor Dir|K Factor Quality Dir|Direction Factor Dir|AAWDT Dir|AAWDT Quality Dir
080389|0|R-VA   US00220NB||||R-VA   US00220NB|US 220|Jackson River Rd|262|Town of Monterey|045|Highland County|    | 388167|0|0|179.32|    Physical Jurisdiction Boundary: 045 Highland County / 262 Town of Monterey| 388166|0|0|179.67|    01/01/2022|1146|G|88|0|2|1|7|0|C|.092|6 |.56|1141|G||||||||||||||
080216|0|R-VA   US00220NB||||R-VA   US00220NB|US 220|Jackson River Rd; Potomac River Rd|262|Town of Monterey|045|Highland County|    US 250| 388166|0|0|179.67|    Physical Jurisdiction Boundary: 262 Town of Monterey / 045 Highland County| 388165|0|0|179.86|    01/01/2022|1314|G|88|0|1|2|6|0|C|.103|6 |.53|1309|G||||||||||||||
080391|0|R-VA   US00250EB||||R-VA   US00250EB|US 250|Highland Turnpike|262|Town of Monterey|045|Highland County|    | 388169|0|0|13.36|    US 220 Monterey| 388166|0|0|13.76|    01/01/2022|426|G|91|1|2|1|3|0|F|.11|6 |.62|424|G||||||||||||||
080222|0|R-VA   US00250EB||||R-VA   US00250EB|US 250|Highland Turnpike|262|Town of Monterey|045|Highland County|    US 220 Monterey| 388166|0|0|13.76|    Physical Jurisdiction Boundary: 262 Town of Monterey / 045 Highland County| 388168|0|0|13.94|    01/01/2022|1057|G|91|1|2|1|3|0|C|.092|6 |.55|1054|G||||||||||||||
746481|0|R-VA045SC00636NB||||R-VA045SC00636NB|45-636| |262|Town of Monterey|045|Highland County|    | 388085|0|0|1.033|    US 250| 388083|0|0|1.38|    06/13/2018|507|R|||||||X||24|||X||||||||||||||
788272|0|R-VA045SC00636NB||||R-VA045SC00636NB|45-636|Spruce St; Maple St|262|Town of Monterey|045|Highland County|    US 250| 388083|0|0|1.38|    Dead End| 388082|0|0|1.42|    06/13/2018|662|R|||||||X||24|||X||||||||||||||
746505|0|R-VA045SC00652EB||||R-VA045SC00652EB|45-652| |262|Town of Monterey|045|Highland County|    Jurisdiction Boundary: 045 Highland County| 388119|0|0|.09|    Dead End| 388121|0|0|.2|    06/13/2018|64|R|||||||X||24|||X||||||||||||||
746512|0|R-VA045SC01001NB||||R-VA045SC01001NB|45-1001|Walnut St|262|Town of Monterey|045|Highland County|    45-1002 Courthouse Ln| 388128|0|0|0|    US 250| 388127|0|0|.04|    05/03/2021|75|R|||||||X||24|||X||||||||||||||
746513|0|R-VA045SC01002EB||||R-VA045SC01002EB|45-1002|Walnut St; Courthouse Ln|262|Town of Monterey|045|Highland County|    45-1001 Sieg Alley| 388128|0|0|0|    45-636 Spruce St| 388185|0|0|.05|    05/11/2015|58|R|||||||X||24|||X||||||||||||||
746514|0|R-VA045SC01002EB||||R-VA045SC01002EB|45-1002|Courthouse Ln|262|Town of Monterey|045|Highland County|    45-636 Spruce St| 388185|0|0|.05|    US 220| 388130|0|0|.25|    05/03/2021|156|R|||||||X||24|||X||||||||||||||
746515|0|R-VA045SC01003NB||||R-VA045SC01003NB|45-1003|Water St|262|Town of Monterey|045|Highland County|    45-1002 Courthouse Ln| 388129|0|0|0|    US 250| 388131|0|0|.04|    05/03/2021|263|R|||||||X||24|||X||||||||||||||
746516|0|R-VA045SC01003NB||||R-VA045SC01003NB|45-1003|Water St|262|Town of Monterey|045|Highland County|    US 250| 388131|0|0|.04|    Dead End| 388132|0|0|.08|    05/03/2021|131|R|||||||X||24|||X||||||||||||||
746517|0|R-VA045SC01004EB||||R-VA045SC01004EB|45-1004|Fleisher Ave|262|Town of Monterey|045|Highland County|    US 220| 388133|0|0|0|    45-1005 Wilson Ave| 388134|0|0|.16|    06/13/2018|407|R|||||||X||24|||X||||||||||||||
746518|0|R-VA045SC01005NB||||R-VA045SC01005NB|45-1005|Wilson Ave|262|Town of Monterey|045|Highland County|    US 250| 388135|0|0|0|    45-1004 Fleisher Ave| 388134|0|0|.09|    06/13/2018|479|R|||||||X||24|||X||||||||||||||
746519|0|R-VA045SC01005NB||||R-VA045SC01005NB|45-1005|Wilson Ave|262|Town of Monterey|045|Highland County|    45-1004 Fleisher Ave| 388134|0|0|.09|    Physical Jurisdiction Boundary: 262 Town of Monterey / 045 Highland County| 388136|0|0|.19|    06/13/2018|52|R|||||||X||24|||X||||||||||||||
746520|0|R-VA045SC01006EB||||R-VA045SC01006EB|45-1006|Sieg Alley|262|Town of Monterey|045|Highland County|    Dead End| 388162|0|0|0|    45-636 Spruce St| 388084|0|0|.25|    05/03/2021|93|R|||||||X||24|||X||||||||||||||
790429|0|R-VA045SC01032NB||||R-VA045SC01032NB|45-1032|Highland Center Dr|262|Town of Monterey|045|Highland County|    45-636 Spruce St| 388144|0|0|0|    45-636 Spruce St| 388143|0|0|.13|    06/13/2018|82|R|||||||X||24|||X||||||||||||||
