sep=|
- - 2022 AADT Report for City of Lynchburg - -
LINKID|SEQUENCENUMBER|RTE_NM|RTE_NM_2|RTE_NM_3|RTE_NM_4|Host RTE_NM|Route Label|Street Name|Physical Jurisdiction|Physical Jurisdiciton Name|Maintenance Jurisdiction|Maintenance Jurisdiciton Name|    Start Label|Start Node|Start Node Route Sequence|Star tOffset|Start Milepoint|    End Label|End Node|End Node Route Sequence|End Offset|End Milepoint|    VPDDate|AADT|AADT Quality|Passenger Vehicle|Bus|Truck 2 Axle|Truck 3 Axle|Truck 1 Trailer|Truck 2 Trailer|Class Quality|K Factor|K Factor Quality|Direction Factor|AAWDT|AAWDT Quality|AADT Dir|AADT Quality Dir|PassengerVehicle Dir|Bus Dir|Truck 2 Axle Dir|Truck 3 Axle Dir|Truck 1 Trailer Dir|Truck 2 Trailer Dir|Class Quality Dir|K Factor Dir|K Factor Quality Dir|Direction Factor Dir|AAWDT Dir|AAWDT Quality Dir
780730|0|R-VA   FR00794EB||||R-VA   FR00794EB|FR 794|Top Ridge Rd|118|City of Lynchburg|015|Campbell County|    Dead End|1278463|0|0|0|    15-837 Top Ridge Rd| 178543|0|0|.62|    07/14/2022|13|R|||||||X||24|||X||||||||||||||
780831|0|R-VA   FR00907EB||||R-VA   FR00907EB|FR 907|Liberty Mt Dr|118|City of Lynchburg|015|Campbell County|    Dead End| 179231|0|0|0|    FR-906 Liberty Mt Dr| 179229|0|0|.78|    01/01/2022|3848|F|97|2|1|0|0|0|C|.093|6 |.59|4084|F||||||||||||||
798746|0|R-VA   FR00907UK      RMP000.00A||||R-VA   FR00907UK      RMP000.00A|FR 907  EXIT 0A|Ramp|118|City of Lynchburg|015|Campbell County|    FR-907 Liberty Mt Dr| 754456|0|0|0|    US 460| 754483|0|0|.06|    01/01/2022|1920|F|||||||X||24||1920|F||||||||||||||
647322|0|R-VA   SR00128EB||||R-VA   SR00128EB|VA 128|Candler Mt Rd|118|City of Lynchburg|118|City of Lynchburg|    SR 163 Wards Rd| 179318|0|0|0|    Bus US 29, US 501 Lynchburg Expwy| 179466|0|0|.41|    01/01/2022|15179|F|91|2|3|2|3|0|F|.092|6 |.59|16120|F||||||||||||||
798793|0|R-VA   SR00128EB|R-VA   US00501PA002|||R-VA   US00501PA002|US 501, VA 128| |118|City of Lynchburg|118|City of Lynchburg|    Bus US 29| 179468|0|0|.41|    Jurisdiction Boundary: 118 City of Lynchburg / | 179466|0|0|.68|    01/01/2022|43080|G|||||||X|.088|6 |.51|46189|G||||||||||||||
798793|0|R-VA   SR00128EB|R-VA   US00501PA002|||R-VA   US00501PA002|US 501, VA 128| |118|City of Lynchburg|118|City of Lynchburg|    Jurisdiction Boundary: 118 City of Lynchburg / |1266543|0|0|1.04|    US 501 Lynchburg Expressway| 179468|0|0|1.39|    01/01/2022|43080|G|||||||X|.088|6 |.51|46189|G||||||||||||||
647324|0|R-VA   SR00128EB||||R-VA   SR00128EB|VA 128|Mayflower Dr|118|City of Lynchburg|118|City of Lynchburg|    US 501 Candlers Mt Rd|1275955|0|0|.68|    Odd Fellows Rd| 179366|0|0|1.99|    01/01/2022|3740|F|91|2|3|2|3|0|C|.098|6 |.54|3969|F||||||||||||||
647325|0|R-VA   SR00128EB||||R-VA   SR00128EB|VA 128|Mayflower Dr|118|City of Lynchburg|118|City of Lynchburg|    Odd Fellows Rd| 179366|0|0|1.99|    | 179367|0|0|3.47|    01/01/2022|1106|F|91|0|3|4|1|0|C|.103|6 |.52|1174|F||||||||||||||
647307|0|R-VA   SR00163NB||||R-VA   SR00163NB|VA 163|Wards Rd|118|City of Lynchburg|118|City of Lynchburg|    Bus US 29, US 501 Lynchburg Expressway| 179265|0|0|0|    SR 128 Candler Mtn Rd| 179318|0|0|.44|    01/01/2022|14948|F|99|0|1|0|0|0|F|.085|6 |.53|15862|F||||||||||||||
647309|0|R-VA   SR00163NB||||R-VA   SR00163NB|VA 163|Wards Rd|118|City of Lynchburg|118|City of Lynchburg|    SR 128 Candler Mtn Rd| 179318|0|0|.44|    Bus US 460 Fort Avenue| 179320|0|0|.86|    01/01/2022|22999|F|99|0|1|0|0|0|F|.083|6 |.51|24424|F||||||||||||||
647308|0|R-VA   SR00163NB|R-VA   US00460EBBUS011|||R-VA   SR00163NB|BUS US 460, VA 163|Fort Ave|118|City of Lynchburg|118|City of Lynchburg|    Wards Rd| 179320|0|0|.86|    | 179324|0|0|2.05|    01/01/2022|21485|F|99|0|1|0|0|0|C|.083|6 |.5|22799|F||||||||||||||
647311|0|R-VA   SR00163NB||||R-VA   SR00163NB|VA 163|Memorial Ave|118|City of Lynchburg|118|City of Lynchburg|    Fort Ave| 179324|0|0|2.05|    | 179327|0|0|2.65|    01/01/2022|10355|F|99|0|0|0|0|0|C|.082|6 |.59|10997|F||||||||||||||
647313|0|R-VA   SR00163NB||||R-VA   SR00163NB|VA 163|Memorial Ave|118|City of Lynchburg|118|City of Lynchburg|    Oakley Ave| 179327|0|0|2.65|    Park Ave| 179329|0|0|3.12|    01/01/2022|17988|F|99|0|0|0|0|0|F|.087|6 |.71|19103|F||||||||||||||
647393|0|R-VA   SR00163NB||||R-VA   SR00163NB|VA 163|Memorial Ave|118|City of Lynchburg|118|City of Lynchburg|    Park Ave| 179329|0|0|3.12|    Langhorne Rd| 179331|0|0|3.45|    01/01/2022|12923|F|99|0|0|0|0|0|F|.088|6 |.5|13724|F||||||||||||||
647315|0|R-VA   SR00163NB||||R-VA   SR00163NB|VA 163|5th St|118|City of Lynchburg|118|City of Lynchburg|    Langhorne Rd| 179331|0|0|3.45|    Pollard St| 179332|0|0|3.62|    01/01/2022|18315|F|99|0|0|0|0|0|F|.08|6 |.66|19449|F||||||||||||||
647316|0|R-VA   SR00163NB||||R-VA   SR00163NB|VA 163|5th St|118|City of Lynchburg|118|City of Lynchburg|    Pollard St| 179332|0|0|3.62|    Pierce St| 179333|0|0|3.88|    01/01/2022|10568|F|99|0|0|0|0|0|F|.084|6 |.56|11222|F||||||||||||||
647317|0|R-VA   SR00163NB||||R-VA   SR00163NB|VA 163|5th St|118|City of Lynchburg|118|City of Lynchburg|    Pierce St| 179333|0|0|3.88|    Park Ave| 179334|0|0|4.097|    01/01/2022|9506|F|98|0|0|0|1|0|F|.085|6 |.56|10095|F||||||||||||||
647318|0|R-VA   SR00163NB||||R-VA   SR00163NB|VA 163|5th St|118|City of Lynchburg|118|City of Lynchburg|    Park Ave| 179334|0|0|4.097|    Clay St| 179336|0|0|4.503|    01/01/2022|10646|F|98|0|1|0|0|0|C|.084|6 |.59|11296|F||||||||||||||
647501|0|R-VA   SR00163NB||||R-VA   SR00163NB|VA 163|5th St|118|City of Lynchburg|118|City of Lynchburg|    Clay St| 179336|0|0|4.503|    Amherst County Line|1041972|0|0|5.1|    01/01/2022|13992|G|98|0|0|0|1|0|C|.093|6 |.63|14922|G||||||||||||||
798747|0|R-VA   SR00163NB      RMP000.00B||||R-VA   SR00163NB      RMP000.00B|VA 163  NB EXIT 0B|Ramp|118|City of Lynchburg|118|City of Lynchburg|    SR 163 Wards Rd| 179317|0|0|0|    US 501; Bus US 29| 179266|0|0|.09|    01/01/2022|10936|F|||||||X|.094|6 |1|10936|F||||||||||||||
030269|0|R-VA   US00029NB||||R-VA   US00029NB|US 29| |118|City of Lynchburg|015|Campbell County|    Jurisdiction Boundary: 015 Campbell County / | 742686|0|0|75.35|    Jurisdiction Boundary: 005 Amherst County| 742687|0|0|75.64|    01/01/2022|18513|F|90|1|1|1|7|0|F|.089|6 |.51|17738|F||||||||||||||
030323|0|R-VA   US00029NB|R-VA   US00460EB|||R-VA   US00460EB|US 29, US 460| |118|City of Lynchburg|015|Campbell County|    | 179448|0|0|68.45|    Candler Mountain Rd| 754484|0|0|69.83|    01/01/2022|46797|F|93|0|1|1|5|0|F|.1|6 |.62|48520|F||||||||||||||
130007|0|R-VA   US00029NB|R-VA   US00460EB|||R-VA   US00460EB|US 29, US 460| |118|City of Lynchburg|015|Campbell County|    Candler Mountain Rd| 754484|0|0|69.83|    | 712375|0|0|70.32|    01/01/2022|38250|F|93|0|1|1|5|0|F|.095|6 |.61|39658|F||||||||||||||
030019|0|R-VA   US00029NB|R-VA   US00460EB|R-VA   US00501PA002||R-VA   US00460EB|US 29, US 460, US 501| |118|City of Lynchburg|015|Campbell County|    US 501 Ramp| 712375|0|0|70.32|    Bus US 501; US 501 Campbell Ave|1273042|0|0|71.57|    01/01/2022|37396|G|93|0|1|1|5|0|C|.105|1 |.53|38777|G||||||||||||||
130015|0|R-VA   US00029NB|R-VA   US00460EB|R-VA   US00501PA002||R-VA   US00460EB|US 29, US 460, US 501|Richmond Hwy|118|City of Lynchburg|015|Campbell County|    Bus US 501; US 501 Campbell Ave|1273042|0|0|71.57|    | 737897|0|0|74.38|    01/01/2022|24798|G|93|0|1|1|5|0|F|.092|6 |.56|25712|G||||||||||||||
647204|0|R-VA   US00029NBBUS005||||R-VA   US00029NBBUS005|BUS US 29|Wards Rd|118|City of Lynchburg|118|City of Lynchburg|    SCL Lynchburg| 179260|0|0|.31|    | 179265|0|0|1.95|    01/01/2022|38635|G|97|0|1|0|1|0|F|.086|6 |.52|40061|G||||||||||||||
647301|0|R-VA   US00029NBBUS005|R-VA   US00501PA002|||R-VA   US00029NBBUS005|BUS US 29, US 501|Lynchburg Expressway|118|City of Lynchburg|118|City of Lynchburg|    SR 163 Wards Rd|1266543|0|0|2.07|    | 179273|0|0|3.73|    01/01/2022|36540|F|97|0|1|0|1|0|F|.097|6 |.5|38007|F||||||||||||||
647302|0|R-VA   US00029NBBUS005||||R-VA   US00029NBBUS005|BUS US 29|Lynchburg Expressway|118|City of Lynchburg|118|City of Lynchburg|    Odd Fellows Rd| 179273|0|0|3.73|    | 179287|0|0|5.19|    01/01/2022|37337|F|97|0|1|0|1|0|F|.096|6 |.5|38837|F||||||||||||||
647304|0|R-VA   US00029NBBUS005||||R-VA   US00029NBBUS005|BUS US 29|Lynchburg Expressway|118|City of Lynchburg|118|City of Lynchburg|    Kemper Street| 179287|0|0|5.19|    | 179297|0|0|6.21|    01/01/2022|35016|F|97|0|1|0|1|0|F|.097|6 |.51|36422|F||||||||||||||
030316|0|R-VA   US00029NBBUS005||||R-VA   US00029NBBUS005|BUS US 29| |118|City of Lynchburg|118|City of Lynchburg|    Main Street| 179297|0|0|6.21|    Jurisdiction Boundary: 118 City of Lynchburg / 005 Amherst County|  50354|0|0|6.43|    01/01/2022|24518|F|97|0|1|0|1|0|F|.096|6 |.58|25503|F||||||||||||||
798804|0|R-VA   US00029NBBUS005RMP002.00A||||R-VA   US00029NBBUS005RMP002.00A|BUS US 29  NB EXIT 2A|Ramp|118|City of Lynchburg|118|City of Lynchburg|    C5US 29 TO RTE 501; 128 SOUTH| 179268|0|0|0|    US 501 FROM RTE 29 BUS NORTH| 179466|0|0|.19|    01/01/2022|7408|F|||||||X|.098|6 |1|7408|F||||||||||||||
798805|0|R-VA   US00029NBBUS005RMP002.00B||||R-VA   US00029NBBUS005RMP002.00B|BUS US 29  NB EXIT 2B|Ramp|118|City of Lynchburg|118|City of Lynchburg|    C5US 29 TO RTE 501; 128 NORTH| 179271|0|0|0|    US 501 FROM RTE 29 BUS NORTH| 754592|0|0|.12|    01/01/2022|800|F|||||||X|.099|6 |1|800|F||||||||||||||
804397|0|R-VA   US00029NBBUS005RMP003.00A||||R-VA   US00029NBBUS005RMP003.00A|BUS US 29  NB EXIT 3A|Ramp|118|City of Lynchburg|118|City of Lynchburg|    C5US-00029(B)/RAMP TO ODDFELLOWS ROAD| 179273|0|0|0|    118-06050(B)/RAMP TO US RTE 29 EXPRESSWAY| 713054|0|0|.08|    01/01/2022|2020|F|||||||X|.101|6 |1|2020|F||||||||||||||
804398|0|R-VA   US00029NBBUS005RMP004.00A||||R-VA   US00029NBBUS005RMP004.00A|BUS US 29  NB EXIT 4A|Ramp|118|City of Lynchburg|118|City of Lynchburg|    C5US-00029(B)/RAMP TO JAMES STREET| 179278|0|0|0|    118-06040(B)/RAMP FROM US 29 NORTH| 712614|0|0|.09|    01/01/2022|1020|F|||||||X|.096|6 |1|1020|F||||||||||||||
803959|0|R-VA   US00029SB      RMP075.00B||||R-VA   US00029SB      RMP075.00B|US 29  SB EXIT 75B|Ramp|118|City of Lynchburg|015|Campbell County|    US-00029(B)/US-00029-S075A(L)/RAMP TO US 460| 742685|0|0|0|    US-00460(B)/RAMP FROM PROP US-29 BYP| 737891|0|0|.48|    01/01/2022|2333|F|||||||X|.113|6 |1|2333|F||||||||||||||
798807|0|R-VA   US00029SBBUS005RMP002.00A||||R-VA   US00029SBBUS005RMP002.00A|BUS US 29  SB EXIT 2A|Ramp|118|City of Lynchburg|118|City of Lynchburg|    C5US 29 TO RTE 501; 128 SOUTH| 754597|0|0|0|    SR 128 FROM RTE 29 BUS| 179362|0|0|.14|    01/01/2022|3325|F|||||||X|.102|6 |1|3325|F||||||||||||||
798808|0|R-VA   US00029SBBUS005RMP002.00B||||R-VA   US00029SBBUS005RMP002.00B|BUS US 29  SB EXIT 2B|Ramp|118|City of Lynchburg|118|City of Lynchburg|    C5US 29 TO RT 501; 128-CANDLERS MTN ROAD| 179272|0|0|0|    SR 128 SEMINOLE ROAD FROM RTE 29 BUS| 179361|0|0|.2|    01/01/2022|2071|F|||||||X||24||2071|F||||||||||||||
804404|0|R-VA   US00029SBBUS005RMP003.00A||||R-VA   US00029SBBUS005RMP003.00A|BUS US 29  SB EXIT 3A|Ramp|118|City of Lynchburg|118|City of Lynchburg|    C5US-00029(B)/RAMP TO ODDFELLOWS ROAD| 179275|0|0|0|    34-01285(R)/Dead End/| 713054|0|0|.19|    01/01/2022|1565|F|||||||X|.103|6 |1|1565|F||||||||||||||
804408|0|R-VA   US00029SBBUS005RMP006.00A||||R-VA   US00029SBBUS005RMP006.00A|BUS US 29  SB EXIT 6A|Ramp|118|City of Lynchburg|118|City of Lynchburg|    C5US-00029(B)/RAMP TO MAIN STREET| 179298|0|0|0|    118-06032(B)/118-06032- 000B(L)/RAMPS TO AND| 712963|0|0|.08|    01/01/2022|1140|F|||||||X|.092|6 |1|1140|F||||||||||||||
647214|0|R-VA   US00221NB||||R-VA   US00221NB|US 221|Lakeside Dr|118|City of Lynchburg|118|City of Lynchburg|    |1022570|0|0|145.307|    Lynchburg Expressway| 179369|0|0|145.783|    01/01/2022|31506|F|98|0|0|0|1|0|C|.084|6 |.57|33846|F||||||||||||||
647215|0|R-VA   US00221NB||||R-VA   US00221NB|US 221|Lakeside Dr|118|City of Lynchburg|118|City of Lynchburg|    US 501 Lynchburg Expressway| 179369|0|0|145.783|    | 179372|0|0|146.723|    01/01/2022|15042|F|98|0|0|0|1|0|F|.088|6 |.57|15967|F||||||||||||||
647216|0|R-VA   US00221NB||||R-VA   US00221NB|US 221|Lakeside Dr|118|City of Lynchburg|118|City of Lynchburg|    Forest Brook Rd| 179372|0|0|146.723|    | 179376|0|0|148.243|    01/01/2022|13488|G|98|0|0|0|1|0|F|.087|6 |.59|14323|G||||||||||||||
647314|0|R-VA   US00221NB||||R-VA   US00221NB|US 221|Lakeside Dr|118|City of Lynchburg|118|City of Lynchburg|    Old Forest Rd| 179376|0|0|148.243|    Oakley Ave| 179377|0|0|148.393|    01/01/2022|16690|G|98|0|0|0|1|0|F|.087|6 |.58|17722|G||||||||||||||
647329|0|R-VA   US00221NB||||R-VA   US00221NB|US 221|Oakley Ave|118|City of Lynchburg|118|City of Lynchburg|    Lakeside Dr| 179377|0|0|148.393|    | 179327|0|0|148.963|    01/01/2022|9350|G|98|0|0|0|1|0|F|.086|6 |.57|9936|G||||||||||||||
647330|0|R-VA   US00221NB|R-VA   US00460EBBUS011|||R-VA   US00221NB|US 221, BUS US 460|Oakley Ave|118|City of Lynchburg|118|City of Lynchburg|    Memorial Ave| 179327|0|0|148.963|    Bus US 460 Fort Ave| 179382|0|0|149.203|    01/01/2022|7458|F|98|0|0|0|1|0|F|.089|6 |.52|7914|F||||||||||||||
781555|0|R-VA   US00221NB|R-VA   US00460EBBUS011|||R-VA   US00221NB|US 221, BUS US 460|Fort Ave|118|City of Lynchburg|118|City of Lynchburg|    Bus US 460 Oakley Ave| 179382|0|0|149.203|    118-6029 Fort Ave| 179383|0|0|149.623|    01/01/2022|9301|F|97|1|1|1|0|0|C|.087|6 |.55|9869|F||||||||||||||
788871|0|R-VA   US00221NB|R-VA   US00460EBBUS011|||R-VA   US00221NB|US 221, BUS US 460|12th St|118|City of Lynchburg|118|City of Lynchburg|    118-6029 Fort Ave| 179383|0|0|149.623|    Bus US 501 Campbell Ave| 179384|0|0|149.873|    01/01/2022|6572|F|97|1|1|1|0|0|F|.087|6 |.55|6973|F||||||||||||||
781966|0|R-VA   US00221NB|R-VA   US00460EBBUS011|R-VA   US00501NBBUS001||R-VA   US00221NB|US 221, BUS US 460, BUS US 501|12th St|118|City of Lynchburg|118|City of Lynchburg|    Bus US 501 Campbell Ave| 179384|0|0|149.873|    Kemper St| 179385|0|0|150.053|    01/01/2022|5711|F|96|1|2|1|1|0|F|.085|6 |.56|6061|F||||||||||||||
647335|0|R-VA   US00221NB|R-VA   US00460EBBUS011|R-VA   US00501NBBUS001||R-VA   US00221NB|US 221, BUS US 460, BUS US 501|Kemper St|118|City of Lynchburg|118|City of Lynchburg|    12th Street| 179385|0|0|150.053|    US 29 Lynchburg Expressway| 179391|0|0|150.547|    01/01/2022|12897|F|96|1|2|1|1|0|C|.083|6 |.58|13686|F||||||||||||||
030323|0|R-VA   US00460EB|R-VA   US00029NB|||R-VA   US00460EB|US 29, US 460| |118|City of Lynchburg|015|Campbell County|    | 179448|0|0|203.53|    Candler Mountain Rd| 754484|0|0|204.91|    01/01/2022|46797|F|93|0|1|1|5|0|F|.1|6 |.62|48520|F||||||||||||||
130007|0|R-VA   US00460EB|R-VA   US00029NB|||R-VA   US00460EB|US 29, US 460| |118|City of Lynchburg|015|Campbell County|    Candler Mountain Rd| 754484|0|0|204.91|    | 712375|0|0|205.4|    01/01/2022|38250|F|93|0|1|1|5|0|F|.095|6 |.61|39658|F||||||||||||||
030019|0|R-VA   US00460EB|R-VA   US00029NB|R-VA   US00501PA002||R-VA   US00460EB|US 29, US 460, US 501| |118|City of Lynchburg|015|Campbell County|    US 501 Ramp| 712375|0|0|205.4|    Bus US 501; US 501 Campbell Ave|1273042|0|0|206.65|    01/01/2022|37396|G|93|0|1|1|5|0|C|.105|1 |.53|38777|G||||||||||||||
130015|0|R-VA   US00460EB|R-VA   US00029NB|R-VA   US00501PA002||R-VA   US00460EB|US 29, US 460, US 501|Richmond Hwy|118|City of Lynchburg|015|Campbell County|    Bus US 501; US 501 Campbell Ave|1273042|0|0|206.65|    | 737897|0|0|209.57|    01/01/2022|24798|G|93|0|1|1|5|0|F|.092|6 |.56|25712|G||||||||||||||
798771|0|R-VA   US00460EB      RMP204.00A||||R-VA   US00460EB      RMP204.00A|US 460  EB EXIT 204A|Ramp|118|City of Lynchburg|015|Campbell County|    US 460| 754484|0|0|0|    Candlers Mtn Rd| 179228|0|0|.2|    01/01/2022|1839|F|||||||X||24||1839|F||||||||||||||
798773|0|R-VA   US00460EB      RMP207.00A||||R-VA   US00460EB      RMP207.00A|US 460  EB EXIT 207A|Ramp|118|City of Lynchburg|015|Campbell County|    US 460 Richmond Hwy| 179442|0|0|0|    US 501 Campbell Ave| 179531|0|0|.23|    01/01/2022|2919|F|||||||X|.125|6 |1|2919|F||||||||||||||
809730|0|R-VA   US00460EB      RMP211.00A||||R-VA   US00460EB      RMP211.00A|US 460  EB EXIT 211A||118|City of Lynchburg|015|Campbell County|    Start Of Route Segment| 178420|0|0|0|    R-VA015SC00726NB; R-VA015SC00726UK      RMP000.00A| 179431|0|0|.19|    01/01/2022|2958|F|||||||X||24||2958|F||||||||||||||
647555|0|R-VA   US00460EBBUS011||||R-VA   US00460EBBUS011|BUS US 460|Timberlake Rd|118|City of Lynchburg|118|City of Lynchburg|    | 179492|0|0|3.36|    | 179489|0|0|3.98|    01/01/2022|29593|F|98|0|1|0|1|0|F|.078|6 |.52|31117|F||||||||||||||
647211|0|R-VA   US00460EBBUS011||||R-VA   US00460EBBUS011|BUS US 460|Timberlake Rd|118|City of Lynchburg|118|City of Lynchburg|    Old Graves Mill Rd| 179489|0|0|3.98|    | 179485|0|0|5.12|    01/01/2022|25247|F|98|0|1|0|1|0|F|.083|6 |.53|26547|F||||||||||||||
647212|0|R-VA   US00460EBBUS011||||R-VA   US00460EBBUS011|BUS US 460|Timberlake Rd|118|City of Lynchburg|118|City of Lynchburg|    Leesville Rd| 179485|0|0|5.12|    US 501 Lynchburg Expressway| 179482|0|.06|5.46|    01/01/2022|33125|F|98|0|1|0|1|0|F|.085|6 |.58|34831|F||||||||||||||
647321|0|R-VA   US00460EBBUS011||||R-VA   US00460EBBUS011|BUS US 460|Fort Ave|118|City of Lynchburg|118|City of Lynchburg|    US 501 Lynchburg Expressway| 179482|0|.06|5.46|    | 179320|0|0|6.64|    01/01/2022|17622|F|98|0|1|0|1|0|F|.084|6 |.54|18530|F||||||||||||||
647308|0|R-VA   US00460EBBUS011|R-VA   SR00163NB|||R-VA   SR00163NB|BUS US 460, VA 163|Fort Ave|118|City of Lynchburg|118|City of Lynchburg|    Wards Rd| 179320|0|0|6.64|    | 179324|0|0|7.83|    01/01/2022|21485|F|99|0|1|0|0|0|C|.083|6 |.5|22799|F||||||||||||||
781912|0|R-VA   US00460EBBUS011||||R-VA   US00460EBBUS011|BUS US 460|Fort Ave|118|City of Lynchburg|118|City of Lynchburg|    VA 168 Memorial Ave| 179324|0|0|7.83|    US 221 Wythe Rd| 179474|0|0|8.36|    01/01/2022|8519|F|98|0|1|0|1|0|F|.087|6 |.52|8957|F||||||||||||||
647330|0|R-VA   US00460EBBUS011|R-VA   US00221NB|||R-VA   US00221NB|US 221, BUS US 460|Oakley Ave|118|City of Lynchburg|118|City of Lynchburg|    Memorial Ave| 179474|0|0|8.36|    Bus US 460 Fort Ave| 179382|0|0|8.4|    01/01/2022|7458|F|98|0|0|0|1|0|F|.089|6 |.52|7914|F||||||||||||||
781555|0|R-VA   US00460EBBUS011|R-VA   US00221NB|||R-VA   US00221NB|US 221, BUS US 460|Fort Ave|118|City of Lynchburg|118|City of Lynchburg|    Bus US 460 Oakley Ave| 179382|0|0|8.4|    118-6029 Fort Ave| 179383|0|0|8.82|    01/01/2022|9301|F|97|1|1|1|0|0|C|.087|6 |.55|9869|F||||||||||||||
788871|0|R-VA   US00460EBBUS011|R-VA   US00221NB|||R-VA   US00221NB|US 221, BUS US 460|12th St|118|City of Lynchburg|118|City of Lynchburg|    118-6029 Fort Ave| 179383|0|0|8.82|    Bus US 501 Campbell Ave| 179384|0|0|9.07|    01/01/2022|6572|F|97|1|1|1|0|0|F|.087|6 |.55|6973|F||||||||||||||
781966|0|R-VA   US00460EBBUS011|R-VA   US00221NB|R-VA   US00501NBBUS001||R-VA   US00221NB|US 221, BUS US 460, BUS US 501|12th St|118|City of Lynchburg|118|City of Lynchburg|    Bus US 501 Campbell Ave| 179384|0|0|9.07|    Kemper St| 179385|0|0|9.25|    01/01/2022|5711|F|96|1|2|1|1|0|F|.085|6 |.56|6061|F||||||||||||||
647335|0|R-VA   US00460EBBUS011|R-VA   US00221NB|R-VA   US00501NBBUS001||R-VA   US00221NB|US 221, BUS US 460, BUS US 501|Kemper St|118|City of Lynchburg|118|City of Lynchburg|    12th Street| 179385|0|0|9.25|    US 29 Lynchburg Expressway| 179391|0|0|9.744|    01/01/2022|12897|F|96|1|2|1|1|0|C|.083|6 |.58|13686|F||||||||||||||
647338|0|R-VA   US00460EBBUS011|R-VA   US00501NBBUS001|||R-VA   US00501NBBUS001|BUS US 460, BUS US 501|Campbell Ave|118|City of Lynchburg|118|City of Lynchburg|    Florida Ave| 179367|0|0|10.13|    Mayflower Dr| 179367|0|0|10.61|    01/01/2022|13796|F|97|0|1|1|0|0|F|.092|6 |.64|14648|F||||||||||||||
647337|0|R-VA   US00460EBBUS011|R-VA   US00501NBBUS001|||R-VA   US00501NBBUS001|BUS US 460, BUS US 501|Campbell Ave|118|City of Lynchburg|118|City of Lynchburg|    Mayflower Dr| 729516|0|0|11.33|    Kemper St| 729516|0|.01|12.207|    01/01/2022|15795|F|97|0|1|1|0|0|C|.09|6 |.64|16771|F||||||||||||||
201675|0|R-VA   US00460EBBUS011||||R-VA   US00460EBBUS011|BUS US 460|Campbell Ave|118|City of Lynchburg|118|City of Lynchburg|    BUS US 501 Campbell Ave|1041622|0|0|11.55|    US 501 Campbell Ave| 754547|0|0|11.686|    01/01/2022||X|||||||X||24|||X||||||||||||||
804442|0|R-VA   US00460EBBUS011RMP005.00A||||R-VA   US00460EBBUS011RMP005.00A|BUS US 460  EB EXIT 5A|Ramp|118|City of Lynchburg|118|City of Lynchburg|    CBUS-00460(B)/US-00501-S073B(L)/RAMP TO AND F|1081283|0|0|0|    US-00501(B)/RAMP FROM RTE. 460 BUS| 179469|0|0|.32|    01/01/2022|5987|F|||||||X||24||5987|F||||||||||||||
804443|0|R-VA   US00460EBBUS011RMP005.00B||||R-VA   US00460EBBUS011RMP005.00B|BUS US 460  EB EXIT 5B|Ramp|118|City of Lynchburg|118|City of Lynchburg|    CBUS-00460(B)/RAMP TO RTE. 501| 179479|0|0|0|    US-00501(B)/RAMP FROM RTE. 460 BUS| 179472|0|0|.12|    01/01/2022|4069|F|||||||X|.095|6 |1|4069|F||||||||||||||
798775|0|R-VA   US00460WB      RMP204.00A||||R-VA   US00460WB      RMP204.00A|US 460  WB EXIT 204A|Ramp|118|City of Lynchburg|015|Campbell County|    US 460| 729533|0|0|0|    University Blvd| 713107|0|0|.07|    01/01/2022|5354|F|||||||X||24||5354|F||||||||||||||
804445|0|R-VA   US00460WBBUS011RMP005.00A||||R-VA   US00460WBBUS011RMP005.00A|BUS US 460  WB EXIT 5A|Ramp|118|City of Lynchburg|118|City of Lynchburg|    CBUS-00460(B)/RAMP TO RTE. 501| 179480|0|0|0|    US-00501(B)/RAMP FROM RTE. 460 BUS| 179423|0|0|.13|    01/01/2022|1055|F|||||||X||24||1055|F||||||||||||||
804446|0|R-VA   US00460WBBUS011RMP005.00B||||R-VA   US00460WBBUS011RMP005.00B|BUS US 460  WB EXIT 5B|Ramp|118|City of Lynchburg|118|City of Lynchburg|    CBUS-00460(B)/RAMP TO US 501| 756185|0|0|0|    US-00501(B)/RAMP FROM RTE. 460 BUS| 179422|0|0|.21|    01/01/2022|2565|F|||||||X|.1|6 |1|2565|F||||||||||||||
647221|0|R-VA   US00501NB||||R-VA   US00501NB|US 501|Campbell Ave|118|City of Lynchburg|118|City of Lynchburg|    SCL Lynchburg| 179534|0|0|67.48|    Bus US 460| 179531|0|0|68.39|    01/01/2022|11913|F|96|1|1|0|2|0|F|.1|6 |.61|13553|F||||||||||||||
647419|0|R-VA   US00501NB||||R-VA   US00501NB|US 501| |118|City of Lynchburg|118|City of Lynchburg|    US 29, US 460 Richmond Hwy| 179463|0|0|70.77|    | 179365|0|0|71.09|    01/01/2022|29415|F|97|0|1|1|2|0|F|.095|6 |1|31224|F||||||||||||||
647323|0|R-VA   US00501NB||||R-VA   US00501NB|US 501|Candlers Mtn Rd|118|City of Lynchburg|118|City of Lynchburg|    SR 128 Mayflower Dr| 179365|0|0|71.09|    Bus US 29 Lynchburg Expressway| 179363|0|0|71.52|    01/01/2022|34582|F|97|0|1|1|2|0|F|.085|6 |.5|36696|F||||||||||||||
647213|0|R-VA   US00501NB||||R-VA   US00501NB|US 501|Lynchburg Expressway|118|City of Lynchburg|118|City of Lynchburg|    Bus US 29 Wards Rd| 179266|0|0|71.99|    Bus 460 Timberlake Rd| 179467|0|0|72.18|    01/01/2022|43381|F|97|0|1|1|2|0|F|.087|6 |.54|46048|F||||||||||||||
647206|0|R-VA   US00501NB||||R-VA   US00501NB|US 501|Lynchburg Expressway Ext|118|City of Lynchburg|118|City of Lynchburg|    Bus 460 Timberlake Rd| 179467|0|0|72.18|    | 179417|0|0|74.76|    01/01/2022|47235|F|97|0|1|1|2|0|F|.09|6 |.54|50139|F||||||||||||||
647390|0|R-VA   US00501NB||||R-VA   US00501NB|US 501|Lynchburg Expressway|118|City of Lynchburg|118|City of Lynchburg|    Graves Mill Rd| 179417|0|0|74.76|    | 179369|0|0|76|    01/01/2022|33795|F|97|0|1|1|2|0|F|.09|6 |.51|35873|F||||||||||||||
647521|0|R-VA   US00501NB||||R-VA   US00501NB|US 501|Lynchburg Expressway|118|City of Lynchburg|118|City of Lynchburg|    Lakeside Dr| 179369|0|0|76|    118-6044 Old Forest Rd| 703240|0|0|76.31|    01/01/2022|31537|F|97|0|1|1|2|0|F|.084|6 |.54|33477|F||||||||||||||
647522|0|R-VA   US00501NB||||R-VA   US00501NB|US 501|Lynchburg Expressway|118|City of Lynchburg|118|City of Lynchburg|    118-6044 Old Forest Rd| 703240|0|0|76.31|    Wiggington Rd| 703333|0|0|77.54|    01/01/2022|13848|F|97|0|1|1|2|0|F|.087|6 |.53|14707|F||||||||||||||
647520|0|R-VA   US00501NB||||R-VA   US00501NB|US 501|Lynchburg Expressway|118|City of Lynchburg|118|City of Lynchburg|    Wiggington Rd| 703333|0|0|77.54|    | 701279|0|0|79.4|    01/01/2022|13635|F|96|0|1|1|1|0|F|.087|6 |.53|14481|F||||||||||||||
647108|0|R-VA   US00501NB||||R-VA   US00501NB|US 501|Boonsboro Rd|118|City of Lynchburg|118|City of Lynchburg|    Lynchburg Expressway| 701279|0|0|79.4|    WCL Lynchburg|  50367|0|0|81.2|    01/01/2022|8702|F|97|0|1|1|2|0|C|.091|6 |.58|9242|F||||||||||||||
798779|0|R-VA   US00501NB      RMP068.00A||||R-VA   US00501NB      RMP068.00A|US 501  NB EXIT 68A|Ramp|118|City of Lynchburg|015|Campbell County|    US 501 Campbell Ave| 179532|0|0|0|    US 460 Richmond Hwy| 179439|0|0|.1|    01/01/2022|1481|F|||||||X|.092|6 |1|1481|F||||||||||||||
798780|0|R-VA   US00501NB      RMP071.00A||||R-VA   US00501NB      RMP071.00A|US 501  NB EXIT 71A|Ramp|118|City of Lynchburg|118|City of Lynchburg|    US 501 Candler Mtn Rd| 179465|0|0|0|    Bus US 29| 727063|0|0|.14|    01/01/2022|5192|F|||||||X|.092|6 |1|5192|F||||||||||||||
798781|0|R-VA   US00501NB      RMP071.00B||||R-VA   US00501NB      RMP071.00B|US 501  NB EXIT 71B|Ramp|118|City of Lynchburg|118|City of Lynchburg|    US 501; SR 128| 179363|0|0|0|    Bus US 29| 179270|0|0|.14|    01/01/2022|5557|F|||||||X||24||5557|F||||||||||||||
804203|0|R-VA   US00501NB      RMP073.00B||||R-VA   US00501NB      RMP073.00B|US 501  NB EXIT 73B|Ramp|118|City of Lynchburg|118|City of Lynchburg|    US-00501(B)/RAMP TO RTE. 460 BUS| 179424|0|0|0|    CBUS-00460(B)/RAMP FROM RTE. 501| 179481|0|0|.13|    01/01/2022|3900|F|||||||X||24||3900|F||||||||||||||
804204|0|R-VA   US00501NB      RMP074.00A||||R-VA   US00501NB      RMP074.00A|US 501  NB EXIT 74A|Ramp|118|City of Lynchburg|118|City of Lynchburg|    US-00501(B)/RAMP TO GRAVES MILL ROAD| 179420|0|0|0|    118-06009(B)/118-06009- 001B(U)/RAMP TO AND F| 179599|0|0|.19|    01/01/2022|9497|F|||||||X|.09|6 |1|9497|F||||||||||||||
647339|0|R-VA   US00501NBBUS001||||R-VA   US00501NBBUS001|BUS US 501|Campbell Ave|118|City of Lynchburg|118|City of Lynchburg|    US 460| 179531|0|0|0|    Florida Ave| 179529|0|0|.31|    01/01/2022|15720|F|97|0|1|1|0|0|F|.093|6 |.62|16691|F||||||||||||||
647338|0|R-VA   US00501NBBUS001|R-VA   US00460EBBUS011|||R-VA   US00501NBBUS001|BUS US 460, BUS US 501|Campbell Ave|118|City of Lynchburg|118|City of Lynchburg|    Florida Ave| 179529|0|0|.31|    Mayflower Dr| 179367|0|0|.79|    01/01/2022|13796|F|97|0|1|1|0|0|F|.092|6 |.64|14648|F||||||||||||||
647337|0|R-VA   US00501NBBUS001|R-VA   US00460EBBUS011|||R-VA   US00501NBBUS001|BUS US 460, BUS US 501|Campbell Ave|118|City of Lynchburg|118|City of Lynchburg|    Mayflower Dr| 179367|0|0|.79|    Kemper St| 729516|0|.01|1.667|    01/01/2022|15795|F|97|0|1|1|0|0|C|.09|6 |.64|16771|F||||||||||||||
647336|0|R-VA   US00501NBBUS001||||R-VA   US00501NBBUS001|BUS US 501|Kemper St|118|City of Lynchburg|118|City of Lynchburg|    Campbell Ave| 729516|0|.01|1.667|    Lynchburg Expressway| 179525|0|0|1.976|    01/01/2022|8129|F|97|0|1|1|0|0|F|.088|6 |.55|8631|F||||||||||||||
781966|0|R-VA   US00501NBBUS001|R-VA   US00221NB|R-VA   US00460EBBUS011||R-VA   US00221NB|US 221, BUS US 460, BUS US 501|12th St|118|City of Lynchburg|118|City of Lynchburg|    Bus US 501 Campbell Ave| 179385|0|0|2.149|    Kemper St| 179385|0|0|2.329|    01/01/2022|5711|F|96|1|2|1|1|0|F|.085|6 |.56|6061|F||||||||||||||
647335|0|R-VA   US00501NBBUS001|R-VA   US00221NB|R-VA   US00460EBBUS011||R-VA   US00221NB|US 221, BUS US 460, BUS US 501|Kemper St|118|City of Lynchburg|118|City of Lynchburg|    12th Street| 179391|0|0|2.329|    US 29 Lynchburg Expressway| 179391|0|0|2.823|    01/01/2022|12897|F|96|1|2|1|1|0|C|.083|6 |.58|13686|F||||||||||||||
647346|0|R-VA   US00501NBBUS001||||R-VA   US00501NBBUS001|BUS US 501|Campbell Ave|118|City of Lynchburg|118|City of Lynchburg|    Fort Ave| 179384|0|0|2.65|    Park Ave| 179523|0|0|2.88|    01/01/2022|8426|F|98|1|1|0|0|0|F|.09|6 |.72|8941|F||||||||||||||
647345|0|R-VA   US00501NBBUS001||||R-VA   US00501NBBUS001|BUS US 501|Langhorne Rd|118|City of Lynchburg|118|City of Lynchburg|    Park Ave| 179523|0|0|2.88|    Memorial Ave| 179331|0|0|3.15|    01/01/2022|11119|F|98|1|1|0|0|0|F|.085|6 |.72|11799|F||||||||||||||
647344|0|R-VA   US00501NBBUS001||||R-VA   US00501NBBUS001|BUS US 501|Langhorne Rd|118|City of Lynchburg|118|City of Lynchburg|    Memorial Ave| 179331|0|0|3.15|    Murrell Rd| 179522|0|0|3.44|    01/01/2022|18507|F|98|1|1|0|0|0|F|.08|6 |.65|19638|F||||||||||||||
647397|0|R-VA   US00501NBBUS001||||R-VA   US00501NBBUS001|BUS US 501|Langhorne Rd|118|City of Lynchburg|118|City of Lynchburg|    Murrell Rd| 179522|0|0|3.44|    Hill St| 179516|0|0|4.634|    01/01/2022|11923|F|98|1|1|0|0|0|C|.088|6 |.63|12651|F||||||||||||||
647343|0|R-VA   US00501NBBUS001||||R-VA   US00501NBBUS001|BUS US 501|Langhorne Rd|118|City of Lynchburg|118|City of Lynchburg|    Hill St| 179516|0|0|4.634|    Cranehill Dr| 179515|0|0|4.97|    01/01/2022|9769|F|98|1|1|0|0|0|F|.089|6 |.63|10367|F||||||||||||||
647342|0|R-VA   US00501NBBUS001||||R-VA   US00501NBBUS001|BUS US 501|Langhorne Rd|118|City of Lynchburg|118|City of Lynchburg|    Cranehill Dr| 179515|0|0|4.97|    Rivermont Terrace| 179512|0|0|6.34|    01/01/2022|7171|F|99|0|1|0|0|0|C|.088|6 |.55|7614|F||||||||||||||
647811|0|R-VA   US00501NBBUS001||||R-VA   US00501NBBUS001|BUS US 501|Rivermont Terrace|118|City of Lynchburg|118|City of Lynchburg|    Langhorne Rd| 179512|0|0|6.34|    Rivermont Ave| 179511|0|0|6.59|    01/01/2022|4671|F|99|0|1|0|0|0|F|.087|6 |.54|4959|F||||||||||||||
647341|0|R-VA   US00501NBBUS001||||R-VA   US00501NBBUS001|BUS US 501|Rivermont Ave|118|City of Lynchburg|118|City of Lynchburg|    Rivermont Terrace| 179511|0|0|6.59|    | 179509|0|0|7.03|    01/01/2022|14763|F|99|0|1|0|0|0|F|.091|6 |.55|15660|F||||||||||||||
647340|0|R-VA   US00501NBBUS001||||R-VA   US00501NBBUS001|BUS US 501|Boonsboro Rd|118|City of Lynchburg|118|City of Lynchburg|    Link Rd| 179509|0|0|7.03|    Trents Ferry Rd| 179507|0|0|7.79|    01/01/2022|13049|F|99|0|1|0|0|0|F|.096|6 |.56|13841|F||||||||||||||
647109|0|R-VA   US00501NBBUS001||||R-VA   US00501NBBUS001|BUS US 501|Boonsboro Rd|118|City of Lynchburg|118|City of Lynchburg|    Trents Ferry Rd| 179507|0|0|7.79|    Lynchburg Expressway| 701279|0|0|9.54|    01/01/2022|12952|F|99|0|1|0|0|0|C|.09|6 |.54|13739|F||||||||||||||
030019|0|R-VA   US00501PA002|R-VA   US00460EB|R-VA   US00029NB||R-VA   US00460EB|US 29, US 460, US 501| |118|City of Lynchburg|015|Campbell County|    US 501 Ramp|1273042|0|0|.23|    Bus US 501; US 501 Campbell Ave|1273042|0|0|1.48|    01/01/2022|37396|G|93|0|1|1|5|0|C|.105|1 |.53|38777|G||||||||||||||
130015|0|R-VA   US00501PA002|R-VA   US00460EB|R-VA   US00029NB||R-VA   US00460EB|US 29, US 460, US 501|Richmond Hwy|118|City of Lynchburg|015|Campbell County|    Bus US 501; US 501 Campbell Ave| 737897|0|0|1.48|    | 737897|0|0|4.4|    01/01/2022|24798|G|93|0|1|1|5|0|F|.092|6 |.56|25712|G||||||||||||||
798792|0|R-VA   US00501PA002||||R-VA   US00501PA002|US 501| |118|City of Lynchburg|118|City of Lynchburg|    US 29, US 460 Richmond Hwy| 754594|0|0|2.45|    SR 128 Mayflower Dr; Candlers Mtn Rd|1275955|0|0|2.78|    01/01/2022|8473|G|96|0|1|1|1|0|F|.092|6 |1|9093|G||||||||||||||
798793|0|R-VA   US00501PA002|R-VA   SR00128EB|||R-VA   US00501PA002|US 501, VA 128| |118|City of Lynchburg|118|City of Lynchburg|    Bus US 29|1275955|0|0|2.78|    Jurisdiction Boundary: 118 City of Lynchburg / | 179466|0|0|3.05|    01/01/2022|43080|G|||||||X|.088|6 |.51|46189|G||||||||||||||
798793|0|R-VA   US00501PA002|R-VA   SR00128EB|||R-VA   US00501PA002|US 501, VA 128| |118|City of Lynchburg|118|City of Lynchburg|    |1266543|0|0|3.41|    US 501 Lynchburg Expressway| 179468|0|0|3.76|    01/01/2022|43080|G|||||||X|.088|6 |.51|46189|G||||||||||||||
647301|0|R-VA   US00501PA002|R-VA   US00029NBBUS005|||R-VA   US00029NBBUS005|BUS US 29, US 501|Lynchburg Expressway|118|City of Lynchburg|118|City of Lynchburg|    SR 163 Wards Rd| 179273|0|0|3.24|    | 179273|0|0|4.9|    01/01/2022|36540|F|97|0|1|0|1|0|F|.097|6 |.5|38007|F||||||||||||||
798783|0|R-VA   US00501SB      RMP071.00A||||R-VA   US00501SB      RMP071.00A|US 501  SB EXIT 71A|Ramp|118|City of Lynchburg|015|Campbell County|    US 501| 754594|0|0|0|    US 460| 754485|0|0|.18|    01/01/2022|5329|F|||||||X||||5329|F||||||||||||||
798784|0|R-VA   US00501SB      RMP071.00B||||R-VA   US00501SB      RMP071.00B|US 501  SB EXIT 71B|Ramp|118|City of Lynchburg|118|City of Lynchburg|    US 501 Candler Mtn Rd| 754593|0|0|0|    Bus US 29| 179269|0|0|.19|    01/01/2022|1218|F|||||||X|.126|6 |1|1218|F||||||||||||||
798785|0|R-VA   US00501SB      RMP072.00A||||R-VA   US00501SB      RMP072.00A|US 501  SB EXIT 72A|Ramp|118|City of Lynchburg|118|City of Lynchburg|    US 501 Lynchburg Expressway| 179468|0|0|0|    Bus US 29| 754642|0|0|.15|    01/01/2022|7718|F|||||||X|.092|6 |1|7718|F||||||||||||||
804206|0|R-VA   US00501SB      RMP073.00A||||R-VA   US00501SB      RMP073.00A|US 501  SB EXIT 73A|Ramp|118|City of Lynchburg|118|City of Lynchburg|    US-00501(B)/RAMP TO RT 460 BUS| 179471|0|0|0|    CBUS-00460(B)/RAMP FROM RTE. 501| 179482|0|0|.17|    01/01/2022|2292|F|||||||X||24||2292|F||||||||||||||
804207|0|R-VA   US00501SB      RMP073.00B||||R-VA   US00501SB      RMP073.00B|US 501  SB EXIT 73B|Ramp|118|City of Lynchburg|118|City of Lynchburg|    US-00501(B)/RAMP TO RTE. BUS| 179421|0|0|0|    CBUS-00460(B)/CBUS-00460-E005A(L)/RAMP TO AND|1283637|0|0|.19|    01/01/2022|5398|F|||||||X|.118|6 |1|5398|F||||||||||||||
804208|0|R-VA   US00501SB      RMP074.00A||||R-VA   US00501SB      RMP074.00A|US 501  SB EXIT 74A|Ramp|118|City of Lynchburg|118|City of Lynchburg|    US-00501(B)/RAMP TO GRAVES MILL ROAD| 179418|0|0|0|    118-06009(B)/118-06009- 001A(L)/RAMP TO/FROM| 179600|0|0|.18|    01/01/2022|3557|F|||||||X||24||3557|F||||||||||||||
647801|0|S-VA118PR ALTA LN||||S-VA118PR ALTA LN|Alta Ln|Alta Lane|118|City of Lynchburg|118|City of Lynchburg|    Wards Ferry Rd| 179845|0|0|0|    Del Ray Circle| 712693|0|0|.85|    01/01/2022|1915|F|99|0|1|0|0|0|C|.098|6 |.51|2032|F||||||||||||||
647348|0|S-VA118PR BEDFORD AVE||||S-VA118PR BEDFORD AVE|Bedford Ave|Bedford Ave|118|City of Lynchburg|118|City of Lynchburg|    Rivermont Ave E Int| 179546|0|0|.16|    Rivermont Ave W Int| 179544|0|0|1.113|    01/01/2022|2777|F|97|1|2|1|0|0|C|.094|6 |.51|2949|F||||||||||||||
201214|0|S-VA118PR BOONE HILL DR||||S-VA118PR BOONE HILL DR|Boone Hill Dr||118|City of Lynchburg|118|City of Lynchburg|    Coffee Rd| 743552|0|0|0|    09-1019 Boone Hill Dr|1024578|0|0|.04|    ||X||||||||||||||||||||||||||
780793|0|S-VA118PR BROWN HAVEN LN||||S-VA118PR BROWN HAVEN LN|Brown Haven Ln|Brown Haven Lane|118|City of Lynchburg|118|City of Lynchburg|    Dead End| 179224|0|0|0|    118-6033 Brown Haven Lane| 179223|0|0|.12|    07/14/2022|24|R|||||||X||24|||X||||||||||||||
647506|0|S-VA118PR BURNT BRIDGE RD||||S-VA118PR BURNT BRIDGE RD|Burnt Bridge Rd|Burnt Bridge Rd|118|City of Lynchburg|118|City of Lynchburg|    Bus US 501, Boonsboro Rd| 179505|0|0|0|    Indian Hill Rd| 179863|0|0|.8|    01/01/2022|1653|F|99|0|0|0|0|0|C|.126|6 |.57|1754|F||||||||||||||
647422|0|S-VA118PR CANDLERS MOUNTAIN RD||||S-VA118PR CANDLERS MOUNTAIN RD|Candlers Mountain Rd|Candler Mtn Rd|118|City of Lynchburg|118|City of Lynchburg|    SCL Lynchburg| 178268|0|0|0|    Ramp From US 460; FR 906| 179228|0|0|1.09|    01/01/2022|5393|F|99|0|0|0|0|0|C|.104|6 |.5|5722|F||||||||||||||
647421|0|S-VA118PR CANDLERS MOUNTAIN RD||||S-VA118PR CANDLERS MOUNTAIN RD|Candlers Mountain Rd|Candler Mtn Rd|118|City of Lynchburg|118|City of Lynchburg|    | 179318|0|0|2.532|    SR 128; Mayflower Drive (pre-update)|1022625|0|0|2.54|    01/01/2022|9211|F|99|0|0|0|0|0|F|.1|6 |.5|9774|F||||||||||||||
647312|0|S-VA118PR CHURCH ST||||S-VA118PR CHURCH ST|Church St|Church St|118|City of Lynchburg|118|City of Lynchburg|    5th St| 179338|0|0|0|    12th St| 179607|0|0|.47|    01/01/2022|4874|F|98|0|1|0|0|0|F|.089|6 |.83|5175|F||||||||||||||
647356|0|S-VA118PR CHURCH ST||||S-VA118PR CHURCH ST|Church St|Church St|118|City of Lynchburg|118|City of Lynchburg|    12th St| 179607|0|0|.47|    |1042998|0|0|.72|    01/01/2022|3814|F|98|0|1|0|0|0|C|.1|6 |.92|4049|F||||||||||||||
647398|0|S-VA118PR CLAY ST||||S-VA118PR CLAY ST|Clay St|Clay St|118|City of Lynchburg|118|City of Lynchburg|    5Th St| 179336|0|0|.093|    Jurisdiction Boundary: 118 City of Lynchburg / |1022646|0|0|.86|    01/01/2022|1675|F|98|1|1|0|0|0|C|.095|6 |.65|1778|F||||||||||||||
647405|0|S-VA118PR COFFEE RD||||S-VA118PR COFFEE RD|Coffee Rd|Coffee Rd|118|City of Lynchburg|118|City of Lynchburg|    US 501 Boonsboro Rd| 179500|0|0|0|    Walnut Hollow Rd| 810016|0|0|.354|    01/01/2022|3555|F|98|1|1|0|0|0|C|.105|6 |.58|3776|F||||||||||||||
647399|0|S-VA118PR COFFEE RD||||S-VA118PR COFFEE RD|Coffee Rd|Coffee Rd|118|City of Lynchburg|118|City of Lynchburg|    Walnut Hollow Rd| 810016|0|0|.354|    Hawkins Mill Rd| 810014|0|0|1.21|    01/01/2022|2220|F|97|1|1|1|0|0|C|.113|6 |.51|2357|F||||||||||||||
647400|0|S-VA118PR COMMERCE ST||||S-VA118PR COMMERCE ST|Commerce St|Commerce St|118|City of Lynchburg|118|City of Lynchburg|    | 710144|0|0|.006|    | 179674|0|0|.292|    01/01/2022|6701|G|98|0|1|0|0|0|F|.113|6 |.53|7120|G||||||||||||||
647401|0|S-VA118PR COMMERCE ST||||S-VA118PR COMMERCE ST|Commerce St|Commerce St|118|City of Lynchburg|118|City of Lynchburg|    10Th St| 179674|0|0|.292|    | 179706|0|0|.62|    01/01/2022|3443|F|98|0|1|0|0|0|F|.114|6 |.54|3655|F||||||||||||||
647402|0|S-VA118PR CONCORD TPK||||S-VA118PR CONCORD TPK|Concord Tpk|Concord Tpke|118|City of Lynchburg|118|City of Lynchburg|    Rockwell Rd| 179887|0|0|1.61|    Jurisdiction Boundary: 118 City of Lynchburg / | 737882|0|0|2.896|    01/01/2022|1552|F|89|0|1|3|6|0|C|.101|6 |.59|1646|F||||||||||||||
647507|0|S-VA118PR COURT ST||||S-VA118PR COURT ST|Court St|Court St|118|City of Lynchburg|118|City of Lynchburg|    12Th St| 179337|0|0|.099|    5Th St|1025116|0|0|.655|    01/01/2022|915|F|98|0|1|0|0|0|C|.105|6 |.6|972|F||||||||||||||
647359|0|S-VA118PR CRANEHILL DR||||S-VA118PR CRANEHILL DR|Cranehill Dr|Cranehill Dr|118|City of Lynchburg|118|City of Lynchburg|    Langhorne Rd| 179515|0|0|0|    | 179575|0|0|1.03|    01/01/2022|1592|F|97|1|2|0|0|0|C|.117|6 |.69|1690|F||||||||||||||
781665|0|S-VA118PR DEL RAY CIR||||S-VA118PR DEL RAY CIR|Del Ray Cir|Del Ray Circle|118|City of Lynchburg|118|City of Lynchburg|    Leesville Rd| 179828|0|0|0|    Alta lane|1022351|0|0|.192|    01/01/2022|2105|F|98|1|1|0|0|0|C|.101|6 |.54|2234|F||||||||||||||
647508|0|S-VA118PR EDGEWOOD AVE||||S-VA118PR EDGEWOOD AVE|Edgewood Ave|Edgewood Ave|118|City of Lynchburg|118|City of Lynchburg|    Fort Ave| 179319|0|0|0|    Jurisdiction Boundary: 118 City of Lynchburg / | 712712|0|0|1.07|    01/01/2022|1575|F|99|1|0|0|0|0|C|.095|6 |.55|1671|F||||||||||||||
647802|0|S-VA118PR EIGHTH ST||||S-VA118PR EIGHTH ST|Eighth St|8th St|118|City of Lynchburg|118|City of Lynchburg|    Park Ave| 179895|0|0|.21|    Jurisdiction Boundary: 118 City of Lynchburg / |1025030|0|0|.95|    01/01/2022|1087|F|94|1|4|0|0|0|C|.102|6 |.57|1154|F||||||||||||||
647551|0|S-VA118PR ELDON ST||||S-VA118PR ELDON ST|Eldon St|Eldon St|118|City of Lynchburg|118|City of Lynchburg|    |1042468|0|.014|.222|    Jurisdiction Boundary: 118 City of Lynchburg / |1022342|0|0|.46|    01/01/2022|2196|F|96|1|2|0|0|0|C|.091|6 |.55|2331|F||||||||||||||
647509|0|S-VA118PR EVERGREEN RD||||S-VA118PR EVERGREEN RD|Evergreen Rd|Evergreen Rd|118|City of Lynchburg|118|City of Lynchburg|    Link Rd| 179577|0|0|0|    Jurisdiction Boundary: 118 City of Lynchburg / |1080339|0|0|.64|    01/01/2022|1875|F|98|0|1|0|0|0|C|.129|6 |.59|1989|F||||||||||||||
647360|0|S-VA118PR FEDERAL ST||||S-VA118PR FEDERAL ST|Federal St|Federal St|118|City of Lynchburg|118|City of Lynchburg|    Hollins St| 179633|0|0|0|    Jurisdiction Boundary: 118 City of Lynchburg / |1023063|0|0|.93|    01/01/2022|3700|F|97|0|2|0|0|0|C|.091|6 |.6|3927|F||||||||||||||
647510|0|S-VA118PR FENWICK DR||||S-VA118PR FENWICK DR|Fenwick Dr|Fenwick Dr|118|City of Lynchburg|118|City of Lynchburg|    | 712687|0|0|.01|    Jurisdiction Boundary: 118 City of Lynchburg / |1022703|0|0|.65|    01/01/2022|3480|F|98|1|1|0|0|0|C|.112|6 |.55|3693|F||||||||||||||
647361|0|S-VA118PR FLORIDA AVE||||S-VA118PR FLORIDA AVE|Florida Ave|Florida Ave|118|City of Lynchburg|118|City of Lynchburg|    Main St| 179713|0|0|0|    | 179721|0|0|.85|    01/01/2022|2895|F|97|0|1|0|1|0|C|.101|6 |.53|3071|F||||||||||||||
647403|0|S-VA118PR FLORIDA AVE||||S-VA118PR FLORIDA AVE|Florida Ave|Florida Ave|118|City of Lynchburg|118|City of Lynchburg|    Augusta St| 179721|0|0|.85|    |1041628|0|0|2.12|    01/01/2022|4016|F|98|0|1|0|0|0|C|.097|6 |.62|4260|F||||||||||||||
647404|0|S-VA118PR FOREST BROOK RD||||S-VA118PR FOREST BROOK RD|Forest Brook Rd|Forest Brook Rd|118|City of Lynchburg|118|City of Lynchburg|    Old Forest Rd| 179402|0|0|0|    Lakeside Dr| 179372|0|0|.91|    01/01/2022|4661|F|97|0|1|2|1|0|C|.099|6 |.52|4948|F||||||||||||||
647424|0|S-VA118PR FORT AVE||||S-VA118PR FORT AVE|Fort Ave|Fort Ave|118|City of Lynchburg|118|City of Lynchburg|    Kemper St| 179679|0|0|0|    Wadsworth Ave| 179383|0|0|.434|    01/01/2022|3844|F|98|0|1|0|0|0|F|.089|6 |.58|4081|F||||||||||||||
647363|0|S-VA118PR GRACE ST||||S-VA118PR GRACE ST|Grace St|Grace St|118|City of Lynchburg|118|City of Lynchburg|    12Th St| 179666|0|0|0|    Florida Ave| 179725|0|0|.89|    01/01/2022|2295|F|98|0|1|0|0|0|C|.1|6 |.63|2437|F||||||||||||||
647516|0|S-VA118PR GRAVES MILL RD||||S-VA118PR GRAVES MILL RD|Graves Mill Rd|Graves Mill Rd|118|City of Lynchburg|118|City of Lynchburg|    US 460 Bus Fort Ave| 179478|0|0|0|    Old Mill Rd| 179596|0|0|.608|    01/01/2022|6659|F|96|0|1|1|1|0|F|.095|6 |.5|7071|F||||||||||||||
647395|0|S-VA118PR GRAVES MILL RD||||S-VA118PR GRAVES MILL RD|Graves Mill Rd|Graves Mill Rd|118|City of Lynchburg|118|City of Lynchburg|    Old Mill Rd| 179596|0|0|.608|    Nationwide Dr| 179598|0|0|1.26|    01/01/2022|5391|F|96|0|1|1|1|0|F|.103|6 |.52|5726|F||||||||||||||
647810|0|S-VA118PR GRAVES MILL RD||||S-VA118PR GRAVES MILL RD|Graves Mill Rd|Graves Mill Rd|118|City of Lynchburg|118|City of Lynchburg|    Nationwide Dr| 179598|0|0|1.26|    US 501 Lynchburg Expressway| 179600|0|0|1.501|    01/01/2022|9309|F|96|0|1|1|1|0|F|.105|6 |.64|9886|F||||||||||||||
647394|0|S-VA118PR GRAVES MILL RD||||S-VA118PR GRAVES MILL RD|Graves Mill Rd|Graves Mill Rd|118|City of Lynchburg|118|City of Lynchburg|    US 501 Lynchburg Expressway| 179600|0|0|1.501|    | 179601|0|.02|1.686|    01/01/2022|25032|G|96|0|1|1|1|0|C|.097|6 |.53|27213|G||||||||||||||
647101|0|S-VA118PR GRAVES MILL RD||||S-VA118PR GRAVES MILL RD|Graves Mill Rd|Graves Mill Rd|118|City of Lynchburg|118|City of Lynchburg|    Old Graves Mill Rd| 179601|0|.02|1.686|    WCL Lynchburg 09-1425| 810022|0|0|2.82|    01/01/2022|23972|F|96|0|1|1|1|0|F|.094|6 |.55|25448|F||||||||||||||
647800|0|S-VA118PR GREENVIEW DR||||S-VA118PR GREENVIEW DR|Greenview Dr|Greenview Dr|118|City of Lynchburg|118|City of Lynchburg|    Leesville Rd| 179825|0|0|.043|    | 178443|0|0|1.313|    01/01/2022|18850|F|99|0|0|0|0|0|C|.086|6 |.52|20003|F||||||||||||||
647556|0|S-VA118PR GREENWOOD DR||||S-VA118PR GREENWOOD DR|Greenwood Dr|Greenwood Dr|118|City of Lynchburg|118|City of Lynchburg|    Perrymont Ave| 179773|0|0|0|    Oakdale Dr (pre-update)|1022847|0|0|.44|    01/01/2022|2549|F|98|0|1|0|0|0|C|.1|6 |.51|2705|F||||||||||||||
647511|0|S-VA118PR HARVARD ST||||S-VA118PR HARVARD ST|Harvard St|Harvard St|118|City of Lynchburg|118|City of Lynchburg|    Wards Ferry Rd| 179839|0|0|.38|    College Park Dr| 179847|0|0|.46|    01/01/2022|136|F|95|3|1|0|0|0|C|.13|6 |.78|144|F||||||||||||||
647502|0|S-VA118PR HAWKINS MILL RD||||S-VA118PR HAWKINS MILL RD|Hawkins Mill Rd|Hawkins Mill Rd|118|City of Lynchburg|118|City of Lynchburg|    Wiggington Rd| 810017|0|0|0|    Coffee Rd| 810014|0|0|.37|    01/01/2022|2125|F|97|1|1|0|0|0|C|.112|6 |.65|2257|F||||||||||||||
647417|0|S-VA118PR HILL ST||||S-VA118PR HILL ST|Hill St|Hill St|118|City of Lynchburg|118|City of Lynchburg|    Langhorne Rd| 179516|0|0|0|    Old Forest Rd| 179392|0|0|.58|    01/01/2022|4831|F|99|1|0|0|0|0|F|.087|6 |.67|5130|F||||||||||||||
647418|0|S-VA118PR HOLLINS MILL RD||||S-VA118PR HOLLINS MILL RD|Hollins Mill Rd|Hollins Mill Rd|118|City of Lynchburg|118|City of Lynchburg|    |1022892|0|0|.01|    Bedford Ave| 179545|0|0|1.13|    01/01/2022|3350|F|98|0|1|0|0|0|C|.102|6 |.55|3557|F||||||||||||||
201216|0|S-VA118PR HOWARD DR||||S-VA118PR HOWARD DR|Howard Dr||118|City of Lynchburg|118|City of Lynchburg|    US 501 Boonsboro Rd| 179502|0|0|0|    09-847 Howard Dr|1022241|0|0|.05|    ||X||||||||||||||||||||||||||
201217|0|S-VA118PR HUNTINGWOOD BLVD||||S-VA118PR HUNTINGWOOD BLVD|Huntingwood Blvd||118|City of Lynchburg|118|City of Lynchburg|    Coffee Rd| 810021|0|0|0|    09-1013 Huntingwood Blvd|1024679|0|0|.039|    ||X||||||||||||||||||||||||||
647512|0|S-VA118PR INDIAN HILL RD||||S-VA118PR INDIAN HILL RD|Indian Hill Rd|Indian Hill Rd|118|City of Lynchburg|118|City of Lynchburg|    Burnt Bridge Rd| 179864|0|0|.16|    Evergreen Rd| 179869|0|0|1.13|    01/01/2022|1895|F|98|0|1|1|0|0|C|.11|6 |.55|2010|F||||||||||||||
647552|0|S-VA118PR JAMES ST||||S-VA118PR JAMES ST|James St|James St|118|City of Lynchburg|118|City of Lynchburg|    Stadium Dr (pre-update)|1023979|0|0|0|    | 712613|0|0|.34|    01/01/2022|2936|F|93|1|3|0|1|0|C|.094|6 |.52|3115|F||||||||||||||
647513|0|S-VA118PR JEFFERSON ST||||S-VA118PR JEFFERSON ST|Jefferson St|Jefferson St|118|City of Lynchburg|118|City of Lynchburg|    7Th St| 179882|0|0|.14|    Concord Tpke| 179884|0|0|.56|    01/01/2022|1115|F|99|0|1|0|0|0|C|.104|6 |.5|1184|F||||||||||||||
647366|0|S-VA118PR LAKESIDE DR||||S-VA118PR LAKESIDE DR|Lakeside Dr|Lakeside Dr|118|City of Lynchburg|118|City of Lynchburg|    Memorial Ave| 179329|0|0|0|    Murrell Rd| 179639|0|0|.369|    01/01/2022|5477|F|98|0|1|0|0|0|C|.087|6 |.51|5814|F||||||||||||||
647365|0|S-VA118PR LAKESIDE DR||||S-VA118PR LAKESIDE DR|Lakeside Dr|Lakeside Dr|118|City of Lynchburg|118|City of Lynchburg|    Murrell Rd| 179639|0|0|.369|    Oakley Ave| 179377|0|0|.75|    01/01/2022|10440|F|98|0|1|0|0|0|F|.087|6 |.55|11082|F||||||||||||||
647367|0|S-VA118PR LANGHORNE LN||||S-VA118PR LANGHORNE LN|Langhorne Ln|Langhorne Lane|118|City of Lynchburg|118|City of Lynchburg|    Eldon St| 179875|0|0|0|    Richmond St| 179782|0|0|.34|    01/01/2022|1968|F|96|1|3|0|0|0|C|.091|6 |.55|2089|F||||||||||||||
788779|0|S-VA118PR LANGHORNE RD||||S-VA118PR LANGHORNE RD|Langhorne Rd|Villa Rd|118|City of Lynchburg|118|City of Lynchburg|    Rivermont Ave| 712709|0|0|0|    Langhorne Rd| 712711|0|0|.099|    01/01/2022|1803|F|98|1|0|0|0|0|C|.097|6 |.8|1914|F||||||||||||||
781666|0|S-VA118PR LANGHORNE RD||||S-VA118PR LANGHORNE RD|Langhorne Rd|Langhorne Rd|118|City of Lynchburg|118|City of Lynchburg|    Villa Rd| 712711|0|0|.099|    C1US 501 Rivermont Terrace| 179512|0|0|.27|    01/01/2022|1899|F|98|0|1|0|0|0|C|.099|6 |.78|2016|F||||||||||||||
201218|0|S-VA118PR LAXTON RD||||S-VA118PR LAXTON RD|Laxton Rd||118|City of Lynchburg|118|City of Lynchburg|    15-744 Laxton Rd|1023181|0|0|0|    T B D|1023182|0|0|.62|    ||X||||||||||||||||||||||||||
647406|0|S-VA118PR LEESVILLE RD||||S-VA118PR LEESVILLE RD|Leesville Rd|Leesville Rd|118|City of Lynchburg|118|City of Lynchburg|    | 179485|0|0|.008|    Timberlake Rd| 179830|0|0|1.12|    01/01/2022|8252|F|98|1|1|0|0|0|C|.106|6 |.59|8757|F||||||||||||||
647389|0|S-VA118PR LEESVILLE RD||||S-VA118PR LEESVILLE RD|Leesville Rd|Leesville Rd|118|City of Lynchburg|118|City of Lynchburg|    SCL Lynchburg| 179830|0|0|1.12|    North St| 178322|0|0|2.26|    01/01/2022|8852|F|98|1|1|0|0|0|F|.106|6 |.57|9393|F||||||||||||||
647369|0|S-VA118PR LINK RD||||S-VA118PR LINK RD|Link Rd|Link Rd|118|City of Lynchburg|118|City of Lynchburg|    Rivermont Ave| 179509|0|0|0|    Cranehill Rd| 179575|0|0|1.3|    01/01/2022|6239|F|99|0|1|0|0|0|C|.089|6 |.53|6627|F||||||||||||||
647368|0|S-VA118PR LINK RD||||S-VA118PR LINK RD|Link Rd|Link Rd|118|City of Lynchburg|118|City of Lynchburg|    Cranehill Dr| 179575|0|0|1.3|    Old Forest Rd| 179398|0|0|2.08|    01/01/2022|7821|F|99|0|1|0|0|0|F|.09|6 |.54|8307|F||||||||||||||
647514|0|S-VA118PR LINKHORNE DR||||S-VA118PR LINKHORNE DR|Linkhorne Dr|Linkhorne Rd|118|City of Lynchburg|118|City of Lynchburg|    Cranehill Dr| 179767|0|0|0|    Old Forest Rd| 179396|0|0|.59|    01/01/2022|5158|F|96|1|3|0|0|0|F|.095|6 |.57|5475|F||||||||||||||
781667|0|S-VA118PR LONG MEADOWS DR||||S-VA118PR LONG MEADOWS DR|Long Meadows Dr|Long Meadow Dr|118|City of Lynchburg|118|City of Lynchburg|    Pawnee Dr| 712713|0|0|0|    CBUS 460 Fort Ave| 712712|0|0|.72|    01/01/2022|1610|F|95|0|4|0|0|0|C|.113|6 |.56|1710|F||||||||||||||
647319|0|S-VA118PR MAIN ST||||S-VA118PR MAIN ST|Main St|Main St|118|City of Lynchburg|118|City of Lynchburg|    5Th St| 710145|0|0|0|    12Th St| 179668|0|0|.46|    01/01/2022|6659|G|98|0|1|0|0|0|F|.097|6 |1|7078|G||||||||||||||
647370|0|S-VA118PR MAIN ST||||S-VA118PR MAIN ST|Main St|Main St|118|City of Lynchburg|118|City of Lynchburg|    Lynchburg Exp| 179668|0|0|.46|    12Th St| 712963|0|0|.773|    01/01/2022|6297|F|98|0|1|0|0|0|F|.083|6 |.71|6688|F||||||||||||||
647371|0|S-VA118PR MAIN ST||||S-VA118PR MAIN ST|Main St|Main St|118|City of Lynchburg|118|City of Lynchburg|    Florida Ave| 712963|0|0|.773|    Jurisdiction Boundary: 118 City of Lynchburg / |1023121|0|0|1.25|    01/01/2022|1916|F|97|0|2|0|0|0|C|.09|6 |.54|2032|F||||||||||||||
647553|0|S-VA118PR MARTIN ST||||S-VA118PR MARTIN ST|Martin St|Martin St|118|City of Lynchburg|118|City of Lynchburg|    Bus US 501, Bus US 460 Cambell Ave; Florida Ave|1041628|0|0|0|    | 178282|0|0|.54|    01/01/2022|755|F|98|1|1|0|0|0|C|.128|6 |.63|801|F||||||||||||||
647515|0|S-VA118PR MCCONVILLE RD||||S-VA118PR MCCONVILLE RD|McConville Rd|McConville Rd|118|City of Lynchburg|118|City of Lynchburg|    Wyndale Dr| 179859|0|0|0|    Graves Mill Rd| 179598|0|0|1.78|    01/01/2022|4757|F|99|0|0|0|0|0|C|.099|6 |.61|5052|F||||||||||||||
201219|0|S-VA118PR MOUNTAIN VIEW DR||||S-VA118PR MOUNTAIN VIEW DR|Mountain View Dr||118|City of Lynchburg|118|City of Lynchburg|    15-862 Mountain View Dr|1024520|0|0|0|    Wood Rd| 178562|0|0|.055|    ||X||||||||||||||||||||||||||
647372|0|S-VA118PR MURRELL RD||||S-VA118PR MURRELL RD|Murrell Rd|Murrell Rd|118|City of Lynchburg|118|City of Lynchburg|    Langhorne Rd| 179522|0|0|0|    Lakeside Dr| 179639|0|0|.39|    01/01/2022|6726|F|97|1|2|1|0|0|F|.091|6 |.54|7142|F||||||||||||||
647803|0|S-VA118PR NINTH ST||||S-VA118PR NINTH ST|Ninth St|9th St|118|City of Lynchburg|118|City of Lynchburg|    Church St| 179882|0|0|.053|    Jurisdiction Boundary: 118 City of Lynchburg / | 179684|0|0|.689|    01/01/2022|1286|G|95|1|1|0|0|0|C|.133|6 |.54|1368|G||||||||||||||
647503|0|S-VA118PR ODD FELLOWS RD||||S-VA118PR ODD FELLOWS RD|Odd Fellows Rd|Odd Fellows Rd|118|City of Lynchburg|118|City of Lynchburg|    Dead End|1273043|0|0|0|    | 179366|0|0|.984|    01/01/2022|4841|F|89|1|2|2|5|0|C|.116|6 |.64|5138|F||||||||||||||
647373|0|S-VA118PR ODD FELLOWS RD||||S-VA118PR ODD FELLOWS RD|Odd Fellows Rd|Odd Fellows Rd|118|City of Lynchburg|118|City of Lynchburg|    VA 128 Mayflower Dr| 179366|0|0|.984|    US 29, US 460, US 501 Lynchburg Expressway| 713054|0|0|1.49|    01/01/2022|6817|F|89|1|2|2|5|0|F|.093|6 |.6|7233|F||||||||||||||
647327|0|S-VA118PR OLD FOREST RD||||S-VA118PR OLD FOREST RD|Old Forest Rd|Old Forest Rd|118|City of Lynchburg|118|City of Lynchburg|    Lakeside Dr| 179376|0|0|0|    | 179396|0|0|1.61|    01/01/2022|7998|G|98|0|1|1|0|0|F|.085|6 |.57|8512|G||||||||||||||
647396|0|S-VA118PR OLD FOREST RD||||S-VA118PR OLD FOREST RD|Old Forest Rd|Old Forest Rd|118|City of Lynchburg|118|City of Lynchburg|    Linkhorne Dr| 179396|0|0|1.61|    Link Rd| 179398|0|0|1.82|    01/01/2022|16383|F|98|0|1|1|0|0|F|.084|6 |.56|17391|F||||||||||||||
647207|0|S-VA118PR OLD FOREST RD||||S-VA118PR OLD FOREST RD|Old Forest Rd|Old Forest Rd|118|City of Lynchburg|118|City of Lynchburg|    Link Rd| 179398|0|0|1.82|    | 179402|0|0|2.28|    01/01/2022|18441|F|98|0|1|1|0|0|C|.086|6 |.52|19586|F||||||||||||||
647208|0|S-VA118PR OLD FOREST RD||||S-VA118PR OLD FOREST RD|Old Forest Rd|Old Forest Rd|118|City of Lynchburg|118|City of Lynchburg|    Forrest Brook Rd| 179402|0|0|2.28|    US 501 NW Expressway| 703240|0|0|3.214|    01/01/2022|20283|F|97|1|2|0|0|0|F|.09|6 |.51|21542|F||||||||||||||
647407|0|S-VA118PR OLD GRAVES MILL RD||||S-VA118PR OLD GRAVES MILL RD|Old Graves Mill Rd|Old Graves Mill Rd|118|City of Lynchburg|118|City of Lynchburg|    Bus US 460 Timberlake Rd|1024839|0|0|0|    | 179601|0|0|1.64|    01/01/2022|9855|F|97|0|1|1|1|0|C|.094|6 |.59|10466|F||||||||||||||
647376|0|S-VA118PR PARK AVE||||S-VA118PR PARK AVE|Park Ave|Park Ave|118|City of Lynchburg|118|City of Lynchburg|    9Th St| 179684|0|0|.4|    Kemper St| 179680|0|0|.61|    01/01/2022|7860|F|98|0|1|0|0|0|F|.087|6 |.53|8344|F||||||||||||||
647375|9|S-VA118PR PARK AVE||||S-VA118PR PARK AVE|Park Ave||118|City of Lynchburg|118|City of Lynchburg|    Temp Gap Fill| 179680|0|0|.61|    Temp Gap Fill| 179679|0|0|.63|    01/01/2022|5563|F|97|0|1|1|0|0|C|.091|6 |.52|5905|F||||||||||||||
781671|0|S-VA118PR PARK AVE||||S-VA118PR PARK AVE|Park Ave|Park Ave|118|City of Lynchburg|118|City of Lynchburg|    US 221; 118-6027:12Th St| 179679|0|0|.63|    C1US 501| 179523|0|0|.83|    01/01/2022|9238|F|98|0|1|0|0|0|F|.085|6 |.58|9807|F||||||||||||||
647378|0|S-VA118PR PARK AVE||||S-VA118PR PARK AVE|Park Ave|Park Ave|118|City of Lynchburg|118|City of Lynchburg|    Langhorne Rd| 179523|0|0|.83|    Memorial Ave| 179329|0|0|1.18|    01/01/2022|5645|F|98|0|1|0|0|0|F|.092|6 |.55|5993|F||||||||||||||
647517|0|S-VA118PR PAWNEE DR||||S-VA118PR PAWNEE DR|Pawnee Dr|Pawnee Dr|118|City of Lynchburg|118|City of Lynchburg|    Sandusky Dr| 179793|0|0|0|    | 712717|0|0|.78|    01/01/2022|296|F|95|1|1|0|0|0|F|.109|6 |.59|314|F||||||||||||||
647554|0|S-VA118PR PERRYMONT AVE||||S-VA118PR PERRYMONT AVE|Perrymont Ave|Perrymont Ave|118|City of Lynchburg|118|City of Lynchburg|    Greenwood Dr| 179773|0|0|0|    VA 163 Fort Ave| 733347|0|0|.83|    01/01/2022|3046|F|97|0|2|0|0|0|C|.093|6 |.55|3235|F||||||||||||||
130011|0|S-VA118PR PLEASANT VALLEY RD||||S-VA118PR PLEASANT VALLEY RD|Pleasant Valley Rd|Pleasant Valley Rd|118|City of Lynchburg|118|City of Lynchburg|    118-6078 Concord Tpke| 179435|0|0|.08|    ECL Lynchburg; 15-817| 179433|0|0|1.05|    01/01/2022|358|F|94|1|2|3|0|0|C|.117|6 |.51|380|F||||||||||||||
647409|0|S-VA118PR RICHMOND ST||||S-VA118PR RICHMOND ST|Richmond St|Richmond Rd|118|City of Lynchburg|118|City of Lynchburg|    Langhorne Lane| 179378|0|0|.07|    Oakley Ave| 179782|0|0|.4|    01/01/2022|3582|G|98|1|1|0|0|0|C|.093|6 |.53|3806|G||||||||||||||
647379|0|S-VA118PR RIVERMONT AVE||||S-VA118PR RIVERMONT AVE|Rivermont Ave|Rivermont Ave|118|City of Lynchburg|118|City of Lynchburg|    Bedford Ave E Int| 179546|0|0|.9|    Bedford Ave W Int| 179544|0|0|2.01|    01/01/2022|9312|F|97|1|2|1|0|0|F|.092|6 |.5|9877|F||||||||||||||
647347|0|S-VA118PR RIVERMONT AVE||||S-VA118PR RIVERMONT AVE|Rivermont Ave|Rivermont Ave|118|City of Lynchburg|118|City of Lynchburg|    Bedford Ave W Int| 179544|0|0|2.01|    Rivermont Terrace| 179511|0|0|3.01|    01/01/2022|13909|F|97|1|2|1|0|0|F|.092|6 |.5|14753|F||||||||||||||
647381|0|S-VA118PR SANDUSKY DR||||S-VA118PR SANDUSKY DR|Sandusky Dr|Sandusky Dr|118|City of Lynchburg|118|City of Lynchburg|    Greenwood Dr|1022847|0|0|0|    Pawnee Dr| 179793|0|0|.69|    01/01/2022|2780|F|97|0|2|0|0|0|C|.099|6 |.51|2952|F||||||||||||||
647382|0|S-VA118PR SANDUSKY DR||||S-VA118PR SANDUSKY DR|Sandusky Dr|Sandusky Dr|118|City of Lynchburg|118|City of Lynchburg|    Pawnee Dr| 179793|0|0|.69|    Fort Ave| 179476|0|0|1.16|    01/01/2022|4931|F|98|0|1|0|0|0|C|.1|6 |.51|5235|F||||||||||||||
647523|0|S-VA118PR SHEFFIELD DR||||S-VA118PR SHEFFIELD DR|Sheffield Dr|Sheffield Dr|118|City of Lynchburg|118|City of Lynchburg|    SR 163 Wards Rd|1022625|0|0|0|    | 712689|0|0|.73|    01/01/2022|2954|F|99|0|0|0|0|0|C|.104|6 |.52|3135|F||||||||||||||
647383|0|S-VA118PR STADIUM RD||||S-VA118PR STADIUM RD|Stadium Rd|Stadium Dr|118|City of Lynchburg|118|City of Lynchburg|    Carroll Ave| 712607|0|0|0|    | 179755|0|0|.38|    01/01/2022|4737|F|98|0|1|0|0|0|F|.095|6 |.56|5027|F||||||||||||||
781668|0|S-VA118PR SUSSEX ST||||S-VA118PR SUSSEX ST|Sussex St|Sussex St|118|City of Lynchburg|118|City of Lynchburg|    Langhorne Rd| 179782|0|0|0|    Perrymont Ave| 179806|0|0|.79|    01/01/2022|1875|F|97|0|2|0|0|0|C|.099|6 |.58|1991|F||||||||||||||
647410|0|S-VA118PR THOMAS RD||||S-VA118PR THOMAS RD|Thomas Rd|Thomas Rd|118|City of Lynchburg|118|City of Lynchburg|    Langhorne Lane| 179782|0|0|0|    Perrymont Ave| 179773|0|0|.7|    01/01/2022|4141|F|98|0|1|0|0|0|F|.099|6 |.57|4396|F||||||||||||||
647527|0|S-VA118PR TRENTS FERRY RD||||S-VA118PR TRENTS FERRY RD|Trents Ferry Rd|Trents Ferry Rd|118|City of Lynchburg|118|City of Lynchburg|    Bedford County Line| 810015|0|0|0|    | 179507|0|0|1.84|    01/01/2022|1322|F|98|1|1|0|0|0|C|.106|6 |.57|1403|F||||||||||||||
647809|0|S-VA118PR TWELFTH ST||||S-VA118PR TWELFTH ST|Twelfth St|12th St|118|City of Lynchburg|118|City of Lynchburg|    Clay St| 179669|0|0|.04|    Commerce St| 179666|0|0|.3|    01/01/2022|5489|F|98|0|1|0|0|0|F|.109|6 |.59|5827|F||||||||||||||
647388|0|S-VA118PR TWELFTH ST||||S-VA118PR TWELFTH ST|Twelfth St|12th St|118|City of Lynchburg|118|City of Lynchburg|    Kemper St| 179666|0|0|.3|    Clay St| 179385|0|0|1.12|    01/01/2022|7275|F|98|0|1|0|0|0|F|.083|6 |.58|7722|F||||||||||||||
781669|0|S-VA118PR UNIVERSITY BLVD||||S-VA118PR UNIVERSITY BLVD|University Blvd|University Blvd|118|City of Lynchburg|118|City of Lynchburg|    Entrance to Liberty University|1091381|0|0|0|    |1279990|0|0|1.239|    01/01/2022|8056|F|95|4|1|0|0|0|C|.1|6 |.61|8549|F||||||||||||||
781670|0|S-VA118PR VES RD||||S-VA118PR VES RD|Ves Rd|V E S Rd|118|City of Lynchburg|118|City of Lynchburg|    C1US 501| 179563|0|0|.778|    Williams Rd|1022371|0|0|1.698|    01/01/2022|2323|F|96|0|2|1|0|0|C|.097|6 |.63|2465|F||||||||||||||
787602|0|S-VA118PR WARDS FERRY RD||||S-VA118PR WARDS FERRY RD|Wards Ferry Rd|Wards Ferry Rd|118|City of Lynchburg|118|City of Lynchburg|    Harvard St| 179261|0|0|0|    US 29; Wards Rd| 179839|0|0|.983|    01/01/2022|9741|F|99|0|1|0|0|0|C|.098|6 |.51|10336|F||||||||||||||
781672|0|S-VA118PR WARDS FERRY RD||||S-VA118PR WARDS FERRY RD|Wards Ferry Rd|Wards Ferry Rd|118|City of Lynchburg|118|City of Lynchburg|    CBusUS 460 Logans Lane| 179839|0|0|.983|    Jurisdiction Boundary: 118 City of Lynchburg / |1080626|0|0|2.311|    01/01/2022|11027|F|99|0|1|0|0|0|F|.093|6 |.52|11701|F||||||||||||||
647358|1|S-VA118PR WASHINGTON ST||||S-VA118PR WASHINGTON ST|Washington St|Washington St|118|City of Lynchburg|118|City of Lynchburg|    Concord Tpk|1080767|0|0|0|    Jefferson St| 179884|0|0|.03|    01/01/2022|1520|F|95|1|1|2|2|0|C|.102|6 |.53|1612|F||||||||||||||
647504|0|S-VA118PR WASHINGTON ST||||S-VA118PR WASHINGTON ST|Washington St|Washington St|118|City of Lynchburg|118|City of Lynchburg|    Main St| 179884|0|0|.03|    Jurisdiction Boundary: 118 City of Lynchburg / | 179742|0|0|.455|    01/01/2022|2042|F|94|0|1|2|1|0|C|.096|6 |.55|2167|F||||||||||||||
647413|0|S-VA118PR WIGGINGTON RD||||S-VA118PR WIGGINGTON RD|Wiggington Rd|Wiggington Rd|118|City of Lynchburg|118|City of Lynchburg|    Old Forest Rd| 179407|0|0|0|    US 501 Lynchburg Exp| 712574|0|0|1.041|    01/01/2022|3857|F|98|0|1|0|0|0|F|.107|6 |.59|4096|F||||||||||||||
647505|0|S-VA118PR WIGGINGTON RD||||S-VA118PR WIGGINGTON RD|Wiggington Rd|Wiggington Rd|118|City of Lynchburg|118|City of Lynchburg|    Lynchburg Exp| 712574|0|0|1.041|    Chadwick Dr| 712575|0|0|1.809|    01/01/2022|3591|F|98|0|1|0|0|0|C|.105|6 |.61|3814|F||||||||||||||
647414|0|S-VA118PR WIGGINGTON RD||||S-VA118PR WIGGINGTON RD|Wiggington Rd|Wiggington Rd|118|City of Lynchburg|118|City of Lynchburg|    Chadwick Dr| 712575|0|0|1.809|    Hawkins Mill Rd| 810017|0|0|3.58|    01/01/2022|1726|F|97|0|1|2|0|0|C|.107|6 |.57|1833|F||||||||||||||
647519|0|S-VA118PR WYNDALE DR||||S-VA118PR WYNDALE DR|Wyndale Dr|Wyndale Dr|118|City of Lynchburg|118|City of Lynchburg|    McConville Rd| 179859|0|0|.16|    Lakeside Dr| 733492|0|0|.4|    01/01/2022|4205|F|99|0|1|0|0|0|C|.098|6 |.54|4465|F||||||||||||||
647384|0|S-VA118PR WYTHE RD||||S-VA118PR WYTHE RD|Wythe Rd|Wythe St|118|City of Lynchburg|118|City of Lynchburg|    Fort Ave| 179474|0|0|.11|    Stadium Dr|1242542|0|0|.501|    01/01/2022|7248|F|95|1|2|1|1|0|C|.089|6 |.53|7691|F||||||||||||||
