sep=|
- - 2022 AADT Report for Town of Bedford - -
LINKID|SEQUENCENUMBER|RTE_NM|RTE_NM_2|RTE_NM_3|RTE_NM_4|Host RTE_NM|Route Label|Street Name|Physical Jurisdiction|Physical Jurisdiciton Name|Maintenance Jurisdiction|Maintenance Jurisdiciton Name|    Start Label|Start Node|Start Node Route Sequence|Star tOffset|Start Milepoint|    End Label|End Node|End Node Route Sequence|End Offset|End Milepoint|    VPDDate|AADT|AADT Quality|Passenger Vehicle|Bus|Truck 2 Axle|Truck 3 Axle|Truck 1 Trailer|Truck 2 Trailer|Class Quality|K Factor|K Factor Quality|Direction Factor|AAWDT|AAWDT Quality|AADT Dir|AADT Quality Dir|PassengerVehicle Dir|Bus Dir|Truck 2 Axle Dir|Truck 3 Axle Dir|Truck 1 Trailer Dir|Truck 2 Trailer Dir|Class Quality Dir|K Factor Dir|K Factor Quality Dir|Direction Factor Dir|AAWDT Dir|AAWDT Quality Dir
605060|0|R-VA   SR00043NB||||R-VA   SR00043NB|VA 43|South St|141|Town of Bedford|141|Town of Bedford|    SCL Bedford| 149156|0|0|27.84|    SR 43 P Talbott St| 149159|0|0|28.8|    01/01/2022|1246|F|98|0|1|0|1|0|C|.099|6 |.53|1323|F||||||||||||||
605215|0|R-VA   SR00043NB||||R-VA   SR00043NB|VA 43|Talbot St|141|Town of Bedford|141|Town of Bedford|    South Street| 149159|0|0|28.8|    Otey Street| 149257|0|0|28.85|    01/01/2022|419|F|97|0|1|1|1|0|C|.099|6 |.54|445|F||||||||||||||
605212|0|R-VA   SR00043NB||||R-VA   SR00043NB|VA 43|Otey St|141|Town of Bedford|141|Town of Bedford|    Talbot St| 149257|0|0|28.85|    Bus US 460 E Main St| 149230|0|0|28.99|    01/01/2022|589|F|97|1|1|0|1|0|C|.091|6 |.69|626|F||||||||||||||
605056|0|R-VA   SR00043NB|R-VA   US00460EBBUS006|||R-VA   US00460EBBUS006|BUS US 460, VA 43|E Main St|141|Town of Bedford|141|Town of Bedford|    N Bridge St| 149161|0|0|28.99|    South St| 149161|0|0|29.07|    01/01/2022|5345|F|98|0|1|0|0|0|F|.097|6 |.53|5676|F||||||||||||||
605061|0|R-VA   SR00043NB|R-VA   US00460EBBUS006|||R-VA   US00460EBBUS006|BUS US 460, VA 43|E Main St|141|Town of Bedford|141|Town of Bedford|    South St| 149230|0|0|29.07|    SR 43 Otey St| 149230|0|0|29.14|    01/01/2022|5005|F|98|0|1|0|0|0|F|.094|6 |.54|5314|F||||||||||||||
605055|0|R-VA   SR00043NB|R-VA   US00221NB|||R-VA   US00221NB|US 221, VA 43|N Bridge St|141|Town of Bedford|141|Town of Bedford|    Bus US 460, SR 43 Main St| 810028|0|0|29.14|    Bedford Ave| 149190|0|0|29.3|    01/01/2022|5275|F|98|1|1|0|0|0|F|.091|6 |.51|5602|F||||||||||||||
605042|0|R-VA   SR00043NB|R-VA   US00221NB|||R-VA   US00221NB|US 221, VA 43|N Bridge St|141|Town of Bedford|141|Town of Bedford|    Bedford Ave| 149190|0|0|29.3|    Peaks St| 149162|0|0|29.41|    01/01/2022|6967|F|98|1|1|0|0|0|C|.089|6 |.54|7399|F||||||||||||||
605040|0|R-VA   SR00043NB||||R-VA   SR00043NB|VA 43|Peaks St|141|Town of Bedford|141|Town of Bedford|    N Bridge St| 149162|0|0|29.41|    | 149165|0|0|30.03|    01/01/2022|2490|F|98|0|1|0|0|0|C|.084|6 |.55|2645|F||||||||||||||
605500|0|R-VA   SR00043NB||||R-VA   SR00043NB|VA 43|Peaks St|141|Town of Bedford|141|Town of Bedford|    Laurel St| 149165|0|0|30.03|    |1020581|0|0|30.94|    01/01/2022|2259|F|97|0|1|1|1|0|C|.084|6 |.54|2399|F||||||||||||||
605062|0|R-VA   SR00043PA001||||R-VA   SR00043PA001|VA 43|South St|141|Town of Bedford|141|Town of Bedford|    SR 43 P Talbott St| 149159|0|0|0|    Washington St| 149160|0|0|.14|    01/01/2022|722|F|99|0|1|0|0|0|C|.104|6 |.59|766|F||||||||||||||
605057|0|R-VA   SR00043PA001||||R-VA   SR00043PA001|VA 43|South  St|141|Town of Bedford|141|Town of Bedford|    Washington St| 149160|0|0|.14|    Main St| 149161|0|0|.2|    01/01/2022|570|F|98|0|1|0|1|0|F|.139|6 |1|605|F||||||||||||||
020214|0|R-VA   SR00122NB||||R-VA   SR00122NB|VA 122|Moneta Rd|141|Town of Bedford|141|Town of Bedford|    |1263496|0|0|33.09|    SCL Bedford| 149177|0|0|33.34|    01/01/2022|8486|F|96|0|1|1|2|0|C|.087|6 |.6|8600|F||||||||||||||
605505|0|R-VA   SR00122NB||||R-VA   SR00122NB|VA 122|Burks Hill Rd|141|Town of Bedford|141|Town of Bedford|    SCL Bedford| 149177|0|0|33.34|    US 460| 149175|0|0|33.88|    01/01/2022|9833|F|96|0|1|1|2|0|C|.092|6 |.61|10443|F||||||||||||||
020535|0|R-VA   SR00122NB|R-VA   US00460EB|||R-VA   US00460EB|US 460, VA 122| |141|Town of Bedford|009|Bedford County|    | 149206|0|0|34.54|    SR 122, US 221, Bus US 460| 149204|0|0|35.48|    01/01/2022|19869|F|89|1|2|1|7|0|F|.083|6 |.55|21108|F||||||||||||||
605204|0|R-VA   SR00122NB|R-VA   US00460EBBUS006|||R-VA   US00460EBBUS006|BUS US 460, VA 122|E Main St|141|Town of Bedford|141|Town of Bedford|    SR 43 Otey St| 149222|0|0|35.55|    | 149224|0|0|36.66|    01/01/2022|5827|F|98|0|1|0|0|0|C|.094|6 |.5|6189|F||||||||||||||
605204|0|R-VA   SR00122NB|R-VA   US00460EBBUS006|||R-VA   US00460EBBUS006|BUS US 460, VA 122|E Main St|141|Town of Bedford|009|Bedford County|    Jurisdiction Boundary: | 149224|0|0|36.66|    US 460, SR 122| 149222|0|0|36.78|    01/01/2022|5827|F|98|0|1|0|0|0|C|.094|6 |.5|6189|F||||||||||||||
605504|0|R-VA   SR00122NB||||R-VA   SR00122NB|VA 122|Independence Blvd|141|Town of Bedford|141|Town of Bedford|    Bus US 460 E Main St| 149224|0|0|35.67|    Orange St| 712993|0|0|36.69|    01/01/2022|10448|F|95|1|1|1|2|0|F|.083|6 |.55|11088|F||||||||||||||
605503|0|R-VA   SR00122NB||||R-VA   SR00122NB|VA 122|Independence Blvd|141|Town of Bedford|141|Town of Bedford|    Orange St| 712993|0|0|36.69|    Dawn Dr| 712987|0|0|36.98|    01/01/2022|10837|F|95|1|1|1|2|0|C|.088|6 |.52|11510|F||||||||||||||
605502|0|R-VA   SR00122NB||||R-VA   SR00122NB|VA 122|Independence Blvd|141|Town of Bedford|141|Town of Bedford|    Dawn Dr| 712987|0|0|36.98|    Longwood Ave| 149171|0|0|37.48|    01/01/2022|9070|F|95|1|1|1|2|0|F|.084|6 |.51|9626|F||||||||||||||
605037|0|R-VA   SR00122NB||||R-VA   SR00122NB|VA 122|Longwood Ave|141|Town of Bedford|141|Town of Bedford|    Independence Ave| 149171|0|0|37.48|    NCL Bedford| 149170|0|0|38.13|    01/01/2022|4023|F|96|0|1|0|3|0|C|.087|6 |.54|4272|F||||||||||||||
605052|0|R-VA   SR00122NBBUS001||||R-VA   SR00122NBBUS001|BUS VA 122|Crenshaw St|141|Town of Bedford|141|Town of Bedford|    US 460| 149175|0|0|0|    W Main St| 149172|0|0|.96|    01/01/2022|3714|F|99|0|1|0|0|0|C|.09|6 |.57|3945|F||||||||||||||
781336|0|R-VA   SR00122UKBUS   RMP000.00A||||R-VA   SR00122UKBUS   RMP000.00A|BUS VA 122  EXIT 0A|Ramp from SR 122 N to US 460 E|141|Town of Bedford|009|Bedford County|    SR 122 Burks Hill Rd| 149175|0|0|0|    US 460| 149207|0|0|.16|    01/01/2022|4264|F|||||||X|.089|6 |1|4264|F||||||||||||||
804339|0|R-VA   SR00122UKBUS001RMP000.00B||||R-VA   SR00122UKBUS001RMP000.00B|BUS VA 122  EXIT 0B|Ramp|141|Town of Bedford|009|Bedford County|    C1SR-00122(B)/US-00460-W182A(L)/RAMPS TO & FR| 149174|0|0|0|    US-00460(B)/RAMP TO RT 122| 149209|0|0|.15|    01/01/2022|1159|F|||||||X|.089|6 |1|1159|F||||||||||||||
020222|0|R-VA   US00221NB|R-VA   US00460EB|||R-VA   US00460EB|US 221, US 460|W Lynchburg Salem Tpke|141|Town of Bedford|009|Bedford County|    | 148337|0|0|124.133|    WCL Bedford| 149214|0|0|124.673|    01/01/2022|16166|F|89|1|2|1|7|0|F|.081|6 |.51|17175|F||||||||||||||
020532|0|R-VA   US00221NB|R-VA   US00460EB|||R-VA   US00460EB|US 221, US 460| |141|Town of Bedford|009|Bedford County|    WCL Bedford| 149214|0|0|124.673|    | 149184|0|0|125.343|    01/01/2022|18508|F|89|1|2|1|7|0|F|.089|6 |.51|19662|F||||||||||||||
605047|0|R-VA   US00221NB|R-VA   US00460EBBUS006|||R-VA   US00221NB|US 221, BUS US 460|Blue Ridge Ave|141|Town of Bedford|141|Town of Bedford|    US 460 Old Turnpike Rd| 149184|0|0|125.343|    | 149189|0|0|126.323|    01/01/2022|5874|F|98|1|1|0|1|0|C|.091|6 |.51|6239|F||||||||||||||
605048|0|R-VA   US00221NB|R-VA   US00460EBBUS006|||R-VA   US00221NB|US 221, BUS US 460|W Main St|141|Town of Bedford|141|Town of Bedford|    4th St| 149189|0|0|126.323|    Crenshaw St| 149172|0|0|126.393|    01/01/2022|3997|F|98|1|1|0|1|0|F|.087|6 |.53|4245|F||||||||||||||
605053|0|R-VA   US00221NB|R-VA   US00460EBBUS006|||R-VA   US00221NB|US 221, BUS US 460|W Main St|141|Town of Bedford|141|Town of Bedford|    Crenshaw St| 149172|0|0|126.393|    Bus US 460, SR 43; N Bridge St| 810028|0|0|126.583|    01/01/2022|5403|F|98|1|1|0|1|0|F|.088|6 |.52|5738|F||||||||||||||
605055|0|R-VA   US00221NB|R-VA   SR00043NB|||R-VA   US00221NB|US 221, VA 43|N Bridge St|141|Town of Bedford|141|Town of Bedford|    Bus US 460, SR 43 Main St| 810028|0|0|126.583|    Bedford Ave| 149190|0|0|126.743|    01/01/2022|5275|F|98|1|1|0|0|0|F|.091|6 |.51|5602|F||||||||||||||
605042|0|R-VA   US00221NB|R-VA   SR00043NB|||R-VA   US00221NB|US 221, VA 43|N Bridge St|141|Town of Bedford|141|Town of Bedford|    Bedford Ave| 149190|0|0|126.743|    Peaks St| 149162|0|0|126.853|    01/01/2022|6967|F|98|1|1|0|0|0|C|.089|6 |.54|7399|F||||||||||||||
605041|0|R-VA   US00221NB||||R-VA   US00221NB|US 221|Longwood Ave|141|Town of Bedford|141|Town of Bedford|    SR 43 Peaks St| 149162|0|0|126.853|    Oakwood St| 149194|0|0|127.563|    01/01/2022|6544|F|98|1|1|0|0|0|F|.093|6 |.51|6950|F||||||||||||||
605039|0|R-VA   US00221NB||||R-VA   US00221NB|US 221|Longwood Ave|141|Town of Bedford|141|Town of Bedford|    Oakwood St| 149194|0|0|127.563|    Forest Road| 149171|0|0|128.033|    01/01/2022|8975|F|99|0|0|0|0|0|C|.088|6 |.54|9531|F||||||||||||||
605038|0|R-VA   US00221NB||||R-VA   US00221NB|US 221|Forest Rd|141|Town of Bedford|141|Town of Bedford|    Longwood Ave| 149171|0|0|128.033|    ECL Bedford| 149196|0|0|128.713|    01/01/2022|6810|F|97|1|1|0|1|0|C|.09|6 |.51|7233|F||||||||||||||
020222|0|R-VA   US00460EB|R-VA   US00221NB|||R-VA   US00460EB|US 221, US 460|W Lynchburg Salem Tpke|141|Town of Bedford|009|Bedford County|    | 148337|0|0|180.27|    WCL Bedford| 149214|0|0|180.81|    01/01/2022|16166|F|89|1|2|1|7|0|F|.081|6 |.51|17175|F||||||||||||||
020532|0|R-VA   US00460EB|R-VA   US00221NB|||R-VA   US00460EB|US 221, US 460| |141|Town of Bedford|009|Bedford County|    WCL Bedford| 149214|0|0|180.81|    | 149184|0|0|181.48|    01/01/2022|18508|F|89|1|2|1|7|0|F|.089|6 |.51|19662|F||||||||||||||
020118|0|R-VA   US00460EB||||R-VA   US00460EB|US 460| |141|Town of Bedford|009|Bedford County|    US 221| 149184|0|0|181.48|    Physical Jurisdiction Boundary: 141 Town of Bedford / 009 Bedford County| 149273|0|0|181.66|    01/01/2022|14373|F|89|1|2|1|7|0|F|.081|6 |.5|15270|F||||||||||||||
020118|0|R-VA   US00460EB||||R-VA   US00460EB|US 460| |141|Town of Bedford|009|Bedford County|    | 149210|0|0|181.9|    | 148948|0|0|182.8|    01/01/2022|14373|F|89|1|2|1|7|0|F|.081|6 |.5|15270|F||||||||||||||
020535|0|R-VA   US00460EB|R-VA   SR00122NB|||R-VA   US00460EB|US 460, VA 122| |141|Town of Bedford|009|Bedford County|    | 149206|0|0|183.36|    SR 122, US 221, Bus US 460| 149204|0|0|184.3|    01/01/2022|19869|F|89|1|2|1|7|0|F|.083|6 |.55|21108|F||||||||||||||
020536|0|R-VA   US00460EB||||R-VA   US00460EB|US 460|E Lynchburg Salem Tpke|141|Town of Bedford|009|Bedford County|    SR 122, US 221, Bus US 460| 149204|0|0|184.3|    | 148541|0|0|185.53|    01/01/2022|16164|F|89|1|2|1|7|0|F|.086|6 |.51|17171|F||||||||||||||
804170|0|R-VA   US00460EB      RMP182.00A||||R-VA   US00460EB      RMP182.00A|US 460  EB EXIT 182A|Ramp|141|Town of Bedford|009|Bedford County|    US-00460(B)/RAMP TO ROUTE 122| 149208|0|0|0|    SR-00122(R)/C1SR-00122(L)/SR-00122- 033A(U)/R| 149175|0|0|.09|    01/01/2022|1083|F|||||||X|.103|6 |1|1083|F||||||||||||||
781337|0|R-VA   US00460EB      RMP184.00A||||R-VA   US00460EB      RMP184.00A|US 460  EB EXIT 184A|Ramp from US 460 EB to Link Rd|141|Town of Bedford|009|Bedford County|    US 460 EB| 149204|0|0|0|    Link Rd| 149222|0|0|.07|    01/01/2022|2960|F|||||||X|.11|6 |1|2960|F||||||||||||||
605047|0|R-VA   US00460EBBUS006|R-VA   US00221NB|||R-VA   US00221NB|US 221, BUS US 460|Blue Ridge Ave|141|Town of Bedford|141|Town of Bedford|    US 460 Old Turnpike Rd| 149184|0|0|0|    | 149189|0|0|.98|    01/01/2022|5874|F|98|1|1|0|1|0|C|.091|6 |.51|6239|F||||||||||||||
605048|0|R-VA   US00460EBBUS006|R-VA   US00221NB|||R-VA   US00221NB|US 221, BUS US 460|W Main St|141|Town of Bedford|141|Town of Bedford|    4th St| 149189|0|0|.98|    Crenshaw St| 149172|0|0|1.05|    01/01/2022|3997|F|98|1|1|0|1|0|F|.087|6 |.53|4245|F||||||||||||||
605053|0|R-VA   US00460EBBUS006|R-VA   US00221NB|||R-VA   US00221NB|US 221, BUS US 460|W Main St|141|Town of Bedford|141|Town of Bedford|    Crenshaw St| 149172|0|0|1.05|    Bus US 460, SR 43; N Bridge St| 810028|0|0|1.24|    01/01/2022|5403|F|98|1|1|0|1|0|F|.088|6 |.52|5738|F||||||||||||||
605056|0|R-VA   US00460EBBUS006|R-VA   SR00043NB|||R-VA   US00460EBBUS006|BUS US 460, VA 43|E Main St|141|Town of Bedford|141|Town of Bedford|    N Bridge St| 810028|0|0|1.24|    South St| 149161|0|0|1.32|    01/01/2022|5345|F|98|0|1|0|0|0|F|.097|6 |.53|5676|F||||||||||||||
605061|0|R-VA   US00460EBBUS006|R-VA   SR00043NB|||R-VA   US00460EBBUS006|BUS US 460, VA 43|E Main St|141|Town of Bedford|141|Town of Bedford|    South St| 149161|0|0|1.32|    SR 43 Otey St| 149230|0|0|1.39|    01/01/2022|5005|F|98|0|1|0|0|0|F|.094|6 |.54|5314|F||||||||||||||
605204|0|R-VA   US00460EBBUS006|R-VA   SR00122NB|||R-VA   US00460EBBUS006|BUS US 460, VA 122|E Main St|141|Town of Bedford|141|Town of Bedford|    SR 43 Otey St| 149230|0|0|1.39|    | 149224|0|0|2.5|    01/01/2022|5827|F|98|0|1|0|0|0|C|.094|6 |.5|6189|F||||||||||||||
605204|0|R-VA   US00460EBBUS006|R-VA   SR00122NB|||R-VA   US00460EBBUS006|BUS US 460, VA 122|E Main St|141|Town of Bedford|009|Bedford County|    | 149224|0|0|2.5|    US 460, SR 122| 149222|0|0|2.62|    01/01/2022|5827|F|98|0|1|0|0|0|C|.094|6 |.5|6189|F||||||||||||||
804420|0|R-VA   US00460UKBUS006RMP003.00A||||R-VA   US00460UKBUS006RMP003.00A|BUS US 460  EXIT 3A|Ramp|141|Town of Bedford|009|Bedford County|    C6US-00460(B)/US-00460-W184A(U)/RAMPS TO & FR| 149223|0|0|0|    US-00460(B)/RAMP FROM RT 460 BUS| 149205|0|0|.06|    01/01/2022|2910|F|||||||X|.108|6 |1|2910|F||||||||||||||
804421|0|R-VA   US00460UKBUS006RMP003.00B||||R-VA   US00460UKBUS006RMP003.00B|BUS US 460  EXIT 3B|Ramp|141|Town of Bedford|009|Bedford County|    141-03051(R)/C6US-00460(L)/US-00460-E184A(U)/| 149222|0|0|0|    US-00460(B)/RAMP FROM RTE 460 BUS| 149202|0|0|.09|    01/01/2022|3543|F|||||||X|.102|6 |1|3543|F||||||||||||||
804191|0|R-VA   US00460WB      RMP182.00A||||R-VA   US00460WB      RMP182.00A|US 460  WB EXIT 182A|Ramp|141|Town of Bedford|009|Bedford County|    US-00460(B)/RAMP TO RT 122 & 122 BUS| 149272|0|0|0|    C1SR-00122(B)/C1SR-00122- 000A(L)/RAMPS TO &| 149174|0|0|.13|    01/01/2022|4414|F|||||||X|.105|6 |1|4414|F||||||||||||||
804192|0|R-VA   US00460WB      RMP184.00A||||R-VA   US00460WB      RMP184.00A|US 460  WB EXIT 184A|Ramp|141|Town of Bedford|009|Bedford County|    US-00460(B)/RAMP TO C6US00460| 149203|0|0|0|    C6US-00460(B)/C6US-00460- 003A(U)/RAMPS TO &| 149223|0|0|.09|    01/01/2022|3572|F|||||||X|.087|6 |1|3572|F||||||||||||||
605046|0|S-VA141PR 4TH ST||||S-VA141PR 4TH ST|4th St|4th St|141|Town of Bedford|141|Town of Bedford|    W Main St| 149189|0|0|0|    Bedford Ave| 149247|0|0|.11|    01/01/2022|4428|F|99|0|0|0|0|0|C|.099|6 |.55|4702|F||||||||||||||
781828|0|S-VA141PR 4TH ST||||S-VA141PR 4TH ST|4th St|4th St|141|Town of Bedford|141|Town of Bedford|    Bedford Ave| 712982|0|0|.11|    College St| 712984|0|0|.31|    01/01/2022|10|F|100|0|0|0|0|0|C|.25|6 |.67|11|F||||||||||||||
605043|0|S-VA141PR BEDFORD AVE||||S-VA141PR BEDFORD AVE|Bedford Ave|Bedford Ave|141|Town of Bedford|141|Town of Bedford|    2nd St| 149190|0|0|0|    N Bridge St| 149249|0|0|.2|    01/01/2022|3010|F|99|0|0|0|0|0|C|.099|6 |.55|3197|F||||||||||||||
605045|0|S-VA141PR BEDFORD AVE||||S-VA141PR BEDFORD AVE|Bedford Ave|Bedford Ave|141|Town of Bedford|141|Town of Bedford|    4th St| 149249|0|0|.2|    Jurisdiction Boundary: 141 Town of Bedford / | 149246|0|0|.57|    01/01/2022|3482|F|99|0|0|0|0|0|C|.092|6 |.53|3695|F||||||||||||||
605054|0|S-VA141PR BRIDGE ST S||||S-VA141PR BRIDGE ST S|Bridge St S|Bridge St|141|Town of Bedford|141|Town of Bedford|    Washington St| 810028|0|0|0|    |1021560|0|0|.312|    01/01/2022|1302|F|98|1|1|0|0|0|C|.093|6 |.56|1382|F||||||||||||||
797465|0|S-VA141PR BUSINESS JUNCTION DR||||S-VA141PR BUSINESS JUNCTION DR|Business Junction Dr||141|Town of Bedford|141|Town of Bedford|    US 460 E Lynchburg Salem Tpke| 752501|0|0|0|    Dead End| 752500|0|0|.15|    05/30/2020|97|R|||||||X||24|||X||||||||||||||
787605|0|S-VA141PR COLLEGE ST||||S-VA141PR COLLEGE ST|College St|College St|141|Town of Bedford|141|Town of Bedford|    4th St| 149164|0|0|0|    Jurisdiction Boundary: 141 Town of Bedford / |1020469|0|0|.38|    01/01/2022|791|F|97|0|1|1|1|0|C|.102|6 |.59|841|F||||||||||||||
706259|0|S-VA141PR COMMERCIAL RD||||S-VA141PR COMMERCIAL RD|Commercial Rd|Commercial Rd|141|Town of Bedford|141|Town of Bedford|    Dead End (pre-update)|1093354|0|0|0|    US 460, W Lynchburg Salem Tpke| 148738|0|0|.1|    01/30/2020|99|R|||||||X||24|||X||||||||||||||
605501|0|S-VA141PR DAWN DR||||S-VA141PR DAWN DR|Dawn Dr|Dawn Dr|141|Town of Bedford|141|Town of Bedford|    Park St| 149258|0|0|0|    Independence Blvd| 712987|0|0|.63|    01/01/2022|1345|F|93|1|1|3|2|0|C|.138|6 |.72|1427|F||||||||||||||
780559|3|S-VA141PR DINWIDDIE DR||||S-VA141PR DINWIDDIE DR|Dinwiddie Dr|Dinwiddie Dr|141|Town of Bedford|141|Town of Bedford|    VA 122 Burks Hill Rd| 149176|0|0|0|    SCL Bedford; R-VA   FR00609EB|1021249|0|0|.11|    10/16/2019|142|R|||||||X||24|||X||||||||||||||
605205|0|S-VA141PR GROVE ST||||S-VA141PR GROVE ST|Grove St|Grove St|141|Town of Bedford|141|Town of Bedford|    Jackson St| 149252|0|0|.18|    Orange St| 149256|0|0|.45|    01/01/2022|1200|F|96|1|1|1|0|0|C|.107|6 |.52|1274|F||||||||||||||
794182|0|S-VA141PR HULL ST||||S-VA141PR HULL ST|Hull St||141|Town of Bedford|141|Town of Bedford|    US 460, E Lynchburg Salem Tpke (pre-update)|1093358|0|0|0|    Cul-de-Sac| 746976|0|0|.17|    10/25/2016|727|R|||||||X||24|||X||||||||||||||
605206|0|S-VA141PR JACKSON ST||||S-VA141PR JACKSON ST|Jackson St|Jackson St|141|Town of Bedford|141|Town of Bedford|    N Bridge St| 149190|0|0|0|    Jurisdiction Boundary: 141 Town of Bedford / |1020823|0|0|.382|    01/01/2022|899|F|97|0|1|2|0|0|C|.101|6 |.62|955|F||||||||||||||
605207|0|S-VA141PR LINK RD||||S-VA141PR LINK RD|Link Rd|Link Road|141|Town of Bedford|141|Town of Bedford|    | 149242|0|0|.119|    E Main St| 148422|0|0|.619|    01/01/2022|4687|F|97|0|1|1|1|0|C|.083|6 |.53|4976|F||||||||||||||
605208|0|S-VA141PR MCGHEE ST||||S-VA141PR MCGHEE ST|McGhee St|McGhee St|141|Town of Bedford|141|Town of Bedford|    Forest Rd| 149195|0|0|0|    Orange St| 148442|0|0|.533|    01/01/2022|426|G|94|0|0|0|0|0|C|.133|6 |.5|464|G||||||||||||||
605209|0|S-VA141PR OAKWOOD ST||||S-VA141PR OAKWOOD ST|Oakwood St|Oakwood St|141|Town of Bedford|141|Town of Bedford|    Longwood Ave| 149194|0|0|0|    Jurisdiction Boundary: 141 Town of Bedford / | 148701|0|0|.95|    01/01/2022|3374|F|98|0|1|0|0|0|C|.09|6 |.56|3581|F||||||||||||||
605210|0|S-VA141PR ORANGE ST||||S-VA141PR ORANGE ST|Orange St|Orange St|141|Town of Bedford|141|Town of Bedford|    E Main St| 149228|0|0|0|    Grove St| 149256|0|0|.08|    01/01/2022|1131|F|97|1|1|1|0|0|C|.096|6 |.55|1200|F||||||||||||||
605211|0|S-VA141PR ORANGE ST||||S-VA141PR ORANGE ST|Orange St|Orange St|141|Town of Bedford|141|Town of Bedford|    Grove St| 149256|0|0|.08|    Gold Rd| 712992|0|0|.47|    01/01/2022|568|F|94|1|3|2|0|0|C|.109|6 |.55|602|F||||||||||||||
605217|0|S-VA141PR ORANGE ST||||S-VA141PR ORANGE ST|Orange St|Orange St|141|Town of Bedford|141|Town of Bedford|    Gold Rd| 712992|0|0|.47|    McGhee St| 148442|0|0|1.93|    01/01/2022|630|F|91|1|3|5|0|0|C|.108|6 |.51|668|F||||||||||||||
201268|0|S-VA141PR OTEY ST||||S-VA141PR OTEY ST|Otey St||141|Town of Bedford|141|Town of Bedford|    VA 43 Otey St, Talbott St| 149257|0|0|.14|    Ridge St| 712997|0|0|.37|    ||X||||||||||||||||||||||||||
781829|0|S-VA141PR PARK ST||||S-VA141PR PARK ST|Park St|Park St|141|Town of Bedford|141|Town of Bedford|    141-2 Gap Terminus Greenwood St| 149193|0|0|0|    Jurisdiction Boundary: 141 Town of Bedford / |1020801|0|0|.4|    01/01/2022|692|F|96|0|1|3|0|0|C|.101|6 |.6|735|F||||||||||||||
201269|0|S-VA141PR RIDGE ST||||S-VA141PR RIDGE ST|Ridge St||141|Town of Bedford|141|Town of Bedford|    VA 43 South St| 718216|0|0|0|    Otey St| 712997|0|0|.04|    ||X||||||||||||||||||||||||||
201282|0|S-VA141PR SHILOH CHURCH RD||||S-VA141PR SHILOH CHURCH RD|Shiloh Church Rd||141|Town of Bedford|141|Town of Bedford|    US 460|1093360|0|0|.01|    09-777 Shiloh Church Rd|1263494|0|0|.14|    ||X||||||||||||||||||||||||||
706257|0|S-VA141PR TURNPIKE RD||||S-VA141PR TURNPIKE RD|Turnpike Rd||141|Town of Bedford|141|Town of Bedford|    US 460, W Lynchburg Salem Tpke (pre-update)|1093353|0|0|0|    Dead End| 148734|0|0|.11|    01/30/2020|1574|R|||||||X||24|||X||||||||||||||
605051|0|S-VA141PR WASHINGTON ST||||S-VA141PR WASHINGTON ST|Washington St|Washington St|141|Town of Bedford|141|Town of Bedford|    W Main St| 149188|0|0|0|    Crenshaw St| 149173|0|0|.2|    01/01/2022|939|F|98|0|0|1|0|0|C|.108|6 |.62|997|F||||||||||||||
605059|0|S-VA141PR WASHINGTON ST||||S-VA141PR WASHINGTON ST|Washington St|Washington St|141|Town of Bedford|141|Town of Bedford|    Crenshaw St| 149173|0|0|.2|    South St| 149160|0|0|.44|    01/01/2022|1121|F|99|0|1|0|0|0|C|.105|6 |.59|1191|F||||||||||||||
605058|0|S-VA141PR WASHINGTON ST||||S-VA141PR WASHINGTON ST|Washington St|Washington St|141|Town of Bedford|141|Town of Bedford|    SR 43 South St| 149160|0|0|.44|    Otey St| 149240|0|0|.5|    01/01/2022|780|F|98|0|1|0|0|0|C|.112|6 |.62|828|F||||||||||||||
605216|0|S-VA141PR WHITFIELD DR||||S-VA141PR WHITFIELD DR|Whitfield Dr|Whitfield Rd|141|Town of Bedford|141|Town of Bedford|    Oakwood St| 149263|0|0|0|    SR 43 Peaks St|1020574|0|0|.61|    01/01/2022|1546|F|99|0|1|0|0|0|C|.091|6 |.6|1642|F||||||||||||||
