sep=|
- - 2022 AADT Report for Town of Timberville - -
LINKID|SEQUENCENUMBER|RTE_NM|RTE_NM_2|RTE_NM_3|RTE_NM_4|Host RTE_NM|Route Label|Street Name|Physical Jurisdiction|Physical Jurisdiciton Name|Maintenance Jurisdiction|Maintenance Jurisdiciton Name|    Start Label|Start Node|Start Node Route Sequence|Star tOffset|Start Milepoint|    End Label|End Node|End Node Route Sequence|End Offset|End Milepoint|    VPDDate|AADT|AADT Quality|Passenger Vehicle|Bus|Truck 2 Axle|Truck 3 Axle|Truck 1 Trailer|Truck 2 Trailer|Class Quality|K Factor|K Factor Quality|Direction Factor|AAWDT|AAWDT Quality|AADT Dir|AADT Quality Dir|PassengerVehicle Dir|Bus Dir|Truck 2 Axle Dir|Truck 3 Axle Dir|Truck 1 Trailer Dir|Truck 2 Trailer Dir|Class Quality Dir|K Factor Dir|K Factor Quality Dir|Direction Factor Dir|AAWDT Dir|AAWDT Quality Dir
080632|0|R-VA   SR00042NB||||R-VA   SR00042NB|VA 42|Timber Way|312|Town of Timberville|082|Rockingham County|    | 587495|0|0|242.78|    SR 211 New Market Rd| 586997|0|0|242.94|    01/01/2022|11681|G|95|1|1|1|2|0|F|.09|6 |.51|21421|G||||||||||||||
080639|0|R-VA   SR00042NB||||R-VA   SR00042NB|VA 42|Forestville Rd|312|Town of Timberville|082|Rockingham County|    SR 211 New Market Rd| 586997|0|0|242.94|    82-617 North Church St| 587449|0|0|243.62|    01/01/2022|9291|G|91|1|1|3|3|0|F|.09|6 |.63|10136|G||||||||||||||
080089|0|R-VA   SR00042NB||||R-VA   SR00042NB|VA 42|Forestville Rd|312|Town of Timberville|082|Rockingham County|    82-617 N, Church St| 587449|0|0|243.62|    NCL Timberville| 587637|0|0|244.03|    01/01/2022|3989|G|91|1|1|3|3|0|C|.102|6 |.6|4352|G||||||||||||||
080465|0|R-VA   SR00211EB||||R-VA   SR00211EB|VA 211|New Market Rd|312|Town of Timberville|082|Rockingham County|    SR 42 South of Timberville| 586997|0|0|0|    ECL Timberville| 587579|0|0|.69|    01/01/2022|4420|G|92|1|1|2|5|0|C|.088|6 |.52|7727|G||||||||||||||
402677|0|R-VA082SC00617NB||||R-VA082SC00617NB|82-617|Spar Mine Rd|312|Town of Timberville|082|Rockingham County|    | 586113|0|0|6.53|    SR 42 N, Forestville Rd| 587449|0|0|6.59|    01/01/2022|1648|G|96|1|0|1|1|0|C|.102|6 |.56|3021|G||||||||||||||
402679|0|R-VA082SC00617NB||||R-VA082SC00617NB|82-617|Church St|312|Town of Timberville|082|Rockingham County|    SR 42 S, Forestville Rd| 586111|0|0|6.74|    82-1504 High St| 586110|0|0|6.93|    01/01/2022|1646|G|97|0|0|1|0|0|C|.099|6 |.56|1790|G||||||||||||||
402680|0|R-VA082SC00617NB||||R-VA082SC00617NB|82-617|Church St|312|Town of Timberville|082|Rockingham County|    82-1504 High St| 586110|0|0|6.93|    ECL Timberville| 586109|0|0|7.1|    01/01/2022|1573|G|97|0|1|1|0|0|C|.094|6 |.56|1710|G||||||||||||||
768010|0|R-VA082SC00618NB||||R-VA082SC00618NB|82-618|Lone Pine Dr|312|Town of Timberville|082|Rockingham County|    82-800 American Legion Rd| 586128|0|0|.92|    82-793 Long Meadow Dr| 586127|0|0|1.42|    01/01/2022|1721|G|96|1|1|1|1|0|C|.102|6 |.52|3153|G||||||||||||||
402682|0|R-VA082SC00618NB||||R-VA082SC00618NB|82-618|Lone Pine Dr|312|Town of Timberville|082|Rockingham County|    82-793 Long Meadow Dr| 586127|0|0|1.42|    SR 211 New Market Rd| 586126|0|0|1.58|    01/01/2022|3046|G|97|1|1|1|1|0|C|.094|6 |.59|3322|G||||||||||||||
768494|0|R-VA082SC00800NB||||R-VA082SC00800NB|82-800|Co-op Dr|312|Town of Timberville|082|Rockingham County|    | 586654|0|0|1.47|    82-618 N, Lone Pine Rd| 586128|0|0|1.48|    12/01/2021|1473|R|||||||X||24|||X||||||||||||||
768495|0|R-VA082SC00800NB||||R-VA082SC00800NB|82-800|Co-op Dr|312|Town of Timberville|082|Rockingham County|    82-618 N, Lone Pine Rd| 586128|0|0|1.48|    VA 42 Timber Way| 587495|0|0|1.84|    12/01/2021|1890|R|||||||X||24|||X||||||||||||||
768496|0|R-VA082SC00800NB||||R-VA082SC00800NB|82-800|McCauley Dr|312|Town of Timberville|082|Rockingham County|    VA 42 Timber Way| 587495|0|0|1.84|    82-1512 S, First Ave| 587494|0|0|1.9|    12/01/2021|3345|R|||||||X||24|||X||||||||||||||
768497|0|R-VA082SC00800NB||||R-VA082SC00800NB|82-800|McCauley Dr|312|Town of Timberville|082|Rockingham County|    82-1512 S, First Ave| 587494|0|0|1.9|    82-1511 S, Second Ave| 587493|0|0|1.97|    12/01/2021|3211|R|||||||X||24|||X||||||||||||||
768498|0|R-VA082SC00800NB||||R-VA082SC00800NB|82-800|McCauley Dr|312|Town of Timberville|082|Rockingham County|    82-1511 S, Second Ave| 587493|0|0|1.97|    82-1510 E, Third Ave| 587492|0|0|2.01|    12/01/2021|2998|R|||||||X||24|||X||||||||||||||
768499|0|R-VA082SC00800NB||||R-VA082SC00800NB|82-800|McCauley Dr|312|Town of Timberville|082|Rockingham County|    82-1510 E, Third Ave| 587492|0|0|2.01|    82-1510 W, Third Ave| 587491|0|0|2.03|    12/01/2021|2937|R|||||||X||24|||X||||||||||||||
768500|0|R-VA082SC00800NB||||R-VA082SC00800NB|82-800|McCauley Dr|312|Town of Timberville|082|Rockingham County|    82-1510 W, Third Ave| 587491|0|0|2.03|    82-1509 Fourth Ave| 587490|0|0|2.08|    12/01/2021|2834|R|||||||X||24|||X||||||||||||||
768501|0|R-VA082SC00800NB||||R-VA082SC00800NB|82-800|McCauley Dr|312|Town of Timberville|082|Rockingham County|    82-1509 Fourth Ave| 587490|0|0|2.08|    82-1508 S, Fifth Ave| 587489|0|0|2.12|    12/01/2021|2833|R|||||||X||24|||X||||||||||||||
768502|0|R-VA082SC00800NB||||R-VA082SC00800NB|82-800|McCauley Dr|312|Town of Timberville|082|Rockingham County|    82-1508 S, Fifth Ave| 587489|0|0|2.12|    WCL Timberville S| 586653|0|0|2.21|    12/01/2021|1959|R|||||||X||24|||X||||||||||||||
402831|0|R-VA082SC00881EB||||R-VA082SC00881EB|82-881|Orchard Dr|312|Town of Timberville|082|Rockingham County|    NCL Timberville| 586748|0|0|3.64|    SR 42 Forestville Rd| 586749|0|0|3.88|    01/01/2022|1898|G|96|0|1|1|2|0|C|.1|6 |.57|3240|G||||||||||||||
768931|0|R-VA082SC01501EB||||R-VA082SC01501EB|82-1501|Bellevue St|312|Town of Timberville|082|Rockingham County|    SR 42 Forestville Rd| 586971|0|0|0|    82-1503 Park Ave| 586972|0|0|.05|    12/01/2021|159|R|||||||X||24|||X||||||||||||||
768932|0|R-VA082SC01501EB||||R-VA082SC01501EB|82-1501|Bellevue St|312|Town of Timberville|082|Rockingham County|    82-1503 Park Ave| 586972|0|0|.05|    82-1502 Cherry St| 586973|0|0|.11|    12/01/2021|107|R|||||||X||24|||X||||||||||||||
768933|0|R-VA082SC01501EB||||R-VA082SC01501EB|82-1501|Bellevue St|312|Town of Timberville|082|Rockingham County|    82-1502 Cherry St| 586973|0|0|.11|    82-1504 Montevideo St| 586974|0|0|.17|    12/01/2021|59|R|||||||X||24|||X||||||||||||||
768934|0|R-VA082SC01502NB||||R-VA082SC01502NB|82-1502|Cherry St|312|Town of Timberville|082|Rockingham County|    82-1505 Belvedere St| 586975|0|0|0|    82-1501 Bellevue St| 586973|0|0|.1|    12/01/2021|64|R|||||||X||24|||X||||||||||||||
768935|0|R-VA082SC01503NB||||R-VA082SC01503NB|82-1503|Park Ave|312|Town of Timberville|082|Rockingham County|    82-1505 Belvedere St| 586976|0|0|0|    82-1501 Bellevue St| 586972|0|0|.12|    12/01/2021|60|R|||||||X||24|||X||||||||||||||
768936|0|R-VA082SC01504NB||||R-VA082SC01504NB|82-1504|High St|312|Town of Timberville|082|Rockingham County|    82-617 Church St| 586110|0|0|0|    82-1505 Belvedere St| 586977|0|0|.2|    12/01/2021|162|R|||||||X||24|||X||||||||||||||
768937|0|R-VA082SC01504NB||||R-VA082SC01504NB|82-1504|Montevideo St|312|Town of Timberville|082|Rockingham County|    82-1505 Belvedere St| 586977|0|0|.2|    82-1501 Bellevue St| 586974|0|0|.35|    12/01/2021|54|R|||||||X||24|||X||||||||||||||
768938|0|R-VA082SC01505EB||||R-VA082SC01505EB|82-1505|Belvedere St|312|Town of Timberville|082|Rockingham County|    SR 42 Forestville Rd| 586978|0|0|0|    82-1503 Park Ave| 586976|0|0|.07|    12/01/2021|237|R|||||||X||24|||X||||||||||||||
768939|0|R-VA082SC01505EB||||R-VA082SC01505EB|82-1505|Belvedere St|312|Town of Timberville|082|Rockingham County|    82-1503 Park Ave| 586976|0|0|.07|    82-1502 Cherry St| 586975|0|0|.15|    12/01/2021|167|R|||||||X||24|||X||||||||||||||
768940|0|R-VA082SC01505EB||||R-VA082SC01505EB|82-1505|Belvedere St|312|Town of Timberville|082|Rockingham County|    82-1502 Cherry St| 586975|0|0|.15|    82-1504 Montevideo St| 586977|0|0|.16|    12/01/2021|141|R|||||||X||24|||X||||||||||||||
768941|0|R-VA082SC01506EB||||R-VA082SC01506EB|82-1506|C St|312|Town of Timberville|082|Rockingham County|    SR 42 Forestville Rd| 586979|0|0|0|    82-1507 Maple Ave| 586980|0|0|.33|    12/01/2021|143|R|||||||X||24|||X||||||||||||||
768942|0|R-VA082SC01507EB||||R-VA082SC01507EB|82-1507|Riverside Dr|312|Town of Timberville|082|Rockingham County|    82-1530 Co-op Dr| 586647|0|0|0|    SR 42 Forestville Rd| 586981|0|0|.24|    12/01/2021|407|R|||||||X||24|||X||||||||||||||
768943|0|R-VA082SC01507EB||||R-VA082SC01507EB|82-1507|Maple Ave|312|Town of Timberville|082|Rockingham County|    SR 42 Forestville Rd| 586981|0|0|.24|    82-1519 N, Walnut Drive| 587525|0|0|.79|    12/01/2021|902|R|||||||X||24|||X||||||||||||||
768944|0|R-VA082SC01507EB||||R-VA082SC01507EB|82-1507|Maple Ave|312|Town of Timberville|082|Rockingham County|    82-1519 S, Walnut Dr| 587525|0|0|.79|    SR 211 New Market Rd| 586984|0|0|.81|    12/01/2021|918|R|||||||X||24|||X||||||||||||||
768945|0|R-VA082SC01508NB||||R-VA082SC01508NB|82-1508|Fifth Ave|312|Town of Timberville|082|Rockingham County|    82-800 Co-op Dr| 587489|0|0|0|    82-1530 Co-op Dr| 586651|0|0|.19|    12/01/2021|361|R|||||||X||24|||X||||||||||||||
768946|0|R-VA082SC01509NB||||R-VA082SC01509NB|82-1509|Fourth Ave|312|Town of Timberville|082|Rockingham County|    82-800 S, Co-op Dr| 587490|0|0|0|    82-1517 Fourth St| 586985|0|0|.13|    12/01/2021|123|R|||||||X||24|||X||||||||||||||
768947|0|R-VA082SC01509NB||||R-VA082SC01509NB|82-1509|Fourth Ave|312|Town of Timberville|082|Rockingham County|    82-1517 Fourth St| 586985|0|0|.13|    82-1530 Co-op Dr| 586650|0|0|.18|    12/01/2021|172|R|||||||X||24|||X||||||||||||||
768949|0|R-VA082SC01510NB||||R-VA082SC01510NB|82-1510|Third Ave|312|Town of Timberville|082|Rockingham County|    82-800 W, Co-op Dr| 587491|0|0|.12|    82-1517 Fourth St| 586986|0|0|.25|    12/01/2021|114|R|||||||X||24|||X||||||||||||||
768950|0|R-VA082SC01510NB||||R-VA082SC01510NB|82-1510|Third Ave|312|Town of Timberville|082|Rockingham County|    82-1517 Fourth St| 586986|0|0|.25|    82-1530 Co-op Dr| 586649|0|0|.3|    12/01/2021|81|R|||||||X||24|||X||||||||||||||
768951|0|R-VA082SC01511NB||||R-VA082SC01511NB|82-1511|Second Ave|312|Town of Timberville|082|Rockingham County|    82-800 S, Co-op Dr| 587493|0|0|0|    82-1513 Fifth St| 586988|0|0|.07|    12/01/2021|181|R|||||||X||24|||X||||||||||||||
768952|0|R-VA082SC01511NB||||R-VA082SC01511NB|82-1511|Second Ave|312|Town of Timberville|082|Rockingham County|    82-1513 Fifth St| 586988|0|0|.07|    82-1517 Foruth St| 586987|0|0|.15|    12/01/2021|171|R|||||||X||24|||X||||||||||||||
768953|0|R-VA082SC01511NB||||R-VA082SC01511NB|82-1511|Second Ave|312|Town of Timberville|082|Rockingham County|    82-1517 Fourth St| 586987|0|0|.15|    82-1530 Co-op Dr| 586648|0|0|.25|    12/01/2021|140|R|||||||X||24|||X||||||||||||||
768954|0|R-VA082SC01512NB||||R-VA082SC01512NB|82-1512|First Ave|312|Town of Timberville|082|Rockingham County|    82-800 S, Co-op Dr| 587494|0|0|0|    82-1513 Fifth St| 586990|0|0|.08|    12/01/2021|178|R|||||||X||24|||X||||||||||||||
768955|0|R-VA082SC01512NB||||R-VA082SC01512NB|82-1512|First Ave|312|Town of Timberville|082|Rockingham County|    82-1513 Fifth St| 586990|0|0|.08|    82-1517 Fourth St| 586989|0|0|.16|    12/01/2021|202|R|||||||X||24|||X||||||||||||||
768956|0|R-VA082SC01512NB||||R-VA082SC01512NB|82-1512|First Ave|312|Town of Timberville|082|Rockingham County|    82-1517 Fourth St| 586989|0|0|.16|    82-1530 Co-op Dr| 586646|0|0|.26|    12/01/2021|114|R|||||||X||24|||X||||||||||||||
768957|0|R-VA082SC01513EB||||R-VA082SC01513EB|82-1513|Fifth St|312|Town of Timberville|082|Rockingham County|    82-1511 Second Ave| 586988|0|0|0|    82-1512 First Ave| 586990|0|0|.06|    12/01/2021|35|R|||||||X||24|||X||||||||||||||
768958|0|R-VA082SC01513EB||||R-VA082SC01513EB|82-1513|Fifth St|312|Town of Timberville|082|Rockingham County|    82-1512 First Ave| 586990|0|0|.06|    SR 42 Forestville Rd| 586991|0|0|.11|    12/01/2021|66|R|||||||X||24|||X||||||||||||||
768959|0|R-VA082SC01514EB||||R-VA082SC01514EB|82-1514|Virginia Ave|312|Town of Timberville|082|Rockingham County|    SR 42 Forestville Rd| 586994|0|0|0|    82-1515 Center St| 586993|0|0|.07|    12/01/2021|370|R|||||||X||24|||X||||||||||||||
768960|0|R-VA082SC01514EB||||R-VA082SC01514EB|82-1514|Virginia Ave|312|Town of Timberville|082|Rockingham County|    82-1515 Center St| 586993|0|0|.07|    SR 211 New Market Rd| 586992|0|0|.35|    12/01/2021|314|R|||||||X||24|||X||||||||||||||
768961|0|R-VA082SC01515NB||||R-VA082SC01515NB|82-1515|Center St|312|Town of Timberville|082|Rockingham County|    SR 211 New Market Rd| 586995|0|0|0|    82-1516 Shenandoah Ave| 586996|0|0|.1|    12/01/2021|469|R|||||||X||24|||X||||||||||||||
768962|0|R-VA082SC01515NB||||R-VA082SC01515NB|82-1515|Center St|312|Town of Timberville|082|Rockingham County|    82-1516 Shenandoah Ave| 586996|0|0|.1|    82-1514 Virginia Ave| 586993|0|0|.2|    12/01/2021|342|R|||||||X||24|||X||||||||||||||
768963|0|R-VA082SC01516EB||||R-VA082SC01516EB|82-1516|Shenandoah Ave|312|Town of Timberville|082|Rockingham County|    82-1515 Center St| 586996|0|0|0|    Dead End| 587527|0|0|.08|    03/15/2021|65|T|||||||X||24|||X||||||||||||||
768964|0|R-VA082SC01517EB||||R-VA082SC01517EB|82-1517|Fourth St|312|Town of Timberville|082|Rockingham County|    82-1509 Fourth Ave| 586985|0|0|0|    82-1510 Third Ave| 586986|0|0|.03|    12/01/2021|38|R|||||||X||24|||X||||||||||||||
768965|0|R-VA082SC01517EB||||R-VA082SC01517EB|82-1517|Fourth St|312|Town of Timberville|082|Rockingham County|    82-1510 Third Ave| 586986|0|0|.03|    82-1511 Second Ave| 586987|0|0|.09|    12/01/2021|74|R|||||||X||24|||X||||||||||||||
768966|0|R-VA082SC01517EB||||R-VA082SC01517EB|82-1517|Fourth St|312|Town of Timberville|082|Rockingham County|    82-1511 Second Ave| 586987|0|0|.09|    82-1512 First Ave| 586989|0|0|.15|    12/01/2021|108|R|||||||X||24|||X||||||||||||||
768967|0|R-VA082SC01517EB||||R-VA082SC01517EB|82-1517|Fourth St|312|Town of Timberville|082|Rockingham County|    82-1512 First Ave| 586989|0|0|.15|    SR 42; SR 211|1102414|0|0|.2|    12/01/2021|220|R|||||||X||24|||X||||||||||||||
768968|0|R-VA082SC01518NB||||R-VA082SC01518NB|82-1518|Irish Lane|312|Town of Timberville|082|Rockingham County|    Dead End| 587528|0|0|0|    82-800 American Legion Dr| 586655|0|0|.1|    03/15/2021|65|T|||||||X||24|||X||||||||||||||
768969|0|R-VA082SC01519NB||||R-VA082SC01519NB|82-1519|Walnut Dr|312|Town of Timberville|082|Rockingham County|    82-1507 S, Maple Ave| 587525|0|0|0|    82-1520 S, Oak St| 587529|0|0|.06|    12/01/2021|318|R|||||||X||24|||X||||||||||||||
768970|0|R-VA082SC01519NB||||R-VA082SC01519NB|82-1519|Walnut Dr|312|Town of Timberville|082|Rockingham County|    82-1520 S, Oak St| 587529|0|0|.06|    82-1520 N, Oak St| 586998|0|0|.26|    12/01/2021|123|R|||||||X||24|||X||||||||||||||
768971|0|R-VA082SC01519NB||||R-VA082SC01519NB|82-1519|Walnut Dr|312|Town of Timberville|082|Rockingham County|    82-1520 N, Oak St| 586998|0|0|.26|    82-1507 N, Maple Ave| 586982|0|0|.39|    12/01/2021|149|R|||||||X||24|||X||||||||||||||
768972|0|R-VA082SC01520NB||||R-VA082SC01520NB|82-1520|Oak St|312|Town of Timberville|082|Rockingham County|    82-1519 S, Walnut Dr| 587529|0|0|0|    82-1522 Pine St| 586999|0|0|.09|    12/01/2021|146|R|||||||X||24|||X||||||||||||||
768973|0|R-VA082SC01520NB||||R-VA082SC01520NB|82-1520|Oak St|312|Town of Timberville|082|Rockingham County|    82-1522 Pine St| 586999|0|0|.09|    82-1519 N, Walnut Dr| 586998|0|0|.2|    12/01/2021|54|R|||||||X||24|||X||||||||||||||
768974|0|R-VA082SC01521NB||||R-VA082SC01521NB|82-1521|E Riverside Dr|312|Town of Timberville|082|Rockingham County|    82-617 W, Church St| 587448|0|0|0|    ECL Timberville| 587000|0|0|.43|    12/01/2021|586|R|||||||X||24|||X||||||||||||||
768976|0|R-VA082SC01522NB||||R-VA082SC01522NB|82-1522|Pine St|312|Town of Timberville|082|Rockingham County|    82-1507 Maple Ave| 586983|0|0|0|    82-1520 Oak St| 586999|0|0|.05|    12/01/2021|47|R|||||||X||24|||X||||||||||||||
768977|0|R-VA082SC01523NB||||R-VA082SC01523NB|82-1523|Hollar Circle|312|Town of Timberville|082|Rockingham County|    Dead End| 587530|0|0|0|    82-617 Church St| 586112|0|0|.1|    03/15/2021|74|T|||||||X||24|||X||||||||||||||
768978|0|R-VA082SC01524NB||||R-VA082SC01524NB|82-1524|Ridge Court|312|Town of Timberville|082|Rockingham County|    Cul-de-Sac| 587004|0|0|0|    82-1528 Lincoln Ct| 587003|0|0|.08|    03/15/2021|110|T|||||||X||24|||X||||||||||||||
768979|0|R-VA082SC01524NB||||R-VA082SC01524NB|82-1524|Ridge Court|312|Town of Timberville|082|Rockingham County|    82-1528 Lincoln Ct| 587003|0|0|.08|    82-1525 Ridge Court| 587002|0|0|.11|    03/15/2021|291|T|||||||X||24|||X||||||||||||||
768980|0|R-VA082SC01524NB||||R-VA082SC01524NB|82-1524|Ridge Court|312|Town of Timberville|082|Rockingham County|    82-1525 Ridge Court| 587002|0|0|.11|    SR 211 New Market Rd| 587001|0|0|.18|    12/01/2021|285|R|||||||X||24|||X||||||||||||||
768981|0|R-VA082SC01525EB||||R-VA082SC01525EB|82-1525|Ridge Court|312|Town of Timberville|082|Rockingham County|    82-1524 Ridge Court| 587002|0|0|0|    82-1526 Williamsport Rd| 587005|0|0|.07|    12/01/2021|71|R|||||||X||24|||X||||||||||||||
768982|0|R-VA082SC01525EB||||R-VA082SC01525EB|82-1525|Ridge Court|312|Town of Timberville|082|Rockingham County|    82-1526 Williamsport Rd| 587005|0|0|.07|    Cul-de-Sac| 587006|0|0|.13|    03/15/2021|85|T|||||||X||24|||X||||||||||||||
768983|0|R-VA082SC01526NB||||R-VA082SC01526NB|82-1526|Williamsport Rd|312|Town of Timberville|082|Rockingham County|    82-1525 Ridge Court| 587005|0|0|0|    82-1527 Sherrando Court| 587008|0|0|.06|    12/01/2021|115|R|||||||X||24|||X||||||||||||||
768984|0|R-VA082SC01526NB||||R-VA082SC01526NB|82-1526|Williamsport Rd|312|Town of Timberville|082|Rockingham County|    82-1527 Sherrando Court| 587008|0|0|.06|    SR 211 New Market Rd| 587007|0|0|.09|    12/01/2021|378|R|||||||X||24|||X||||||||||||||
768985|0|R-VA082SC01527EB||||R-VA082SC01527EB|82-1527|Sherrando Court|312|Town of Timberville|082|Rockingham County|    82-1526 Williamsport Rd| 587008|0|0|0|    Cul-de-Sac| 587009|0|0|.1|    03/15/2021|185|T|||||||X||24|||X||||||||||||||
768986|0|R-VA082SC01528EB||||R-VA082SC01528EB|82-1528|Lincoln Ct|312|Town of Timberville|082|Rockingham County|    Cul-de-Sac| 587010|0|0|0|    82-1524 Ridge Court| 587003|0|0|.08|    03/15/2021|80|T|||||||X||24|||X||||||||||||||
782701|0|R-VA082SC01529NB||||R-VA082SC01529NB|82-1529|Riggleman Dr|312|Town of Timberville|082|Rockingham County|    Cul-de-Sac| 724035|0|0|0|    82-1507 Maple Ave| 724034|0|0|.18|    03/07/2018|396|R|||||||X||24|||X||||||||||||||
768504|0|R-VA082SC01530EB||||R-VA082SC01530EB|82-1530|Co-op Dr|312|Town of Timberville|082|Rockingham County|    WCL Timberville N| 586652|0|0|0|    82-1508 N, Fifth Ave| 586651|0|0|.04|    05/20/2015|595|R|||||||X||24|||X||||||||||||||
768505|0|R-VA082SC01530EB||||R-VA082SC01530EB|82-1530|Co-op Dr|312|Town of Timberville|082|Rockingham County|    82-1508 N, Fifth Ave| 586651|0|0|.04|    82-1509 N, Fourth Ave| 586650|0|0|.12|    05/20/2015|932|R|||||||X||24|||X||||||||||||||
768506|0|R-VA082SC01530EB||||R-VA082SC01530EB|82-1530|Co-op Dr|312|Town of Timberville|082|Rockingham County|    82-1509 N, Fourth Ave| 586650|0|0|.12|    82-1510 N, Third Ave| 586649|0|0|.17|    11/01/2012|752|R|||||||X||24|||X||||||||||||||
768507|0|R-VA082SC01530EB||||R-VA082SC01530EB|82-1530|Co-op Dr|312|Town of Timberville|082|Rockingham County|    82-1510 N, Third Ave| 586649|0|0|.17|    82-1511 N, Second Ave| 586648|0|0|.25|    05/20/2015|1015|R|||||||X||24|||X||||||||||||||
768508|0|R-VA082SC01530EB||||R-VA082SC01530EB|82-1530|Co-op Dr|312|Town of Timberville|082|Rockingham County|    82-1511 N, Second Ave| 586648|0|0|.25|    82-1507 Riverside Dr| 586647|0|0|.27|    05/20/2015|1610|R|||||||X||24|||X||||||||||||||
768509|0|R-VA082SC01530EB||||R-VA082SC01530EB|82-1530|Co-op Dr|312|Town of Timberville|082|Rockingham County|    82-1507 Riverside Dr| 586647|0|0|.27|    82-1512 NORTH First Ave| 586646|0|0|.32|    11/01/2012|815|R|||||||X||24|||X||||||||||||||
768510|0|R-VA082SC01530EB||||R-VA082SC01530EB|82-1530|Co-op Dr|312|Town of Timberville|082|Rockingham County|    82-1512 N, First Ave| 586646|0|0|.32|    SR 42 N, Forestville Rd| 586645|0|0|.38|    05/20/2015|970|R|||||||X||24|||X||||||||||||||
785463|0|R-VA082SC01540NB||||R-VA082SC01540NB|82-1540|Woodcreek Lane|312|Town of Timberville|082|Rockingham County|    82-617 Spar Mine Rd| 728882|0|0|0|    82-1543 Clearwater Dr|1102680|0|0|.35|    03/07/2018|270|R|||||||X||24|||X||||||||||||||
785464|0|R-VA082SC01541EB||||R-VA082SC01541EB|82-1541|Dogwood Court|312|Town of Timberville|082|Rockingham County|    Cul-de-Sac| 728886|0|0|0|    82-1540 Woodcreek Lane| 728883|0|0|.05|    01/30/2018|35|T|||||||X||24|||X||||||||||||||
785465|0|R-VA082SC01542EB||||R-VA082SC01542EB|82-1542|Appletree Court|312|Town of Timberville|082|Rockingham County|    82-1540 Woodcreek Lane| 728884|0|0|0|    Cul-de-Sac| 728887|0|0|.04|    01/30/2018|21|T|||||||X||24|||X||||||||||||||
792030|0|R-VA082SC01543EB||||R-VA082SC01543EB|82-1543|Clearwater Dr|312|Town of Timberville|082|Rockingham County|    82-1540 Woodcreek Lane| 739749|0|0|.19|    82-1544; 82-1545 Sunbrook Ct| 739750|0|0|.26|    03/07/2018|112|R|||||||X||24|||X||||||||||||||
792031|0|R-VA082SC01544EB||||R-VA082SC01544EB|82-1544|Melody Court|312|Town of Timberville|082|Rockingham County|    Dead End| 739751|0|0|0|    82-1543 Clearwater Dr| 739750|0|0|.03|    01/30/2018|28|T|||||||X||24|||X||||||||||||||
792032|0|R-VA082SC01545EB||||R-VA082SC01545EB|82-1545| |312|Town of Timberville|082|Rockingham County|    82-1543 Clearwater Dr| 739750|0|0|0|    Dead End| 739752|0|0|.03|    01/30/2018|28|T|||||||X||24|||X||||||||||||||
769027|0|R-VA082SC09366NB||||R-VA082SC09366NB|82-9366| |312|Town of Timberville|082|Rockingham County|    82-800 Co-op Dr| 587040|0|0|0|    Plains Elem Sch|1273662|0|0|.25|    11/01/2012|781|R|||||||X||24|||X||||||||||||||
