sep=|
- - 2022 AADT Report for Town of Dumfries - -
LINKID|SEQUENCENUMBER|RTE_NM|RTE_NM_2|RTE_NM_3|RTE_NM_4|Host RTE_NM|Route Label|Street Name|Physical Jurisdiction|Physical Jurisdiciton Name|Maintenance Jurisdiction|Maintenance Jurisdiciton Name|    Start Label|Start Node|Start Node Route Sequence|Star tOffset|Start Milepoint|    End Label|End Node|End Node Route Sequence|End Offset|End Milepoint|    VPDDate|AADT|AADT Quality|Passenger Vehicle|Bus|Truck 2 Axle|Truck 3 Axle|Truck 1 Trailer|Truck 2 Trailer|Class Quality|K Factor|K Factor Quality|Direction Factor|AAWDT|AAWDT Quality|AADT Dir|AADT Quality Dir|PassengerVehicle Dir|Bus Dir|Truck 2 Axle Dir|Truck 3 Axle Dir|Truck 1 Trailer Dir|Truck 2 Trailer Dir|Class Quality Dir|K Factor Dir|K Factor Quality Dir|Direction Factor Dir|AAWDT Dir|AAWDT Quality Dir
624802|0|R-VA   US00001NB||||R-VA   US00001NB|US 1|Fraley Blvd|212|Town of Dumfries|076|Prince William County|    SCL Dumfries| 549295|0|0|167.38|    US 1 Par near Possum Point Rd| 546192|0|0|168.78|    01/01/2022|12405|F|95|1|1|1|2|0|F|.08|6 |1|13163|F||||||||||||||
624801|0|R-VA   US00001NB||||R-VA   US00001NB|US 1|Richmond  Highway|212|Town of Dumfries|076|Prince William County|    US 1 Par Near Possum Point Rd| 546192|0|0|168.78|    Physical Jurisdiction Boundary: 212 Town of Dumfries / 076 Prince William County| 549291|0|0|169.11|    01/01/2022|29143|F|95|1|1|1|2|0|F|.079|6 |.6|30950|F||||||||||||||
624804|0|R-VA   US00001PA002||||R-VA   US00001PA002|US 1|Main St|212|Town of Dumfries|076|Prince William County|    SCL Dumfries| 729899|0|0|.18|    US 1 Fraley Blvd North Intersection| 549292|0|0|1.63|    01/01/2022|14518|F|97|1|1|1|0|0|C|.094|6 |.92|15406|F||||||||||||||
624805|0|S-VA212PR GRAHAM PARK RD||||S-VA212PR GRAHAM PARK RD|Graham Park Rd|Graham Park Rd|212|Town of Dumfries|212|Town of Dumfries|    ECL Dumfries| 546805|0|0|.059|    US 1 NB Fraley Blvd| 546802|0|0|.35|    01/01/2022|9107|F|97|2|1|0|0|0|C|.09|6 |.57|9667|F||||||||||||||
624808|0|S-VA212PR GRAHAM PARK RD||||S-VA212PR GRAHAM PARK RD|Graham Park Rd|Graham Park Rd|212|Town of Dumfries|212|Town of Dumfries|    US 1 NB Fraley Blvd| 546802|0|0|.35|    US 1 SB, Main St| 546803|0|0|.4|    01/01/2022|9851|F|97|2|1|0|0|0|F|.083|6 |.5|10470|F||||||||||||||
761127|0|S-VA212PR OLD STAGE COACH RD||||S-VA212PR OLD STAGE COACH RD|Old Stage Coach Rd|Old Stage Coach Rd|212|Town of Dumfries|212|Town of Dumfries|    NCL Dumfries| 546194|0|0|0|    US 1 Jefferson Davis Hwy; SR 234 Dumfries Rd (pre-update)|1035193|0|0|.41|    10/29/2019|952|R|||||||X||24|||X||||||||||||||
624806|0|S-VA212PR OLD TRIANGLE RD S||||S-VA212PR OLD TRIANGLE RD S|Old Triangle Rd S|Old Triangle Rd|212|Town of Dumfries|212|Town of Dumfries|    SCL Dumfries| 722600|0|0|0|    Rt 1107 Graham Park Rd| 546811|0|0|.27|    01/01/2022|2457|F|97|1|1|0|0|0|C|.083|6 |.54|2612|F||||||||||||||
624803|0|S-VA212PR POSSUM POINT RD||||S-VA212PR POSSUM POINT RD|Possum Point Rd|Possum Point Rd|212|Town of Dumfries|212|Town of Dumfries|    | 716626|0|0|.013|    ECL Dumfries| 546189|0|0|1.53|    01/01/2022|750|F|87|0|3|2|7|0|C|.089|6 |.57|797|F||||||||||||||
