sep=|
- - 2022 AADT Report for City of Waynesboro - -
LINKID|SEQUENCENUMBER|RTE_NM|RTE_NM_2|RTE_NM_3|RTE_NM_4|Host RTE_NM|Route Label|Street Name|Physical Jurisdiction|Physical Jurisdiciton Name|Maintenance Jurisdiction|Maintenance Jurisdiciton Name|    Start Label|Start Node|Start Node Route Sequence|Star tOffset|Start Milepoint|    End Label|End Node|End Node Route Sequence|End Offset|End Milepoint|    VPDDate|AADT|AADT Quality|Passenger Vehicle|Bus|Truck 2 Axle|Truck 3 Axle|Truck 1 Trailer|Truck 2 Trailer|Class Quality|K Factor|K Factor Quality|Direction Factor|AAWDT|AAWDT Quality|AADT Dir|AADT Quality Dir|PassengerVehicle Dir|Bus Dir|Truck 2 Axle Dir|Truck 3 Axle Dir|Truck 1 Trailer Dir|Truck 2 Trailer Dir|Class Quality Dir|K Factor Dir|K Factor Quality Dir|Direction Factor Dir|AAWDT Dir|AAWDT Quality Dir
080246|0|R-VA   IS00064EB||||R-VA   IS00064EB|I-64| |136|City of Waynesboro|007|Augusta County|    | 700666|0|0|94.48|    US 340 Stuarts Draft Hwy| 136426|0|0|94.61|    01/01/2022|42175|G|87|1|1|1|10|0|F|.083|6 |.51|42713|G|20286|G|87|1|1|1|9|0|F|.081|6 |1|20427|G
080244|0|R-VA   IS00064EB||||R-VA   IS00064EB|I-64| |136|City of Waynesboro|007|Augusta County|    US 340 Stuarts Draft Hwy| 136426|0|0|94.61|    Delphine Ave, To 07-624| 136428|0|0|96.57|    01/01/2022|41653|A|87|1|1|1|10|0|C|.103|1 |.53|41698|A|20185|A|87|1|1|1|9|0|C|.104|1 |1|20057|A
080293|0|R-VA   IS00064EB||||R-VA   IS00064EB|I-64| |136|City of Waynesboro|007|Augusta County|    Delphine Ave, To 07-624| 136428|0|0|96.57|    Physical Jurisdiction Boundary: 136 City of Waynesboro / 007 Augusta County| 700667|0|0|97.06|    01/01/2022|38210|A|87|1|1|1|10|0|F|.106|1 |.51|37794|A|19030|A|87|1|1|1|9|0|F|.105|1 |1|18724|A
780969|0|R-VA   IS00064EB      RMP094.00A||||R-VA   IS00064EB      RMP094.00A|I-64  EB EXIT 94A|Ramp|136|City of Waynesboro|007|Augusta County|    I-64 East| 136426|0|0|0|    I-64 East Exit 94B Ramp to US 340 East| 720855|0|0|.2|    01/01/2022|5047|G|||||||X|.093|6 |1|5367|G||||||||||||||
780971|0|R-VA   IS00064EB      RMP096.00A||||R-VA   IS00064EB      RMP096.00A|I-64  EB EXIT 96A|Ramp|136|City of Waynesboro|007|Augusta County|    I-64 East| 136428|0|0|0|    136-5118 Delphine Ave| 136961|0|0|.22|    01/01/2022|3791|G|||||||X|.106|6 |1|4032|G||||||||||||||
880058|0|R-VA   IS00064WB||||R-VA   IS00064WB|I-64| |136|City of Waynesboro|007|Augusta County|    | 136437|0|0|94.38|    US 340 Stuarts Draft Hwy| 136439|0|0|94.81|    01/01/2022|42175|G|87|1|1|1|10|0|F|.079|6 |.5|42713|G|21889|G|87|1|1|1|10|0|F|.083|6 |1|22286|G
880060|0|R-VA   IS00064WB||||R-VA   IS00064WB|I-64| |136|City of Waynesboro|007|Augusta County|    US 340 Stuarts Draft Hwy| 136439|0|0|94.81|    Delphine Ave, To 07-624| 136441|0|0|96.96|    01/01/2022|41653|A|87|1|1|1|10|0|C|.103|1 |.53|41698|A|21468|A|87|1|1|1|10|0|C|.111|1 |1|21641|A
180059|0|R-VA   IS00064WB||||R-VA   IS00064WB|I-64| |136|City of Waynesboro|007|Augusta County|    Delphine Ave, To 07-624| 136441|0|0|96.96|    Physical Jurisdiction Boundary: 136 City of Waynesboro / 007 Augusta County| 136430|0|0|97.03|    01/01/2022|38210|A|87|1|1|1|10|0|F|.106|1 |.51|37794|A|19180|A|87|1|1|1|10|0|F|.118|1 |1|19070|A
781093|0|R-VA   IS00064WB      RMP094.00A||||R-VA   IS00064WB      RMP094.00A|I-64  WB EXIT 94A|Ramp|136|City of Waynesboro|007|Augusta County|    I-64 West| 136439|0|0|0|    US 340 Rosser Ave| 136649|0|0|.18|    01/01/2022|6265|G|||||||X|.107|6 |1|6662|G||||||||||||||
781094|0|R-VA   IS00064WB      RMP096.00A||||R-VA   IS00064WB      RMP096.00A|I-64  WB EXIT 96A|Ramp|136|City of Waynesboro|007|Augusta County|    I-64 West| 136441|0|0|0|    136-5118 Delphine Ave| 720761|0|0|.24|    01/01/2022|1623|G|||||||X|.121|6 |1|1725|G||||||||||||||
679353|0|R-VA   SR00254EB||||R-VA   SR00254EB|VA 254|Ivy St|136|City of Waynesboro|136|City of Waynesboro|    WCL Waynesboro| 136536|0|0|22.93|    Hopeman Pkwy| 136533|0|0|24.12|    01/01/2022|5820|F|98|0|1|0|1|0|C|.099|6 |.5|6183|F||||||||||||||
679309|0|R-VA   SR00254EB||||R-VA   SR00254EB|VA 254|Ivy St|136|City of Waynesboro|136|City of Waynesboro|    Hopeman Pkwy| 136533|0|0|24.12|    King Ave| 136530|0|0|24.64|    01/01/2022|5845|F|98|0|1|0|1|0|F|.104|6 |.59|6209|F||||||||||||||
679310|0|R-VA   SR00254EB||||R-VA   SR00254EB|VA 254|Poplar Ave|136|City of Waynesboro|136|City of Waynesboro|    King Ave| 136530|0|0|24.64|    Broad St| 136482|0|0|24.94|    01/01/2022|9275|F|97|1|1|0|0|0|C|.088|6 |.54|9842|F||||||||||||||
679340|0|R-VA   SR00254EB||||R-VA   SR00254EB|VA 254|Poplar Ave|136|City of Waynesboro|136|City of Waynesboro|    Broad St| 136482|0|0|24.94|    Main St| 136528|0|0|25.01|    01/01/2022|2715|F|97|1|1|0|0|0|F|.108|6 |.52|2884|F||||||||||||||
679346|0|R-VA   US00250EB||||R-VA   US00250EB|US 250|Main St|136|City of Waynesboro|136|City of Waynesboro|    WCL Waynesboro| 136496|0|0|66.59|    Carman Ave| 136491|0|0|67.49|    01/01/2022|17349|F|99|0|0|0|0|0|F|.09|6 |.54|19020|F||||||||||||||
679341|0|R-VA   US00250EB||||R-VA   US00250EB|US 250|Main St|136|City of Waynesboro|136|City of Waynesboro|    Carman Ave| 136491|0|0|67.49|    | 136488|0|0|67.79|    01/01/2022|18566|F|99|0|0|0|0|0|F|.087|6 |.54|20355|F||||||||||||||
679313|0|R-VA   US00250EB||||R-VA   US00250EB|US 250|Main St|136|City of Waynesboro|136|City of Waynesboro|    Hopeman Pkwy| 136488|0|0|67.79|    US 340 Rosser Ave| 136483|0|0|68.46|    01/01/2022|10563|F|99|0|0|0|0|0|F|.085|6 |.51|11580|F||||||||||||||
679312|0|R-VA   US00250EB||||R-VA   US00250EB|US 250|Broad St|136|City of Waynesboro|136|City of Waynesboro|    US 340 Rosser Ave| 136483|0|0|68.46|    | 136482|0|0|68.71|    01/01/2022|11407|F|99|0|0|0|0|0|F|.085|6 |.9|12119|F||||||||||||||
679325|0|R-VA   US00250EB||||R-VA   US00250EB|US 250|Broad St|136|City of Waynesboro|136|City of Waynesboro|    Poplar Ave| 136482|0|0|68.71|    Wayne Ave| 136481|0|0|69.21|    01/01/2022|11225|F|99|0|0|0|0|0|F|.088|6 |.58|11920|F||||||||||||||
679329|0|R-VA   US00250EB||||R-VA   US00250EB|US 250|Broad St|136|City of Waynesboro|136|City of Waynesboro|    Wayne Ave| 136481|0|0|69.21|    Arch Ave| 136480|0|0|69.33|    01/01/2022|9797|F|99|0|0|0|0|0|F|.086|6 |.56|10404|F||||||||||||||
679331|0|R-VA   US00250EB||||R-VA   US00250EB|US 250|Broad St|136|City of Waynesboro|136|City of Waynesboro|    Arch Ave| 136480|0|0|69.33|    | 136478|0|0|69.77|    01/01/2022|9718|F|98|0|1|0|1|0|C|.086|6 |.55|10321|F||||||||||||||
679334|0|R-VA   US00250EB|R-VA   US00340NB|||R-VA   US00250EB|US 250, US 340|Main St|136|City of Waynesboro|136|City of Waynesboro|    US 340 Broad St| 136478|0|0|69.77|    US 340 Delphine Ave| 136477|0|0|69.97|    01/01/2022|12489|F|98|0|1|0|1|0|F|.084|6 |.56|13267|F||||||||||||||
679339|0|R-VA   US00250EB||||R-VA   US00250EB|US 250|Main St|136|City of Waynesboro|136|City of Waynesboro|    US 340 Delphine Ave| 136477|0|0|69.97|    | 136477|0|1|70.97|    01/01/2022|8671|F|97|0|1|0|1|0|F|.095|6 |.62|9208|F||||||||||||||
679343|0|R-VA   US00250EB||||R-VA   US00250EB|US 250|Main St|136|City of Waynesboro|136|City of Waynesboro|    Hunter St| 136477|0|1|70.97|    ECL Waynesboro| 136476|0|0|71.4|    01/01/2022|8257|F|97|0|1|0|1|0|C|.099|6 |.63|8769|F||||||||||||||
679352|0|R-VA   US00340NB||||R-VA   US00340NB|US 340|Rosser Ave|136|City of Waynesboro|136|City of Waynesboro|    WCL Waynesboro| 136653|0|0|11.8|    | 136650|0|0|12.14|    01/01/2022|17824|F|96|1|1|1|2|0|F|.085|6 |.54|18914|F||||||||||||||
679354|0|R-VA   US00340NB||||R-VA   US00340NB|US 340|Rosser Ave|136|City of Waynesboro|136|City of Waynesboro|    I-64| 136650|0|0|12.14|    Lew Dewitt Blvd| 713303|0|0|12.7|    01/01/2022|27513|F|99|0|0|0|0|0|F|.087|6 |.56|29219|F||||||||||||||
679347|0|R-VA   US00340NB||||R-VA   US00340NB|US 340|Rosser Ave|136|City of Waynesboro|136|City of Waynesboro|    Lew Dewitt Blvd| 713303|0|0|12.7|    Northgate Ave|1269628|0|.12|13.41|    01/01/2022|15854|F|99|0|0|0|0|0|C|.086|6 |.53|16852|F||||||||||||||
679317|0|R-VA   US00340NB||||R-VA   US00340NB|US 340|Rosser Ave|136|City of Waynesboro|136|City of Waynesboro|    Northgate Ave|1269628|0|.12|13.41|    Forrest Dr| 136641|0|0|14.02|    01/01/2022|10638|F|99|0|0|0|0|0|F|.082|6 |.51|11301|F||||||||||||||
679314|0|R-VA   US00340NB||||R-VA   US00340NB|US 340|Rosser Ave|136|City of Waynesboro|136|City of Waynesboro|    Forrest Dr| 136641|0|0|14.02|    | 136483|0|0|14.58|    01/01/2022|10394|F|99|0|0|0|0|0|F|.085|6 |.54|11049|F||||||||||||||
679855|0|R-VA   US00340NB||||R-VA   US00340NB|US 340|Main St|136|City of Waynesboro|136|City of Waynesboro|    Rosser Ave| 136483|0|0|14.58|    | 136636|0|0|14.96|    01/01/2022|7331|F|99|0|0|0|0|0|F|.088|6 |.5|7793|F||||||||||||||
679324|0|R-VA   US00340NB||||R-VA   US00340NB|US 340|Main St|136|City of Waynesboro|136|City of Waynesboro|    New Hope Rd| 136636|0|0|14.96|    Wayne Ave| 136634|0|0|15.31|    01/01/2022|6132|F|99|0|0|0|0|0|F|.087|6 |.53|6518|F||||||||||||||
679328|0|R-VA   US00340NB||||R-VA   US00340NB|US 340|Main St|136|City of Waynesboro|136|City of Waynesboro|    Wayne Ave| 136634|0|0|15.31|    Arch Ave| 136633|0|0|15.45|    01/01/2022|4496|F|99|0|0|0|0|0|F|.085|6 |.58|4779|F||||||||||||||
679332|0|R-VA   US00340NB||||R-VA   US00340NB|US 340|Main St|136|City of Waynesboro|136|City of Waynesboro|    Arch Ave| 136633|0|0|15.45|    US 250 Broad St| 136478|0|0|15.84|    01/01/2022|6179|F|99|0|0|0|0|0|F|.091|6 |.54|6569|F||||||||||||||
679334|0|R-VA   US00340NB|R-VA   US00250EB|||R-VA   US00250EB|US 250, US 340|Main St|136|City of Waynesboro|136|City of Waynesboro|    US 340 Broad St| 136478|0|0|15.84|    US 340 Delphine Ave| 136477|0|0|16.04|    01/01/2022|12489|F|98|0|1|0|1|0|F|.084|6 |.56|13267|F||||||||||||||
679854|0|R-VA   US00340NB||||R-VA   US00340NB|US 340|Delphine Ave|136|City of Waynesboro|136|City of Waynesboro|    Main St| 136477|0|0|16.04|    7th St| 734221|0|0|16.28|    01/01/2022|12279|F|95|1|1|1|2|0|F|.087|6 |.54|13053|F||||||||||||||
679335|0|R-VA   US00340NB||||R-VA   US00340NB|US 340|Delphine Ave|136|City of Waynesboro|136|City of Waynesboro|    7th St| 734221|0|0|16.28|    | 136627|0|0|16.88|    01/01/2022|11979|F|95|1|1|1|2|0|F|.087|6 |.54|12733|F||||||||||||||
679305|0|R-VA   US00340NB||||R-VA   US00340NB|US 340|Delphine Ave|136|City of Waynesboro|136|City of Waynesboro|    Second St| 136627|0|0|16.88|    Hopeman Pkwy| 136623|0|0|17.69|    01/01/2022|8952|F|95|1|1|1|2|0|F|.088|6 |.59|9517|F||||||||||||||
679342|0|R-VA   US00340NB||||R-VA   US00340NB|US 340|Delphine Ave|136|City of Waynesboro|136|City of Waynesboro|    Hopeman Pkwy| 136623|0|0|17.69|    NCL Waynesboro| 136622|0|0|17.94|    01/01/2022|10374|F|95|1|1|1|2|0|C|.093|6 |.59|11028|F||||||||||||||
781583|0|R-VA   US00340NB      RMP012.00A||||R-VA   US00340NB      RMP012.00A|US 340  NB EXIT 12A|Ramp|136|City of Waynesboro|007|Augusta County|    US 340 TO I-64 EAST| 136652|0|0|0|    US 340-S012A US 340- 12A FROM RT 3| 720856|0|0|.03|    01/01/2022|3156|G|||||||X|.103|6 |1|3156|G||||||||||||||
781584|0|R-VA   US00340NB      RMP012.00B||||R-VA   US00340NB      RMP012.00B|US 340  NB EXIT 12B|Ramp|136|City of Waynesboro|007|Augusta County|    US 340 I-64-W094A FROM & TO IS 64| 136649|0|0|0|    US 340-S012B US 340- 12B FROM RT 3| 720857|0|0|.04|    01/01/2022|5980|G|||||||X|.095|6 |.59|5980|G||||||||||||||
781585|0|R-VA   US00340SB      RMP012.00A||||R-VA   US00340SB      RMP012.00A|US 340  SB EXIT 12A|Ramp|136|City of Waynesboro|007|Augusta County|    US 340 I-64-E094A FROM & TO IS 64| 136651|0|0|0|    US 340-N012A US 340- 12A FROM RT 3| 720856|0|0|.04|    01/01/2022|2678|G|||||||X|.095|6 |1|2678|G||||||||||||||
781586|0|R-VA   US00340SB      RMP012.00B||||R-VA   US00340SB      RMP012.00B|US 340  SB EXIT 12B|Ramp|136|City of Waynesboro|007|Augusta County|    US 340 TO I-64 WEST| 136648|0|0|0|    US 340-N012B US 340- 12B FROM RT 3| 720857|0|0|.06|    01/01/2022|3735|G|||||||X|.091|6 |1|3735|G||||||||||||||
781581|0|R-VA   US00340UK      RMP012.00A||||R-VA   US00340UK      RMP012.00A|US 340  EXIT 12A|Ramp|136|City of Waynesboro|007|Augusta County|    US 340 Ramp| 720856|0|0|0|    I-64 East| 136427|0|0|.3|    01/01/2022|6047|G|||||||X|.081|6 |1|6431|G||||||||||||||
781582|0|R-VA   US00340UK      RMP012.00B||||R-VA   US00340UK      RMP012.00B|US 340  EXIT 12B|Ramp|136|City of Waynesboro|007|Augusta County|    US 340 Ramp| 720857|0|0|0|    I-64 West| 136438|0|0|.19|    01/01/2022|5617|G|||||||X|.085|6 |1|5974|G||||||||||||||
704907|0|R-VA007SC01017EB||||R-VA007SC01017EB|07-1017| |136|City of Waynesboro|007|Augusta County|    Cul-de-Sac| 702721|0|0|0|    WCL Waynesboro| 702722|0|0|.02|    06/27/2013|39|R|||||||X||24|||X||||||||||||||
781821|0|R-VA136UR05118UK      RMP001.00A||||R-VA136UR05118UK      RMP001.00A|136-5118  EXIT 1A|Ramp|136|City of Waynesboro|007|Augusta County|    136-5118 Delphine Ave| 720764|0|0|0|    I-64 East| 136429|0|0|.19|    01/01/2022|1451|G|||||||X|.123|6 |1|1543|G||||||||||||||
200650|0|S-VA007PR CHINQUAPIN DR||||S-VA007PR CHINQUAPIN DR|Chinquapin Dr||136|City of Waynesboro|136|City of Waynesboro|    Chinquapin Rd|1274614|0|0|0|    R-VA007SC01040EB, S-VA007PR ACORN HILL LN| 136574|0|0|.165|    ||X||||||||||||||||||||||||||
679323|0|S-VA136PR 13TH ST||||S-VA136PR 13TH ST|13th St|Thirteenth St|136|City of Waynesboro|136|City of Waynesboro|    | 136830|0|0|.017|    Arch Ave| 136824|0|0|.444|    01/01/2022|1640|F|98|0|1|0|0|0|C|.099|6 |.58|1740|F||||||||||||||
679316|0|S-VA136PR 13TH ST||||S-VA136PR 13TH ST|13th St|Thirteenth St|136|City of Waynesboro|136|City of Waynesboro|    Rosser Ave| 136824|0|0|.444|    Pine Ave| 136640|0|0|1.087|    01/01/2022|2241|F|98|0|0|0|0|0|C|.102|6 |.51|2380|F||||||||||||||
679338|0|S-VA136PR 2ND ST||||S-VA136PR 2ND ST|2nd St|Second St|136|City of Waynesboro|136|City of Waynesboro|    Bridge Ave| 136941|0|0|0|    US 340 Delphine Ave| 136627|0|0|.42|    01/01/2022|3209|F|95|1|1|1|1|0|C|.089|6 |.56|3409|F||||||||||||||
679852|0|S-VA136PR 3RD ST||||S-VA136PR 3RD ST|3rd St|3rd St|136|City of Waynesboro|136|City of Waynesboro|    Charlotte Ave| 136948|0|0|.045|    Bath Ave| 136966|0|0|.115|    01/01/2022|960|F|92|2|2|1|1|0|C|.096|6 |.62|1019|F||||||||||||||
679337|0|S-VA136PR 4TH ST||||S-VA136PR 4TH ST|4th St|4th St|136|City of Waynesboro|136|City of Waynesboro|    Charlotte Ave| 136921|0|0|0|    Delphine Ave| 136629|0|0|.32|    01/01/2022|408|F|96|1|2|0|0|0|C|.106|6 |.53|434|F||||||||||||||
679360|0|S-VA136PR 4TH ST||||S-VA136PR 4TH ST|4th St|4th St|136|City of Waynesboro|136|City of Waynesboro|    Delphine Ave| 136629|0|0|.32|    Jurisdiction Boundary: 136 City of Waynesboro / |1054659|0|0|.92|    01/01/2022|2238|F|97|0|1|0|0|0|C|.094|6 |.58|2379|F||||||||||||||
679860|0|S-VA136PR A ST||||S-VA136PR A ST|A St|A St|136|City of Waynesboro|136|City of Waynesboro|    Kirby Ave| 714940|0|0|.2|    ECL Waynesboro| 135213|0|0|.42|    01/01/2022|1316|F|96|2|1|1|1|0|C|.104|6 |.59|1399|F||||||||||||||
679333|0|S-VA136PR ARCH AVE||||S-VA136PR ARCH AVE|Arch Ave|Arch Ave|136|City of Waynesboro|136|City of Waynesboro|    US 250 Broad St| 136480|0|0|0|    US 340 Main St| 136633|0|0|.08|    01/01/2022|1618|F|96|0|1|1|1|0|F|.095|6 |.57|1718|F||||||||||||||
679327|0|S-VA136PR ARCH AVE||||S-VA136PR ARCH AVE|Arch Ave|Arch Ave|136|City of Waynesboro|136|City of Waynesboro|    US 340 Main St| 136633|0|0|.08|    Wayne Ave| 136884|0|0|.84|    01/01/2022|2463|F|96|0|1|1|1|0|C|.097|6 |.54|2616|F||||||||||||||
679307|0|S-VA136PR BRIDGE AVE||||S-VA136PR BRIDGE AVE|Bridge Ave|Bridge Ave|136|City of Waynesboro|136|City of Waynesboro|    Sherwood Ave| 136937|0|0|.34|    Hopeman Pkwy| 136852|0|0|.86|    01/01/2022|1553|F|98|0|1|0|0|0|C|.087|6 |.54|1651|F||||||||||||||
679348|0|S-VA136PR CHARLOTTE AVE||||S-VA136PR CHARLOTTE AVE|Charlotte Ave|Charlotte Ave|136|City of Waynesboro|136|City of Waynesboro|    US 340 Main St| 136632|0|0|.11|    US 250 Broad St| 136479|0|0|.17|    01/01/2022|690|F|94|1|2|1|2|0|F|.101|6 |.54|732|F||||||||||||||
679336|0|S-VA136PR CHARLOTTE AVE||||S-VA136PR CHARLOTTE AVE|Charlotte Ave|Charlotte Ave|136|City of Waynesboro|136|City of Waynesboro|    US 250 Broad St| 136479|0|0|.17|    3rd St| 136948|0|0|.83|    01/01/2022|2676|F|94|1|2|1|2|0|C|.101|6 |.54|2843|F||||||||||||||
679851|0|S-VA136PR DAVIS RD||||S-VA136PR DAVIS RD|Davis Rd|Davis Rd|136|City of Waynesboro|136|City of Waynesboro|    Vedette St| 136838|0|0|.09|    Northgate Ave| 136839|0|0|.17|    01/01/2022|4154|F|98|0|0|0|0|0|F|.095|6 |.56|4407|F||||||||||||||
679330|0|S-VA136PR FLORENCE AVE||||S-VA136PR FLORENCE AVE|Florence Ave|Florence Ave|136|City of Waynesboro|136|City of Waynesboro|    Ohio St| 136891|0|0|0|    | 136900|0|0|.74|    01/01/2022|915|F|98|0|1|1|0|0|F|.099|6 |.52|972|F||||||||||||||
679850|0|S-VA136PR GUILFORD LN||||S-VA136PR GUILFORD LN|Guilford Ln|Guilford Lane|136|City of Waynesboro|136|City of Waynesboro|    White Bridge Rd| 136964|0|0|0|    Hampton Dr| 136965|0|0|.07|    01/01/2022|1317|F|98|0|1|0|0|0|C|.1|6 |.5|1400|F||||||||||||||
679355|0|S-VA136PR GUILFORD LN||||S-VA136PR GUILFORD LN|Guilford Ln|Guilford Lane|136|City of Waynesboro|136|City of Waynesboro|    Hampton Dr| 136965|0|0|.07|    Ivy St| 136534|0|0|.15|    01/01/2022|1722|F|99|0|1|0|0|0|C|.1|6 |.5|1830|F||||||||||||||
679301|0|S-VA136PR HOPEMAN PKWY||||S-VA136PR HOPEMAN PKWY|Hopeman Pkwy|Hopeman Pkwy|136|City of Waynesboro|136|City of Waynesboro|    Main St| 136488|0|0|0|    | 136533|0|0|.91|    01/01/2022|9882|F|97|1|1|1|1|0|F|.089|6 |.51|10498|F||||||||||||||
679302|0|S-VA136PR HOPEMAN PKWY||||S-VA136PR HOPEMAN PKWY|Hopeman Pkwy|Hopeman Pkwy|136|City of Waynesboro|136|City of Waynesboro|    Ivy St| 136533|0|0|.91|    King Ave| 136853|0|0|1.89|    01/01/2022|7971|F|97|1|1|1|1|0|F|.09|6 |.54|8468|F||||||||||||||
679303|0|S-VA136PR HOPEMAN PKWY||||S-VA136PR HOPEMAN PKWY|Hopeman Pkwy|Hopeman Pkwy|136|City of Waynesboro|136|City of Waynesboro|    King Ave| 136853|0|0|1.89|    Genicom Dr| 136856|0|0|2.41|    01/01/2022|6774|F|97|1|1|1|1|0|F|.096|6 |.51|7196|F||||||||||||||
679304|0|S-VA136PR HOPEMAN PKWY||||S-VA136PR HOPEMAN PKWY|Hopeman Pkwy|Hopeman Pkwy|136|City of Waynesboro|136|City of Waynesboro|    Genicom Dr| 136856|0|0|2.41|    Delphine Ave| 136623|0|0|2.76|    01/01/2022|6270|F|97|1|1|1|1|0|C|.097|6 |.58|6661|F||||||||||||||
679308|0|S-VA136PR KING AVE||||S-VA136PR KING AVE|King Ave|King Ave|136|City of Waynesboro|136|City of Waynesboro|    Ivy St| 136530|0|0|0|    | 136913|0|0|.62|    01/01/2022|3733|F|98|0|1|0|0|0|C|.087|6 |.59|3963|F||||||||||||||
679306|0|S-VA136PR KING AVE||||S-VA136PR KING AVE|King Ave|King Ave|136|City of Waynesboro|136|City of Waynesboro|    Bridge St| 136913|0|0|.62|    Hopeman Pkwy| 136853|0|0|1.19|    01/01/2022|2934|F|98|0|1|0|0|0|C|.099|6 |.53|3115|F||||||||||||||
679861|0|S-VA136PR KIRBY AVE||||S-VA136PR KIRBY AVE|Kirby Ave|Kirby St|136|City of Waynesboro|136|City of Waynesboro|    Shenandoah Ave| 714940|0|0|.616|    A Street| 136956|0|0|.736|    01/01/2022|273|F|92|5|1|1|0|0|C|.111|6 |.54|290|F||||||||||||||
679853|0|S-VA136PR LEW DEWITT BLVD||||S-VA136PR LEW DEWITT BLVD|Lew Dewitt Blvd|Lew Dewitt Blvd|136|City of Waynesboro|136|City of Waynesboro|    US 250 Main St| 713302|0|0|0|    US 3340 Rosser Ave|1053826|0|0|1.45|    01/01/2022|12572|F|98|0|1|0|1|0|C|.095|6 |.53|13340|F||||||||||||||
679319|0|S-VA136PR LYNDHURST RD||||S-VA136PR LYNDHURST RD|Lyndhurst Rd|Lyndhurst Rd|136|City of Waynesboro|136|City of Waynesboro|    Woodrow Ave| 136882|0|0|0|    Meadowbrook Rd| 136848|0|0|.66|    01/01/2022|5553|F|98|0|1|1|0|0|F|.097|6 |.55|5896|F||||||||||||||
679349|0|S-VA136PR LYNDHURST RD||||S-VA136PR LYNDHURST RD|Lyndhurst Rd|Lyndhurst Rd|136|City of Waynesboro|136|City of Waynesboro|    Meadowbrook Rd| 136848|0|0|.66|    SWCL Waynesboro| 135339|0|0|2.27|    01/01/2022|3264|F|98|0|1|1|0|0|C|.099|6 |.52|3466|F||||||||||||||
679318|0|S-VA136PR MEADOW BROOK RD||||S-VA136PR MEADOW BROOK RD|Meadow Brook Rd|Meadowbrook Rd|136|City of Waynesboro|136|City of Waynesboro|    Northgate Ave| 136844|0|0|0|    Lyndhurst Rd| 136848|0|0|.78|    01/01/2022|3342|F|98|0|0|0|0|0|C|.091|6 |.51|3549|F||||||||||||||
781820|0|S-VA136PR NEW HOPE RD||||S-VA136PR NEW HOPE RD|New Hope Rd|New Hope Rd|136|City of Waynesboro|136|City of Waynesboro|    Dead End| 136901|0|0|.337|    Dead End| 136905|0|0|.797|    01/01/2022|373|F|95|1|3|0|0|0|C|.157|6 |.57|396|F||||||||||||||
679357|0|S-VA136PR NORTHGATE AVE||||S-VA136PR NORTHGATE AVE|Northgate Ave|Northgate Ave|136|City of Waynesboro|136|City of Waynesboro|    US 340 Rosser Ave| 136844|0|0|.44|    | 136839|0|0|.88|    01/01/2022|3109|F|98|0|0|0|0|0|C|.086|6 |.52|3302|F||||||||||||||
679350|0|S-VA136PR OAK LN S||||S-VA136PR OAK LN S|Oak Ln S|Oak Lane|136|City of Waynesboro|136|City of Waynesboro|    Delphine Ave| 135216|0|0|0|    Jurisdiction Boundary: 136 City of Waynesboro|1008560|0|0|1.052|    01/01/2022|444|F|97|0|1|0|1|0|C|.115|6 |.64|472|F||||||||||||||
679315|0|S-VA136PR POPLAR AVE||||S-VA136PR POPLAR AVE|Poplar Ave|Poplar Ave|136|City of Waynesboro|136|City of Waynesboro|    13th St| 136821|0|0|.07|    Main St| 136528|0|0|.36|    01/01/2022|1760|F|95|1|1|1|1|0|C|.157|6 |.6|1870|F||||||||||||||
679862|0|S-VA136PR S DELPHINE AVE||||S-VA136PR S DELPHINE AVE|S Delphine Ave|Delphine Ave|136|City of Waynesboro|136|City of Waynesboro|    US 250 Main St| 136477|0|0|0|    Windsor Rd| 136916|0|0|1.4|    01/01/2022|7825|F|92|1|1|2|4|0|C|.092|6 |.54|8313|F||||||||||||||
679863|0|S-VA136PR S DELPHINE AVE||||S-VA136PR S DELPHINE AVE|S Delphine Ave|Delphine Ave|136|City of Waynesboro|136|City of Waynesboro|    Windsor Rd| 136916|0|0|1.4|    I-64| 136961|0|0|2.22|    01/01/2022|9800|F|92|1|1|2|4|0|F|.09|6 |.57|10407|F||||||||||||||
679351|0|S-VA136PR S DELPHINE AVE||||S-VA136PR S DELPHINE AVE|S Delphine Ave|Delphine Ave|136|City of Waynesboro|136|City of Waynesboro|    I-64| 136961|0|0|2.22|    SCL Waynesboro (pre-update)|1274619|0|0|3.52|    01/01/2022|4821|F|88|1|1|1|9|0|C|.112|6 |.56|5119|F||||||||||||||
679358|0|S-VA136PR SHENANDOAH AVE||||S-VA136PR SHENANDOAH AVE|Shenandoah Ave|Shenandoah Ave|136|City of Waynesboro|136|City of Waynesboro|    Delphine Ave|1007914|0|0|0|    |1007924|0|0|.837|    01/01/2022|709|F|97|2|1|0|0|0|C|.103|6 |.58|754|F||||||||||||||
780447|0|S-VA136PR SHENANDOAH VILLAGE DR||||S-VA136PR SHENANDOAH VILLAGE DR|Shenandoah Village Dr|Shenandoah Village Dr|136|City of Waynesboro|136|City of Waynesboro|    |1008589|0|0|.49|    Dead End|1008590|0|0|1.03|    06/25/2013|2956|R|||||||X||24|||X||||||||||||||
679344|0|S-VA136PR SHERWOOD AVE||||S-VA136PR SHERWOOD AVE|Sherwood Ave|Sherwood Rd|136|City of Waynesboro|136|City of Waynesboro|    Hopeman Pkwy| 136854|0|0|1.02|    NCL Waynesboro| 135764|0|0|1.2|    01/01/2022|841|F|96|0|1|2|0|0|C|.097|6 |.66|894|F||||||||||||||
679356|0|S-VA136PR VEDETTE AVE||||S-VA136PR VEDETTE AVE|Vedette Ave|Vedette Ave|136|City of Waynesboro|136|City of Waynesboro|    US 250 Main St| 136490|0|0|0|    | 136838|0|0|.56|    01/01/2022|4031|F|98|0|0|0|0|0|C|.093|6 |.56|4278|F||||||||||||||
679322|0|S-VA136PR WAYNE AVE||||S-VA136PR WAYNE AVE|Wayne Ave|Wayne Ave|136|City of Waynesboro|136|City of Waynesboro|    Woodrow Ave| 136882|0|0|0|    | 136828|0|0|.37|    01/01/2022|4700|F|98|0|1|1|0|0|F|.1|6 |.54|4991|F||||||||||||||
679326|0|S-VA136PR WAYNE AVE||||S-VA136PR WAYNE AVE|Wayne Ave|Wayne Ave|136|City of Waynesboro|136|City of Waynesboro|    13th St| 136828|0|0|.37|    US 340 Main St| 136634|0|0|.76|    01/01/2022|4230|F|99|0|0|0|0|0|C|.1|6 |.56|4491|F||||||||||||||
679345|0|S-VA136PR WAYNE AVE||||S-VA136PR WAYNE AVE|Wayne Ave|Wayne Ave|136|City of Waynesboro|136|City of Waynesboro|    US 340 Main St| 136634|0|0|.76|    | 136890|0|0|.88|    01/01/2022|2745|F|99|0|1|0|0|0|C|.095|6 |.59|2914|F||||||||||||||
679359|0|S-VA136PR WHITE BRIDGE RD||||S-VA136PR WHITE BRIDGE RD|White Bridge Rd|Whitebridge Rd|136|City of Waynesboro|136|City of Waynesboro|    Guilford Lane| 136964|0|0|0|    NCL Waynesboro| 135673|0|0|1|    01/01/2022|1104|F|99|0|1|0|0|0|C|.108|6 |.53|1174|F||||||||||||||
679321|0|S-VA136PR WINDSOR RD||||S-VA136PR WINDSOR RD|Windsor Rd|Windsor Rd|136|City of Waynesboro|136|City of Waynesboro|    Delphine Ave| 136916|0|0|0|    Lyndhurst Rd| 136881|0|0|.43|    01/01/2022|3940|F|99|0|0|0|0|0|C|.104|6 |1|4183|F||||||||||||||
