sep=|
- - 2022 AADT Report for Town of Dayton - -
LINKID|SEQUENCENUMBER|RTE_NM|RTE_NM_2|RTE_NM_3|RTE_NM_4|Host RTE_NM|Route Label|Street Name|Physical Jurisdiction|Physical Jurisdiciton Name|Maintenance Jurisdiction|Maintenance Jurisdiciton Name|    Start Label|Start Node|Start Node Route Sequence|Star tOffset|Start Milepoint|    End Label|End Node|End Node Route Sequence|End Offset|End Milepoint|    VPDDate|AADT|AADT Quality|Passenger Vehicle|Bus|Truck 2 Axle|Truck 3 Axle|Truck 1 Trailer|Truck 2 Trailer|Class Quality|K Factor|K Factor Quality|Direction Factor|AAWDT|AAWDT Quality|AADT Dir|AADT Quality Dir|PassengerVehicle Dir|Bus Dir|Truck 2 Axle Dir|Truck 3 Axle Dir|Truck 1 Trailer Dir|Truck 2 Trailer Dir|Class Quality Dir|K Factor Dir|K Factor Quality Dir|Direction Factor Dir|AAWDT Dir|AAWDT Quality Dir
785275|0|R-VA   SR00042NB||||R-VA   SR00042NB|VA 42|John Wayland Hwy|206|Town of Dayton|082|Rockingham County|    Jurisdiction Boundary: 176 Town of Bridgewater / 082 Rockingham County| 722646|0|0|222.82|    BUS SR 42| 587666|0|0|223.23|    01/01/2022|11746|G|95|1|1|1|2|0|F|.087|6 |.56|13011|G||||||||||||||
080264|0|R-VA   SR00042NB||||R-VA   SR00042NB|VA 42|John Wayland Hwy|206|Town of Dayton|082|Rockingham County|    BUS SR 42| 587666|0|0|223.23|    Physical Jurisdiction Boundary: 206 Town of Dayton / 082 Rockingham County| 587662|0|0|224.8|    01/01/2022|14644|A|97|0|0|1|1|0|C|.116|1 |.5|16361|A||||||||||||||
080456|0|R-VA   SR00042NBBUS001|R-VA   SR00257EB|||R-VA   SR00042NBBUS001|BUS VA 42, VA 257|Mason St|206|Town of Dayton|082|Rockingham County|    SR 42 S John Wayland Hwy| 587666|0|0|0|    SR 257 Ottobine Rd| 586891|0|0|.04|    01/01/2022|7954|G|96|0|1|2|0|0|F|.087|6 |.64|8071|G||||||||||||||
080455|0|R-VA   SR00042NBBUS001||||R-VA   SR00042NBBUS001|BUS VA 42|Main St|206|Town of Dayton|082|Rockingham County|    SR 257 Mason St| 586891|0|0|.04|    S SR 290 Huffman Dr| 587707|0|0|.15|    01/01/2022|2544|G|96|0|1|2|0|0|F|.109|6 |.52|2770|G||||||||||||||
080454|0|R-VA   SR00042NBBUS001|R-VA   SR00290NB|||R-VA   SR00042NBBUS001|BUS VA 42, VA 290|Main St|206|Town of Dayton|082|Rockingham County|    SR 290 S Huffman Dr| 587707|0|0|.15|    SR 290 N College St| 587706|0|0|.22|    01/01/2022|4241|G|96|0|1|2|0|0|F|.105|6 |.54|4616|G||||||||||||||
080453|0|R-VA   SR00042NBBUS001||||R-VA   SR00042NBBUS001|BUS VA 42|Main St|206|Town of Dayton|082|Rockingham County|    SR 290 N College St| 587706|0|0|.22|    | 722432|0|0|.82|    01/01/2022|1542|G|96|0|1|2|0|0|C|.095|6 |.53|1678|G||||||||||||||
080456|0|R-VA   SR00257EB|R-VA   SR00042NBBUS001|||R-VA   SR00042NBBUS001|BUS VA 42, VA 257|Mason St|206|Town of Dayton|082|Rockingham County|    SR 42 S John Wayland Hwy| 586891|0|0|11.89|    SR 257 Ottobine Rd| 586891|0|0|11.93|    01/01/2022|7954|G|96|0|1|2|0|0|F|.087|6 |.64|8071|G||||||||||||||
080476|0|R-VA   SR00290NB||||R-VA   SR00290NB|VA 290|Huffman Dr|206|Town of Dayton|082|Rockingham County|    ECL Dayton| 586386|0|0|0|    SR 42 John Wayland Hwy| 587665|0|0|.15|    01/01/2022|12261|G|95|3|1|0|0|0|F|.09|6 |.52|13342|G||||||||||||||
080475|0|R-VA   SR00290NB||||R-VA   SR00290NB|VA 290|Huffman Dr|206|Town of Dayton|082|Rockingham County|    SR 42 John Wayland Hwy| 587665|0|0|.15|    S SR 42 Bus| 587707|0|0|.21|    01/01/2022|2492|G|95|3|1|0|0|0|F|.107|6 |.58|2711|G||||||||||||||
080454|0|R-VA   SR00290NB|R-VA   SR00042NBBUS001|||R-VA   SR00042NBBUS001|BUS VA 42, VA 290|Main St|206|Town of Dayton|082|Rockingham County|    SR 290 S Huffman Dr| 587707|0|0|.21|    SR 290 N College St| 587706|0|0|.28|    01/01/2022|4241|G|96|0|1|2|0|0|F|.105|6 |.54|4616|G||||||||||||||
080474|0|R-VA   SR00290NB||||R-VA   SR00290NB|VA 290|College St|206|Town of Dayton|082|Rockingham County|    N SR 42 Bus| 587706|0|0|.28|    | 587426|0|0|.61|    01/01/2022|2632|G|95|3|1|0|0|0|C|.132|6 |.59|2865|G||||||||||||||
768237|0|R-VA082SC00713EB||||R-VA082SC00713EB|82-713|Brunk Lane|206|Town of Dayton|082|Rockingham County|    Dead End| 586416|0|0|0|    SR 42 John Wayland Hwy| 586417|0|0|.07|    12/13/2021|94|R|||||||X||24|||X||||||||||||||
768238|0|R-VA082SC00713EB||||R-VA082SC00713EB|82-713|Meigs Lane|206|Town of Dayton|082|Rockingham County|    SR 42 John Wayland Hwy| 586417|0|0|.07|    Dead End| 586418|0|0|.17|    04/10/2018|828|R|||||||X||24|||X||||||||||||||
402767|0|R-VA082SC00732EB||||R-VA082SC00732EB|82-732|Bowman Rd|206|Town of Dayton|082|Rockingham County|    Jurisdiction Boundary: 082 Rockingham County|1271747|0|0|9.05|    82-1203 West View St| 586480|0|0|9.15|    01/01/2022|455|G|87|1|2|3|5|0|C|.139|6 |.51|453|G||||||||||||||
406656|0|R-VA082SC00732EB||||R-VA082SC00732EB|82-732|Bowman Rd|206|Town of Dayton|082|Rockingham County|    82-1203 West View St| 586480|0|0|9.15|    82-1204 Ashby St| 586479|0|0|9.24|    01/01/2022|1829|G|94|1|2|1|1|0|C|.167|6 |.66|1988|G||||||||||||||
402768|0|R-VA082SC00732EB||||R-VA082SC00732EB|82-732|Bowman Rd|206|Town of Dayton|082|Rockingham County|    82-1204 Ashby St| 586479|0|0|9.24|    82-1207 High St| 586478|0|0|9.5|    01/01/2022|3185|G|94|3|1|1|1|0|C|.167|6 |.66|3465|G||||||||||||||
402769|0|R-VA082SC00732EB||||R-VA082SC00732EB|82-732|Bowman Rd|206|Town of Dayton|082|Rockingham County|    82-1207 High St| 586478|0|0|9.5|    SR 290 Gap| 587417|0|0|9.56|    01/01/2022|3388|G|94|1|1|1|2|0|F|.149|6 |.62|3681|G||||||||||||||
768832|0|R-VA082SC01201EB||||R-VA082SC01201EB|82-1201|Turner St|206|Town of Dayton|082|Rockingham County|    82-1203 West View St| 586868|0|0|0|    82-1204 Ashby St| 586867|0|0|.08|    07/30/2012|25|R|||||||X||24|||X||||||||||||||
768833|0|R-VA082SC01202NB||||R-VA082SC01202NB|82-1202|Sunset Dr|206|Town of Dayton|082|Rockingham County|    SR 257 Ottobine Rd| 586869|0|0|0|    82-1209 Thompson| 586870|0|0|.17|    07/30/2012|252|R|||||||X||24|||X||||||||||||||
768834|0|R-VA082SC01202NB||||R-VA082SC01202NB|82-1202|Sunset Dr|206|Town of Dayton|082|Rockingham County|    82-1209 Thompson| 586870|0|0|.17|    WCL Dayton; 82-1208| 586871|0|0|.29|    07/30/2012|208|R|||||||X||24|||X||||||||||||||
768835|0|R-VA082SC01202NB||||R-VA082SC01202NB|82-1202|Sunset Dr|206|Town of Dayton|082|Rockingham County|    WCL Dayton; 82-1208| 586871|0|0|.29|    Dead End| 711126|0|0|.58|    04/10/2018|189|T|||||||X||24|||X||||||||||||||
768836|0|R-VA082SC01203NB||||R-VA082SC01203NB|82-1203|West View St|206|Town of Dayton|082|Rockingham County|    SR 257 Ottobine Rd| 586872|0|0|0|    82-732 Bowman Rd| 586480|0|0|.45|    07/30/2012|582|R|||||||X||24|||X||||||||||||||
768837|0|R-VA082SC01204NB||||R-VA082SC01204NB|82-1204|Ashby St|206|Town of Dayton|082|Rockingham County|    SR 257 Ottobine Rd| 586879|0|0|0|    | 586479|0|0|.45|    01/01/2022|590|G|95|3|2|0|0|0|C|.285|6 |.77|994|G||||||||||||||
768838|0|R-VA082SC01205NB||||R-VA082SC01205NB|82-1205|Summit St|206|Town of Dayton|082|Rockingham County|    SR 257 Ottobine Rd| 586880|0|0|0|    82-1209 Thompson| 586882|0|0|.143|    07/30/2012|122|R|||||||X||24|||X||||||||||||||
768839|0|R-VA082SC01205NB||||R-VA082SC01205NB|82-1205|Summit St|206|Town of Dayton|082|Rockingham County|    82-1209 Thompson| 586882|0|0|.143|    82-1208 Mill St| 586883|0|0|.28|    07/30/2012|98|R|||||||X||24|||X||||||||||||||
768840|0|R-VA082SC01206NB||||R-VA082SC01206NB|82-1206|East View St|206|Town of Dayton|082|Rockingham County|    SR 257 Ottobine Rd| 586886|0|0|0|    82-1209 Thompson| 586885|0|0|.12|    07/30/2012|226|R|||||||X||24|||X||||||||||||||
768841|0|R-VA082SC01206NB||||R-VA082SC01206NB|82-1206|East View St|206|Town of Dayton|082|Rockingham County|    82-1209 Thompson| 586885|0|0|.12|    82-1208 Mill St| 586884|0|0|.25|    07/30/2012|138|R|||||||X||24|||X||||||||||||||
768842|0|R-VA082SC01207NB||||R-VA082SC01207NB|82-1207|High St|206|Town of Dayton|082|Rockingham County|    82-1209 Thompson| 586888|0|0|0|    82-732 Bowman Rd| 586478|0|0|.4|    07/30/2012|197|R|||||||X||24|||X||||||||||||||
768843|0|R-VA082SC01208EB||||R-VA082SC01208EB|82-1208|Mill St|206|Town of Dayton|082|Rockingham County|    WCL Dayton| 586871|0|0|0|    | 586889|0|0|.56|    12/13/2021|506|R|||||||X||24|||X||||||||||||||
798859|0|R-VA082SC01209EB||||R-VA082SC01209EB|82-1209| |206|Town of Dayton|082|Rockingham County|    82-1227| 754161|0|0|0|    82-1202 Sunset Dr| 586870|0|0|.26|    07/30/2012|86|R|||||||X||24|||X||||||||||||||
768844|0|R-VA082SC01209EB||||R-VA082SC01209EB|82-1209|Thompson|206|Town of Dayton|082|Rockingham County|    82-1202 Sunset Dr| 586870|0|0|.26|    82-1203 West View St| 586874|0|0|.33|    06/23/2015|234|R|||||||X||24|||X||||||||||||||
768845|0|R-VA082SC01209EB||||R-VA082SC01209EB|82-1209|Thompson|206|Town of Dayton|082|Rockingham County|    82-1203 West View Ave| 586874|0|0|.33|    82-1204 Ashby St| 586877|0|0|.42|    06/23/2015|322|R|||||||X||24|||X||||||||||||||
768846|0|R-VA082SC01209EB||||R-VA082SC01209EB|82-1209|Thompson|206|Town of Dayton|082|Rockingham County|    82-1204 Ashby Ave| 586877|0|0|.42|    82-1207 High St| 586888|0|0|.68|    07/30/2012|332|R|||||||X||24|||X||||||||||||||
768847|0|R-VA082SC01210EB||||R-VA082SC01210EB|82-1210|Stover|206|Town of Dayton|082|Rockingham County|    82-1203 West View St| 586873|0|0|0|    82-1204 Ashby St| 586878|0|0|.09|    07/30/2012|89|R|||||||X||24|||X||||||||||||||
768848|0|R-VA082SC01210EB||||R-VA082SC01210EB|82-1210|Stover St|206|Town of Dayton|082|Rockingham County|    82-1204 Ashby St| 586878|0|0|.09|    82-1205 Summit Ave| 586881|0|0|.18|    07/30/2012|45|R|||||||X||24|||X||||||||||||||
768849|0|R-VA082SC01211EB||||R-VA082SC01211EB|82-1211| |206|Town of Dayton|082|Rockingham County|    SR 257; Bus SR 42| 586891|0|0|0|    SR 42 John Wayland Hwy| 586892|0|0|.1|    12/13/2021|259|R|||||||X||24|||X||||||||||||||
768850|0|R-VA082SC01212EB||||R-VA082SC01212EB|82-1212| |206|Town of Dayton|082|Rockingham County|    Dead End| 710177|0|0|0|    82-732 Bowman Rd| 710178|0|0|.32|    04/10/2018|634|R|||||||X||24|||X||||||||||||||
803209|0|R-VA082SC01225NB||||R-VA082SC01225NB|82-1225| |206|Town of Dayton|082|Rockingham County|    SR 257 Ottobine Rd| 756154|0|0|0|    82-1209| 754160|0|0|.18|    04/10/2018|330|R|||||||X||24|||X||||||||||||||
803210|0|R-VA082SC01226EB||||R-VA082SC01226EB|82-1226| |206|Town of Dayton|082|Rockingham County|    End State Maintenance| 756156|0|0|0|    82-1225|1000914|0|0|.18|    04/10/2018|98|R|||||||X||24|||X||||||||||||||
798674|0|R-VA082SC01227NB||||R-VA082SC01227NB|82-1227| |206|Town of Dayton|082|Rockingham County|    82-1209 (pre-update)| 756157|0|0|0|    82-1229| 754164|0|0|.13|    04/10/2018|69|R|||||||X||24|||X||||||||||||||
798675|0|R-VA082SC01228NB||||R-VA082SC01228NB|82-1228| |206|Town of Dayton|082|Rockingham County|    82-1209 (pre-update)|1000914|0|0|0|    82-1229| 754162|0|0|.16|    04/10/2018|122|R|||||||X||24|||X||||||||||||||
798676|0|R-VA082SC01229EB||||R-VA082SC01229EB|82-1229| |206|Town of Dayton|082|Rockingham County|    Dead End| 754163|0|0|0|    82-1228| 754162|0|0|.15|    04/10/2018|68|R|||||||X||24|||X||||||||||||||
798677|0|R-VA082SC01229EB||||R-VA082SC01229EB|82-1229| |206|Town of Dayton|082|Rockingham County|    82-1228| 754162|0|0|.15|    Cul-de-Sac| 754166|0|0|.2|    04/07/2018|42|T|||||||X||24|||X||||||||||||||
769033|0|R-VA082SC09370NB||||R-VA082SC09370NB|82-9370|Metts Dr|206|Town of Dayton|082|Rockingham County|    0.46 MN 82-732 Turner Rd|1114651|0|0|0|    0.50 MN 82-732 Turner Rd|1114650|0|0|.311|    04/10/2018|294|R|||||||X||24|||X||||||||||||||
769034|0|R-VA082SC09370NB||||R-VA082SC09370NB|82-9370|Metts Dr|206|Town of Dayton|082|Rockingham County|    0.50 MN 82-732 Turner Rd|1114650|0|0|.311|    Dayton Elem Sch| 587049|0|0|.55|    04/10/2018|442|R|||||||X||24|||X||||||||||||||
