sep=|
- - 2022 AADT Report for Town of Smithfield - -
LINKID|SEQUENCENUMBER|RTE_NM|RTE_NM_2|RTE_NM_3|RTE_NM_4|Host RTE_NM|Route Label|Street Name|Physical Jurisdiction|Physical Jurisdiciton Name|Maintenance Jurisdiction|Maintenance Jurisdiciton Name|    Start Label|Start Node|Start Node Route Sequence|Star tOffset|Start Milepoint|    End Label|End Node|End Node Route Sequence|End Offset|End Milepoint|    VPDDate|AADT|AADT Quality|Passenger Vehicle|Bus|Truck 2 Axle|Truck 3 Axle|Truck 1 Trailer|Truck 2 Trailer|Class Quality|K Factor|K Factor Quality|Direction Factor|AAWDT|AAWDT Quality|AADT Dir|AADT Quality Dir|PassengerVehicle Dir|Bus Dir|Truck 2 Axle Dir|Truck 3 Axle Dir|Truck 1 Trailer Dir|Truck 2 Trailer Dir|Class Quality Dir|K Factor Dir|K Factor Quality Dir|Direction Factor Dir|AAWDT Dir|AAWDT Quality Dir
780608|0|R-VA   FR00661NB||||R-VA   FR00661NB|FR 661|Pole Rd|300|Town of Smithfield|046|Isle of Wight County|    US 258; 300-640| 393546|0|0|0|    Dead End| 393586|0|0|.19|    05/23/2017|175|R|||||||X||24|||X||||||||||||||
780762|0|R-VA   FR00828EB||||R-VA   FR00828EB|FR 828|Cypress Crossing|300|Town of Smithfield|046|Isle of Wight County|    Dead End| 393589|0|0|0|    US 258 Benns Church Blvd|1033300|0|0|.57|    05/23/2017|877|R|||||||X||24|||X||||||||||||||
050246|0|R-VA   SR00010EB||||R-VA   SR00010EB|VA 10| |300|Town of Smithfield|046|Isle of Wight County|    NCL Smithfield| 393521|0|0|73.24|    US 258 Main St West| 393520|0|0|74.02|    01/01/2022|9029|G|96|1|1|1|2|0|F|.092|6 |.56|9530|G||||||||||||||
050245|0|R-VA   SR00010EB|R-VA   US00258EB|||R-VA   SR00010EB|US 258, VA 10| |300|Town of Smithfield|046|Isle of Wight County|    Main St West| 393520|0|0|74.02|    Bus US 258, Bus SR 10 Church St South| 859036|0|0|76.32|    01/01/2022|16779|G|94|1|1|1|2|0|C|.092|6 |.52|17708|G||||||||||||||
050253|0|R-VA   SR00010EB|R-VA   US00258EB|||R-VA   US00258EB|US 258, VA 10|Benns Church Blvd|300|Town of Smithfield|046|Isle of Wight County|    Bus US 258| 859036|0|0|76.32|    Old SCL Smithfield| 393548|0|0|76.63|    01/01/2022|24788|G|95|1|1|2|2|0|F|.092|6 |.52|26175|G||||||||||||||
050570|0|R-VA   SR00010EB|R-VA   US00258EB|||R-VA   US00258EB|US 258, VA 10|Benns Church Blvd|300|Town of Smithfield|046|Isle of Wight County|    Old SCL Smithfield| 393548|0|0|76.63|    SCL Smithfield; 46-644 Turner Dr| 393172|0|0|77.28|    01/01/2022|21741|G|95|1|1|2|2|0|F|.09|6 |.53|23111|G||||||||||||||
669012|0|R-VA   SR00010NBBUS001|R-VA   US00258EBBUS001|||R-VA   US00258EBBUS001|BUS US 258, BUS VA 10|South Church St|300|Town of Smithfield|046|Isle of Wight County|    Battery Park Road| 859036|0|0|0|    SR 10 Bypass| 859036|0|0|.85|    01/01/2022|12394|G|99|0|0|0|0|0|F|.098|6 |.56|13087|G||||||||||||||
669014|0|R-VA   SR00010NBBUS001|R-VA   US00258EBBUS001|||R-VA   US00258EBBUS001|BUS US 258, BUS VA 10|Church St|300|Town of Smithfield|046|Isle of Wight County|    Main Street| 393566|0|0|.85|    Red Point Drive| 393566|0|0|1.64|    01/01/2022|10582|G|99|0|0|0|0|0|F|.121|6 |.51|11175|G||||||||||||||
669013|0|R-VA   SR00010NBBUS001|R-VA   US00258EBBUS001|||R-VA   US00258EBBUS001|BUS US 258, BUS VA 10|South Church St|300|Town of Smithfield|046|Isle of Wight County|    Red Point Drive| 393573|0|0|1.64|    Battery Park Road| 393573|0|0|2.43|    01/01/2022|10913|G|99|0|0|0|0|0|C|.103|6 |.53|11517|G||||||||||||||
669010|0|R-VA   SR00010NBBUS001||||R-VA   SR00010NBBUS001|BUS VA 10|North Church St|300|Town of Smithfield|046|Isle of Wight County|    Bus US 258 Main St| 393523|0|0|2.43|    Berry Hill Rd| 393528|0|0|3.27|    01/01/2022|5701|G|99|0|0|0|0|0|C|.117|6 |.61|6034|G||||||||||||||
050580|0|R-VA   SR00010NBBUS001||||R-VA   SR00010NBBUS001|BUS VA 10|Old Stage Hwy|300|Town of Smithfield|046|Isle of Wight County|    Berry Hill Rd| 393528|0|0|3.27|    Physical Jurisdiction Boundary: 300 Town of Smithfield / 046 Isle of Wight County|1128192|0|0|3.7|    01/01/2022|3414|G|95|2|1|1|0|0|C|.115|6 |.55|3324|G||||||||||||||
669004|0|R-VA   SR00258EBALT001||||R-VA   SR00258EBALT001|ALT VA 258|Grace St|300|Town of Smithfield|046|Isle of Wight County|    Main St| 393551|0|0|0|    Cary St| 393552|0|0|.14|    01/01/2022|3611|G|97|0|1|0|0|0|F|.101|6 |.58|3830|G||||||||||||||
669005|0|R-VA   SR00258EBALT001||||R-VA   SR00258EBALT001|ALT VA 258|Grace St|300|Town of Smithfield|046|Isle of Wight County|    Cary St| 393552|0|0|.14|    North Church St| 393524|0|0|.48|    01/01/2022|2484|G|97|0|1|0|0|0|C|.114|6 |.73|2621|G||||||||||||||
050054|0|R-VA   US00258EB||||R-VA   US00258EB|US 258|Courthouse Hwy|300|Town of Smithfield|046|Isle of Wight County|    WCL Smithfield; 46-709 Waterworks Rd| 393293|0|0|43.74|    Old WCL Smithfield| 393542|0|0|44.01|    01/01/2022|8850|G|94|1|1|1|3|0|C|.091|6 |.6|9340|G||||||||||||||
669006|0|R-VA   US00258EB||||R-VA   US00258EB|US 258|Main St|300|Town of Smithfield|046|Isle of Wight County|    Old WCL Smithfield| 393542|0|0|44.01|    | 393520|0|0|44.77|    01/01/2022|11535|G|94|1|1|1|2|0|C|.094|6 |.57|12174|G||||||||||||||
050245|0|R-VA   US00258EB|R-VA   SR00010EB|||R-VA   SR00010EB|US 258, VA 10| |300|Town of Smithfield|046|Isle of Wight County|    Main St West| 393520|0|0|44.77|    Bus US 258, Bus SR 10 Church St South| 859036|0|0|47.07|    01/01/2022|16779|G|94|1|1|1|2|0|C|.092|6 |.52|17708|G||||||||||||||
050253|0|R-VA   US00258EB|R-VA   SR00010EB|||R-VA   US00258EB|US 258, VA 10|Benns Church Blvd|300|Town of Smithfield|046|Isle of Wight County|    Bus US 258| 859036|0|0|47.07|    Old SCL Smithfield| 393548|0|0|47.38|    01/01/2022|24788|G|95|1|1|2|2|0|F|.092|6 |.52|26175|G||||||||||||||
050570|0|R-VA   US00258EB|R-VA   SR00010EB|||R-VA   US00258EB|US 258, VA 10|Benns Church Blvd|300|Town of Smithfield|046|Isle of Wight County|    Old SCL Smithfield| 393548|0|0|47.38|    SCL Smithfield; 46-644 Turner Dr| 393172|0|0|48.03|    01/01/2022|21741|G|95|1|1|2|2|0|F|.09|6 |.53|23111|G||||||||||||||
669007|0|R-VA   US00258EBBUS001||||R-VA   US00258EBBUS001|BUS US 258|Main St|300|Town of Smithfield|046|Isle of Wight County|    SR 10 Bypass| 393520|0|0|0|    Grace Street| 393551|0|0|.2|    01/01/2022|7595|G|99|0|0|0|0|0|F|.103|6 |.59|8016|G||||||||||||||
669008|0|R-VA   US00258EBBUS001||||R-VA   US00258EBBUS001|BUS US 258|Main St|300|Town of Smithfield|046|Isle of Wight County|    Grace Street| 393551|0|0|.2|    Cary Street| 393558|0|0|.3|    01/01/2022|4572|G|99|0|0|0|0|0|F|.102|6 |.52|4825|G||||||||||||||
669009|0|R-VA   US00258EBBUS001||||R-VA   US00258EBBUS001|BUS US 258|Main St|300|Town of Smithfield|046|Isle of Wight County|    Cary Street| 393558|0|0|.3|    Church Street| 393523|0|0|.64|    01/01/2022|3043|G|96|1|1|1|0|0|C|.102|6 |.52|3211|G||||||||||||||
669014|0|R-VA   US00258EBBUS001|R-VA   SR00010NBBUS001|||R-VA   US00258EBBUS001|BUS US 258, BUS VA 10|Church St|300|Town of Smithfield|046|Isle of Wight County|    Main Street| 393523|0|0|.64|    Red Point Drive| 393566|0|0|1.43|    01/01/2022|10582|G|99|0|0|0|0|0|F|.121|6 |.51|11175|G||||||||||||||
669013|0|R-VA   US00258EBBUS001|R-VA   SR00010NBBUS001|||R-VA   US00258EBBUS001|BUS US 258, BUS VA 10|South Church St|300|Town of Smithfield|046|Isle of Wight County|    Red Point Drive| 393566|0|0|1.43|    Battery Park Road| 393573|0|0|2.22|    01/01/2022|10913|G|99|0|0|0|0|0|C|.103|6 |.53|11517|G||||||||||||||
669012|0|R-VA   US00258EBBUS001|R-VA   SR00010NBBUS001|||R-VA   US00258EBBUS001|BUS US 258, BUS VA 10|South Church St|300|Town of Smithfield|046|Isle of Wight County|    Battery Park Road| 393573|0|0|2.22|    SR 10 Bypass| 859036|0|0|3.07|    01/01/2022|12394|G|99|0|0|0|0|0|F|.098|6 |.56|13087|G||||||||||||||
669001|0|S-VA300PR BATTERY PARK RD||||S-VA300PR BATTERY PARK RD|Battery Park Rd|Battery Park Rd|300|Town of Smithfield|300|Town of Smithfield|    South Church St| 393573|0|0|0|    ECL Smithfield; Kendall Haven| 393286|0|0|.36|    01/01/2022|10081|G|96|1|1|1|0|0|C|.104|6 |.54|10669|G||||||||||||||
300193|0|S-VA300PR BATTERY PARK RD||||S-VA300PR BATTERY PARK RD|Battery Park Rd|Battery Park Rd|300|Town of Smithfield|300|Town of Smithfield|    ECL Smithfield; Kendall Haven| 393286|0|0|.36|    46-669 Nike Park Rd| 724414|0|0|1.87|    01/01/2022|10127|G|99|0|0|0|0|0|C|.104|6 |.54|10743|G||||||||||||||
746748|0|S-VA300PR BUCKINGHAM WAY||||S-VA300PR BUCKINGHAM WAY|Buckingham Way|Buckingham Way|300|Town of Smithfield|300|Town of Smithfield|    46-1019 Huntington Way| 710311|0|0|0|    46-1018 Canteberry Lane| 710312|0|0|.22|    05/03/2017|138|R|||||||X||24|||X||||||||||||||
746749|0|S-VA300PR BUCKINGHAM WAY||||S-VA300PR BUCKINGHAM WAY|Buckingham Way| |300|Town of Smithfield|300|Town of Smithfield|    46-1018 Canteberry Lane| 710312|0|0|.22|    46-1020 Sherwood Lane| 710308|0|0|.3|    05/03/2017|78|R|||||||X||24|||X||||||||||||||
746750|0|S-VA300PR BUCKINGHAM WAY||||S-VA300PR BUCKINGHAM WAY|Buckingham Way| |300|Town of Smithfield|300|Town of Smithfield|    46-1020 Sherwood Lane| 710308|0|0|.3|    46-1019 Huntington Way| 721506|0|0|.43|    05/03/2017|189|R|||||||X||24|||X||||||||||||||
746740|0|S-VA300PR CANTEBERRY LN||||S-VA300PR CANTEBERRY LN|Canteberry Ln|Canteberry Lane|300|Town of Smithfield|300|Town of Smithfield|    US 258 Benns Church Blvd| 710304|0|0|0|    46-1019 Huntington Way| 710305|0|0|.33|    05/03/2017|1313|R|||||||X||24|||X||||||||||||||
746741|0|S-VA300PR CANTEBERRY LN||||S-VA300PR CANTEBERRY LN|Canteberry Ln|Canteberry Lane|300|Town of Smithfield|300|Town of Smithfield|    46-1019 Huntington Way| 710305|0|0|.33|    46-1021 Buckingham Way| 710312|0|0|.49|    05/03/2017|241|R|||||||X||24|||X||||||||||||||
746742|0|S-VA300PR CANTEBERRY LN||||S-VA300PR CANTEBERRY LN|Canteberry Ln|Canteberry Lane|300|Town of Smithfield|300|Town of Smithfield|    46-1021 Buckingham Way| 710312|0|0|.49|    46-1022 Winchester Place| 721405|0|0|.57|    05/03/2017|91|R|||||||X||24|||X||||||||||||||
746743|0|S-VA300PR CANTEBERRY LN||||S-VA300PR CANTEBERRY LN|Canteberry Ln|Canteberry Lane|300|Town of Smithfield|300|Town of Smithfield|    46-1022 Winchester Place| 721405|0|0|.57|    Dead End| 724449|0|0|.74|    05/03/2017|48|R|||||||X||24|||X||||||||||||||
669002|0|S-VA300PR CARY ST||||S-VA300PR CARY ST|Cary St|Cary St|300|Town of Smithfield|300|Town of Smithfield|    Main St| 393558|0|0|0|    | 393120|0|0|.91|    01/01/2022|2039|G|98|0|1|0|0|0|C|.11|6 |.66|2165|G||||||||||||||
569002|1|S-VA300PR CEDAR ST||||S-VA300PR CEDAR ST|Cedar St|Cedar St|300|Town of Smithfield|300|Town of Smithfield|    | 393582|0|0|.285|    Maintenance Jurisdiction Boundary: 300 Town of Smithfield / |1033127|0|0|.4|    01/01/2022|1645|G|||||||X|.101|6 |.52|1751|G||||||||||||||
780606|0|S-VA300PR CEDAR ST||||S-VA300PR CEDAR ST|Cedar St|Cedar St|300|Town of Smithfield|300|Town of Smithfield|    | 393582|0|0|.285|    Maintenance Jurisdiction Boundary: 300 Town of Smithfield / | 393583|0|0|1.13|    05/23/2017|245|R|||||||X||24|||X||||||||||||||
785268|0|S-VA300PR CEDAR ST||||S-VA300PR CEDAR ST|Cedar St|Cedar St|300|Town of Smithfield|300|Town of Smithfield|    Jurisdiction Boundary: 300 Town of Smithfield / |1033246|0|0|1.284|    Dead End| 393584|0|0|1.75|    05/23/2017|1906|R|||||||X||24|||X||||||||||||||
200874|0|S-VA300PR FAIRWAY DR||||S-VA300PR FAIRWAY DR|Fairway Dr||300|Town of Smithfield|300|Town of Smithfield|    Great Spring Rd| 393197|0|0|0|    R-VA   SR00010WB      RMP075.00A, R-VA046SC00710EB      RMP000.00B| 756286|0|0|.34|    ||X||||||||||||||||||||||||||
669003|0|S-VA300PR GREAT SPRING RD||||S-VA300PR GREAT SPRING RD|Great Spring Rd|Great Springs Rd|300|Town of Smithfield|300|Town of Smithfield|    US 250 Main St| 393546|0|0|0|    |1265242|0|0|1.61|    01/01/2022|1113|G|96|1|1|1|0|0|C|.097|6 |.52|1185|G||||||||||||||
746744|0|S-VA300PR HUNTINGTON WAY||||S-VA300PR HUNTINGTON WAY|Huntington Way|Huntington Way|300|Town of Smithfield|300|Town of Smithfield|    46-1021 Buckingham Way|1033208|0|0|0|    46-1020 Sherwood Lane| 710307|0|0|.18|    05/03/2017|89|R|||||||X||24|||X||||||||||||||
746745|0|S-VA300PR HUNTINGTON WAY||||S-VA300PR HUNTINGTON WAY|Huntington Way|Huntington Way|300|Town of Smithfield|300|Town of Smithfield|    46-1020 Sherwood Lane| 710307|0|0|.18|    46-1021| 721506|0|0|.52|    05/03/2017|131|R|||||||X||24|||X||||||||||||||
746746|0|S-VA300PR HUNTINGTON WAY||||S-VA300PR HUNTINGTON WAY|Huntington Way|Huntington Way|300|Town of Smithfield|300|Town of Smithfield|    46-1021| 721506|0|0|.52|    Cul-de-Sac| 721507|0|0|.58|    05/03/2017|62|R|||||||X||24|||X||||||||||||||
782512|0|S-VA300PR NOTTINGHAM PL||||S-VA300PR NOTTINGHAM PL|Nottingham Pl|Nottingham Place|300|Town of Smithfield|300|Town of Smithfield|    Dead End| 724452|0|0|0|    Dead End| 724451|0|0|.2|    09/10/2014|299|R|||||||X||24|||X||||||||||||||
746747|0|S-VA300PR SHERWOOD LN||||S-VA300PR SHERWOOD LN|Sherwood Ln|Sherwood Lane|300|Town of Smithfield|300|Town of Smithfield|    46-1019 Huntington Way| 710307|0|0|0|    46-1021| 710308|0|0|.19|    09/10/2014|112|R|||||||X||24|||X||||||||||||||
201350|0|S-VA300PR WATERWORKS RD||||S-VA300PR WATERWORKS RD|Waterworks Rd||300|Town of Smithfield|300|Town of Smithfield|    46-709 Waterworks Rd|1265235|0|0|0|    US 258 Courthouse Hwy| 393293|0|0|.69|    ||X||||||||||||||||||||||||||
746751|0|S-VA300PR WINCHESTER PL||||S-VA300PR WINCHESTER PL|Winchester Pl|Winchester Place|300|Town of Smithfield|300|Town of Smithfield|    Cul-de-Sac| 721407|0|0|0|    46-1018 Canteberry Lane| 721405|0|0|.064|    05/03/2017|88|R|||||||X||24|||X||||||||||||||
746752|0|S-VA300PR WINCHESTER PL||||S-VA300PR WINCHESTER PL|Winchester Pl| |300|Town of Smithfield|300|Town of Smithfield|    46-1018 Canteberry Lane| 721405|0|0|.064|    Cul-de-Sac| 724453|0|0|.25|    05/03/2017|158|R|||||||X||24|||X||||||||||||||
