sep=|
- - 2022 AADT Report for Town of Abingdon - -
LINKID|SEQUENCENUMBER|RTE_NM|RTE_NM_2|RTE_NM_3|RTE_NM_4|Host RTE_NM|Route Label|Street Name|Physical Jurisdiction|Physical Jurisdiciton Name|Maintenance Jurisdiction|Maintenance Jurisdiciton Name|    Start Label|Start Node|Start Node Route Sequence|Star tOffset|Start Milepoint|    End Label|End Node|End Node Route Sequence|End Offset|End Milepoint|    VPDDate|AADT|AADT Quality|Passenger Vehicle|Bus|Truck 2 Axle|Truck 3 Axle|Truck 1 Trailer|Truck 2 Trailer|Class Quality|K Factor|K Factor Quality|Direction Factor|AAWDT|AAWDT Quality|AADT Dir|AADT Quality Dir|PassengerVehicle Dir|Bus Dir|Truck 2 Axle Dir|Truck 3 Axle Dir|Truck 1 Trailer Dir|Truck 2 Trailer Dir|Class Quality Dir|K Factor Dir|K Factor Quality Dir|Direction Factor Dir|AAWDT Dir|AAWDT Quality Dir
010181|0|R-VA   IS00081NB|R-VA   US00058EB|||R-VA   IS00081NB|I-81, US 58| |140|Town of Abingdon|095|Washington County|    | 652210|0|0|16.98|    SR 75 Cummings St| 652211|0|0|17.05|    01/01/2022|47735|A|77|1|1|1|19|1|C|.094|1 |.57|48611|A|23955|A|76|1|1|1|20|1|C|.093|1 |1|24359|A
010400|0|R-VA   IS00081NB|R-VA   US00058EB|||R-VA   IS00081NB|I-81, US 58| |140|Town of Abingdon|095|Washington County|    SR 75 Cummings St| 652211|0|0|17.05|    NCL Abingdon| 652213|0|0|18.11|    01/01/2022|51110|G|77|1|1|1|19|1|F|.079|6 |.5|51689|G|25393|G|76|1|1|1|20|1|F|.081|6 |1|25690|G
786973|0|R-VA   IS00081NB      RMP014.00A||||R-VA   IS00081NB      RMP014.00A|I-81  NB EXIT 14A|Ramp I-81 N Exit 14 to SR-140; 95-647|140|Town of Abingdon|095|Washington County|    I-81 North| 652209|0|0|0|    95-647 Old Jonesboro Rd| 651227|0|0|.27|    01/01/2022|4916|G|||||||X|.099|6 |1|5206|G||||||||||||||
786974|0|R-VA   IS00081NB      RMP017.00A||||R-VA   IS00081NB      RMP017.00A|I-81  NB EXIT 17A|Ramp I-81 N Exit 17 to SR-75|140|Town of Abingdon|095|Washington County|    I-81 North| 652211|0|0|0|    SR 75 Cummings St; Green Spring Rd| 652191|0|0|.12|    01/01/2022|3818|G|76|1|1|1|20|1|F|.098|6 |1|3919|G||||||||||||||
110025|0|R-VA   IS00081SB||||R-VA   IS00081SB|I-81, US 58| |140|Town of Abingdon|095|Washington County|    | 652234|0|0|17.32|    SR 75 Cummings St| 652236|0|0|17.65|    01/01/2022|47735|A|77|1|1|1|19|1|C|.094|1 |.57|48611|A|23780|A|79|1|1|1|18|1|C|.103|1 |1|24252|A
110024|0|R-VA   IS00081SB||||R-VA   IS00081SB|I-81, US 58| |140|Town of Abingdon|095|Washington County|    SR 75 Cummings St| 652236|0|0|17.65|    Physical Jurisdiction Boundary: 140 Town of Abingdon / 095 Washington County| 652237|0|0|18.45|    01/01/2022|51110|G|77|1|1|1|19|1|F|.079|6 |.52|51689|G|25717|G|79|1|1|1|18|1|F|.08|6 |1|25999|G
787072|0|R-VA   IS00081SB      RMP014.00A||||R-VA   IS00081SB      RMP014.00A|I-81  SB EXIT 14A|Ramp I-81 S Exit 14 to SR-140; 95-647|140|Town of Abingdon|095|Washington County|    I-81 South| 652233|0|0|0|    SR 140; 95-647| 651229|0|0|.22|    01/01/2022|3522|G|||||||X|.086|6 |1|3731|G||||||||||||||
601178|0|R-VA   SR00075NB||||R-VA   SR00075NB|VA 75|Green Spring Rd|140|Town of Abingdon|140|Town of Abingdon|    SCL Abingdon Country Club| 652190|0|0|8.75|    Jurisdiction Boundary: 095 Washington County / 140 Town of Abingdon| 652191|0|0|9.73|    01/01/2022|7188|G|96|1|1|1|1|0|C|.088|6 |.6|7641|G||||||||||||||
601166|0|R-VA   SR00075NB||||R-VA   SR00075NB|VA 75|Cummings St|140|Town of Abingdon|140|Town of Abingdon|    I-81| 652191|0|0|9.73|    US 11 Lee Hwy| 911002|0|0|10.51|    01/01/2022|14576|F|98|0|1|0|1|0|C|.091|6 |.52|15480|F||||||||||||||
787195|0|R-VA   SR00075UK      RMP009.00A||||R-VA   SR00075UK      RMP009.00A|VA 75  EXIT 9A|Ramp to I-81 N at Exit 17|140|Town of Abingdon|095|Washington County|    SR 75 Cummings St; Green Spring Rd| 652191|0|0|0|    I-81 North| 652212|0|0|.14|    01/01/2022|4429|G|76|1|1|1|20|1|F|.098|6 |1|4545|G||||||||||||||
787196|0|R-VA   SR00075UK      RMP009.00B||||R-VA   SR00075UK      RMP009.00B|VA 75  EXIT 9B|Ramp to I-81 S at Exit 17|140|Town of Abingdon|095|Washington County|    SR 75 Cummings St| 652394|0|0|0|    I-81 South| 652235|0|0|.08|    01/01/2022|3896|G|79|1|1|1|18|1|F|.108|6 |1|3993|G||||||||||||||
601176|0|R-VA   SR00140NB||||R-VA   SR00140NB|VA 140|Jonesboro Rd|140|Town of Abingdon|140|Town of Abingdon|    SCL Abingdon| 651229|0|0|0|    US 11 Main St|1008837|0|0|.38|    01/01/2022|17751|F|94|0|1|1|3|0|C|.089|6 |.56|18853|F||||||||||||||
601175|0|R-VA   US00011NB|R-VA   US00019NB|||R-VA   US00011NB|US 11, US 19|Main St|140|Town of Abingdon|140|Town of Abingdon|    WCL Abingdon| 652473|0|0|13.22|    |1008837|0|0|13.77|    01/01/2022|7855|F|95|0|1|1|2|0|F|.154|6 |.66|8316|F||||||||||||||
601177|0|R-VA   US00011NB|R-VA   US00019NB|||R-VA   US00011NB|US 11, US 19|Main St|140|Town of Abingdon|140|Town of Abingdon|    SR 140 Jonesboro Rd|1008837|0|0|13.77|    | 652155|0|0|14.2|    01/01/2022|23696|F|98|0|1|0|1|0|F|.096|6 |.58|25164|F||||||||||||||
601174|0|R-VA   US00011NB|R-VA   US00019NB|||R-VA   US00011NB|US 11, US 19|Main St|140|Town of Abingdon|140|Town of Abingdon|    Colonial Rd| 652155|0|0|14.2|    | 652152|0|0|14.67|    01/01/2022|22803|F|98|0|1|0|1|0|F|.095|6 |.59|24217|F||||||||||||||
601173|0|R-VA   US00011NB||||R-VA   US00011NB|US 11|Main St/Lee Hwy|140|Town of Abingdon|140|Town of Abingdon|    US 19 Porterfield Hwy| 652152|0|0|14.67|    Palmer St| 652149|0|0|15.14|    01/01/2022|12318|F|98|0|1|0|1|0|C|.107|6 |.65|13082|F||||||||||||||
601168|0|R-VA   US00011NB||||R-VA   US00011NB|US 11|Main St|140|Town of Abingdon|140|Town of Abingdon|    Palmer St| 652149|0|0|15.14|    US ALT 58, Russell Rd| 652147|0|0|15.49|    01/01/2022|12544|F|98|0|1|0|1|0|C|.102|6 |.62|13321|F||||||||||||||
601167|0|R-VA   US00011NB|R-VA   US00058EBALT001|||R-VA   US00011NB|US 11, ALT US 58|Main St|140|Town of Abingdon|140|Town of Abingdon|    US ALT 58, Russell St| 652147|0|0|15.49|    US Alt 58, SR 75, Cummings St| 911002|0|0|15.73|    01/01/2022|12041|F|98|0|1|0|1|0|F|.101|6 |.61|12787|F||||||||||||||
601170|0|R-VA   US00011NB||||R-VA   US00011NB|US 11|Main St/Lee Hwy|140|Town of Abingdon|140|Town of Abingdon|    US Alt 58, SR 75, Cummings St| 911002|0|0|15.73|    Tanner St| 652142|0|0|16.39|    01/01/2022|9817|F|98|1|1|0|0|0|F|.092|6 |.54|10426|F||||||||||||||
601160|0|R-VA   US00011NB||||R-VA   US00011NB|US 11|Main St/Lee Hwy|140|Town of Abingdon|140|Town of Abingdon|    Tanner St| 652142|0|0|16.39|    Thompson Dr| 652404|0|0|17.32|    01/01/2022|13186|F|98|1|1|0|0|0|F|.113|6 |.68|14004|F||||||||||||||
601179|0|R-VA   US00011NB||||R-VA   US00011NB|US 11|Main St/Lee Hwy|140|Town of Abingdon|140|Town of Abingdon|    Thompson Dr| 652404|0|0|17.32|    Hillman Hwy| 652141|0|0|17.45|    01/01/2022|17651|F|98|1|1|0|0|0|F|.106|6 |.62|18762|F||||||||||||||
601180|0|R-VA   US00011NB||||R-VA   US00011NB|US 11|Main St/Lee Hwy|140|Town of Abingdon|140|Town of Abingdon|    Hillman Hwy| 652141|0|0|17.45|    Jurisdiction Boundary: 140 Town of Abingdon / 095 Washington County| 652140|0|0|18.187|    01/01/2022|13988|F|98|1|1|0|0|0|C|.097|6 |.58|14868|F||||||||||||||
601175|0|R-VA   US00019NB|R-VA   US00011NB|||R-VA   US00011NB|US 11, US 19|Main St|140|Town of Abingdon|140|Town of Abingdon|    WCL Abingdon| 652473|0|0|12.68|    |1008837|0|0|13.23|    01/01/2022|7855|F|95|0|1|1|2|0|F|.154|6 |.66|8316|F||||||||||||||
601177|0|R-VA   US00019NB|R-VA   US00011NB|||R-VA   US00011NB|US 11, US 19|Main St|140|Town of Abingdon|140|Town of Abingdon|    SR 140 Jonesboro Rd|1008837|0|0|13.23|    | 652155|0|0|13.66|    01/01/2022|23696|F|98|0|1|0|1|0|F|.096|6 |.58|25164|F||||||||||||||
601174|0|R-VA   US00019NB|R-VA   US00011NB|||R-VA   US00011NB|US 11, US 19|Main St|140|Town of Abingdon|140|Town of Abingdon|    Colonial Rd| 652155|0|0|13.66|    | 652152|0|0|14.13|    01/01/2022|22803|F|98|0|1|0|1|0|F|.095|6 |.59|24217|F||||||||||||||
601172|0|R-VA   US00019NB||||R-VA   US00019NB|US 19|Porterfield Hwy|140|Town of Abingdon|140|Town of Abingdon|    US 11 Main St; Lee Hwy| 652152|0|0|14.13|    Alt US 58| 652180|0|0|14.58|    01/01/2022|14864|F|94|1|1|1|3|0|F|.09|6 |.56|15774|F||||||||||||||
601182|0|R-VA   US00019NB||||R-VA   US00019NB|US 19|Porterfield Rd|140|Town of Abingdon|140|Town of Abingdon|    Alt US 58| 652180|0|0|14.58|    NCL Abingdon| 700649|0|0|14.79|    01/01/2022|20182|F|94|1|1|1|3|0|F|.09|6 |.58|21419|F||||||||||||||
010181|0|R-VA   US00058EB|R-VA   IS00081NB|||R-VA   IS00081NB|I-81, US 58| |140|Town of Abingdon|095|Washington County|    | 652210|0|0|111.54|    SR 75 Cummings St| 652211|0|0|111.61|    01/01/2022|47735|A|77|1|1|1|19|1|C|.094|1 |.57|48611|A|23955|A|76|1|1|1|20|1|C|.093|1 |1|24359|A
010400|0|R-VA   US00058EB|R-VA   IS00081NB|||R-VA   IS00081NB|I-81, US 58| |140|Town of Abingdon|095|Washington County|    SR 75 Cummings St| 652211|0|0|111.61|    NCL Abingdon| 652213|0|0|112.67|    01/01/2022|51110|G|77|1|1|1|19|1|F|.079|6 |.5|51689|G|25393|G|76|1|1|1|20|1|F|.081|6 |1|25690|G
601169|0|R-VA   US00058EBALT001||||R-VA   US00058EBALT001|ALT US 58|Russell Rd|140|Town of Abingdon|140|Town of Abingdon|    US 19 Porterfield Hwy| 652180|0|0|85.72|    Valley Street| 652147|0|0|86.73|    01/01/2022|7949|F|98|1|1|0|1|0|C|.099|6 |.62|8449|F||||||||||||||
601167|0|R-VA   US00058EBALT001|R-VA   US00011NB|||R-VA   US00011NB|US 11, ALT US 58|Main St|140|Town of Abingdon|140|Town of Abingdon|    US ALT 58, Russell St| 652147|0|0|86.73|    US Alt 58, SR 75, Cummings St| 911002|0|0|86.97|    01/01/2022|12041|F|98|0|1|0|1|0|F|.101|6 |.61|12787|F||||||||||||||
786906|0|R-VA095SC00647UK      RMP010.00A||||R-VA095SC00647UK      RMP010.00A|95-647  EXIT 10A|Ramp to I-81 N at Exit 14|140|Town of Abingdon|095|Washington County|    95-647 Old Jonesboro Rd| 651227|0|0|0|    I-81 North|1275927|0|0|.32|    01/01/2022|3277|G|||||||X|.105|6 |1|3471|G||||||||||||||
786907|0|R-VA095SC00647UK      RMP010.00B||||R-VA095SC00647UK      RMP010.00B|95-647  EXIT 10B|Ramp to I-81 S at Exit 14|140|Town of Abingdon|095|Washington County|    SR 140 Jonesboro Rd| 651229|0|0|0|    I-81 South| 652388|0|0|.14|    01/01/2022|5279|G|||||||X|.087|6 |1|5591|G||||||||||||||
200570|0|S-VA095PR VIRGINIA CREEPER TRL||||S-VA095PR VIRGINIA CREEPER TRL|Virginia Creeper Trl|Virginia Creeper Trail|140|Town of Abingdon|   ||    Gibson St, Greenspring Rd|1239722|0|0|0|    Physical Jurisdiction Boundary: 140 Town of Abingdon / 095 Washington County|1268056|0|0|1.46|    01/01/2022||X|||||||X||24|||X||||||||||||||
793567|0|S-VA140PR COURT ST NE||||S-VA140PR COURT ST NE|Court St Ne|Court St|140|Town of Abingdon|140|Town of Abingdon|    140-3003 Valley St| 744386|0|0|0|    US 11 Main St| 652297|0|0|.08|    01/01/2022|1091|G|96|0|1|0|0|0|C|.115|6 |.85|1160|G||||||||||||||
601165|0|S-VA140PR CUMMINGS ST||||S-VA140PR CUMMINGS ST|Cummings St|Cummings St|140|Town of Abingdon|140|Town of Abingdon|    Valley St| 652290|0|0|0|    US 11 Lee Hwy; W Main St| 911002|0|0|.07|    01/01/2022|5182|F|99|0|1|0|0|0|F|.1|6 |.61|5508|F||||||||||||||
601181|0|S-VA140PR HILLMAN HWY||||S-VA140PR HILLMAN HWY|Hillman Hwy|Hillman Hwy|140|Town of Abingdon|140|Town of Abingdon|    US 11; Lee Hwy| 652141|0|0|0|    ECL Abingdon| 651062|0|0|1.35|    01/01/2022|4295|F|99|0|1|0|0|0|C|.099|6 |.52|4566|F||||||||||||||
201265|0|S-VA140PR STONE MILL RD||||S-VA140PR STONE MILL RD|Stone Mill Rd||140|Town of Abingdon|140|Town of Abingdon|    Colonial Rd|1008205|0|0|0|    95-794 Stone Mill Rd|1008213|0|0|.652|    ||X||||||||||||||||||||||||||
601700|0|S-VA140PR TANNER ST NE||||S-VA140PR TANNER ST NE|Tanner St Ne|Tanner St|140|Town of Abingdon|140|Town of Abingdon|    US 11 Main St| 652299|0|0|.06|    Valley St| 652142|0|0|.13|    01/01/2022|1471|F|98|0|0|1|0|0|C|.096|6 |.57|1564|F||||||||||||||
793566|0|S-VA140PR THOMPSON DR||||S-VA140PR THOMPSON DR|Thompson Dr|Thompson Dr|140|Town of Abingdon|140|Town of Abingdon|    US 11 Main St| 744381|0|0|.42|    Stanley St| 652404|0|0|.58|    01/01/2022|3774|F|96|3|1|0|0|0|C|.17|6 |.63|4012|F||||||||||||||
781827|0|S-VA140PR TUNNEL ST||||S-VA140PR TUNNEL ST|Tunnel St|Tunnel St/Old Saltworks Rd|140|Town of Abingdon|140|Town of Abingdon|    95-740 JB-140 NCL Abingdon| 651501|0|0|0|    140-3005 Hillman Hwy| 652309|0|0|.07|    01/01/2022|1479|F|99|0|1|0|0|0|C|.094|6 |.67|1572|F||||||||||||||
601164|0|S-VA140PR VALLEY ST NW||||S-VA140PR VALLEY ST NW|Valley St Nw|Valley St|140|Town of Abingdon|140|Town of Abingdon|    Russell Rd; ALT 58| 652189|0|0|0|    | 652297|0|0|.694|    01/01/2022|7597|F|99|0|1|0|0|0|C|.106|6 |.65|8075|F||||||||||||||
601163|0|S-VA140PR VALLEY ST NW||||S-VA140PR VALLEY ST NW|Valley St Nw|Valley St|140|Town of Abingdon|140|Town of Abingdon|    Court St| 652297|0|0|.694|    Whites Mill Rd| 652299|0|0|.85|    01/01/2022|5823|F|99|0|1|0|0|0|F|.119|6 |.52|6185|F||||||||||||||
792249|0|S-VA140PR VHCC DR||||S-VA140PR VHCC DR|Vhcc Dr|VHCC Dr|140|Town of Abingdon|140|Town of Abingdon|    Faculty Parking; VHCC Dr| 741932|0|0|0|    SR 140 Jonesboro Rd|1008841|0|0|.628|    01/01/2022|1604|F|99|0|1|0|0|0|C|.131|6 |.56|1703|F||||||||||||||
601183|0|S-VA140PR WHITES MILL RD||||S-VA140PR WHITES MILL RD|Whites Mill Rd|Whites Mill Rd|140|Town of Abingdon|140|Town of Abingdon|    Valley St| 652469|0|0|0|    New NCL Abingdon| 651347|0|0|.83|    01/01/2022|2294|F|99|0|0|0|0|0|C|.105|6 |.59|2435|F||||||||||||||
793565|0|S-VA140PR WYNDALE RD||||S-VA140PR WYNDALE RD|Wyndale Rd|Wyndale Rd|140|Town of Abingdon|140|Town of Abingdon|    |1279686|0|0|.04|    WCL Abingdon; 95-645| 651204|0|0|1.02|    01/01/2022|4045|F|98|1|0|0|1|0|C|.115|6 |.52|4296|F||||||||||||||
