sep=|
- - 2022 AADT Report for Town of Stanley - -
LINKID|SEQUENCENUMBER|RTE_NM|RTE_NM_2|RTE_NM_3|RTE_NM_4|Host RTE_NM|Route Label|Street Name|Physical Jurisdiction|Physical Jurisdiciton Name|Maintenance Jurisdiction|Maintenance Jurisdiciton Name|    Start Label|Start Node|Start Node Route Sequence|Star tOffset|Start Milepoint|    End Label|End Node|End Node Route Sequence|End Offset|End Milepoint|    VPDDate|AADT|AADT Quality|Passenger Vehicle|Bus|Truck 2 Axle|Truck 3 Axle|Truck 1 Trailer|Truck 2 Trailer|Class Quality|K Factor|K Factor Quality|Direction Factor|AAWDT|AAWDT Quality|AADT Dir|AADT Quality Dir|PassengerVehicle Dir|Bus Dir|Truck 2 Axle Dir|Truck 3 Axle Dir|Truck 1 Trailer Dir|Truck 2 Trailer Dir|Class Quality Dir|K Factor Dir|K Factor Quality Dir|Direction Factor Dir|AAWDT Dir|AAWDT Quality Dir
646114|0|R-VA   US00340NBBUS001||||R-VA   US00340NBBUS001|BUS US 340|Stonewall Jackson Memorial Highway|303|Town of Stanley|069|Page County|    Jurisdiction Boundary: 069 Page County| 508455|0|0|4|    Physical Jurisdiction Boundary: 303 Town of Stanley / 069 Page County| 508454|0|0|6.08|    01/01/2022|4218|G|95|0|1|1|2|0|C|.089|6 |.6|4214|G||||||||||||||
401829|0|R-VA069SC00622NB||||R-VA069SC00622NB|69-622|Park Rd|303|Town of Stanley|069|Page County|    | 508087|0|0|1.53|    Bus US 340 EAST| 508090|0|0|2.17|    01/01/2022|1385|G|97|0|0|1|2|0|C|.095|6 |.58|1382|G||||||||||||||
401830|0|R-VA069SC00622NB||||R-VA069SC00622NB|69-622|Pond Ave|303|Town of Stanley|069|Page County|    Bus US 340 WEST| 508378|0|0|2.45|    Physical Jurisdiction Boundary: 303 Town of Stanley / 069 Page County| 508092|0|0|2.57|    01/01/2022|468|G|97|1|1|1|0|0|C|.102|6 |.65|467|G||||||||||||||
401831|0|R-VA069SC00623NB||||R-VA069SC00623NB|69-623|Judy Lane|303|Town of Stanley|069|Page County|    69-622 Park Rd| 508085|0|0|0|    US 340| 508094|0|0|.6|    01/01/2022|1382|G|97|0|0|1|1|0|C|.088|6 |.53|1380|G||||||||||||||
401836|0|R-VA069SC00638NB||||R-VA069SC00638NB|69-638|Honeyville Rd|303|Town of Stanley|069|Page County|    SCL Stanley| 508142|0|0|3.06|    69-622 W, Park Rd| 508387|0|0|3.22|    01/01/2022|2055|G|97|0|1|0|0|0|C|.087|6 |.54|2051|G||||||||||||||
401837|0|R-VA069SC00638NB||||R-VA069SC00638NB|69-638|Honeyville Ave|303|Town of Stanley|069|Page County|    69-622 E, Park Rd| 508088|0|0|3.27|    Bus US 340 EAST| 508386|0|0|3.67|    01/01/2022|1280|G|97|1|1|0|0|0|C|.078|6 |.51|1277|G||||||||||||||
401838|0|R-VA069SC00638NB||||R-VA069SC00638NB|69-638|Aylor Grubbs Ave|303|Town of Stanley|069|Page County|    Bus US 340 WEST| 508141|0|0|3.77|    NCL Stanley| 508138|0|0|4.88|    01/01/2022|749|G|95|0|1|1|1|0|C|.1|6 |.56|748|G||||||||||||||
758066|0|R-VA069SC00678NB||||R-VA069SC00678NB|69-678|Al Good Dr|303|Town of Stanley|069|Page County|    Bus US 340| 508231|0|0|0|    69-734 S, Sunset Dr| 508232|0|0|.04|    05/16/2012|986|R|||||||X||24|||X||||||||||||||
758067|0|R-VA069SC00678NB||||R-VA069SC00678NB|69-678|Al Good Dr|303|Town of Stanley|069|Page County|    69-734 S, Sunset Dr| 508232|0|0|.04|    69-734 N, Sunset Dr| 508401|0|0|.23|    05/16/2012|404|R|||||||X||24|||X||||||||||||||
758068|0|R-VA069SC00678NB||||R-VA069SC00678NB|69-678|Al Good Dr|303|Town of Stanley|069|Page County|    69-734 N, Sunset Dr| 508401|0|0|.23|    Dead End| 508499|0|0|.37|    05/16/2012|180|R|||||||X||24|||X||||||||||||||
758069|0|R-VA069SC00679EB||||R-VA069SC00679EB|69-679|Hill Top Circle|303|Town of Stanley|069|Page County|    69-689 Marksville Rd| 508402|0|0|0|    69-689 Marksville Rd| 508233|0|0|.33|    05/16/2012|244|R|||||||X||24|||X||||||||||||||
401859|0|R-VA069SC00689NB||||R-VA069SC00689NB|69-689|Chapel Rd|303|Town of Stanley|069|Page County|    Bus US 340 East Main St| 508248|0|0|0|    Physical Jurisdiction Boundary: 303 Town of Stanley / 069 Page County| 508249|0|0|.48|    01/01/2022|2051|G|97|0|1|0|1|0|C|.099|6 |.58|2047|G||||||||||||||
758117|0|R-VA069SC00703NB||||R-VA069SC00703NB|69-703|Deford Ave|303|Town of Stanley|069|Page County|    US 340| 508272|0|0|0|    Dead End| 508273|0|0|.15|    05/02/2012|142|R|||||||X||24|||X||||||||||||||
758131|0|R-VA069SC00716NB||||R-VA069SC00716NB|69-716|Hilliard Dr|303|Town of Stanley|069|Page County|    US 340| 508298|0|0|0|    NCL Stanley| 508299|0|0|.14|    05/16/2012|134|R|||||||X||24|||X||||||||||||||
758146|0|R-VA069SC00724NB||||R-VA069SC00724NB|69-724|Ridge Rd|303|Town of Stanley|069|Page County|    Dead End| 508309|0|0|0|    69-679 Hill Top Circle| 508234|0|0|.23|    07/22/2015|102|R|||||||X||24|||X||||||||||||||
758156|0|R-VA069SC00730NB||||R-VA069SC00730NB|69-730|Pettit Dr|303|Town of Stanley|069|Page County|    End Loop| 508315|0|0|0|    Bus US 340| 508314|0|0|.25|    05/16/2012|151|R|||||||X||24|||X||||||||||||||
758158|0|R-VA069SC00733NB||||R-VA069SC00733NB|69-733|Gray St|303|Town of Stanley|069|Page County|    Dead End| 508420|0|0|0|    69-638 Aylor Grubbs Ave| 508139|0|0|.11|    05/16/2012|43|R|||||||X||24|||X||||||||||||||
758159|0|R-VA069SC00734NB||||R-VA069SC00734NB|69-734|Sunset Dr|303|Town of Stanley|069|Page County|    69-678 Al Good Dr| 508232|0|0|0|    69-678 Al Good Dr| 508401|0|0|.3|    06/18/2018|163|R|||||||X||24|||X||||||||||||||
758169|0|R-VA069SC00743NB||||R-VA069SC00743NB|69-743|Brock Dr|303|Town of Stanley|069|Page County|    SCL Stanley| 508325|0|0|0|    69-724 Ridge Rd| 508307|0|0|.03|    05/16/2012|47|R|||||||X||24|||X||||||||||||||
758170|0|R-VA069SC00744NB||||R-VA069SC00744NB|69-744|Round Head Dr|303|Town of Stanley|069|Page County|    69-622 Park Rd| 508089|0|0|0|    Dead End| 508426|0|0|.15|    05/16/2012|158|R|||||||X||24|||X||||||||||||||
758174|0|R-VA069SC00748NB||||R-VA069SC00748NB|69-748|Bosley Dr|303|Town of Stanley|069|Page County|    Bus US 340| 508517|0|0|0|    Cul-de-Sac| 710942|0|0|.43|    06/16/2018|486|R|||||||X||24|||X||||||||||||||
758175|0|R-VA069SC00749EB||||R-VA069SC00749EB|69-749|Painter Dr|303|Town of Stanley|069|Page County|    Dead End| 703527|0|0|0|    69-734 Round Head Dr| 703526|0|0|.14|    05/16/2012|427|R|||||||X||24|||X||||||||||||||
401868|0|R-VA069SC00760NB||||R-VA069SC00760NB|69-760|Forrest Dr|303|Town of Stanley|069|Page County|    69-622 Pond Ave| 508091|0|0|0|    Physical Jurisdiction Boundary: 303 Town of Stanley / 069 Page County| 508326|0|0|.13|    01/01/2022|613|G|98|1|0|0|0|0|C|.094|6 |.58|611|G||||||||||||||
758186|0|R-VA069SC00767NB||||R-VA069SC00767NB|69-767|Church Ave|303|Town of Stanley|069|Page County|    Bus US 340| 508329|0|0|0|    Physical Jurisdiction Boundary: 303 Town of Stanley / 069 Page County| 508330|0|0|.15|    05/16/2012|364|R|||||||X||24|||X||||||||||||||
758236|0|R-VA069SC09303EB||||R-VA069SC09303EB|69-9303| |303|Town of Stanley|069|Page County|    Stanley School| 716802|0|0|0|    69-638 Aylor Grubbs Ave| 508359|0|0|.21|    05/16/2012|492|R|||||||X||24|||X||||||||||||||
