sep=|
- - 2022 AADT Report for Town of Grottoes - -
LINKID|SEQUENCENUMBER|RTE_NM|RTE_NM_2|RTE_NM_3|RTE_NM_4|Host RTE_NM|Route Label|Street Name|Physical Jurisdiction|Physical Jurisdiciton Name|Maintenance Jurisdiction|Maintenance Jurisdiciton Name|    Start Label|Start Node|Start Node Route Sequence|Star tOffset|Start Milepoint|    End Label|End Node|End Node Route Sequence|End Offset|End Milepoint|    VPDDate|AADT|AADT Quality|Passenger Vehicle|Bus|Truck 2 Axle|Truck 3 Axle|Truck 1 Trailer|Truck 2 Trailer|Class Quality|K Factor|K Factor Quality|Direction Factor|AAWDT|AAWDT Quality|AADT Dir|AADT Quality Dir|PassengerVehicle Dir|Bus Dir|Truck 2 Axle Dir|Truck 3 Axle Dir|Truck 1 Trailer Dir|Truck 2 Trailer Dir|Class Quality Dir|K Factor Dir|K Factor Quality Dir|Direction Factor Dir|AAWDT Dir|AAWDT Quality Dir
632105|0|R-VA   SR00256EB||||R-VA   SR00256EB|VA 256|3rd St|228|Town of Grottoes|007|Augusta County|    Rockingham County Line|  50710|0|0|5.86|    Dogwood Ave| 587076|0|0|6.28|    01/01/2022|5011|G|93|1|1|1|4|0|F|.088|6 |.59|5449|G||||||||||||||
632108|0|R-VA   SR00256EB||||R-VA   SR00256EB|VA 256|3rd St|228|Town of Grottoes|007|Augusta County|    Dogwood Ave| 587076|0|0|6.28|    Aspen Ave| 587584|0|0|6.65|    01/01/2022|4942|G|93|1|1|1|4|0|F|.092|6 |.54|5374|G||||||||||||||
632109|0|R-VA   SR00256EB||||R-VA   SR00256EB|VA 256|3rd St|228|Town of Grottoes|007|Augusta County|    Aspen Ave| 587584|0|0|6.65|    US 340 East Side Hwy| 734262|0|0|6.78|    01/01/2022|4127|G|93|1|1|1|4|0|F|.091|6 |.55|4489|G||||||||||||||
080321|0|R-VA   US00340NB||||R-VA   US00340NB|US 340|East Side Hwy|228|Town of Grottoes|007|Augusta County|    | 136672|0|0|29.98|    Rockingham County Line|  50327|0|0|30.03|    01/01/2022|6008|F|93|1|1|1|4|0|F|.091|6 |.55|6059|F||||||||||||||
632104|0|R-VA   US00340NB||||R-VA   US00340NB|US 340|East Side Hwy|228|Town of Grottoes|082|Rockingham County|    Augusta County Line|  50327|0|0|30.03|    Cary St| 587580|0|0|30.49|    01/01/2022|6040|G|93|0|1|1|4|0|C|.096|6 |.54|6012|G||||||||||||||
632101|0|R-VA   US00340NB||||R-VA   US00340NB|US 340|East Side Hwy|228|Town of Grottoes|082|Rockingham County|    Cary St| 587580|0|0|30.49|    NCL Grottoes| 587727|0|0|30.96|    01/01/2022|6678|G|93|0|1|1|4|0|F|.098|6 |.54|6649|G||||||||||||||
769039|0|R-VA082SC09373EB||||R-VA082SC09373EB|82-9373| |228|Town of Grottoes|082|Rockingham County|    NCL Grottoes| 717563|0|0|0|    NCL Grottoes|1005476|0|0|.1|    03/28/2018|157|R|||||||X||24|||X||||||||||||||
769044|0|R-VA082SC09376NB||||R-VA082SC09376NB|82-9376| |228|Town of Grottoes|082|Rockingham County|    82-9373 SOUTH| 717564|0|0|0|    End Loop| 717564|1|0|.14|    03/28/2018|374|R|||||||X||24|||X||||||||||||||
632301|0|S-VA228PR 6TH ST||||S-VA228PR 6TH ST|6th St|6th St|228|Town of Grottoes|228|Town of Grottoes|    Dogwood Ave| 587093|0|0|0|    Jurisdiction Boundary: 228 Town of Grottoes / |1005547|0|0|.85|    01/01/2022|1180|G|98|0|1|1|0|0|F|.091|6 |.53|1175|G||||||||||||||
632107|0|S-VA228PR CARY ST||||S-VA228PR CARY ST|Cary St|Cary St|228|Town of Grottoes|228|Town of Grottoes|    ECL Grottoes| 713318|0|0|.16|    East Side Hwy| 587580|0|0|.41|    01/01/2022|739|G|98|0|0|0|0|0|C|.107|6 |.66|735|G||||||||||||||
201341|0|S-VA228PR CAVERNS BLVD||||S-VA228PR CAVERNS BLVD|Caverns Blvd||228|Town of Grottoes|228|Town of Grottoes|    07-844 Caverns Blvd| 807025|0|0|.033|    Aspen Ave|1005565|0|0|.113|    ||X||||||||||||||||||||||||||
632102|0|S-VA228PR DOGWOOD AVE||||S-VA228PR DOGWOOD AVE|Dogwood Ave|Dogwood Ave|228|Town of Grottoes|228|Town of Grottoes|    SCL Grottoes| 135718|0|0|0|    | 587079|0|0|.5|    01/01/2022|2094|G|97|0|1|0|1|0|C|.098|6 |.52|2084|G||||||||||||||
632100|0|S-VA228PR DOGWOOD AVE||||S-VA228PR DOGWOOD AVE|Dogwood Ave|Dogwood Ave|228|Town of Grottoes|228|Town of Grottoes|    6th St| 587079|0|0|.5|    NCL Grottoes|1005607|0|0|1.61|    01/01/2022|2704|G|98|0|1|1|0|0|C|.102|6 |.57|2692|G||||||||||||||
201342|0|S-VA228PR RANDALL RD||||S-VA228PR RANDALL RD|Randall Rd||228|Town of Grottoes|228|Town of Grottoes|    US 340 Augusta Ave, S East Side Hwy| 586371|0|0|0|    82-695 Randall Rd|1005557|0|0|.13|    ||X||||||||||||||||||||||||||
