sep=|
- - 2022 AADT Report for Town of Gretna - -
LINKID|SEQUENCENUMBER|RTE_NM|RTE_NM_2|RTE_NM_3|RTE_NM_4|Host RTE_NM|Route Label|Street Name|Physical Jurisdiction|Physical Jurisdiciton Name|Maintenance Jurisdiction|Maintenance Jurisdiciton Name|    Start Label|Start Node|Start Node Route Sequence|Star tOffset|Start Milepoint|    End Label|End Node|End Node Route Sequence|End Offset|End Milepoint|    VPDDate|AADT|AADT Quality|Passenger Vehicle|Bus|Truck 2 Axle|Truck 3 Axle|Truck 1 Trailer|Truck 2 Trailer|Class Quality|K Factor|K Factor Quality|Direction Factor|AAWDT|AAWDT Quality|AADT Dir|AADT Quality Dir|PassengerVehicle Dir|Bus Dir|Truck 2 Axle Dir|Truck 3 Axle Dir|Truck 1 Trailer Dir|Truck 2 Trailer Dir|Class Quality Dir|K Factor Dir|K Factor Quality Dir|Direction Factor Dir|AAWDT Dir|AAWDT Quality Dir
030083|0|R-VA   SR00040EB||||R-VA   SR00040EB|VA 40| |227|Town of Gretna|071|Pittsylvania County|    | 519842|0|0|63.88|    Bus US 29 Main St| 519762|0|0|64.86|    01/01/2022|6854|F|86|2|2|2|7|0|F|.097|6 |.62|6654|F||||||||||||||
030395|0|R-VA   SR00040EB||||R-VA   SR00040EB|VA 40|E Gretna Rd|227|Town of Gretna|071|Pittsylvania County|    Bus US 29 Main St| 519762|0|0|64.86|    Physical Jurisdiction Boundary: 227 Town of Gretna / 071 Pittsylvania County| 519840|0|0|65.29|    01/01/2022|3841|F|86|2|2|2|7|0|F|.093|6 |.59|3729|F||||||||||||||
030392|0|R-VA   US00029NBBUS003||||R-VA   US00029NBBUS003|BUS US 29| |227|Town of Gretna|071|Pittsylvania County|    Jurisdiction Boundary: 071 Pittsylvania County| 519761|0|0|1.64|    SR 40 Gretna| 519762|0|0|1.77|    01/01/2022|4646|G|98|0|1|0|1|0|F|.093|6 |.66|4585|G||||||||||||||
030393|0|R-VA   US00029NBBUS003||||R-VA   US00029NBBUS003|BUS US 29| |227|Town of Gretna|071|Pittsylvania County|    SR 40 Gretna| 519762|0|0|1.77|    Physical Jurisdiction Boundary: 227 Town of Gretna / 071 Pittsylvania County| 519764|0|0|2.65|    01/01/2022|4575|G|98|0|1|0|1|0|C|.087|6 |.51|4516|G||||||||||||||
403023|0|R-VA071SC00760NB||||R-VA071SC00760NB|71-760|Music St South|227|Town of Gretna|071|Pittsylvania County|    Bus US 29| 518660|0|0|0|    71-1302 Leftwich St| 518661|0|0|.24|    01/01/2022|230|G|98|0|1|1|0|0|C|.118|6 |.61|224|G||||||||||||||
758998|0|R-VA071SC00760NB||||R-VA071SC00760NB|71-760|Music St North|227|Town of Gretna|071|Pittsylvania County|    71-1302 Leftwich St| 518661|0|0|.24|    Physical Jurisdiction Boundary: 227 Town of Gretna / 071 Pittsylvania County| 518662|0|0|.6|    10/26/2021|542|R|||||||X||24|||X||||||||||||||
403028|0|R-VA071SC00792EB||||R-VA071SC00792EB|71-792|Henry St|227|Town of Gretna|071|Pittsylvania County|    71-1302 Leftwich St| 518722|0|0|0|    71-1312 Dalton St| 518720|0|0|.21|    01/01/2022|631|G|97|1|0|1|0|0|C|.104|6 |.51|614|G||||||||||||||
403029|0|R-VA071SC00792EB||||R-VA071SC00792EB|71-792|Henry St|227|Town of Gretna|071|Pittsylvania County|    71-1312 Dalton St| 518720|0|0|.21|    Bus US 29| 519463|0|0|.71|    01/01/2022|928|G|99|0|1|0|0|0|C|.101|6 |.55|904|G||||||||||||||
759052|0|R-VA071SC00792EB||||R-VA071SC00792EB|71-792|Henry St|227|Town of Gretna|071|Pittsylvania County|    US 29 BUS; 71-1307| 518713|0|0|.77|    71-1308 Virginia St| 518711|0|0|1.11|    11/06/2018|832|R|||||||X||24|||X||||||||||||||
759053|0|R-VA071SC00792EB||||R-VA071SC00792EB|71-792|Henry St|227|Town of Gretna|071|Pittsylvania County|    71-1308 Virginia St| 518711|0|0|1.11|    ECL Gretna| 518709|0|0|1.31|    11/06/2018|691|R|||||||X||24|||X||||||||||||||
759590|0|R-VA071SC01301EB||||R-VA071SC01301EB|71-1301|School St|227|Town of Gretna|071|Pittsylvania County|    71-1305 Franklin Blvd North| 519155|0|0|0|    Bus US 29| 519154|0|0|.17|    10/26/2021|102|R|||||||X||24|||X||||||||||||||
403082|0|R-VA071SC01302EB||||R-VA071SC01302EB|71-1302|Leftwich St|227|Town of Gretna|071|Pittsylvania County|    SR 40 Valden Dr| 519162|0|0|0|    71-1304 Washington St| 519159|0|0|.58|    01/01/2022|1126|G|97|0|2|0|0|0|C|.083|6 |.54|1095|G||||||||||||||
403083|0|R-VA071SC01302EB||||R-VA071SC01302EB|71-1302|Leftwich St|227|Town of Gretna|071|Pittsylvania County|    71-1304 Washington St| 519159|0|0|.58|    71-760 Music St North; Music St South| 518661|0|0|.91|    01/01/2022|1190|G|96|0|2|1|0|0|C|.083|6 |.53|1157|G||||||||||||||
759591|0|R-VA071SC01302EB||||R-VA071SC01302EB|71-1302|Leftwich St|227|Town of Gretna|071|Pittsylvania County|    71-760 Music Street North; Music Street South| 518661|0|0|.91|    Bus US 29| 519156|0|0|1.09|    01/01/2022|1304|G|96|0|2|1|0|0|C|.086|6 |.55|1268|G||||||||||||||
759592|0|R-VA071SC01303EB||||R-VA071SC01303EB|71-1303|Coffey St|227|Town of Gretna|071|Pittsylvania County|    SR 40 W, Valden Dr| 519167|0|0|0|    71-1327 Industrial Dr| 519166|0|0|.05|    07/20/2021|1273|R|||||||X||24|||X||||||||||||||
759593|0|R-VA071SC01303EB||||R-VA071SC01303EB|71-1303|Coffey St|227|Town of Gretna|071|Pittsylvania County|    71-1327 Industrial Dr| 519166|0|0|.05|    71-1322 W, Harvey St| 519704|0|0|.12|    07/20/2021|1015|R|||||||X||24|||X||||||||||||||
759594|0|R-VA071SC01303EB||||R-VA071SC01303EB|71-1303|Coffey St|227|Town of Gretna|071|Pittsylvania County|    71-1322 W, Harvey St| 519704|0|0|.12|    71-1322 E, Harvey St| 519165|0|0|.36|    07/20/2021|961|R|||||||X||24|||X||||||||||||||
759595|0|R-VA071SC01303EB||||R-VA071SC01303EB|71-1303|Coffey St|227|Town of Gretna|071|Pittsylvania County|    71-1322 E, Harvey St| 519165|0|0|.36|    71-1321 Church St| 519164|0|0|.64|    07/20/2021|1522|R|||||||X||24|||X||||||||||||||
759596|0|R-VA071SC01303EB||||R-VA071SC01303EB|71-1303|Coffey St|227|Town of Gretna|071|Pittsylvania County|    71-1321 Church St| 519164|0|0|.64|    SR 40 E, Valden Dr| 519163|0|0|.67|    07/20/2021|1318|R|||||||X||24|||X||||||||||||||
759597|0|R-VA071SC01304NB||||R-VA071SC01304NB|71-1304|Washington St|227|Town of Gretna|071|Pittsylvania County|    71-1319 West Watts St| 519168|0|0|0|    71-792 Northside Dr| 518718|0|0|.09|    07/20/2021|84|R|||||||X||24|||X||||||||||||||
759598|0|R-VA071SC01304NB||||R-VA071SC01304NB|71-1304|Washington St|227|Town of Gretna|071|Pittsylvania County|    71-792 Northside Dr| 518718|0|0|.09|    71-1302 Leftwich St| 519159|0|0|.28|    07/20/2021|105|R|||||||X||24|||X||||||||||||||
759599|0|R-VA071SC01305NB||||R-VA071SC01305NB|71-1305|Franklin Blvd North|227|Town of Gretna|071|Pittsylvania County|    SR 40 Valden Dr| 519169|0|0|0|    71-1301 School St| 519155|0|0|.17|    10/26/2021|1466|R|||||||X||24|||X||||||||||||||
759600|0|R-VA071SC01305NB||||R-VA071SC01305NB|71-1305|Franklin Blvd North|227|Town of Gretna|071|Pittsylvania County|    71-1301 School St| 519155|0|0|.17|    71-1326 Creasy St| 519170|0|0|.24|    10/26/2021|1411|R|||||||X||24|||X||||||||||||||
759601|0|R-VA071SC01305NB||||R-VA071SC01305NB|71-1305|Franklin Blvd North|227|Town of Gretna|071|Pittsylvania County|    71-1326 Creasy St| 519170|0|0|.24|    71-1314 Watts St Ext| 519172|0|0|.31|    10/26/2021|1382|R|||||||X||24|||X||||||||||||||
759602|0|R-VA071SC01305NB||||R-VA071SC01305NB|71-1305|Franklin Blvd North|227|Town of Gretna|071|Pittsylvania County|    71-1314 Watts St Ext| 519172|0|0|.31|    71-1319 West Watts St| 519171|0|0|.32|    10/26/2021|1010|R|||||||X||24|||X||||||||||||||
759603|0|R-VA071SC01305NB||||R-VA071SC01305NB|71-1305|Franklin Blvd North|227|Town of Gretna|071|Pittsylvania County|    71-1319 West Watts St| 519171|0|0|.32|    71-792 Northside Dr| 518717|0|0|.4|    10/26/2021|1041|R|||||||X||24|||X||||||||||||||
759604|0|R-VA071SC01305NB||||R-VA071SC01305NB|71-1305|Franklin Boulevard North|227|Town of Gretna|071|Pittsylvania County|    71-792 Northside Dr| 518717|0|0|.4|    71-1302 Leftwich St| 519158|0|0|.64|    10/26/2021|507|R|||||||X||24|||X||||||||||||||
759605|0|R-VA071SC01306NB||||R-VA071SC01306NB|71-1306|Bailey St|227|Town of Gretna|071|Pittsylvania County|    71-792 Northside Dr| 518719|0|0|0|    71-1302 Leftwich St| 519173|0|0|.16|    07/20/2021|103|R|||||||X||24|||X||||||||||||||
759606|0|R-VA071SC01307EB||||R-VA071SC01307EB|71-1307|Center St|227|Town of Gretna|071|Pittsylvania County|    71-1309 Huffmond St| 519175|0|0|0|    71-1316, S Shelton Dr| 519174|0|0|.09|    10/26/2021|188|R|||||||X||24|||X||||||||||||||
759607|0|R-VA071SC01307EB||||R-VA071SC01307EB|71-1307|Center St|227|Town of Gretna|071|Pittsylvania County|    71-1316, S Shelton Dr| 519174|0|0|.09|    Bus US 29; 71-792| 518713|0|0|.19|    10/26/2021|612|R|||||||X||24|||X||||||||||||||
759608|0|R-VA071SC01308NB||||R-VA071SC01308NB|71-1308|Virginia St|227|Town of Gretna|071|Pittsylvania County|    SR 40, E Gretna Rd| 519176|0|0|0|    71-1330 Smith Lane| 519177|0|0|.13|    11/16/2021|681|R|||||||X||24|||X||||||||||||||
759609|0|R-VA071SC01308NB||||R-VA071SC01308NB|71-1308|Virginia St|227|Town of Gretna|071|Pittsylvania County|    71-1330 Smith Lane| 519177|0|0|.13|    71-1310 Payne St| 519178|0|0|.3|    11/16/2021|636|R|||||||X||24|||X||||||||||||||
759610|0|R-VA071SC01308NB||||R-VA071SC01308NB|71-1308|Virginia St|227|Town of Gretna|071|Pittsylvania County|    71-1310 Payne St| 519178|0|0|.3|    71-792 Henry St| 518711|0|0|.57|    11/16/2021|340|R|||||||X||24|||X||||||||||||||
759611|0|R-VA071SC01308NB||||R-VA071SC01308NB|71-1308|Virginia St|227|Town of Gretna|071|Pittsylvania County|    71-792 Henry St| 518711|0|0|.57|    71-1318 Payne St Ext| 519179|0|0|.73|    10/26/2021|237|R|||||||X||24|||X||||||||||||||
759612|0|R-VA071SC01308NB||||R-VA071SC01308NB|71-1308|Virginia St|227|Town of Gretna|071|Pittsylvania County|    71-1318 Payne St Ext| 519179|0|0|.73|    NCL Gretna| 519180|0|0|.8|    10/26/2021|131|R|||||||X||24|||X||||||||||||||
759614|0|R-VA071SC01309NB||||R-VA071SC01309NB|71-1309|Huffmond St|227|Town of Gretna|071|Pittsylvania County|    71-792 Northside Dr| 518716|0|0|0|    71-1307 Center St| 519175|0|0|.06|    10/26/2021|143|R|||||||X||24|||X||||||||||||||
759615|0|R-VA071SC01309NB||||R-VA071SC01309NB|71-1309|Huffmond St|227|Town of Gretna|071|Pittsylvania County|    71-1307 Center St| 519175|0|0|.06|    71-1302 Leftwich St| 519157|0|0|.26|    10/26/2021|171|R|||||||X||24|||X||||||||||||||
759616|0|R-VA071SC01310NB||||R-VA071SC01310NB|71-1310|Payne St|227|Town of Gretna|071|Pittsylvania County|    71-792 Henry St| 518712|0|0|0|    71-1308 Virginia St| 519178|0|0|.17|    11/16/2021|295|R|||||||X||24|||X||||||||||||||
759617|0|R-VA071SC01310NB||||R-VA071SC01310NB|71-1310|Payne St|227|Town of Gretna|071|Pittsylvania County|    71-1308 Virginia St| 519178|0|0|.17|    71-792; 71-1318| 518710|0|0|.73|    11/16/2021|253|R|||||||X||24|||X||||||||||||||
759618|0|R-VA071SC01311NB||||R-VA071SC01311NB|71-1311|Harrison St|227|Town of Gretna|071|Pittsylvania County|    SR 40, E Gretna Rd| 519182|0|0|0|    Dead End| 519183|0|0|.2|    11/16/2021|204|R|||||||X||24|||X||||||||||||||
759619|0|R-VA071SC01312NB||||R-VA071SC01312NB|71-1312|Dalton St|227|Town of Gretna|071|Pittsylvania County|    SR 40 Valden Dr| 519186|0|0|0|    71-1319 West Watts St| 519184|0|0|.19|    07/20/2021|275|R|||||||X||24|||X||||||||||||||
759621|0|R-VA071SC01312NB||||R-VA071SC01312NB|71-1312|Dalton St|227|Town of Gretna|071|Pittsylvania County|    71-1319 West Watts St| 519184|0|0|.19|    71-792 Northside Dr| 518720|0|0|.29|    07/20/2021|210|R|||||||X||24|||X||||||||||||||
759622|0|R-VA071SC01312NB||||R-VA071SC01312NB|71-1312|Dalton St|227|Town of Gretna|071|Pittsylvania County|    71-792 Northside Dr| 518720|0|0|.29|    71-1302 Leftwich St| 519160|0|0|.44|    07/20/2021|139|R|||||||X||24|||X||||||||||||||
759623|0|R-VA071SC01313NB||||R-VA071SC01313NB|71-1313|Motely St|227|Town of Gretna|071|Pittsylvania County|    71-1302 Leftwich St| 519161|0|0|0|    WCL Gretna| 519187|0|0|.1|    07/20/2021|791|R|||||||X||24|||X||||||||||||||
759624|0|R-VA071SC01314EB||||R-VA071SC01314EB|71-1314|Watts St Ext|227|Town of Gretna|071|Pittsylvania County|    71-1305 Franklin Blvd North| 519172|0|0|0|    71-1317 Watts St Ext| 519189|0|0|.12|    10/26/2021|739|R|||||||X||24|||X||||||||||||||
759625|0|R-VA071SC01315NB||||R-VA071SC01315NB|71-1315|Power St|227|Town of Gretna|071|Pittsylvania County|    Bus US 29| 519190|0|0|0|    71-1321 Church St| 519191|0|0|.14|    10/26/2021|76|R|||||||X||24|||X||||||||||||||
759626|0|R-VA071SC01316NB||||R-VA071SC01316NB|71-1316|S Shelton Dr|227|Town of Gretna|071|Pittsylvania County|    71-792 Northside Dr| 518715|0|0|0|    71-1307 Center St| 519174|0|0|.07|    10/26/2021|685|R|||||||X||24|||X||||||||||||||
759627|0|R-VA071SC01317EB||||R-VA071SC01317EB|71-1317|Watts St Ext|227|Town of Gretna|071|Pittsylvania County|    71-792 Northside Dr| 518714|0|0|0|    71-1314 Watts St Ext| 519189|0|0|.06|    10/26/2021|831|R|||||||X||24|||X||||||||||||||
759628|0|R-VA071SC01317EB||||R-VA071SC01317EB|71-1317|Watts St Ext|227|Town of Gretna|071|Pittsylvania County|    71-1314 Watts St Ext| 519189|0|0|.06|    Dead End| 519192|0|0|.11|    10/26/2021|436|R|||||||X||24|||X||||||||||||||
759629|0|R-VA071SC01318NB||||R-VA071SC01318NB|71-1318|Payne St Ext|227|Town of Gretna|071|Pittsylvania County|    71-792; 71-1310| 518710|0|0|0|    71-1308 Virginia St| 519179|0|0|.22|    10/26/2021|94|R|||||||X||24|||X||||||||||||||
759630|0|R-VA071SC01319EB||||R-VA071SC01319EB|71-1319|West Watts St|227|Town of Gretna|071|Pittsylvania County|    71-1312 Dalton St| 519184|0|0|0|    71-1305 Franklin Blvd North| 519171|0|0|.23|    10/26/2021|216|R|||||||X||24|||X||||||||||||||
759632|0|R-VA071SC01321EB||||R-VA071SC01321EB|71-1321|Church St|227|Town of Gretna|071|Pittsylvania County|    71-1303 Coffey St| 519164|0|0|0|    71-1315 Power St| 519191|0|0|.02|    10/26/2021|457|R|||||||X||24|||X||||||||||||||
759633|0|R-VA071SC01321EB||||R-VA071SC01321EB|71-1321|Church St|227|Town of Gretna|071|Pittsylvania County|    71-1315 Power St| 519191|0|0|.02|    Bus US 29| 519195|0|0|.1|    10/26/2021|398|R|||||||X||24|||X||||||||||||||
759634|0|R-VA071SC01322EB||||R-VA071SC01322EB|71-1322|Harvey St|227|Town of Gretna|071|Pittsylvania County|    71-1303 W, Coffey St| 519704|0|0|0|    71-1303 E, Coffey St| 519165|0|0|.23|    07/20/2021|31|R|||||||X||24|||X||||||||||||||
759635|0|R-VA071SC01323NB||||R-VA071SC01323NB|71-1323|Fitzgerald St|227|Town of Gretna|071|Pittsylvania County|    71-1327 Industrial Dr| 519196|0|0|0|    SR 40 Valden Dr| 519197|0|0|.08|    07/20/2021|401|R|||||||X||24|||X||||||||||||||
759636|0|R-VA071SC01323NB||||R-VA071SC01323NB|71-1323|Toney St|227|Town of Gretna|071|Pittsylvania County|    SR 40 Valden Dr| 519197|0|0|.08|    71-792 Northside Dr| 518721|0|0|.21|    07/20/2021|288|R|||||||X||24|||X||||||||||||||
759637|0|R-VA071SC01324NB||||R-VA071SC01324NB|71-1324|Northwest Dr|227|Town of Gretna|071|Pittsylvania County|    Bus US 29| 519198|0|0|0|    WCL Gretna| 519199|0|0|.097|    12/14/2021|334|R|||||||X||24|||X||||||||||||||
759640|0|R-VA071SC01326EB||||R-VA071SC01326EB|71-1326|Creasy St|227|Town of Gretna|071|Pittsylvania County|    71-1305 Franklin Blvd North| 519170|0|0|0|    Cul-de-Sac| 519201|0|0|.12|    10/26/2021|166|R|||||||X||24|||X||||||||||||||
759642|0|R-VA071SC01327EB||||R-VA071SC01327EB|71-1327|Industrial Dr|227|Town of Gretna|071|Pittsylvania County|    71-1323 Fitzgerald St| 519196|0|0|.38|    71-1303 Coffey St| 519166|0|0|.4|    07/20/2021|583|R|||||||X||24|||X||||||||||||||
759645|0|R-VA071SC01330NB||||R-VA071SC01330NB|71-1330|Smith Lane|227|Town of Gretna|071|Pittsylvania County|    71-1308 Virginia St| 519177|0|0|0|    Dead End| 519707|0|0|.06|    11/16/2021|28|R|||||||X||24|||X||||||||||||||
759648|0|R-VA071SC01334EB||||R-VA071SC01334EB|71-1334|Peoples Supply Rd|227|Town of Gretna|071|Pittsylvania County|    Bus US 29| 519760|0|0|0|    Dead End| 710837|0|0|.17|    10/26/2021|73|R|||||||X||24|||X||||||||||||||
780587|0|R-VA071SC01335EB||||R-VA071SC01335EB|71-1335| |227|Town of Gretna|071|Pittsylvania County|    Dead End (pre-update)|1142123|0|0|0|    SR 40 Valden Dr| 519841|0|0|.2|    10/09/2018|617|R|||||||X||24|||X||||||||||||||
794999|0|R-VA071SC09300EB||||R-VA071SC09300EB|71-9300| |227|Town of Gretna|071|Pittsylvania County|    71-1312 Dalton St| 747813|0|0|0|    71-1305 Franklin Blvd North| 747812|0|0|.21|    09/09/2021|158|R|||||||X||24|||X||||||||||||||
795000|0|R-VA071SC09301EB||||R-VA071SC09301EB|71-9301| |227|Town of Gretna|071|Pittsylvania County|    Beginning of Loop| 991402|0|0|0|    71-1305 Franklin Blvd North| 747814|0|0|.17|    09/09/2021|1076|R|||||||X||24|||X||||||||||||||
759915|0|R-VA071SC09844NB||||R-VA071SC09844NB|71-9844|Gretna Hawks Circle|227|Town of Gretna|071|Pittsylvania County|    71-1303 Coffey St| 519422|0|0|0|    Gretna High School| 519423|0|0|.43|    09/09/2021|927|R|||||||X||24|||X||||||||||||||
