sep=|
- - 2022 AADT Report for City of Portsmouth - -
LINKID|SEQUENCENUMBER|RTE_NM|RTE_NM_2|RTE_NM_3|RTE_NM_4|Host RTE_NM|Route Label|Street Name|Physical Jurisdiction|Physical Jurisdiciton Name|Maintenance Jurisdiction|Maintenance Jurisdiciton Name|    Start Label|Start Node|Start Node Route Sequence|Star tOffset|Start Milepoint|    End Label|End Node|End Node Route Sequence|End Offset|End Milepoint|    VPDDate|AADT|AADT Quality|Passenger Vehicle|Bus|Truck 2 Axle|Truck 3 Axle|Truck 1 Trailer|Truck 2 Trailer|Class Quality|K Factor|K Factor Quality|Direction Factor|AAWDT|AAWDT Quality|AADT Dir|AADT Quality Dir|PassengerVehicle Dir|Bus Dir|Truck 2 Axle Dir|Truck 3 Axle Dir|Truck 1 Trailer Dir|Truck 2 Trailer Dir|Class Quality Dir|K Factor Dir|K Factor Quality Dir|Direction Factor Dir|AAWDT Dir|AAWDT Quality Dir
780397|0|R-VA   FR00154EB||||R-VA   FR00154EB|FR 154|Liberty St|124|City of Portsmouth|064|Norfolk Maintenance Area|    Dead End| 483878|0|0|0|    Tazewell St| 483879|0|0|.4|    01/01/2021|20|G|||||||X|.22|6 |.56||X||||||||||||||
150318|0|R-VA   IS00264EB||||R-VA   IS00264EB|I-264| |124|City of Portsmouth|064|Norfolk Maintenance Area|    Jurisdiction Boundary: | 483573|0|0|1.1|    Greenwood Drive| 483574|0|0|1.33|    01/01/2022|50637|G|92|1|1|1|5|0|F|.087|6 |.71|56021|G|24730|G|92|1|1|1|5|0|F|.125|6 |1|27527|G
050133|0|R-VA   IS00264EB||||R-VA   IS00264EB|I-264| |124|City of Portsmouth|064|Norfolk Maintenance Area|    Greenwood Drive| 483574|0|0|1.33|    | 483578|0|0|2.62|    01/01/2022|47932|G|92|1|1|1|5|0|F|.111|6 |.93|53122|G|23414|G|92|1|1|1|5|0|F|.126|6 |1|26062|G
150010|0|R-VA   IS00264EB||||R-VA   IS00264EB|I-264| |124|City of Portsmouth|064|Norfolk Maintenance Area|    SR 239 Victory Blvd| 483578|0|0|2.62|    | 483581|0|0|3.78|    01/01/2022|54740|A|92|1|1|1|5|0|C|.098|1 |.62|60336|A|27580|A|92|1|1|1|5|0|C|.12|1 |1|30453|A
050131|0|R-VA   IS00264EB|R-VA   US00460NBALT001|||R-VA   IS00264EB|I-264, ALT US 460| |124|City of Portsmouth|064|Norfolk Maintenance Area|    SR 337 Portsmouth Blvd| 483581|0|0|3.78|    | 483582|0|0|4.28|    01/01/2022|53809|G|92|1|1|1|5|0|F|.085|6 |.68|59638|G|26628|G|92|1|1|1|5|0|F|.116|6 |1|29639|G
050608|0|R-VA   IS00264EB|R-VA   US00460NBALT001|||R-VA   IS00264EB|I-264, ALT US 460| |124|City of Portsmouth|064|Norfolk Maintenance Area|    US 17 Frederick Blvd| 483582|0|0|4.28|    SR 164| 483585|0|0|5.27|    01/01/2022|50463|G|92|1|1|1|5|0|F|.094|6 |.74|55886|G|20324|G|92|1|1|1|5|0|F|.114|6 |1|22622|G
050611|0|R-VA   IS00264EB|R-VA   US00460NBALT001|||R-VA   IS00264EB|I-264, ALT US 460| |124|City of Portsmouth|064|Norfolk Maintenance Area|    SR 164| 483585|0|0|5.27|    SR 141 Effingham St| 483586|0|0|5.94|    01/01/2022|68869|G|92|1|1|1|5|0|F|.09|6 |.58|76317|G|32893|G|92|1|1|1|5|0|F|.113|6 |1|36612|G
150322|0|R-VA   IS00264EB|R-VA   US00460NBALT001|||R-VA   IS00264EB|I-264, ALT US 460|Elizabeth River Downtown Tunnel|124|City of Portsmouth|064|Norfolk Maintenance Area|    SR 141 Effingham St| 483586|0|0|5.94|    Physical Jurisdiction Boundary: 124 City of Portsmouth / 122 City of Norfolk| 483589|0|0|6.81|    01/01/2022|71623|G|92|1|1|1|5|0|F|.09|1 |.5|75712|G|35046|G|92|1|1|1|5|0|F|.086|6 |1|36252|G
789449|0|R-VA   IS00264EB      RMP002.00A||||R-VA   IS00264EB      RMP002.00A|I-264  EB EXIT 2A|Ramp|124|City of Portsmouth|064|Norfolk Maintenance Area|    I-264 East| 483574|0|0|0|    124-8540 E, Greenwood Dr| 484113|0|0|.32|    01/01/2022|2348|G|||||||X|.155|6 |1|2491|G||||||||||||||
789450|0|R-VA   IS00264EB      RMP002.00B||||R-VA   IS00264EB      RMP002.00B|I-264  EB EXIT 2B|Ramp|124|City of Portsmouth|064|Norfolk Maintenance Area|    I-264 East| 483576|0|0|0|    124-8540 W, Greenwood Dr| 484114|0|0|.1|    01/01/2022|3532|G|||||||X|.097|6 |1|3746|G||||||||||||||
789451|0|R-VA   IS00264EB      RMP003.00A||||R-VA   IS00264EB      RMP003.00A|I-264  EB EXIT 3A|Ramp|124|City of Portsmouth|064|Norfolk Maintenance Area|    I-264 East| 483578|0|0|0|    124-8599 Cavalier Blvd| 737391|0|0|.14|    01/01/2022|4619|G|||||||X|.105|6 |1|4900|G||||||||||||||
789452|0|R-VA   IS00264EB      RMP004.00A||||R-VA   IS00264EB      RMP004.00A|I-264  EB EXIT 4A|Ramp|124|City of Portsmouth|064|Norfolk Maintenance Area|    I-264 East| 483580|0|0|0|    SR 337 E, Portsmouth Blvd| 483694|0|0|.14|    01/01/2022|2349|G|||||||X|.099|6 |1|2492|G||||||||||||||
789823|0|R-VA   IS00264EB      RMP005.00A||||R-VA   IS00264EB      RMP005.00A|I-264  EB EXIT 5A|Ramp|124|City of Portsmouth|064|Norfolk Maintenance Area|    I-264 East| 483582|0|0|0|    I-264 East Exit 5B to SR 164| 737245|0|0|.17|    01/01/2022|11579|G|||||||X|.111|6 |1|12290|G||||||||||||||
797976|0|R-VA   IS00264EB      RMP005.00A||||R-VA   IS00264EB      RMP005.00A|I-264  EB EXIT 5A|Ramp|124|City of Portsmouth|064|Norfolk Maintenance Area|    I-264 East Exit 5B to SR 164| 737245|0|0|.17|    US 17 Frederick Blvd|1272135|0|0|.27|    01/01/2022|3814|G|||||||X|.084|6 |1|3814|G||||||||||||||
789824|0|R-VA   IS00264EB      RMP005.00B||||R-VA   IS00264EB      RMP005.00B|I-264  EB EXIT 5B|Ramp|124|City of Portsmouth|064|Norfolk Maintenance Area|    I-264 East Exit 5A Ramp to US 17| 737245|0|0|0|    SR 164|1272138|0|0|.47|    01/01/2022|8245|G|||||||X|.127|6 |1|8245|G||||||||||||||
789825|0|R-VA   IS00264EB      RMP007.00A||||R-VA   IS00264EB      RMP007.00A|I-264  EB EXIT 7A|Ramp|124|City of Portsmouth|064|Norfolk Maintenance Area|    I-264 East| 483586|0|0|0|    SR 141 S, Effingham St| 483286|0|0|.21|    01/01/2022|5193|G|||||||X|.167|6 |1|5508|G||||||||||||||
789826|0|R-VA   IS00264EB      RMP007.00B||||R-VA   IS00264EB      RMP007.00B|I-264  EB EXIT 7B|Ramp|124|City of Portsmouth|064|Norfolk Maintenance Area|    I-264 East| 483587|0|0|0|    I-264 East Exit 7C Ramp to Pavilion Dr| 737234|0|0|.1|    01/01/2022|6489|G|||||||X|.126|6 |1|6884|G||||||||||||||
797977|0|R-VA   IS00264EB      RMP007.00B||||R-VA   IS00264EB      RMP007.00B|I-264  EB EXIT 7B|Ramp|124|City of Portsmouth|064|Norfolk Maintenance Area|    I-264 East Exit 7C Ramp to Pavilion Dr| 737234|0|0|.1|    SR 141 N, Effingham St| 483290|0|0|.23|    01/01/2022|2421|G|||||||X|.114|6 |1|2569|G||||||||||||||
789827|0|R-VA   IS00264EB      RMP007.00C||||R-VA   IS00264EB      RMP007.00C|I-264  EB EXIT 7C|Ramp|124|City of Portsmouth|064|Norfolk Maintenance Area|    I-264 East Exit 7B Ramp to SR 141 N| 737234|0|0|0|    Pavilion Dr| 737235|0|0|.21|    01/01/2022|4067|G|||||||X|.134|6 |1|4315|G||||||||||||||
150077|0|R-VA   IS00264WB||||R-VA   IS00264WB|I-264| |124|City of Portsmouth|064|Norfolk Maintenance Area|    | 483602|0|0|1.17|    Greenwood Drive| 483606|0|0|1.78|    01/01/2022|50637|G|92|1|1|1|5|0|F|.092|6 |.68|56021|G|25907|G|92|1|1|1|5|0|F|.111|6 |1|28494|G
150078|0|R-VA   IS00264WB||||R-VA   IS00264WB|I-264| |124|City of Portsmouth|064|Norfolk Maintenance Area|    Greenwood Drive| 483606|0|0|1.78|    SR 239 Victory Blvd| 483608|0|0|3.12|    01/01/2022|47932|G|92|1|1|1|5|0|F|.1|6 |.64|53122|G|24518|G|92|1|1|1|5|0|F|.118|6 |1|27060|G
150079|0|R-VA   IS00264WB||||R-VA   IS00264WB|I-264| |124|City of Portsmouth|064|Norfolk Maintenance Area|    SR 239 Victory Blvd| 483608|0|0|3.12|    SR 337 Portsmouth Blvd| 483610|0|0|3.87|    01/01/2022|54740|A|92|1|1|1|5|0|C|.098|1 |.62|60336|A|27160|A|92|1|1|1|5|0|C|.124|1 |1|29883|A
150080|0|R-VA   IS00264WB||||R-VA   IS00264WB|I-264, ALT US 460| |124|City of Portsmouth|064|Norfolk Maintenance Area|    SR 337 Portsmouth Blvd| 483610|0|0|3.87|    US 17 Frederick Blvd| 483613|0|0|4.71|    01/01/2022|53809|G|92|1|1|1|5|0|F|.085|6 |.68|59638|G|27181|G|92|1|1|1|5|0|F|.122|6 |1|29999|G
150081|0|R-VA   IS00264WB||||R-VA   IS00264WB|I-264, ALT US 460| |124|City of Portsmouth|064|Norfolk Maintenance Area|    US 17 Frederick Blvd| 483613|0|0|4.71|    SR 164| 483614|0|0|5.26|    01/01/2022|50463|G|92|1|1|1|5|0|F|.094|6 |.74|55886|G|30139|G|92|1|1|1|5|0|F|.116|6 |1|33264|G
150082|0|R-VA   IS00264WB||||R-VA   IS00264WB|I-264, ALT US 460| |124|City of Portsmouth|064|Norfolk Maintenance Area|    SR 164| 483614|0|0|5.26|    SR 141 Effingham St| 483618|0|0|6.43|    01/01/2022|68869|G|92|1|1|1|5|0|F|.09|6 |.58|76317|G|35976|G|92|1|1|1|5|0|F|.114|6 |1|39705|G
150083|0|R-VA   IS00264WB||||R-VA   IS00264WB|I-264, ALT US 460|Elizabeth River Downtown Tunnel|124|City of Portsmouth|064|Norfolk Maintenance Area|    SR 141 Effingham St| 483618|0|0|6.43|    Physical Jurisdiction Boundary: 124 City of Portsmouth / 122 City of Norfolk| 483619|0|0|6.88|    01/01/2022|71623|G|92|1|1|1|5|0|F|.082|6 |.51|75712|G|36577|G|92|1|1|1|5|0|F|.079|6 |1|39460|G
789460|0|R-VA   IS00264WB      RMP002.00A||||R-VA   IS00264WB      RMP002.00A|I-264  WB EXIT 2A|Ramp|124|City of Portsmouth|064|Norfolk Maintenance Area|    I-264 West| 483604|0|0|0|    124-8540 E, Greenwood Dr| 484111|0|0|.17|    01/01/2022|1851|G|||||||X|.099|6 |1|1963|G||||||||||||||
789461|0|R-VA   IS00264WB      RMP002.00B||||R-VA   IS00264WB      RMP002.00B|I-264  WB EXIT 2B|Ramp|124|City of Portsmouth|064|Norfolk Maintenance Area|    I-264 West| 483606|0|0|0|    124-8540 W, Greenwood Dr| 484109|0|0|.27|    01/01/2022|2576|G|||||||X|.12|6 |1|2732|G||||||||||||||
789462|0|R-VA   IS00264WB      RMP003.00A||||R-VA   IS00264WB      RMP003.00A|I-264  WB EXIT 3A|Ramp|124|City of Portsmouth|064|Norfolk Maintenance Area|    I-264 West| 483608|0|0|0|    SR 239 Victory Blvd| 483517|0|0|.2|    01/01/2022|7507|G|||||||X|.093|6 |1|7963|G||||||||||||||
789463|0|R-VA   IS00264WB      RMP004.00A||||R-VA   IS00264WB      RMP004.00A|I-264  WB EXIT 4A|Ramp|124|City of Portsmouth|064|Norfolk Maintenance Area|    I-264 West| 483610|0|0|0|    SR 337 W, Portsmouth Blvd| 483697|0|0|.37|    01/01/2022|3238|G|||||||X|.125|6 |1|3437|G||||||||||||||
789842|0|R-VA   IS00264WB      RMP005.00A||||R-VA   IS00264WB      RMP005.00A|I-264  WB EXIT 5A|Ramp|124|City of Portsmouth|064|Norfolk Maintenance Area|    I-264 West| 483613|0|0|0|    US 17 N, Frederick Blvd| 483075|0|0|.25|    01/01/2022|7511|G|||||||X|.097|6 |1|7971|G||||||||||||||
789844|0|R-VA   IS00264WB      RMP007.00A||||R-VA   IS00264WB      RMP007.00A|I-264  WB EXIT 7A|Ramp|124|City of Portsmouth|064|Norfolk Maintenance Area|    I-264 West| 483618|0|0|0|    I-264 West Exit 7B Ramp to Court St| 737237|0|0|.02|    01/01/2022|12392|G|||||||X|.134|6 |1|13145|G||||||||||||||
797979|0|R-VA   IS00264WB      RMP007.00A||||R-VA   IS00264WB      RMP007.00A|I-264  WB EXIT 7A|Ramp|124|City of Portsmouth|064|Norfolk Maintenance Area|    I-264 West Exit 7B Ramp to Court St| 737237|0|0|.02|    Bart St| 737238|0|0|.09|    01/01/2022|8898|G|||||||X|.123|6 |1|9439|G||||||||||||||
789845|0|R-VA   IS00264WB      RMP007.00B||||R-VA   IS00264WB      RMP007.00B|I-264  WB EXIT 7B|Ramp|124|City of Portsmouth|064|Norfolk Maintenance Area|    I-264 West 7A Ramp to Bart St| 737237|0|0|0|    Court St| 484484|0|0|.18|    01/01/2022|3494|G|||||||X|.169|6 |1|3706|G||||||||||||||
660440|0|R-VA   SR00141NB||||R-VA   SR00141NB|VA 141|George Washington Hwy|124|City of Portsmouth|124|City of Portsmouth|    US 17 Frederick Blvd| 483084|0|0|0|    SR 337 Elm Ave| 483281|0|0|.36|    01/01/2022|17107|F|98|1|1|0|0|0|F|.08|6 |.62|18240|F||||||||||||||
150174|0|R-VA   SR00141NB||||R-VA   SR00141NB|VA 141|George Washington Hwy|124|City of Portsmouth|124|City of Portsmouth|    SR 337 Elm Ave| 483281|0|0|.36|    Portsmouth Blvd| 483284|0|0|.84|    01/01/2022|14496|F|98|1|1|0|0|0|F|.087|6 |.68|15456|F||||||||||||||
660424|0|R-VA   SR00141NB||||R-VA   SR00141NB|VA 141|Effingham St|124|City of Portsmouth|124|City of Portsmouth|    Portsmouth Blvd| 483284|0|0|.84|    I-264| 483290|0|0|1.6|    01/01/2022|24066|F|98|1|1|0|0|0|F|.084|6 |.67|25661|F||||||||||||||
660610|0|R-VA   SR00141NB||||R-VA   SR00141NB|VA 141|Effingham St|124|City of Portsmouth|124|City of Portsmouth|    I-264| 483290|0|0|1.6|    South St| 483293|0|0|1.78|    01/01/2022|20233|F|98|1|1|0|0|0|F|.072|6 |.54|21573|F||||||||||||||
660425|0|R-VA   SR00141NB||||R-VA   SR00141NB|VA 141|Effingham St|124|City of Portsmouth|124|City of Portsmouth|    South St| 483293|0|0|1.78|    High St| 483295|0|0|2.03|    01/01/2022|17432|F|98|0|1|0|0|0|F|.073|6 |.55|18503|F||||||||||||||
660609|0|R-VA   SR00141NB||||R-VA   SR00141NB|VA 141|Effingham St|124|City of Portsmouth|124|City of Portsmouth|    High St| 483295|0|0|2.03|    London Blvd| 483296|0|0|2.09|    01/01/2022|16192|F|98|0|1|0|0|0|F|.075|6 |.61|17188|F||||||||||||||
660441|0|R-VA   SR00141NB||||R-VA   SR00141NB|VA 141|London Blvd|124|City of Portsmouth|124|City of Portsmouth|    Effingham St| 483296|0|0|2.09|    Elm Ave| 483297|0|0|2.42|    01/01/2022|15067|F|98|0|1|0|0|0|F|.082|6 |.66|15993|F||||||||||||||
660461|0|R-VA   SR00141NB||||R-VA   SR00141NB|VA 141|London Blvd|124|City of Portsmouth|124|City of Portsmouth|    Elm Ave| 483297|0|0|2.42|    US 58 Martin Luther King Freeway| 483302|0|0|3.3|    01/01/2022|18280|F|98|0|1|0|0|0|C|.091|6 |.65|19405|F||||||||||||||
789889|0|R-VA   SR00141NB      RMP001.00A||||R-VA   SR00141NB      RMP001.00A|VA 141  NB EXIT 1A|Ramp|124|City of Portsmouth|064|Norfolk Maintenance Area|    SR 141 N, Effingham St| 483288|0|0|0|    I-264 West| 483615|0|0|.3|    01/01/2022|5851|G|||||||X|.135|6 |1|6206|G||||||||||||||
803511|0|R-VA   SR00141NB      RMP003.00A||||R-VA   SR00141NB      RMP003.00A|VA 141  NB EXIT 3A|Ramp|124|City of Portsmouth|064|Norfolk Maintenance Area|    SR-00141(B)/RAMP TO RTE 58| 483300|0|0|0|    US-00058(B)/RAMP FROM RTE 141| 483143|0|0|.11|    01/01/2022|6023|F|||||||X|.119|6 |1|6393|F||||||||||||||
789890|0|R-VA   SR00141SB      RMP001.00A||||R-VA   SR00141SB      RMP001.00A|VA 141  SB EXIT 1A|Ramp|124|City of Portsmouth|064|Norfolk Maintenance Area|    SR 141 S, Effingham St| 483292|0|0|0|    I-264 West| 483616|0|0|.15|    01/01/2022|3186|G|||||||X|.143|6 |1|3379|G||||||||||||||
804032|0|R-VA   SR00141SB      RMP003.00A||||R-VA   SR00141SB      RMP003.00A|VA 141  SB EXIT 3A|Ramp|124|City of Portsmouth|064|Norfolk Maintenance Area|    SR-00141(B)/RAMP TO RTE 337 ALT| 483301|0|0|0|    MCARTHUR AVE- RAMP FROM RTE 141| 483722|0|0|.13|    01/01/2022|2904|F|||||||X|.083|6 |1|3085|F||||||||||||||
803510|0|R-VA   SR00141UK      RMP001.00A||||R-VA   SR00141UK      RMP001.00A|VA 141  EXIT 1A|Ramp|124|City of Portsmouth|064|Norfolk Maintenance Area|    SR 141 Effingham St|1000004|0|0|0|    I-264 East| 483588|0|0|.16|    01/01/2022|11553|G|||||||X|.108|6 |1|11553|G||||||||||||||
050617|0|R-VA   SR00164EB||||R-VA   SR00164EB|VA 164|Western Freeway|124|City of Portsmouth|064|Norfolk Maintenance Area|    SR 135 College Dr| 709044|0|0|1.48|    | 709046|0|0|2.34|    01/01/2022|55608|F|95|0|1|1|3|0|C|.102|1 |.57|61196|F||||||||||||||
150139|0|R-VA   SR00164EB||||R-VA   SR00164EB|VA 164|Western Freeway|124|City of Portsmouth|064|Norfolk Maintenance Area|    Towne Point Rd| 709046|0|0|2.34|    Cedar Lane| 709049|0|0|3.73|    01/01/2022|59664|G|95|0|1|1|3|0|F|.094|6 |.61|65199|G||||||||||||||
150109|0|R-VA   SR00164EB||||R-VA   SR00164EB|VA 164|Western Freeway|124|City of Portsmouth|064|Norfolk Maintenance Area|    Cedar Lane| 709049|0|0|3.73|    | 709052|0|0|5.43|    01/01/2022|59721|G|95|0|1|1|3|0|F|.094|6 |.62|66411|G||||||||||||||
150140|0|R-VA   SR00164EB||||R-VA   SR00164EB|VA 164|Western Freeway|124|City of Portsmouth|064|Norfolk Maintenance Area|    West Norfolk Rd| 709052|0|0|5.43|    US 58, SR 337 Martin Luther King Fwy| 742794|0|0|7.32|    01/01/2022|64296|G|95|0|1|1|3|0|F|.09|6 |.61|70261|G||||||||||||||
803571|0|R-VA   SR00164EB      RMP004.00A||||R-VA   SR00164EB      RMP004.00A|VA 164  EB EXIT 4A|Ramp|124|City of Portsmouth|124|City of Portsmouth|    SR-00164(B)/124-08525- 002B(L)/RAMP FROM AND|1094842|0|0|0|    124-08525(B)/124-08525-N002A(L)/RAMP FROM WES| 723526|0|0|.28|    01/01/2022|6175|F|||||||X||24||6175|F||||||||||||||
803576|0|R-VA   SR00164WB      RMP004.00B||||R-VA   SR00164WB      RMP004.00B|VA 164  WB EXIT 4B|Ramp|124|City of Portsmouth|124|City of Portsmouth|    SR-00164(B)/124-08525-S002A(R)/RAMP TO AND FR|1094843|0|0|0|    124-08525(B)/RAMP FROM WEST FREEWAY| 723528|0|0|.19|    01/01/2022|4709|F|||||||X|.103|6 |1|4709|F||||||||||||||
803577|0|R-VA   SR00164WB      RMP006.00A||||R-VA   SR00164WB      RMP006.00A|VA 164  WB EXIT 6A|Ramp|124|City of Portsmouth|124|City of Portsmouth|    SR-00164(B)/RAMP TO WEST NORFOLK ROAD| 709055|0|0|0|    124-08524(B)/RAMP T0/FROM_RTE 164-WYATT DRIVE| 730516|0|0|.14|    01/01/2022|3091|F|||||||X||24||3091|F||||||||||||||
660622|0|R-VA   SR00239EB||||R-VA   SR00239EB|VA 239|Victory Blvd|124|City of Portsmouth|124|City of Portsmouth|    SR 337 Portsmouth Blvd|1056340|0|0|0|    US 58 Airline Blvd| 483149|0|0|.22|    01/01/2022|7205|F|96|0|1|1|2|0|F|.093|6 |.57|7658|F||||||||||||||
660478|0|R-VA   SR00239EB||||R-VA   SR00239EB|VA 239|Victory Blvd|124|City of Portsmouth|124|City of Portsmouth|    US 58 Airline Blvd| 483149|0|0|.22|    I-264| 483517|0|0|.55|    01/01/2022|17833|F|96|0|1|1|2|0|F|.085|6 |.51|18956|F||||||||||||||
660479|0|R-VA   SR00239EB||||R-VA   SR00239EB|VA 239|Victory Blvd|124|City of Portsmouth|124|City of Portsmouth|    I-264| 483517|0|0|.55|    Greenwood Dr| 483521|0|0|1.14|    01/01/2022|21268|F|96|0|1|1|2|0|C|.082|6 |.53|22608|F||||||||||||||
660480|0|R-VA   SR00239EB||||R-VA   SR00239EB|VA 239|Victory Blvd|124|City of Portsmouth|124|City of Portsmouth|    Greenwood Dr| 483521|0|0|1.14|    Deep Creek Blvd| 483528|0|0|2.22|    01/01/2022|16098|F|96|0|1|1|2|0|F|.086|6 |.51|17112|F||||||||||||||
660481|0|R-VA   SR00239EB||||R-VA   SR00239EB|VA 239|Victory Blvd|124|City of Portsmouth|124|City of Portsmouth|    Deep Creek Blvd| 483528|0|0|2.22|    US 17 George Washington Hwy| 483089|0|0|2.66|    01/01/2022|17310|F|93|0|1|1|3|0|F|.084|6 |.53|18400|F||||||||||||||
660482|0|R-VA   SR00239EB||||R-VA   SR00239EB|VA 239|Victory Blvd|124|City of Portsmouth|124|City of Portsmouth|    US 17 George Washington Hwy| 483089|0|0|2.66|    Frailey Pl| 483530|0|0|3.08|    01/01/2022|9308|F|93|0|1|1|3|0|C|.101|6 |.77|9895|F||||||||||||||
660496|0|R-VA   SR00239EB||||R-VA   SR00239EB|VA 239|Victory Blvd|124|City of Portsmouth|124|City of Portsmouth|    Frailey Pl| 483530|0|0|3.08|    Afton Pkwy| 483533|0|0|3.91|    01/01/2022|6145|F|93|0|1|1|3|0|F|.108|6 |.68|6532|F||||||||||||||
660483|0|R-VA   SR00239EB||||R-VA   SR00239EB|VA 239|Victory Blvd|124|City of Portsmouth|124|City of Portsmouth|    Afton Pkwy| 483533|0|0|3.91|    SR 337 Elm Ave| 483534|0|0|4.46|    01/01/2022|6581|F|93|0|1|1|3|0|F|.111|6 |.72|6996|F||||||||||||||
798079|0|R-VA   SR00239UK      RMP000.00A||||R-VA   SR00239UK      RMP000.00A|VA 239  EXIT 0A|Ramp|124|City of Portsmouth|064|Norfolk Maintenance Area|    Belmont Ave| 737390|0|0|.11|    I-264 West| 483607|0|0|.22|    01/01/2022|5400|G|||||||X|.088|6 |1|5729|G||||||||||||||
789622|0|R-VA   SR00239UK      RMP000.00B||||R-VA   SR00239UK      RMP000.00B|VA 239  EXIT 0B|Ramp|124|City of Portsmouth|064|Norfolk Maintenance Area|    Cavalier Blvd| 737392|0|0|0|    I-264 East| 483579|0|0|.13|    01/01/2022|8146|G|||||||X|.074|6 |1|8642|G||||||||||||||
660464|0|R-VA   SR00337EB||||R-VA   SR00337EB|VA 337|Portsmouth Blvd|124|City of Portsmouth|124|City of Portsmouth|    ECL Chesapeake| 483704|0|0|16.36|    Hodges Ferry Rd| 483702|0|0|16.7|    01/01/2022|26391|F|99|0|0|0|0|0|F|.096|6 |.52|28005|F||||||||||||||
660617|0|R-VA   SR00337EB||||R-VA   SR00337EB|VA 337|Portsmouth Blvd|124|City of Portsmouth|124|City of Portsmouth|    Hodges Ferry Rd| 483702|0|0|16.7|    Elmhurst Lane| 483701|0|0|17.3|    01/01/2022|21537|F|99|0|0|0|0|0|F|.098|6 |.55|22853|F||||||||||||||
660465|0|R-VA   SR00337EB||||R-VA   SR00337EB|VA 337|Portsmouth Blvd|124|City of Portsmouth|124|City of Portsmouth|    Elmhurst Lane| 483701|0|0|17.3|    SR 239 Victory Blvd| 483514|0|0|18.47|    01/01/2022|19195|F|99|0|0|0|0|0|C|.083|6 |.52|20393|F||||||||||||||
660616|0|R-VA   SR00337EB||||R-VA   SR00337EB|VA 337|Portsmouth Blvd|124|City of Portsmouth|124|City of Portsmouth|    SR 239 Victory Blvd| 483514|0|0|18.47|    US 58, ALT US 460 Airline Blvd| 877004|0|0|18.7|    01/01/2022|13067|F|99|0|0|0|0|0|F|.081|6 |.6|13881|F||||||||||||||
660615|0|R-VA   SR00337EB|R-VA   US00460NBALT001|||R-VA   SR00337EB|ALT US 460, VA 337|Portsmouth Blvd|124|City of Portsmouth|124|City of Portsmouth|    US 58, ALT US 460 Airline Blvd| 877004|0|0|18.7|    ALT SR 337 Turnpike Rd| 483698|0|0|18.8|    01/01/2022|13670|F|99|0|0|0|0|0|F|.082|6 |.53|14523|F||||||||||||||
660466|0|R-VA   SR00337EB|R-VA   US00460NBALT001|||R-VA   SR00337EB|ALT US 460, VA 337|Portsmouth Blvd|124|City of Portsmouth|124|City of Portsmouth|    ALT SR 337 Turnpike Rd| 483698|0|0|18.8|    Ramp From I-264 E, US 460| 483694|0|0|19.25|    01/01/2022|12096|F|99|0|0|0|0|0|F|.086|6 |.61|12850|F||||||||||||||
660467|0|R-VA   SR00337EB||||R-VA   SR00337EB|VA 337|Portsmouth Blvd|124|City of Portsmouth|124|City of Portsmouth|    Ramp From I-264 E, US 460| 483694|0|0|19.25|    Deep Creek Blvd| 483690|0|0|20.23|    01/01/2022|10800|F|97|1|1|0|1|0|F|.082|6 |.51|11473|F||||||||||||||
660613|0|R-VA   SR00337EB||||R-VA   SR00337EB|VA 337|Portsmouth Blvd|124|City of Portsmouth|124|City of Portsmouth|    Deep Creek Blvd| 483690|0|0|20.23|    ALT US 17 Frederick Blvd| 483082|0|0|20.4|    01/01/2022|5860|F|97|1|1|0|1|0|F|.093|6 |.59|6226|F||||||||||||||
660468|0|R-VA   SR00337EB||||R-VA   SR00337EB|VA 337|Portsmouth Blvd|124|City of Portsmouth|124|City of Portsmouth|    ALT US 17 Frederick Blvd| 483082|0|0|20.4|    US 17 Elm Ave| 483688|0|0|21.19|    01/01/2022|7194|F|97|1|1|0|1|0|C|.091|6 |.64|7643|F||||||||||||||
660428|0|R-VA   SR00337EB||||R-VA   SR00337EB|VA 337|Elm Ave|124|City of Portsmouth|124|City of Portsmouth|    US 17 Portsmouth Blvd| 483688|0|0|21.19|    US 17 George Washington Hwy; SR 141| 483281|0|0|21.51|    01/01/2022|5823|F|97|1|1|0|1|0|F|.113|6 |.56|6184|F||||||||||||||
660427|0|R-VA   SR00337EB||||R-VA   SR00337EB|VA 337|Elm Ave|124|City of Portsmouth|124|City of Portsmouth|    US 17 George Washington Hwy;  SR 141| 483281|0|0|21.51|    SR 239 Victory Blvd; Williams St| 483534|0|0|22.23|    01/01/2022|7137|F|97|1|1|0|1|0|F|.128|6 |.56|7579|F||||||||||||||
660612|0|R-VA   SR00337EB||||R-VA   SR00337EB|VA 337|Elm Ave|124|City of Portsmouth|124|City of Portsmouth|    SR 239 Victory Blvd; Williams St| 483534|0|0|22.23|    |1280219|0|0|23.093|    01/01/2022|9853|F|91|1|1|2|3|0|C|.138|6 |.78|10464|F||||||||||||||
789631|0|R-VA   SR00337EB      RMP019.00A||||R-VA   SR00337EB      RMP019.00A|VA 337  EB EXIT 19A|Ramp|124|City of Portsmouth|064|Norfolk Maintenance Area|    SR 337 E, Portsmouth Blvd| 483696|0|0|0|    I-264 East| 483581|0|0|.57|    01/01/2022|2810|G|||||||X|.107|6 |1|2982|G||||||||||||||
660474|0|R-VA   SR00337NBALT001||||R-VA   SR00337NBALT001|ALT VA 337|Turnpike Rd|124|City of Portsmouth|124|City of Portsmouth|    SR 337 Portsmouth Blvd| 483698|0|0|0|    US 17 Frederick Blvd| 483073|0|0|1.05|    01/01/2022|3909|F|98|0|1|1|0|0|C|.085|6 |.52|4153|F||||||||||||||
660618|0|R-VA   SR00337NBALT001||||R-VA   SR00337NBALT001|ALT VA 337|Turnpike Rd|124|City of Portsmouth|124|City of Portsmouth|    US 17 Frederick Blvd| 483073|0|0|1.05|    Howard St| 483714|0|0|1.35|    01/01/2022|7676|F|97|1|1|0|1|0|F|.078|6 |.54|8155|F||||||||||||||
660475|0|R-VA   SR00337NBALT001||||R-VA   SR00337NBALT001|ALT VA 337|Turnpike Rd|124|City of Portsmouth|124|City of Portsmouth|    Howard St| 483714|0|0|1.35|    Harbor Dr| 483717|0|0|1.89|    01/01/2022|4670|F|97|1|1|0|1|0|C|.091|6 |.5|4956|F||||||||||||||
804333|0|R-VA   SR00337SBALT001RMP002.00A||||R-VA   SR00337SBALT001RMP002.00A|ALT VA 337  SB EXIT 2A|Ramp|124|City of Portsmouth|064|Norfolk Maintenance Area|    A1SR-00337(B)/RAMP TO RTE 58| 483723|0|0|0|    US-00058(B)/A1SR-00337(B)/RAMP FROM RTE 337 A| 483144|0|0|.23|    01/01/2022|6186|F|||||||X|.098|6 |1|6568|F||||||||||||||
789635|0|R-VA   SR00337WB      RMP019.00A||||R-VA   SR00337WB      RMP019.00A|VA 337  WB EXIT 19A|Ramp|124|City of Portsmouth|064|Norfolk Maintenance Area|    SR 337 W, Portsmouth Blvd| 483695|0|0|0|    I-264 West| 483609|0|0|.17|    01/01/2022|1594|G|||||||X|.118|6 |1|1692|G||||||||||||||
660607|0|R-VA   US00017NB||||R-VA   US00017NB|US 17|George Washington Hwy|124|City of Portsmouth|124|City of Portsmouth|    NCL Chesapeake| 483090|0|0|24.87|    SR 239 Victory Blvd| 483089|0|0|25.02|    01/01/2022|28545|F|98|0|1|0|0|0|F|.089|6 |.6|30338|F||||||||||||||
660606|0|R-VA   US00017NB||||R-VA   US00017NB|US 17|George Washington Hwy|124|City of Portsmouth|124|City of Portsmouth|    SR 239 Victory Blvd| 483089|0|0|25.02|    Derby Rd| 483088|0|0|25.44|    01/01/2022|21150|F|98|0|1|0|0|0|F|.078|6 |.59|22478|F||||||||||||||
660438|0|R-VA   US00017NB||||R-VA   US00017NB|US 17|George Washington Hwy|124|City of Portsmouth|124|City of Portsmouth|    Derby Rd| 483088|0|0|25.44|    124-8540 Greenwood Dr| 483086|0|0|25.96|    01/01/2022|20574|F|98|0|1|0|0|0|F|.079|6 |.58|21866|F||||||||||||||
660439|0|R-VA   US00017NB||||R-VA   US00017NB|US 17|George Washington Hwy|124|City of Portsmouth|124|City of Portsmouth|    124-8540 Greenwood Dr| 483086|0|0|25.96|    SR 141, Frederick Blvd| 483084|0|0|26.27|    01/01/2022|21101|F|98|0|1|0|0|0|F|.081|6 |.6|22426|F||||||||||||||
660433|0|R-VA   US00017NB||||R-VA   US00017NB|US 17|Frederick Blvd|124|City of Portsmouth|124|City of Portsmouth|    SR 141 George Washington Hwy| 483084|0|0|26.27|    SR 337 Portsmouth Blvd| 483082|0|0|26.97|    01/01/2022|12354|F|98|0|1|0|0|0|F|.083|6 |.51|13130|F||||||||||||||
660604|0|R-VA   US00017NB||||R-VA   US00017NB|US 17|Frederick Blvd|124|City of Portsmouth|124|City of Portsmouth|    SR 337 Portsmouth Blvd| 483082|0|0|26.97|    124-8547 Deep Creek Blvd| 483081|0|0|27.06|    01/01/2022|12028|F|98|0|1|0|0|0|F|.077|6 |.52|12783|F||||||||||||||
660434|0|R-VA   US00017NB||||R-VA   US00017NB|US 17|Frederick Blvd|124|City of Portsmouth|124|City of Portsmouth|    124-8547 Deep Creek Blvd| 483081|0|0|27.06|    I-264| 483077|0|0|27.59|    01/01/2022|18776|F|98|0|1|0|0|0|F|.084|6 |.5|19955|F||||||||||||||
660435|0|R-VA   US00017NB||||R-VA   US00017NB|US 17|Frederick Blvd|124|City of Portsmouth|124|City of Portsmouth|    I-264| 483077|0|0|27.59|    ALT SR 337 Turnpike Rd| 483073|0|0|27.94|    01/01/2022|25702|F|98|0|1|0|0|0|F|.083|6 |.51|27316|F||||||||||||||
660436|0|R-VA   US00017NB||||R-VA   US00017NB|US 17|Frederick Blvd|124|City of Portsmouth|124|City of Portsmouth|    ALT SR 337 Turnpike Rd| 483073|0|0|27.94|    US 58 Airline Blvd| 483072|0|0|28.45|    01/01/2022|16324|F|98|0|1|0|0|0|F|.084|6 |.51|17349|F||||||||||||||
660449|0|R-VA   US00017NB||||R-VA   US00017NB|US 17|Frederick Blvd|124|City of Portsmouth|124|City of Portsmouth|    US 58 Airline Blvd| 483072|0|0|28.45|    124-8758 High St| 483071|0|0|28.61|    01/01/2022|10043|F|98|0|1|0|0|0|F|.08|6 |.55|10674|F||||||||||||||
660601|0|R-VA   US00017NB||||R-VA   US00017NB|US 17|High St|124|City of Portsmouth|124|City of Portsmouth|    124-8758, Frederick Blvd| 483071|0|0|28.61|    Rodman Ave| 483069|0|0|28.9|    01/01/2022|13011|F|98|0|1|0|0|0|F|.079|6 |.67|13829|F||||||||||||||
660455|0|R-VA   US00017NB||||R-VA   US00017NB|US 17|High St|124|City of Portsmouth|124|City of Portsmouth|    Rodman Ave| 483069|0|0|28.9|    124-8525 Cedar Lane| 483063|0|0|31.03|    01/01/2022|20509|G|98|0|1|0|0|0|F|.094|6 |.62|21775|G||||||||||||||
660454|0|R-VA   US00017NB||||R-VA   US00017NB|US 17|High St|124|City of Portsmouth|124|City of Portsmouth|    124-8525 Cedar Lane| 483063|0|0|31.03|    124-8528 Churchland Blvd| 483061|0|0|31.96|    01/01/2022|17361|F|98|0|1|0|0|0|F|.113|6 |.51|18451|F||||||||||||||
660602|0|R-VA   US00017NB||||R-VA   US00017NB|US 17|High St|124|City of Portsmouth|124|City of Portsmouth|    124-8528 Churchland Blvd| 483061|0|0|31.96|    124-8532 Tyre Neck Rd| 483060|0|0|32.17|    01/01/2022|12848|F|98|0|1|0|0|0|F|.106|6 |.51|13655|F||||||||||||||
660453|0|R-VA   US00017NB||||R-VA   US00017NB|US 17|Western Branch Blvd|124|City of Portsmouth|124|City of Portsmouth|    124-8532 Tyre Neck Rd| 483060|0|0|32.17|    ECL Chesapeake| 483059|0|0|32.39|    01/01/2022|16067|F|98|0|1|0|0|0|F|.086|6 |.51|17076|F||||||||||||||
789909|0|R-VA   US00017NB      RMP027.00A||||R-VA   US00017NB      RMP027.00A|US 17  NB EXIT 27A|Ramp|124|City of Portsmouth|064|Norfolk Maintenance Area|    US 17 N, Frederick Blvd| 483080|0|0|0|    I-264 East| 483584|0|0|.07|    01/01/2022|1560|G|||||||X|.112|6 |1|1656|G||||||||||||||
789910|0|R-VA   US00017NB      RMP027.00B||||R-VA   US00017NB      RMP027.00B|US 17  NB EXIT 27B|Ramp|124|City of Portsmouth|064|Norfolk Maintenance Area|    US 17 N, Frederick Blvd| 483077|0|0|0|    I-264 West| 483612|0|0|.14|    01/01/2022|1157|G|||||||X|.158|6 |1|1229|G||||||||||||||
789912|0|R-VA   US00017SB      RMP027.00A||||R-VA   US00017SB      RMP027.00A|US 17  SB EXIT 27A|Ramp|124|City of Portsmouth|064|Norfolk Maintenance Area|    US 17 S, Frederick Blvd|1276699|0|0|0|    I-264 East| 718291|0|0|.24|    01/01/2022|3277|G|||||||X|.086|6 |1|3478|G||||||||||||||
789913|0|R-VA   US00017SB      RMP027.00B||||R-VA   US00017SB      RMP027.00B|US 17  SB EXIT 27B|Ramp|124|City of Portsmouth|064|Norfolk Maintenance Area|    US 17 South| 737247|0|0|0|    I-264 West| 483611|0|0|.14|    01/01/2022|3178|G|||||||X|.093|6 |1|3372|G||||||||||||||
615002|0|R-VA   US00058EB|R-VA   US00460NBALT001|||R-VA   US00058EB|US 58, ALT US 460|Airline Blvd|131|City of Chesapeake|124|City of Portsmouth|    | 483154|0|0|481.63|    WCL Portsmouth| 483153|0|0|483.2|    01/01/2022|6942|G|91|0|1|1|7|0|F|.091|6 |.57|7370|G||||||||||||||
660621|0|R-VA   US00058EB|R-VA   US00460NBALT001|||R-VA   US00058EB|US 58, ALT US 460|Airline Blvd|124|City of Portsmouth|124|City of Portsmouth|    ECL Chesapeake| 483153|0|0|483.2|    Greenwood Dr| 483152|0|0|483.49|    01/01/2022|10583|F|96|2|1|0|2|0|F|.087|6 |.54|11239|F||||||||||||||
660620|0|R-VA   US00058EB|R-VA   US00460NBALT001|||R-VA   US00058EB|US 58, ALT US 460|Airline Blvd|124|City of Portsmouth|124|City of Portsmouth|    Greenwood Dr| 483152|0|0|483.49|    Elmhurst Lane| 483151|0|0|483.69|    01/01/2022|10519|F|98|0|1|0|0|0|F|.075|6 |.54|11172|F||||||||||||||
660400|0|R-VA   US00058EB|R-VA   US00460NBALT001|||R-VA   US00058EB|US 58, ALT US 460|Airline Blvd|124|City of Portsmouth|124|City of Portsmouth|    Elmhurst Lane| 483151|0|0|483.69|    SR 239 Victory Blvd| 483149|0|0|484.98|    01/01/2022|8030|F|98|0|1|0|0|0|F|.083|6 |.51|8528|F||||||||||||||
660401|0|R-VA   US00058EB|R-VA   US00460NBALT001|||R-VA   US00058EB|US 58, ALT US 460|Airline Blvd|124|City of Portsmouth|124|City of Portsmouth|    SR 239 Victory Blvd| 483149|0|0|484.98|    SR 337 Portsmouth Blvd| 877004|0|0|485.27|    01/01/2022|8244|F|98|0|1|0|0|0|F|.083|6 |.61|8755|F||||||||||||||
660402|0|R-VA   US00058EB||||R-VA   US00058EB|US 58|Airline Blvd|124|City of Portsmouth|124|City of Portsmouth|    SR 337 Portsmouth Blvd| 877004|0|0|485.27|    | 483072|0|0|486.67|    01/01/2022|9460|F|96|2|1|0|2|0|F|.09|6 |.54|10047|F||||||||||||||
660403|0|R-VA   US00058EB||||R-VA   US00058EB|US 58|Airline Blvd|124|City of Portsmouth|124|City of Portsmouth|    US 17 Frederick Blvd| 483072|0|0|486.67|    High St| 483146|0|0|486.86|    01/01/2022|10808|F|97|1|1|0|1|0|F|.086|6 |.53|11478|F||||||||||||||
660459|0|R-VA   US00058EB||||R-VA   US00058EB|US 58|London Blvd|124|City of Portsmouth|124|City of Portsmouth|    High St| 483146|0|0|486.86|    | 483144|0|0|487.54|    01/01/2022|12731|F|96|2|1|0|2|0|F|.086|6 |.6|13520|F||||||||||||||
660448|0|R-VA   US00058EB||||R-VA   US00058EB|US 58|Martin Luther King Freeway|124|City of Portsmouth|064|Norfolk Maintenance Area|    SR 141 London Blvd| 483722|0|0|487.75|    |1268283|0|.3|488.31|    01/01/2022|60986|G|97|1|1|0|1|0|F|.092|6 |.52|64254|G||||||||||||||
781531|0|R-VA   US00058EB||||R-VA   US00058EB|US 58|Elizabeth River Midtown Tunnel|124|City of Portsmouth|064|Norfolk Maintenance Area|    SR 164 Western Frwy|1268283|0|.3|488.31|    | 483137|0|0|489.78|    01/01/2022|27788|G|94|0|0|1|3|0|C|.092|1 |.52|33753|G||||||||||||||
615002|0|R-VA   US00460NBALT001|R-VA   US00058EB|||R-VA   US00058EB|US 58, ALT US 460|Airline Blvd|131|City of Chesapeake|124|City of Portsmouth|    | 483154|0|0|.15|    WCL Portsmouth| 483153|0|0|1.72|    01/01/2022|6942|G|91|0|1|1|7|0|F|.091|6 |.57|7370|G||||||||||||||
660621|0|R-VA   US00460NBALT001|R-VA   US00058EB|||R-VA   US00058EB|US 58, ALT US 460|Airline Blvd|124|City of Portsmouth|124|City of Portsmouth|    ECL Chesapeake| 483153|0|0|1.72|    Greenwood Dr| 483152|0|0|2.01|    01/01/2022|10583|F|96|2|1|0|2|0|F|.087|6 |.54|11239|F||||||||||||||
660620|0|R-VA   US00460NBALT001|R-VA   US00058EB|||R-VA   US00058EB|US 58, ALT US 460|Airline Blvd|124|City of Portsmouth|124|City of Portsmouth|    Greenwood Dr| 483152|0|0|2.01|    Elmhurst Lane| 483151|0|0|2.21|    01/01/2022|10519|F|98|0|1|0|0|0|F|.075|6 |.54|11172|F||||||||||||||
660400|0|R-VA   US00460NBALT001|R-VA   US00058EB|||R-VA   US00058EB|US 58, ALT US 460|Airline Blvd|124|City of Portsmouth|124|City of Portsmouth|    Elmhurst Lane| 483151|0|0|2.21|    SR 239 Victory Blvd| 483149|0|0|3.5|    01/01/2022|8030|F|98|0|1|0|0|0|F|.083|6 |.51|8528|F||||||||||||||
660401|0|R-VA   US00460NBALT001|R-VA   US00058EB|||R-VA   US00058EB|US 58, ALT US 460|Airline Blvd|124|City of Portsmouth|124|City of Portsmouth|    SR 239 Victory Blvd| 483149|0|0|3.5|    SR 337 Portsmouth Blvd| 877004|0|0|3.79|    01/01/2022|8244|F|98|0|1|0|0|0|F|.083|6 |.61|8755|F||||||||||||||
660615|0|R-VA   US00460NBALT001|R-VA   SR00337EB|||R-VA   SR00337EB|ALT US 460, VA 337|Portsmouth Blvd|124|City of Portsmouth|124|City of Portsmouth|    US 58, ALT US 460 Airline Blvd| 877004|0|0|3.79|    ALT SR 337 Turnpike Rd| 483698|0|0|3.89|    01/01/2022|13670|F|99|0|0|0|0|0|F|.082|6 |.53|14523|F||||||||||||||
660466|0|R-VA   US00460NBALT001|R-VA   SR00337EB|||R-VA   SR00337EB|ALT US 460, VA 337|Portsmouth Blvd|124|City of Portsmouth|124|City of Portsmouth|    ALT SR 337 Turnpike Rd| 483698|0|0|3.89|    Ramp From I-264 E, US 460| 483694|0|0|4.05|    01/01/2022|12096|F|99|0|0|0|0|0|F|.086|6 |.61|12850|F||||||||||||||
050131|0|R-VA   US00460NBALT001|R-VA   IS00264EB|||R-VA   IS00264EB|I-264, ALT US 460| |124|City of Portsmouth|064|Norfolk Maintenance Area|    SR 337 Portsmouth Blvd| 483581|0|0|4.62|    | 483582|0|0|5.12|    01/01/2022|53809|G|92|1|1|1|5|0|F|.085|6 |.68|59638|G|26628|G|92|1|1|1|5|0|F|.116|6 |1|29639|G
050608|0|R-VA   US00460NBALT001|R-VA   IS00264EB|||R-VA   IS00264EB|I-264, ALT US 460| |124|City of Portsmouth|064|Norfolk Maintenance Area|    US 17 Frederick Blvd| 483582|0|0|5.12|    SR 164| 483585|0|0|6.11|    01/01/2022|50463|G|92|1|1|1|5|0|F|.094|6 |.74|55886|G|20324|G|92|1|1|1|5|0|F|.114|6 |1|22622|G
050611|0|R-VA   US00460NBALT001|R-VA   IS00264EB|||R-VA   IS00264EB|I-264, ALT US 460| |124|City of Portsmouth|064|Norfolk Maintenance Area|    SR 164| 483585|0|0|6.11|    SR 141 Effingham St| 483586|0|0|6.78|    01/01/2022|68869|G|92|1|1|1|5|0|F|.09|6 |.58|76317|G|32893|G|92|1|1|1|5|0|F|.113|6 |1|36612|G
150322|0|R-VA   US00460NBALT001|R-VA   IS00264EB|||R-VA   IS00264EB|I-264, ALT US 460|Elizabeth River Downtown Tunnel|124|City of Portsmouth|064|Norfolk Maintenance Area|    SR 141 Effingham St| 483586|0|0|6.78|    Physical Jurisdiction Boundary: 124 City of Portsmouth / 122 City of Norfolk| 483589|0|0|7.65|    01/01/2022|71623|G|92|1|1|1|5|0|F|.09|1 |.5|75712|G|35046|G|92|1|1|1|5|0|F|.086|6 |1|36252|G
804261|0|R-VA124UR08524UK      RMP003.00A||||R-VA124UR08524UK      RMP003.00A|124-8524  EXIT 3A|Ramp|124|City of Portsmouth|124|City of Portsmouth|    124-08524(B)/RAMP TO/FROM RTE 164|1273837|0|0|0|    SR-00164(B)/RAMP FROM WEST NORFOLK ROAD| 719018|0|0|.26|    01/01/2022|1165|F|||||||X||24||1165|F||||||||||||||
804262|0|R-VA124UR08524UK      RMP003.00B||||R-VA124UR08524UK      RMP003.00B|124-8524  EXIT 3B|Ramp|124|City of Portsmouth|124|City of Portsmouth|    124-08524(B)/RAMP TO RTE 164| 730509|0|0|0|    SR-00164(B)/RAMP FROM WEST NORFOLK ROAD| 709053|0|0|.09|    01/01/2022|1029|F|||||||X||24||1029|F||||||||||||||
789731|0|R-VA124UR08540EB      RMP001.00A||||R-VA124UR08540EB      RMP001.00A|124-8540  EB EXIT 1A|Ramp|124|City of Portsmouth|064|Norfolk Maintenance Area|    124-8540 E, Greenwood Dr| 484108|0|0|0|    I-264 West| 483603|0|0|.19|    01/01/2022|3348|G|||||||X|.087|6 |1|3552|G||||||||||||||
789732|0|R-VA124UR08540EB      RMP001.00B||||R-VA124UR08540EB      RMP001.00B|124-8540  EB EXIT 1B|Ramp|124|City of Portsmouth|064|Norfolk Maintenance Area|    124-8540 E, Greenwood Dr| 484112|0|0|0|    I-264 East| 483575|0|0|.24|    01/01/2022|2564|G|||||||X|.114|6 |1|2564|G||||||||||||||
660600|0|S-VA124PR AFTON PKWY||||S-VA124PR AFTON PKWY|Afton Pkwy|Afton Pkwy|124|City of Portsmouth|124|City of Portsmouth|    George Washington Pkwy US 17| 483087|0|0|0|    Prospect Pkwy Gap| 484416|0|0|.27|    01/01/2022|2262|F|97|0|2|0|0|0|C|.092|6 |.51|2402|F||||||||||||||
560019|0|S-VA124PR AFTON PKWY||||S-VA124PR AFTON PKWY|Afton Pkwy|Afton Pkwy|124|City of Portsmouth|124|City of Portsmouth|    124-3; Gap Prospect Pkwy| 724396|0|0|.27|    Jurisdiction Boundary: 124 City of Portsmouth / | 483533|0|0|.91|    01/01/2022|1276|F|91|2|3|0|0|0|C|.095|6 |.54|1355|F||||||||||||||
660680|0|S-VA124PR BAYVIEW BLVD||||S-VA124PR BAYVIEW BLVD|Bayview Blvd|Bayview Blvd|124|City of Portsmouth|124|City of Portsmouth|    Mt Vernon Ave| 484011|0|0|0|    Chautauqua Ave (pre-update)|1056147|0|0|.394|    01/01/2022|382|F|97|1|2|0|0|0|C|.094|6 |.63|406|F||||||||||||||
660650|0|S-VA124PR CAROLINE AVE||||S-VA124PR CAROLINE AVE|Caroline Ave|Caroline Ave|124|City of Portsmouth|124|City of Portsmouth|    Rodman Ave| 484184|0|0|0|    US 58 Airline Blvd| 483148|0|0|.2|    01/01/2022|432|F|97|0|1|0|0|0|C|.089|6 |.65|459|F||||||||||||||
660651|0|S-VA124PR CAROLINE AVE||||S-VA124PR CAROLINE AVE|Caroline Ave|Caroline Ave|124|City of Portsmouth|124|City of Portsmouth|    US 58 Airline Blvd| 483148|0|0|.2|    Shenandoah St| 484202|0|0|1.25|    01/01/2022|1828|F|97|0|1|0|0|0|C|.095|6 |.5|1940|F||||||||||||||
660663|0|S-VA124PR CAVALIER BLVD||||S-VA124PR CAVALIER BLVD|Cavalier Blvd|Cavalier Blvd|124|City of Portsmouth|124|City of Portsmouth|    Tazewell St; King St| 483518|0|0|.934|    | 484395|0|0|1.814|    01/01/2022|2917|G|97|1|1|1|1|0|F|.109|6 |.92|3100|G||||||||||||||
660405|0|S-VA124PR CAVALIER BLVD||||S-VA124PR CAVALIER BLVD|Cavalier Blvd|Cavalier Blvd|124|City of Portsmouth|124|City of Portsmouth|    NCL Chesapeake| 484395|0|0|1.814|    Tazewell St; King St| 484386|0|0|2.454|    01/01/2022|10970|F|97|1|1|1|1|0|C|.091|6 |.64|11648|F||||||||||||||
660407|0|S-VA124PR CEDAR LN||||S-VA124PR CEDAR LN|Cedar Ln|Cedar Lane|124|City of Portsmouth|124|City of Portsmouth|    High St| 483063|0|0|0|    West Norfolk Rd| 483959|0|0|1.18|    01/01/2022|10294|F|97|1|1|1|0|0|C|.114|6 |.58|10923|F||||||||||||||
660686|0|S-VA124PR CEDAR LN||||S-VA124PR CEDAR LN|Cedar Ln|Cedar Ln|124|City of Portsmouth|124|City of Portsmouth|    W Norfolk Rd| 483959|0|0|1.18|    SR 164 Western Freeway| 723527|0|0|1.46|    01/01/2022|12968|F|97|1|1|1|0|0|F|.091|6 |.56|13784|F||||||||||||||
660408|0|S-VA124PR CEDAR LN||||S-VA124PR CEDAR LN|Cedar Ln|Cedar Ln|124|City of Portsmouth|124|City of Portsmouth|    SR 164 Western Freeway| 723527|0|0|1.46|    | 483908|0|0|1.86|    01/01/2022|9741|F|97|1|1|1|0|0|F|.111|6 |.5|10346|F||||||||||||||
781725|0|S-VA124PR CEDAR LN||||S-VA124PR CEDAR LN|Cedar Ln|Cedar Lane|124|City of Portsmouth|124|City of Portsmouth|    124-8525 River Shore Rd| 483908|0|0|1.86|    Jurisdiction Boundary: 124 City of Portsmouth / |1254686|0|0|2.762|    01/01/2022|3100|F|97|0|1|1|0|0|F|.293|6 |.58|3291|F||||||||||||||
560020|0|S-VA124PR CHAUTAUQUA AVE||||S-VA124PR CHAUTAUQUA AVE|Chautauqua Ave|Chaltauqua Ave|124|City of Portsmouth|124|City of Portsmouth|    Bayview Blvd| 484011|0|0|0|    Wesley St| 484009|0|0|.27|    01/01/2022|917|F|97|0|1|1|0|0|F|.088|6 |.55|974|F||||||||||||||
660681|0|S-VA124PR CHAUTAUQUA AVE||||S-VA124PR CHAUTAUQUA AVE|Chautauqua Ave|Chautauqua Ave|124|City of Portsmouth|124|City of Portsmouth|    Wesley St| 484009|0|0|.27|    Detroit St| 484008|0|0|.4|    01/01/2022|1163|F|97|0|1|1|0|0|F|.09|6 |.53|1234|F||||||||||||||
660409|0|S-VA124PR CHAUTAUQUA AVE||||S-VA124PR CHAUTAUQUA AVE|Chautauqua Ave|Chautauqua Ave|124|City of Portsmouth|124|City of Portsmouth|    Detroit St| 484008|0|0|.4|    Cleveland St| 484007|0|0|.52|    01/01/2022|2085|F|97|0|1|1|0|0|C|.085|6 |.54|2213|F||||||||||||||
660682|0|S-VA124PR CHAUTAUQUA AVE||||S-VA124PR CHAUTAUQUA AVE|Chautauqua Ave|Chautauqua Ave|124|City of Portsmouth|124|City of Portsmouth|    Cleveland St| 484007|0|0|.52|    Cul-d-Sac| 484001|0|0|1.11|    01/01/2022|736|F|85|0|2|3|8|0|C|.097|6 |.58|782|F||||||||||||||
660638|0|S-VA124PR CHEROKEE RD||||S-VA124PR CHEROKEE RD|Cherokee Rd|Cherokee Rd|124|City of Portsmouth|124|City of Portsmouth|    Hodges Ferry Rd| 484078|0|0|.72|    City Park Ave| 484071|0|0|1.39|    01/01/2022|3187|F|96|1|2|0|0|0|C|.093|6 |.52|3384|F||||||||||||||
660410|0|S-VA124PR CHURCHLAND BLVD||||S-VA124PR CHURCHLAND BLVD|Churchland Blvd|Churchland Blvd|124|City of Portsmouth|124|City of Portsmouth|    US 17 High St West|1275449|0|0|0|    Tyre Neck Rd| 484013|0|0|.28|    01/01/2022|7716|F|98|0|1|0|0|0|C|.094|6 |.51|8201|F||||||||||||||
660637|0|S-VA124PR CHURCHLAND BLVD||||S-VA124PR CHURCHLAND BLVD|Churchland Blvd|Churchland Blvd|124|City of Portsmouth|124|City of Portsmouth|    Tyre Neck Rd| 484013|0|0|.28|    West Norfolk Rd| 483949|0|0|.39|    01/01/2022|8103|F|98|0|1|0|0|0|F|.093|6 |.53|8613|F||||||||||||||
200767|0|S-VA124PR CHURCHLAND HS||||S-VA124PR CHURCHLAND HS|Churchland Hs||124|City of Portsmouth|124|City of Portsmouth|    Cedar Ln| 724378|0|0|0|    | 483910|0|0|.18|    ||X||||||||||||||||||||||||||
660657|0|S-VA124PR CITY PARK AVE||||S-VA124PR CITY PARK AVE|City Park Ave|City Park Ave|124|City of Portsmouth|124|City of Portsmouth|    Clifford St| 484162|0|0|0|    SR 337 Portsmouth Blvd| 483700|0|0|.58|    01/01/2022|3851|F|95|1|2|0|1|0|C|.099|6 |.52|4089|F||||||||||||||
660656|0|S-VA124PR CITY PARK AVE||||S-VA124PR CITY PARK AVE|City Park Ave|City Park Ave|124|City of Portsmouth|124|City of Portsmouth|    SR 337 Portsmouth Blvd| 483700|0|0|.58|    US 58 Airline Blvd| 483150|0|0|1.4|    01/01/2022|1756|F|97|0|1|1|0|0|C|.107|6 |.61|1864|F||||||||||||||
660413|0|S-VA124PR CLEVELAND ST||||S-VA124PR CLEVELAND ST|Cleveland St|Cleveland St|124|City of Portsmouth|124|City of Portsmouth|    Chautauqua Ave|1067144|0|0|0|    SR 168 ML King Frwy| 484007|0|0|.17|    01/01/2022|4630|F|96|1|1|1|1|0|C|.092|6 |.55|4914|F||||||||||||||
660683|0|S-VA124PR CLEVELAND ST||||S-VA124PR CLEVELAND ST|Cleveland St|Cleveland St|124|City of Portsmouth|124|City of Portsmouth|    Mt Vernon Ave| 484007|0|0|.17|    Jurisdiction Boundary: 124 City of Portsmouth / |1055859|0|0|.52|    01/01/2022|2084|F|97|1|1|1|0|0|C|.094|6 |.57|2212|F||||||||||||||
660658|0|S-VA124PR CLIFFORD ST||||S-VA124PR CLIFFORD ST|Clifford St|Clifford St|124|City of Portsmouth|124|City of Portsmouth|    City Park Ave| 484163|0|0|1.12|    Jurisdiction Boundary: 124 City of Portsmouth / | 731104|0|0|2.07|    01/01/2022|6066|F|98|0|1|0|0|0|C|.094|6 |.53|6441|F||||||||||||||
660670|0|S-VA124PR CONSTITUTION AVE||||S-VA124PR CONSTITUTION AVE|Constitution Ave|Constitution Ave|124|City of Portsmouth|124|City of Portsmouth|    SR 141 London Blvd| 484319|0|0|.24|    Leckie St| 483299|0|0|.59|    01/01/2022|2022|F|93|1|1|1|0|0|C|.085|6 |.63|2147|F||||||||||||||
660705|0|S-VA124PR CONSTITUTION AVE||||S-VA124PR CONSTITUTION AVE|Constitution Ave|Constitution Ave|124|City of Portsmouth|124|City of Portsmouth|    High St| 483299|0|0|.59|    SR 141 London Blvd| 484311|0|0|.77|    01/01/2022|2221|F|93|0|1|2|3|0|C|.172|6 |.76|2359|F||||||||||||||
660706|0|S-VA124PR CONSTITUTION AVE||||S-VA124PR CONSTITUTION AVE|Constitution Ave|Constitution Ave|124|City of Portsmouth|124|City of Portsmouth|    County St| 484311|0|0|.77|    High St (pre-update)|1256125|0|0|.965|    01/01/2022|1183|F|84|1|1|5|7|0|C|.079|6 |.6|1256|F||||||||||||||
660649|0|S-VA124PR COUNTY ST||||S-VA124PR COUNTY ST|County St|County St|124|City of Portsmouth|124|City of Portsmouth|    Court St| 484095|0|0|0|    Crawford St| 484094|0|0|.17|    01/01/2022|1671|F|96|2|1|0|0|0|F|.107|6 |.51|1773|F||||||||||||||
660417|0|S-VA124PR COUNTY ST||||S-VA124PR COUNTY ST|County St|County St|124|City of Portsmouth|124|City of Portsmouth|    Effingham St| 484094|0|0|.17|    Court St| 483294|0|0|.5|    01/01/2022|2718|F|96|2|1|0|0|0|C|.085|6 |.52|2884|F||||||||||||||
660416|0|S-VA124PR COUNTY ST||||S-VA124PR COUNTY ST|County St|County St|124|City of Portsmouth|124|City of Portsmouth|    Elm Ave| 483294|0|0|.5|    Effingham St| 484087|0|0|.83|    01/01/2022|5156|F|96|2|1|0|0|0|F|.107|6 |.66|5470|F||||||||||||||
660648|0|S-VA124PR COUNTY ST||||S-VA124PR COUNTY ST|County St|County St|124|City of Portsmouth|124|City of Portsmouth|    Peninsula Ave| 484087|0|0|.83|    Elm Ave| 484084|0|0|1.14|    01/01/2022|3967|F|97|0|1|1|1|0|C|.098|6 |.59|4210|F||||||||||||||
660415|0|S-VA124PR COUNTY ST||||S-VA124PR COUNTY ST|County St|County St|124|City of Portsmouth|124|City of Portsmouth|    Constitution Ave| 484084|0|0|1.14|    Jurisdiction Boundary: 124 City of Portsmouth / |1060813|0|0|2.89|    01/01/2022|3833|F|97|0|1|1|1|0|C|.094|6 |.62|4067|F||||||||||||||
660646|0|S-VA124PR COURT ST||||S-VA124PR COURT ST|Court St|Court St|124|City of Portsmouth|124|City of Portsmouth|    Crawford Pkwy| 484333|0|0|0|    London St| 484297|0|0|.24|    01/01/2022|715|G|95|1|1|0|0|0|F|.161|6 |.83|759|G||||||||||||||
660645|0|S-VA124PR COURT ST||||S-VA124PR COURT ST|Court St|Court St|124|City of Portsmouth|124|City of Portsmouth|    London St| 484297|0|0|.24|    High St| 484447|0|0|.35|    01/01/2022|2086|G|95|1|1|0|0|0|F|.11|6 |.68|2215|G||||||||||||||
660418|0|S-VA124PR COURT ST||||S-VA124PR COURT ST|Court St|Court St|124|City of Portsmouth|124|City of Portsmouth|    High St| 484447|0|0|.35|    County St| 484094|0|0|.46|    01/01/2022|4042|F|95|1|1|0|0|0|C|.102|6 |.53|4289|F||||||||||||||
660689|0|S-VA124PR COURT ST||||S-VA124PR COURT ST|Court St|Court St|124|City of Portsmouth|124|City of Portsmouth|    County St| 484094|0|0|.46|    Crawford St near I-264| 484483|0|0|.67|    01/01/2022|3800|F|95|1|1|0|0|0|F|.1|6 |.56|4035|F||||||||||||||
660668|0|S-VA124PR CRAWFORD PKWY||||S-VA124PR CRAWFORD PKWY|Crawford Pkwy|Crawford Pkwy|124|City of Portsmouth|124|City of Portsmouth|    Effingham St| 484333|0|0|.25|    Court St| 484331|0|0|.52|    01/01/2022|2073|F|98|0|1|0|0|0|C|.111|6 |.78|2201|F||||||||||||||
660669|0|S-VA124PR CRAWFORD PKWY||||S-VA124PR CRAWFORD PKWY|Crawford Pkwy|Crawford Pkwy|124|City of Portsmouth|124|City of Portsmouth|    Fort Lane| 484331|0|0|.52|    Effingham St|1055424|0|0|1.1|    01/01/2022|1956|G|96|2|1|0|0|0|F|.122|6 |.84|2078|G||||||||||||||
660420|1|S-VA124PR CRAWFORD ST||||S-VA124PR CRAWFORD ST|Crawford St|Crawford St|124|City of Portsmouth|124|City of Portsmouth|    North St; Water St| 484334|0|0|0|    London Blvd| 484299|0|0|.1|    01/01/2022|2037|F|98|0|0|1|0|0|C|.113|6 |.75|2163|F||||||||||||||
660667|0|S-VA124PR CRAWFORD ST||||S-VA124PR CRAWFORD ST|Crawford St|Crawford St|124|City of Portsmouth|124|City of Portsmouth|    London Blvd| 484299|0|0|.1|    High St| 484337|0|0|.21|    01/01/2022|3541|F|96|2|1|0|0|0|F|.113|6 |.65|3759|F||||||||||||||
660666|0|S-VA124PR CRAWFORD ST||||S-VA124PR CRAWFORD ST|Crawford St|Crawford St|124|City of Portsmouth|124|City of Portsmouth|    High St| 484337|0|0|.21|    County St| 484095|0|0|.32|    01/01/2022|3770|F|96|2|1|0|0|0|F|.1|6 |.65|4002|F||||||||||||||
660419|0|S-VA124PR CRAWFORD ST||||S-VA124PR CRAWFORD ST|Crawford St|Crawford St|124|City of Portsmouth|124|City of Portsmouth|    County St| 484095|0|0|.32|    Wythe St| 484339|0|0|.44|    01/01/2022|4402|F|96|2|1|0|0|0|C|.097|6 |.6|4672|F||||||||||||||
660423|0|S-VA124PR DEEP CREEK BLVD||||S-VA124PR DEEP CREEK BLVD|Deep Creek Blvd|Deep Creek Blvd|124|City of Portsmouth|124|City of Portsmouth|    Des Moines Ave| 484271|0|0|0|    Frederick Blvd| 483081|0|0|.76|    01/01/2022|5464|F|98|0|1|0|0|0|F|.083|6 |.51|5810|F||||||||||||||
660625|0|S-VA124PR DEEP CREEK BLVD||||S-VA124PR DEEP CREEK BLVD|Deep Creek Blvd|Deep Creek Blvd|124|City of Portsmouth|124|City of Portsmouth|    Frederick Blvd| 483081|0|0|.76|    Portsmouth Blvd| 483690|0|0|.91|    01/01/2022|8143|F|98|0|1|0|0|0|F|.088|6 |.54|8660|F||||||||||||||
660422|0|S-VA124PR DEEP CREEK BLVD||||S-VA124PR DEEP CREEK BLVD|Deep Creek Blvd|Deep Creek Blvd|124|City of Portsmouth|124|City of Portsmouth|    Portsmouth Blvd| 483690|0|0|.91|    Wright Ave| 484249|0|0|1.374|    01/01/2022|7474|F|98|0|1|0|0|0|C|.085|6 |.52|7949|F||||||||||||||
660624|0|S-VA124PR DEEP CREEK BLVD||||S-VA124PR DEEP CREEK BLVD|Deep Creek Blvd|Deep Creek Blvd|124|City of Portsmouth|124|City of Portsmouth|    Wright Ave| 484249|0|0|1.374|    Greenwood Dr| 484141|0|0|1.64|    01/01/2022|7493|F|98|0|1|0|0|0|F|.085|6 |.52|7969|F||||||||||||||
660421|0|S-VA124PR DEEP CREEK BLVD||||S-VA124PR DEEP CREEK BLVD|Deep Creek Blvd|Deep Creek Blvd|124|City of Portsmouth|124|City of Portsmouth|    Greenwood Dr| 484141|0|0|1.64|    Victory Blvd| 484232|0|0|2.532|    01/01/2022|6260|F|98|0|1|0|0|0|F|.084|6 |.5|6657|F||||||||||||||
660623|0|S-VA124PR DEEP CREEK BLVD||||S-VA124PR DEEP CREEK BLVD|Deep Creek Blvd|Deep Creek Blvd|124|City of Portsmouth|124|City of Portsmouth|    Military Rd| 484232|0|0|2.532|    N CL Chesapeake| 484229|0|0|2.75|    01/01/2022|5292|F|98|0|1|0|0|0|F|.09|6 |.52|5627|F||||||||||||||
660627|0|S-VA124PR DES MOINES AVE||||S-VA124PR DES MOINES AVE|Des Moines Ave|Des Moines Ave|124|City of Portsmouth|124|City of Portsmouth|    South St| 484385|0|0|0|    I-264| 484384|0|0|.05|    01/01/2022|7364|G|97|1|1|0|0|0|F|.086|6 |.53|8039|G||||||||||||||
660490|0|S-VA124PR DES MOINES AVE||||S-VA124PR DES MOINES AVE|Des Moines Ave|Des Moines Ave|124|City of Portsmouth|124|City of Portsmouth|    I-264| 484384|0|0|.05|    Deep Creek Blvd| 484271|0|0|.13|    01/01/2022|4375|F|97|1|1|0|0|0|C|.086|6 |.53|4642|F||||||||||||||
660626|0|S-VA124PR DES MOINES AVE||||S-VA124PR DES MOINES AVE|Des Moines Ave|Des Moines Ave|124|City of Portsmouth|124|City of Portsmouth|    Deep Creek Blvd| 484271|0|0|.13|    Portsmouth Blvd| 483689|0|0|.72|    01/01/2022|811|F|97|0|1|0|0|0|C|.103|6 |.53|862|F||||||||||||||
660692|0|S-VA124PR EFFINGHAM ST||||S-VA124PR EFFINGHAM ST|Effingham St|Effingham St|124|City of Portsmouth|124|City of Portsmouth|    Crawford Pkwy| 484355|0|0|0|    Ent. OSN. Hospital| 484331|0|0|.09|    01/01/2022|11974|F|99|0|0|0|0|0|F|.096|6 |.5|12711|F||||||||||||||
660426|0|S-VA124PR EFFINGHAM ST||||S-VA124PR EFFINGHAM ST|Effingham St|Effingham St|124|City of Portsmouth|124|City of Portsmouth|    North St| 484331|0|0|.09|    Crawford Pkwy| 484353|0|0|.29|    01/01/2022|13799|F|99|0|0|0|0|0|C|.085|6 |.77|14647|F||||||||||||||
660691|0|S-VA124PR EFFINGHAM ST||||S-VA124PR EFFINGHAM ST|Effingham St|Effingham St|124|City of Portsmouth|124|City of Portsmouth|    London Blvd| 484353|0|0|.29|    North St| 483296|0|0|.39|    01/01/2022|14523|F|99|0|0|0|0|0|F|.083|6 |.73|15416|F||||||||||||||
660636|0|S-VA124PR ELLIOTT AVE||||S-VA124PR ELLIOTT AVE|Elliott Ave|Elliott Ave|124|City of Portsmouth|124|City of Portsmouth|    |1053404|0|0|.008|    Jurisdiction Boundary: 124 City of Portsmouth / |1053403|0|0|1.671|    01/01/2022|2562|F|97|0|1|0|0|0|C|.103|6 |.53|2720|F||||||||||||||
660696|0|S-VA124PR ELM AVE||||S-VA124PR ELM AVE|Elm Ave|Elm Ave|124|City of Portsmouth|124|City of Portsmouth|    Leckie St|1065287|0|0|0|    | 483297|0|0|.63|    01/01/2022|3322|F|96|0|1|0|0|0|C|.127|6 |.72|3525|F||||||||||||||
660695|0|S-VA124PR ELM AVE||||S-VA124PR ELM AVE|Elm Ave|Elm Ave|124|City of Portsmouth|124|City of Portsmouth|    London Blvd| 483297|0|0|.63|    High St| 484370|0|0|.75|    01/01/2022|5738|F|97|0|1|0|0|0|F|.107|6 |.59|6089|F||||||||||||||
660430|0|S-VA124PR ELM AVE||||S-VA124PR ELM AVE|Elm Ave|Elm Ave|124|City of Portsmouth|124|City of Portsmouth|    High St| 484370|0|0|.75|    County St| 484087|0|0|.86|    01/01/2022|6940|F|97|0|1|0|0|0|F|.102|6 |.5|7364|F||||||||||||||
660694|0|S-VA124PR ELM AVE||||S-VA124PR ELM AVE|Elm Ave|Elm Ave|124|City of Portsmouth|124|City of Portsmouth|    County St| 484087|0|0|.86|    South St| 484367|0|0|1.05|    01/01/2022|6925|F|97|0|1|0|0|0|F|.103|6 |.53|7349|F||||||||||||||
660429|0|S-VA124PR ELM AVE||||S-VA124PR ELM AVE|Elm Ave|Elm Ave|124|City of Portsmouth|124|City of Portsmouth|    South St| 484367|0|0|1.05|    VA 337 Elm Ave, Portsmouth Blvd| 483688|0|0|1.84|    01/01/2022|5806|F|97|0|1|0|0|0|C|.097|6 |.52|6166|F||||||||||||||
660710|0|S-VA124PR ELMHURST LN||||S-VA124PR ELMHURST LN|Elmhurst Ln|Elmhurst Ln|124|City of Portsmouth|124|City of Portsmouth|    Portsmouth Blvd| 484070|0|0|.05|    Shore Dr| 483701|0|0|.91|    01/01/2022|4220|F|96|1|2|0|0|0|F|.096|6 |.51|4481|F||||||||||||||
660679|0|S-VA124PR ELMHURST LN||||S-VA124PR ELMHURST LN|Elmhurst Ln|Elmhurst Ln|124|City of Portsmouth|124|City of Portsmouth|    Cherokee Rd| 483701|0|0|.91|    Portsmouth Blvd| 484053|0|0|1.23|    01/01/2022|6092|G|96|1|2|0|0|0|F|.099|6 |.59|6474|G||||||||||||||
660457|0|S-VA124PR ELMHURST LN||||S-VA124PR ELMHURST LN|Elmhurst Ln|Elmhurst Ln|124|City of Portsmouth|124|City of Portsmouth|    Airline Blvd| 484053|0|0|1.23|    Cherokee Rd| 483151|0|0|1.94|    01/01/2022|7343|F|96|1|2|0|0|0|C|.101|6 |.53|7796|F||||||||||||||
660678|0|S-VA124PR ELMHURST LN||||S-VA124PR ELMHURST LN|Elmhurst Ln|Elmhurst Ln|124|City of Portsmouth|124|City of Portsmouth|    Garwood Ave| 483151|0|0|1.94|    Airline Blvd| 484048|0|0|2.13|    01/01/2022|3236|F|96|1|2|0|0|0|F|.095|6 |.59|3437|F||||||||||||||
660677|0|S-VA124PR ELMHURST LN||||S-VA124PR ELMHURST LN|Elmhurst Ln|Elmhurst Ln|124|City of Portsmouth|124|City of Portsmouth|    Victory Blvd| 484048|0|0|2.13|    Garwood Ave|1070319|0|0|3.55|    01/01/2022|3093|F|92|1|2|1|4|0|C|.085|6 |.57|3285|F||||||||||||||
660672|0|S-VA124PR FORT LN||||S-VA124PR FORT LN|Fort Ln|Fort Lane|124|City of Portsmouth|124|City of Portsmouth|    Leckie St| 484330|0|0|0|    |1055430|0|0|.34|    01/01/2022|981|F|93|0|1|0|0|0|C|.21|6 |.91|1042|F||||||||||||||
660491|0|S-VA124PR GARWOOD AVE||||S-VA124PR GARWOOD AVE|Garwood Ave|Garwood Ave|124|City of Portsmouth|124|City of Portsmouth|    Greenwood Dr| 484048|0|0|0|    Jurisdiction Boundary: 124 City of Portsmouth / |1057469|0|0|.4|    01/01/2022|3132|F|90|1|2|2|3|1|C|.09|6 |.54|3326|F||||||||||||||
783022|0|S-VA124PR GRAYSON ST||||S-VA124PR GRAYSON ST|Grayson St| |124|City of Portsmouth|124|City of Portsmouth|    Shenandoah St| 724380|0|0|.159|    Grasyon St| 724379|0|0|.585|    ||X||||||||||||||||||||||||||
660445|0|S-VA124PR GREENWOOD DR||||S-VA124PR GREENWOOD DR|Greenwood Dr|Greenwood Dr|124|City of Portsmouth|124|City of Portsmouth|    George Washington Hwy| 483086|0|0|0|    Deep Creek Blvd| 484141|0|0|.51|    01/01/2022|2552|F|98|0|1|0|0|0|C|.096|6 |.6|2712|F||||||||||||||
660653|0|S-VA124PR GREENWOOD DR||||S-VA124PR GREENWOOD DR|Greenwood Dr|Greenwood Dr|124|City of Portsmouth|124|City of Portsmouth|    Deep Creek Blvd| 484141|0|0|.51|    Independence St| 484139|0|0|.87|    01/01/2022|3764|F|99|0|0|0|0|0|F|.092|6 |.54|4001|F||||||||||||||
660444|0|S-VA124PR GREENWOOD DR||||S-VA124PR GREENWOOD DR|Greenwood Dr|Greenwood Dr|124|City of Portsmouth|124|City of Portsmouth|    Independence St| 484139|0|0|.87|    Victory Blvd| 483521|0|0|1.92|    01/01/2022|4149|F|99|0|0|0|0|0|C|.095|6 |.55|4410|F||||||||||||||
660652|0|S-VA124PR GREENWOOD DR||||S-VA124PR GREENWOOD DR|Greenwood Dr|Greenwood Dr|124|City of Portsmouth|124|City of Portsmouth|    Victory Blvd| 483521|0|0|1.92|    Cavalier Blvd| 484122|0|0|2.54|    01/01/2022|9047|F|99|0|0|0|0|0|F|.099|6 |.6|9616|F||||||||||||||
660443|0|S-VA124PR GREENWOOD DR||||S-VA124PR GREENWOOD DR|Greenwood Dr|Greenwood Dr|124|City of Portsmouth|124|City of Portsmouth|    Cavalier Blvd| 484122|0|0|2.54|    I-264| 484112|0|0|3.39|    01/01/2022|14648|F|99|0|0|0|0|0|F|.092|6 |.57|15552|F||||||||||||||
660442|0|S-VA124PR GREENWOOD DR||||S-VA124PR GREENWOOD DR|Greenwood Dr|Greenwood Dr|124|City of Portsmouth|124|City of Portsmouth|    I-264| 484112|0|0|3.39|    Airline Blvd| 483152|0|0|3.91|    01/01/2022|16127|F|99|0|0|0|0|0|F|.082|6 |.64|17124|F||||||||||||||
660647|0|S-VA124PR GUST LN||||S-VA124PR GUST LN|Gust Ln|Gust Lane|124|City of Portsmouth|124|City of Portsmouth|    Victory Blvd (pre-update)|1070318|0|0|0|    NCL Chesapeake| 484402|0|0|.71|    01/01/2022|5425|F|97|1|1|1|1|0|F|.096|6 |.59|5762|F||||||||||||||
660664|0|S-VA124PR HARTFORD ST||||S-VA124PR HARTFORD ST|Hartford St|Hartford St|124|City of Portsmouth|124|City of Portsmouth|    High St| 484044|0|0|.13|    Jurisdiction Boundary: 124 City of Portsmouth / | 483068|0|0|1.14|    01/01/2022|2716|F|96|1|1|0|0|0|C|.113|6 |.52|2882|F||||||||||||||
660635|0|S-VA124PR HATTON POINT RD||||S-VA124PR HATTON POINT RD|Hatton Point Rd|Hatton Pt Rd|124|City of Portsmouth|124|City of Portsmouth|    Cedar Lane| 731078|0|0|.52|    Goff St| 483981|0|0|1.06|    01/01/2022|2346|F|98|0|1|0|0|0|C|.095|6 |.55|2493|F||||||||||||||
560017|0|S-VA124PR HEDGEROW LN||||S-VA124PR HEDGEROW LN|Hedgerow Ln|Hedgerow Ln|124|City of Portsmouth|124|City of Portsmouth|    Hedgerow Cir| 483947|0|0|.14|    River Shore Rd| 483944|0|0|.406|    01/01/2022|1333|F|93|2|2|1|0|0|C|.155|6 |.53|1415|F||||||||||||||
660452|0|S-VA124PR HIGH ST||||S-VA124PR HIGH ST|High St|High St|124|City of Portsmouth|124|City of Portsmouth|    Crawford St| 484337|0|0|.05|    Effingham St| 483295|0|0|.55|    01/01/2022|4357|F|98|1|1|0|0|0|F|.088|6 |.54|4623|F||||||||||||||
660675|0|S-VA124PR HIGH ST||||S-VA124PR HIGH ST|High St|High St|124|City of Portsmouth|124|City of Portsmouth|    Effingham St| 483295|0|0|.55|    Elm Ave| 484370|0|0|.88|    01/01/2022|5544|F|98|1|1|0|0|0|F|.1|6 |.68|5883|F||||||||||||||
660451|0|S-VA124PR HIGH ST||||S-VA124PR HIGH ST|High St|High St|124|City of Portsmouth|124|City of Portsmouth|    Elm Ave| 484370|0|0|.88|    ML King Frwy| 483720|0|0|1.67|    01/01/2022|9553|F|98|1|1|0|0|0|C|.094|6 |.67|10137|F||||||||||||||
660450|0|S-VA124PR HIGH ST||||S-VA124PR HIGH ST|High St|High St|124|City of Portsmouth|124|City of Portsmouth|    ML King Frwy| 483720|0|0|1.67|    Mt Vernon Ave| 484278|0|0|2.15|    01/01/2022|11091|F|98|1|1|0|0|0|F|.086|6 |.59|11776|F||||||||||||||
660676|0|S-VA124PR HIGH ST||||S-VA124PR HIGH ST|High St|High St|124|City of Portsmouth|124|City of Portsmouth|    Mt Vernon Ave| 484278|0|0|2.15|    Airline Blvd| 483146|0|0|2.37|    01/01/2022|9918|F|98|1|1|0|0|0|F|.087|6 |.56|10530|F||||||||||||||
781731|0|S-VA124PR HIGH ST||||S-VA124PR HIGH ST|High St|High St|124|City of Portsmouth|124|City of Portsmouth|    US 58 Airline Blvd| 483146|0|0|2.37|    US 17 Frederick Blvd| 483071|0|0|2.49|    01/01/2022|11238|F|98|1|1|0|0|0|F|.104|6 |.65|11932|F||||||||||||||
660655|0|S-VA124PR HODGES FERRY RD||||S-VA124PR HODGES FERRY RD|Hodges Ferry Rd|Hodges Ferry Rd|124|City of Portsmouth|124|City of Portsmouth|    Portsmouth Blvd SR 337| 483702|0|0|0|    Logan St| 484096|0|0|.29|    01/01/2022|6860|F|99|0|0|0|0|0|F|.093|6 |.56|7292|F||||||||||||||
660654|0|S-VA124PR HODGES FERRY RD||||S-VA124PR HODGES FERRY RD|Hodges Ferry Rd|Hodges Ferry Rd|124|City of Portsmouth|124|City of Portsmouth|    Logan St| 484096|0|0|.29|    Cherokee Rd| 484071|0|0|.55|    01/01/2022|6106|F|99|0|0|0|0|0|F|.091|6 |.59|6490|F||||||||||||||
660456|0|S-VA124PR HODGES FERRY RD||||S-VA124PR HODGES FERRY RD|Hodges Ferry Rd|Hodges Ferry Rd|124|City of Portsmouth|124|City of Portsmouth|    Cherokee Rd| 484071|0|0|.55|    Airline Blvd| 483152|0|0|1.31|    01/01/2022|6134|F|99|0|0|0|0|0|C|.099|6 |.53|6520|F||||||||||||||
660660|0|S-VA124PR KING ST||||S-VA124PR KING ST|King St|King St|124|City of Portsmouth|124|City of Portsmouth|    Powhatan Ave| 484176|0|0|2.385|    Jurisdiction Boundary: 124 City of Portsmouth / |1071533|0|0|3.315|    01/01/2022|5166|F|98|0|1|0|0|0|F|.097|6 |.54|5485|F||||||||||||||
660671|0|S-VA124PR LECKIE ST||||S-VA124PR LECKIE ST|Leckie St|Leckie St|124|City of Portsmouth|124|City of Portsmouth|    Dead End| 484330|0|0|0|    Fort Lane| 731160|0|0|.69|    01/01/2022|514|F|97|1|1|0|0|0|C|.1|6 |.59|546|F||||||||||||||
660707|0|S-VA124PR LECKIE ST||||S-VA124PR LECKIE ST|Leckie St|Leckie St|124|City of Portsmouth|124|City of Portsmouth|    Constitution Ave| 731159|0|0|.69|    Dead End (pre-update)|1055724|0|0|.9|    01/01/2022|86|F|96|2|1|0|0|0|F|.156|6 |.59|92|F||||||||||||||
660628|0|S-VA124PR LINCOLN ST||||S-VA124PR LINCOLN ST|Lincoln St|Lincoln St|124|City of Portsmouth|124|City of Portsmouth|    Effingham St| 484343|0|0|0|    First St| 483285|0|0|.65|    01/01/2022|2511|F|98|0|1|0|1|0|F|.123|6 |.84|2667|F||||||||||||||
660629|0|S-VA124PR LINCOLN ST||||S-VA124PR LINCOLN ST|Lincoln St|Lincoln St|124|City of Portsmouth|124|City of Portsmouth|    Deep Creek Blvd| 483285|0|0|.65|    Jurisdiction Boundary: 124 City of Portsmouth / |1065505|0|0|1.68|    01/01/2022|1137|F|97|0|1|0|0|0|C|.077|6 |.52|1207|F||||||||||||||
660462|0|S-VA124PR LONDON ST||||S-VA124PR LONDON ST|London St|London St|124|City of Portsmouth|124|City of Portsmouth|    | 484299|0|0|.05|    Crawford St| 483296|0|0|.55|    01/01/2022|3851|F|96|1|1|1|1|0|F|.083|6 |.5|4088|F||||||||||||||
660639|0|S-VA124PR MCLEAN ST||||S-VA124PR MCLEAN ST|McLean St|McLean St|124|City of Portsmouth|124|City of Portsmouth|    Greenwood Dr| 483699|0|0|0|    Jurisdiction Boundary: 124 City of Portsmouth / |1061051|0|0|1.56|    01/01/2022|7407|F|98|1|1|0|0|0|F|.096|6 |.62|7860|F||||||||||||||
660489|0|S-VA124PR MOUNT VERNON AVE||||S-VA124PR MOUNT VERNON AVE|Mount Vernon Ave|Mt Vernon Ave|124|City of Portsmouth|124|City of Portsmouth|    London Blvd| 484287|0|0|0|    Bay View Blvd| 483145|0|0|1.22|    01/01/2022|2009|F|94|1|2|0|0|0|C|.091|6 |.54|2133|F||||||||||||||
660697|0|S-VA124PR MOUNT VERNON AVE||||S-VA124PR MOUNT VERNON AVE|Mount Vernon Ave|Mt Vernon Ave|124|City of Portsmouth|124|City of Portsmouth|    High St| 483145|0|0|1.22|    Jurisdiction Boundary: 124 City of Portsmouth / |1055845|0|0|1.68|    01/01/2022|2858|F|97|1|1|1|1|0|C|.084|6 |.52|3038|F||||||||||||||
660634|0|S-VA124PR OLD COAST GUARD BLVD||||S-VA124PR OLD COAST GUARD BLVD|Old Coast Guard Blvd|Coast Guard Blvd|124|City of Portsmouth|124|City of Portsmouth|    West Norfolk Rd| 483961|0|0|0|    Main Gate|1067398|0|0|.04|    01/01/2022|2695|F|93|0|0|4|1|0|C|.157|6 |.96|2863|F||||||||||||||
660640|0|S-VA124PR PENINSULA AVE||||S-VA124PR PENINSULA AVE|Peninsula Ave|Peninsula Ave|124|City of Portsmouth|124|City of Portsmouth|    SR 141 London Blvd| 484309|0|0|.29|    Leckie St| 483298|0|0|.61|    01/01/2022|1951|F|98|0|1|0|0|0|C|.09|6 |.53|2075|F||||||||||||||
660703|0|S-VA124PR PENINSULA AVE||||S-VA124PR PENINSULA AVE|Peninsula Ave|Peninsula Ave|124|City of Portsmouth|124|City of Portsmouth|    High St| 483298|0|0|.61|    SR 141 London Blvd| 484301|0|0|.75|    01/01/2022|2836|F|96|0|1|1|1|0|C|.09|6 |.53|3011|F||||||||||||||
660704|0|S-VA124PR PENINSULA AVE||||S-VA124PR PENINSULA AVE|Peninsula Ave|Peninsula Ave|124|City of Portsmouth|124|City of Portsmouth|    County St| 484301|0|0|.75|    High St|1255146|0|0|.893|    01/01/2022|679|F|94|1|1|1|0|0|C|.09|6 |.53|721|F||||||||||||||
660488|0|S-VA124PR PORT CENTRE PKWY||||S-VA124PR PORT CENTRE PKWY|Port Centre Pkwy|Port Centre Pkwy|124|City of Portsmouth|124|City of Portsmouth|    Crawford St Near I-264| 484483|0|0|0|    Portsmouth Blvd| 483930|0|0|.66|    01/01/2022|7580|F|98|0|1|0|1|0|C|.124|6 |.96|8048|F||||||||||||||
660701|0|S-VA124PR PORTSMOUTH BLVD||||S-VA124PR PORTSMOUTH BLVD|Portsmouth Blvd|Portsmouth Blvd|124|City of Portsmouth|124|City of Portsmouth|    Effingham St| 483930|0|0|.076|    | 483284|0|0|.629|    01/01/2022|2970|F|96|0|1|0|0|0|C|.126|6 |.76|3154|F||||||||||||||
660469|0|S-VA124PR PORTSMOUTH BLVD||||S-VA124PR PORTSMOUTH BLVD|Portsmouth Blvd|Portsmouth Blvd|124|City of Portsmouth|124|City of Portsmouth|    Elm Ave| 483284|0|0|.629|    Effingham St| 483688|0|0|.976|    01/01/2022|3872|F|96|0|1|0|0|0|F|.107|6 |.72|4111|F||||||||||||||
660659|0|S-VA124PR POWHATAN AVE||||S-VA124PR POWHATAN AVE|Powhatan Ave|Powhatan Ave|124|City of Portsmouth|124|City of Portsmouth|    Clifford St| 484168|0|0|.14|    Jurisdiction Boundary: 124 City of Portsmouth / |1060891|0|0|.56|    01/01/2022|4668|F|98|0|1|0|0|0|F|.094|6 |.53|4956|F||||||||||||||
660685|0|S-VA124PR RIVER SHORE RD||||S-VA124PR RIVER SHORE RD|River Shore Rd|River Shore Rd|124|City of Portsmouth|124|City of Portsmouth|    Cedar Lane| 483908|0|0|0|    Oakhurst Rd| 483993|0|0|.138|    01/01/2022|7102|F|97|1|1|1|0|0|F|.102|6 |.59|7538|F||||||||||||||
660662|0|S-VA124PR RIVER SHORE RD||||S-VA124PR RIVER SHORE RD|River Shore Rd|River Shore Rd|124|City of Portsmouth|124|City of Portsmouth|    Oakhurst Rd| 483993|0|0|.138|    Jurisdiction Boundary: 124 City of Portsmouth / |1066869|0|0|2.34|    01/01/2022|3123|F|97|0|1|1|0|0|C|.091|6 |.54|3317|F||||||||||||||
660698|0|S-VA124PR RODMAN AVE||||S-VA124PR RODMAN AVE|Rodman Ave|Rodman Ave|124|City of Portsmouth|124|City of Portsmouth|    US 58 Airline Blvd| 483069|0|0|0|    Jurisdiction Boundary: 124 City of Portsmouth / | 484184|0|0|.889|    01/01/2022|5487|F|97|0|1|0|0|0|F|.095|6 |.52|5825|F||||||||||||||
660699|0|S-VA124PR RODMAN AVE||||S-VA124PR RODMAN AVE|Rodman Ave|Rodman Ave|124|City of Portsmouth|124|City of Portsmouth|    SR 337 Portsmouth Blvd| 484184|0|0|.889|    Caroline Ave| 483692|0|0|1.48|    01/01/2022|6736|F|97|0|1|0|0|0|F|.088|6 |.54|7150|F||||||||||||||
200772|0|S-VA124PR ROTUNDA AVE||||S-VA124PR ROTUNDA AVE|Rotunda Ave||124|City of Portsmouth|124|City of Portsmouth|    R-VA124UR08540WB      RMP001.00B, S-VA124PR GREENWOOD DR| 483877|0|0|0|    Horne Ave|1053834|0|0|.043|    ||X||||||||||||||||||||||||||
200773|0|S-VA124PR ROTUNDA AVE||||S-VA124PR ROTUNDA AVE|Rotunda Ave||124|City of Portsmouth|124|City of Portsmouth|    Welcome Rd|1054232|0|0|.402|    R-VA   FR00153EB, S-VA124PR CRYSTAL LAKE DR| 483876|0|0|.66|    01/01/2022||X|||||||X||24|||X||||||||||||||
660641|0|S-VA124PR SNEAD FAIRWAY||||S-VA124PR SNEAD FAIRWAY|Snead Fairway|Snead Fairway|124|City of Portsmouth|124|City of Portsmouth|    Chandler Harper Dr| 484102|0|0|.16|    Hodges Ferry Rd| 484146|0|0|.46|    01/01/2022|626|F|96|1|2|1|0|0|C|.101|6 |.54|664|F||||||||||||||
660661|0|S-VA124PR STERLING POINT DR||||S-VA124PR STERLING POINT DR|Sterling Point Dr|Sterling Point Rd|124|City of Portsmouth|124|City of Portsmouth|    Feudist Drive| 483973|0|0|1.58|    High St| 483063|0|0|1.9|    01/01/2022|1160|F|98|0|0|0|0|0|C|.115|6 |.68|1233|F||||||||||||||
660493|0|S-VA124PR TOWNE POINT RD||||S-VA124PR TOWNE POINT RD|Towne Point Rd|Towne Point Rd|124|City of Portsmouth|124|City of Portsmouth|    NCL Chesapeake| 483922|0|0|0|    SR 164 Western Fwy| 724410|0|0|.31|    01/01/2022|21685|F|97|0|1|0|1|0|C|.087|6 |.57|23010|F||||||||||||||
660473|0|S-VA124PR TOWNE POINT RD||||S-VA124PR TOWNE POINT RD|Towne Point Rd|Towne Point Rd|124|City of Portsmouth|124|City of Portsmouth|    SR 164 Western Fwy| 724410|0|0|.31|    | 483918|0|0|.46|    01/01/2022|22578|F|97|0|1|0|1|0|F|.083|6 |.61|23997|F||||||||||||||
660494|0|S-VA124PR TOWNE POINT RD||||S-VA124PR TOWNE POINT RD|Towne Point Rd|Towne Point Rd|124|City of Portsmouth|124|City of Portsmouth|    Twin Pines Rd| 483918|0|0|.46|    ECL Suffolk| 874001|0|0|1.18|    01/01/2022|12546|F|97|0|1|0|1|0|F|.093|6 |.53|13313|F||||||||||||||
660495|0|S-VA124PR TWIN PINES RD||||S-VA124PR TWIN PINES RD|Twin Pines Rd|Twin Pines Rd|124|City of Portsmouth|124|City of Portsmouth|    Town Point Rd| 483918|0|0|0|    | 483938|0|0|.88|    01/01/2022|8892|F|99|0|1|0|0|0|C|.099|6 |.71|9444|F||||||||||||||
660632|0|S-VA124PR TWIN PINES RD||||S-VA124PR TWIN PINES RD|Twin Pines Rd|Twin Pines Rd|124|City of Portsmouth|124|City of Portsmouth|    Swannanoa Dr| 483938|0|0|.88|    Jurisdiction Boundary: 124 City of Portsmouth / |1066495|0|0|1.96|    01/01/2022|2798|F|99|0|0|0|0|0|C|.092|6 |.57|2974|F||||||||||||||
660643|0|S-VA124PR TYRE NECK RD||||S-VA124PR TYRE NECK RD|Tyre Neck Rd|Tyre Neck Rd|124|City of Portsmouth|124|City of Portsmouth|    NCL Chesapeake| 484014|0|0|0|    High St| 483060|0|0|.24|    01/01/2022|9364|F|98|0|1|0|0|0|F|.099|6 |.61|9936|F||||||||||||||
660477|0|S-VA124PR TYRE NECK RD||||S-VA124PR TYRE NECK RD|Tyre Neck Rd|Tyre Neck Rd|124|City of Portsmouth|124|City of Portsmouth|    High St| 483060|0|0|.24|    Churchland Blvd| 484013|0|0|.42|    01/01/2022|4893|F|98|0|1|0|0|0|C|.091|6 |.53|5197|F||||||||||||||
660642|0|S-VA124PR TYRE NECK RD||||S-VA124PR TYRE NECK RD|Tyre Neck Rd|Tyre Neck Rd|124|City of Portsmouth|124|City of Portsmouth|    Churchland Blvd| 484013|0|0|.42|    Jurisdiction Boundary: 124 City of Portsmouth / |1059235|0|0|.9|    01/01/2022|3160|F|95|0|1|1|1|0|C|.099|6 |.51|3356|F||||||||||||||
660644|0|S-VA124PR WASHINGTON ST||||S-VA124PR WASHINGTON ST|Washington St|Washington St|124|City of Portsmouth|124|City of Portsmouth|    South St| 484332|0|0|.15|    Crawford Pkwy|1256558|0|0|.762|    01/01/2022|624|F|96|2|1|0|0|0|F|.093|6 |.52|663|F||||||||||||||
660484|0|S-VA124PR WESLEY ST||||S-VA124PR WESLEY ST|Wesley St|Wesley St|124|City of Portsmouth|124|City of Portsmouth|    Chautauqua Ave| 484275|0|0|0|    Lee Ave| 484009|0|0|.13|    01/01/2022|432|F|98|0|1|0|0|0|F|.123|6 |.51|459|F||||||||||||||
660684|0|S-VA124PR WESLEY ST||||S-VA124PR WESLEY ST|Wesley St|Wesley St|124|City of Portsmouth|124|City of Portsmouth|    Mt Vernon Ave| 484009|0|0|.13|    Chautauqua Ave| 484272|0|0|.33|    01/01/2022|416|F|96|1|1|0|0|0|C|.104|6 |.51|441|F||||||||||||||
660688|0|S-VA124PR WEST NORFOLK RD||||S-VA124PR WEST NORFOLK RD|West Norfolk Rd|West Norfolk Rd|124|City of Portsmouth|124|City of Portsmouth|    Broadway St| 483970|0|0|.17|    SR 164 Western Fwy| 730516|0|0|.38|    01/01/2022|428|F|67|2|5|9|12|0|C|.107|6 |.61|455|F||||||||||||||
660485|0|S-VA124PR WEST NORFOLK RD||||S-VA124PR WEST NORFOLK RD|West Norfolk Rd|West Norfolk Rd|124|City of Portsmouth|124|City of Portsmouth|    SR 164 Western Fwy| 730516|0|0|.38|    | 483959|0|0|2.02|    01/01/2022|3875|F|99|0|1|0|0|0|F|.103|6 |.56|4118|F||||||||||||||
660486|0|S-VA124PR WEST NORFOLK RD||||S-VA124PR WEST NORFOLK RD|West Norfolk Rd|West Norfolk Rd|124|City of Portsmouth|124|City of Portsmouth|    Cedar Lane| 483959|0|0|2.02|    Tyre Neck Rd| 483950|0|0|3.04|    01/01/2022|5599|F|99|0|1|0|0|0|C|.105|6 |.53|5951|F||||||||||||||
660687|0|S-VA124PR WEST NORFOLK RD||||S-VA124PR WEST NORFOLK RD|West Norfolk Rd|West Norfolk Rd|124|City of Portsmouth|124|City of Portsmouth|    Tyre Neck Rd| 483950|0|0|3.04|    Churchland Blvd| 483949|0|0|3.15|    01/01/2022|2979|F|97|1|1|0|0|0|C|.097|6 |.53|3166|F||||||||||||||
660665|0|S-VA124PR WESTERN BRANCH BLVD||||S-VA124PR WESTERN BRANCH BLVD|Western Branch Blvd|Western Branch Blvd|124|City of Portsmouth|124|City of Portsmouth|    US 17 High St; Cumberland Ave|1064700|0|0|0|    US 17 High St; Hartford St| 483068|0|0|.59|    01/01/2022|3564|F|96|1|1|0|0|0|F|.099|6 |.51|3790|F||||||||||||||
