sep=|
- - 2022 AADT Report for Town of Rural Retreat - -
LINKID|SEQUENCENUMBER|RTE_NM|RTE_NM_2|RTE_NM_3|RTE_NM_4|Host RTE_NM|Route Label|Street Name|Physical Jurisdiction|Physical Jurisdiciton Name|Maintenance Jurisdiction|Maintenance Jurisdiciton Name|    Start Label|Start Node|Start Node Route Sequence|Star tOffset|Start Milepoint|    End Label|End Node|End Node Route Sequence|End Offset|End Milepoint|    VPDDate|AADT|AADT Quality|Passenger Vehicle|Bus|Truck 2 Axle|Truck 3 Axle|Truck 1 Trailer|Truck 2 Trailer|Class Quality|K Factor|K Factor Quality|Direction Factor|AAWDT|AAWDT Quality|AADT Dir|AADT Quality Dir|PassengerVehicle Dir|Bus Dir|Truck 2 Axle Dir|Truck 3 Axle Dir|Truck 1 Trailer Dir|Truck 2 Trailer Dir|Class Quality Dir|K Factor Dir|K Factor Quality Dir|Direction Factor Dir|AAWDT Dir|AAWDT Quality Dir
010449|0|R-VA   SR00090NB||||R-VA   SR00090NB|VA 90|Main St|292|Town of Rural Retreat|098|Wythe County|    98-616 Baumgardner Ave| 666072|0|0|0|    US 11 Staleys Cross Roads| 666559|0|0|1.26|    01/01/2022|6028|G|97|1|1|0|1|0|C|.106|6 |.57|5994|G||||||||||||||
010138|0|R-VA   SR00090NB||||R-VA   SR00090NB|VA 90|Main St|292|Town of Rural Retreat|098|Wythe County|    US 11 Staleys Cross Roads| 666559|0|0|1.26|    Physical Jurisdiction Boundary: 292 Town of Rural Retreat / 098 Wythe County| 666666|0|0|1.63|    01/01/2022|6134|G|97|1|1|0|1|0|F|.091|6 |.59|6100|G||||||||||||||
010432|0|R-VA   US00011NB||||R-VA   US00011NB|US 11|W Lee Highway|292|Town of Rural Retreat|098|Wythe County|    Jurisdiction Boundary: 086 Smyth County / 098 Wythe County| 666271|0|0|58.77|    SR 90 Blacklick Rd; N Main St| 666559|0|0|59.54|    01/01/2022|2888|G|98|0|1|0|1|0|C|.111|6 |.55|2872|G||||||||||||||
010431|0|R-VA   US00011NB||||R-VA   US00011NB|US 11|W Lee Highway|292|Town of Rural Retreat|098|Wythe County|    SR 90 Black Lick Rd; N Main St| 666559|0|0|59.54|    Physical Jurisdiction Boundary: 292 Town of Rural Retreat / 098 Wythe County|1265091|0|0|59.86|    01/01/2022|2651|G|98|0|1|1|1|0|C|.111|6 |.53|2636|G||||||||||||||
778507|0|R-VA098SC00615EB||||R-VA098SC00615EB|98-615| |292|Town of Rural Retreat|098|Wythe County|    Jurisdiction Boundary: 098 Wythe County| 666064|0|0|2.68|    98-749 Cedar Springs Rd| 666062|0|0|3.26|    01/18/2017|223|R|||||||X||24|||X||||||||||||||
402580|0|R-VA098SC00616EB||||R-VA098SC00616EB|98-616|Murphyville Rd|292|Town of Rural Retreat|098|Wythe County|    | 666077|0|0|1.79|    98-1107 Hemlock St| 666075|0|0|2.05|    01/01/2022|737|G|99|0|1|0|0|0|C|.101|6 |.7|733|G||||||||||||||
402581|0|R-VA098SC00616EB||||R-VA098SC00616EB|98-616|Parsonage Ave|292|Town of Rural Retreat|098|Wythe County|    98-1107 Hemlock St| 666075|0|0|2.05|    98-1101 Parsonage Ave| 666074|0|0|2.27|    01/01/2022|879|G|99|0|1|0|0|0|C|.097|6 |.58|875|G||||||||||||||
778508|0|R-VA098SC00616EB||||R-VA098SC00616EB|98-616|Baumgardner Ave|292|Town of Rural Retreat|098|Wythe County|    98-1101 Parsonage Ave| 666074|0|0|2.27|    SR 90 Main St| 666072|0|0|2.59|    01/18/2017|263|R|||||||X||24|||X||||||||||||||
778509|0|R-VA098SC00616EB||||R-VA098SC00616EB|98-616|Baumgardner Ave|292|Town of Rural Retreat|098|Wythe County|    SR 90; 98-749| 666072|0|0|2.59|    98-674 S, Greever St| 666472|0|0|2.82|    02/03/2017|805|R|||||||X||24|||X||||||||||||||
778510|0|R-VA098SC00616EB||||R-VA098SC00616EB|98-616|Railroad Ave|292|Town of Rural Retreat|098|Wythe County|    98-674 N, Greever St| 666070|0|0|2.85|    98-675| 666068|0|0|3.75|    02/03/2017|849|R|||||||X||24|||X||||||||||||||
402603|0|R-VA098SC00674NB||||R-VA098SC00674NB|98-674|Greever St|292|Town of Rural Retreat|098|Wythe County|    SCL Rural Retreat| 666252|0|0|5.08|    | 666472|0|0|5.5|    01/01/2022|310|G|93|3|1|0|0|0|C|.136|6 |.52|308|G||||||||||||||
402604|0|R-VA098SC00674NB||||R-VA098SC00674NB|98-674|Greever St|292|Town of Rural Retreat|098|Wythe County|    98-616 S, E Baumgardner Ave| 666472|0|0|5.5|    98-675, E Buck Ave| 666257|0|0|5.71|    01/01/2022|563|G|97|2|0|0|0|0|C|.139|6 |.51|560|G||||||||||||||
778658|0|R-VA098SC00674NB||||R-VA098SC00674NB|98-674|Greever St|292|Town of Rural Retreat|098|Wythe County|    98-675, E Buck Ave| 666257|0|0|5.71|    98-1110 Chestnut Ave| 666259|0|0|5.886|    02/01/2017|392|R|||||||X||24|||X||||||||||||||
778659|0|R-VA098SC00674NB||||R-VA098SC00674NB|98-674|Greever St|292|Town of Rural Retreat|098|Wythe County|    98-1110 Chestnut Ave| 666259|0|0|5.886|    Dead End| 712096|0|0|6.08|    02/01/2017|602|R|||||||X||24|||X||||||||||||||
778660|0|R-VA098SC00675EB||||R-VA098SC00675EB|98-675|Allis Chalmer Rd|292|Town of Rural Retreat|098|Wythe County|    Dead End| 666272|0|0|0|    US 11, W Lee Highway| 666271|0|0|.3|    09/27/2021|21|T|||||||X||24|||X||||||||||||||
402605|0|R-VA098SC00675EB||||R-VA098SC00675EB|98-675|Chinquapin Ave|292|Town of Rural Retreat|098|Wythe County|    US 11, W Lee Hwy| 666271|0|0|.3|    98-1114 Hickory Ave| 666267|0|0|.94|    01/01/2022|814|G|98|0|1|0|0|0|C|.107|6 |.54|808|G||||||||||||||
402606|0|R-VA098SC00675EB||||R-VA098SC00675EB|98-675|Chinquapin Ave|292|Town of Rural Retreat|098|Wythe County|    98-1114 Hickory Ave| 666267|0|0|.94|    98-1111 Church St| 666264|0|0|1.43|    01/01/2022|1097|G|98|1|1|0|0|0|C|.105|6 |.5|1090|G||||||||||||||
402607|0|R-VA098SC00675EB||||R-VA098SC00675EB|98-675|Buck Ave|292|Town of Rural Retreat|098|Wythe County|    98-1111 Church St| 666264|0|0|1.43|    SR 90 Main St| 666263|0|0|1.5|    01/01/2022|267|G|95|3|0|0|1|0|F|.191|6 |.54|265|G||||||||||||||
402608|0|R-VA098SC00675EB||||R-VA098SC00675EB|98-675|E Buck Ave|292|Town of Rural Retreat|098|Wythe County|    SR 90 Main St| 666263|0|0|1.5|    98-674 Greever St| 666257|0|0|1.73|    01/01/2022|1100|G|95|3|0|0|1|0|C|.179|6 |.64|1093|G||||||||||||||
778661|0|R-VA098SC00675EB||||R-VA098SC00675EB|98-675|Buck St|292|Town of Rural Retreat|098|Wythe County|    98-674 Greever St| 666257|0|0|1.73|    ECL Rural Retreat| 666261|0|0|2.06|    02/01/2017|626|R|||||||X||24|||X||||||||||||||
778662|0|R-VA098SC00675EB||||R-VA098SC00675EB|98-675| |292|Town of Rural Retreat|098|Wythe County|    ECL Rural Retreat| 666261|0|0|2.06|    Physical Jurisdiction Boundary: 292 Town of Rural Retreat / 098 Wythe County| 666068|0|0|2.64|    02/03/2017|1083|R|||||||X||24|||X||||||||||||||
778724|0|R-VA098SC00723EB||||R-VA098SC00723EB|98-723|Maple Ave|292|Town of Rural Retreat|098|Wythe County|    98-749 Cedar Springs Rd| 666339|0|0|0|    98-674 Greever St| 666254|0|0|.38|    02/03/2017|237|R|||||||X||24|||X||||||||||||||
778727|0|R-VA098SC00725EB||||R-VA098SC00725EB|98-725|E Railroad Ave|292|Town of Rural Retreat|098|Wythe County|    SR 90 Main St| 666342|0|0|.05|    98-674 Greever St| 666255|0|0|.28|    02/03/2017|398|R|||||||X||24|||X||||||||||||||
778730|0|R-VA098SC00727NB||||R-VA098SC00727NB|98-727|Frye Ave|292|Town of Rural Retreat|098|Wythe County|    Dead End| 666507|0|0|0|    98-675 Chinquapin Ave| 666266|0|0|.13|    04/04/2017|84|R|||||||X||24|||X||||||||||||||
402620|0|R-VA098SC00749EB||||R-VA098SC00749EB|98-749|Cedar Springs Rd|292|Town of Rural Retreat|098|Wythe County|    SR 90 Main St| 666072|0|0|0|    98-1101 Parsonage Ave| 666385|0|0|.06|    01/01/2022|4843|G|97|0|1|0|1|0|F|.099|6 |.62|4816|G||||||||||||||
402621|0|R-VA098SC00749EB||||R-VA098SC00749EB|98-749|Cedar Springs Rd|292|Town of Rural Retreat|098|Wythe County|    98-1101 Parsonage Ave| 666385|0|0|.06|    98-615 Mountain View Ave| 666062|0|0|.27|    01/01/2022|3657|G|97|0|1|0|1|0|C|.098|6 |.66|3636|G||||||||||||||
402622|0|R-VA098SC00749EB||||R-VA098SC00749EB|98-749|S Main St|292|Town of Rural Retreat|098|Wythe County|    98-615 Mountain View Ave| 666062|0|0|.27|    98-1112 Ridge Ave| 666383|0|0|.44|    01/01/2022|3088|G|97|0|1|1|1|0|C|.099|6 |.65|3071|G||||||||||||||
402623|0|R-VA098SC00749EB||||R-VA098SC00749EB|98-749|Cedar Springs Rd|292|Town of Rural Retreat|098|Wythe County|    98-1112 Ridge Ave| 666383|0|0|.44|    Physical Jurisdiction Boundary: 292 Town of Rural Retreat / 098 Wythe County| 666382|0|0|.47|    01/01/2022|2293|G|98|0|1|1|1|0|C|.088|6 |.57|2292|G||||||||||||||
778760|0|R-VA098SC00753NB||||R-VA098SC00753NB|98-753|Cherry St|292|Town of Rural Retreat|098|Wythe County|    98-616 Parsonage Ave| 666076|0|0|0|    NCL Rural Retreat| 666389|0|0|.2|    03/28/2017|199|R|||||||X||24|||X||||||||||||||
402629|0|R-VA098SC01101EB||||R-VA098SC01101EB|98-1101|Parsonage Ave|292|Town of Rural Retreat|098|Wythe County|    98-616 Miller St| 666074|0|0|0|    98-749, S Main St| 666385|0|0|.27|    01/01/2022|873|G|99|0|0|0|0|0|C|.102|6 |.66|869|G||||||||||||||
778814|0|R-VA098SC01102NB||||R-VA098SC01102NB|98-1102|Oak St|292|Town of Rural Retreat|098|Wythe County|    98-723 Maple Ave| 666340|0|0|0|    98-616 Baumgardner Ave| 666071|0|0|.04|    01/20/2017|170|R|||||||X||24|||X||||||||||||||
778815|0|R-VA098SC01103NB||||R-VA098SC01103NB|98-1103|Pine Ave|292|Town of Rural Retreat|098|Wythe County|    98-1118 Varnelle Ave| 666434|0|0|0|    98-1117 Gap| 666433|0|0|.07|    01/18/2017|221|R|||||||X||24|||X||||||||||||||
778816|0|R-VA098SC01103NB||||R-VA098SC01103NB|98-1103|Baughman St|292|Town of Rural Retreat|098|Wythe County|    98-1101 Gap| 666432|0|0|.11|    98-616 Baumgardner Ave| 666073|0|0|.16|    01/18/2017|91|R|||||||X||24|||X||||||||||||||
778817|0|R-VA098SC01104EB||||R-VA098SC01104EB|98-1104|Westfield Ave|292|Town of Rural Retreat|098|Wythe County|    98-1119 Westfield Ave| 721855|0|0|0|    WCL Rural Retreat| 666435|0|0|.08|    01/20/2017|65|R|||||||X||24|||X||||||||||||||
778818|0|R-VA098SC01104EB||||R-VA098SC01104EB|98-1104|Westfield Ave|292|Town of Rural Retreat|098|Wythe County|    WCL Rural Retreat| 666435|0|0|.08|    98-727 Frye Ave| 666346|0|0|.19|    03/28/2017|189|R|||||||X||24|||X||||||||||||||
778819|0|R-VA098SC01105EB||||R-VA098SC01105EB|98-1105|Mountain View Ave|292|Town of Rural Retreat|098|Wythe County|    Dead End| 666530|0|0|0|    98-615 Mountain View Ave| 666063|0|0|.05|    03/16/2017|35|T|||||||X||24|||X||||||||||||||
778820|0|R-VA098SC01106EB||||R-VA098SC01106EB|98-1106|Evergreen Ave|292|Town of Rural Retreat|098|Wythe County|    98-674 Greever St| 666256|0|0|0|    98-9424| 666453|0|0|.03|    02/01/2017|167|R|||||||X||24|||X||||||||||||||
778821|0|R-VA098SC01107NB||||R-VA098SC01107NB|98-1107|Hemlock St|292|Town of Rural Retreat|098|Wythe County|    Dead End| 666531|0|0|0|    98-616 Parsonage Ave| 666075|0|0|.05|    03/16/2017|45|T|||||||X||24|||X||||||||||||||
778822|0|R-VA098SC01108NB||||R-VA098SC01108NB|98-1108|Beech St|292|Town of Rural Retreat|098|Wythe County|    98-675 Chinquapin Ave| 666265|0|0|0|    98-1109 Jefferson Ave| 666436|0|0|.1|    01/20/2017|88|R|||||||X||24|||X||||||||||||||
778823|0|R-VA098SC01109EB||||R-VA098SC01109EB|98-1109|Jefferson Ave|292|Town of Rural Retreat|098|Wythe County|    Dead End| 700511|0|0|0|    98-1108 Beech St| 666436|0|0|.02|    03/16/2017|95|T|||||||X||24|||X||||||||||||||
778824|0|R-VA098SC01109EB||||R-VA098SC01109EB|98-1109|Jefferson Ave|292|Town of Rural Retreat|098|Wythe County|    98-1108 Beech St| 666436|0|0|.02|    Dead End| 666532|0|0|.04|    03/16/2017|35|T|||||||X||24|||X||||||||||||||
778825|0|R-VA098SC01110EB||||R-VA098SC01110EB|98-1110|Chestnut Ave|292|Town of Rural Retreat|098|Wythe County|    0.05 MW 98-674 Greever St| 666533|0|0|0|    98-674 Greever St| 666259|0|0|.05|    02/01/2017|150|R|||||||X||24|||X||||||||||||||
778826|0|R-VA098SC01110EB||||R-VA098SC01110EB|98-1110|Chestnut Ave|292|Town of Rural Retreat|098|Wythe County|    98-674 Greever St| 666259|0|0|.05|    Dead End| 666534|0|0|.15|    03/16/2017|60|T|||||||X||24|||X||||||||||||||
778827|0|R-VA098SC01111NB||||R-VA098SC01111NB|98-1111|Delp Ave|292|Town of Rural Retreat|098|Wythe County|    SR 90 Main St|1187897|0|0|0|    98-675 Buck Ave; Chinquapin Ave| 666264|0|0|.11|    01/20/2017|49|R|||||||X||24|||X||||||||||||||
402630|0|R-VA098SC01112EB||||R-VA098SC01112EB|98-1112|Ridge Ave|292|Town of Rural Retreat|098|Wythe County|    98-749, S Main St| 666383|0|0|0|    98-674, S Greever St| 666253|0|0|.1|    01/01/2022|817|G|99|0|1|0|0|0|C|.126|6 |.62|814|G||||||||||||||
778828|0|R-VA098SC01113NB||||R-VA098SC01113NB|98-1113|Elm Ave|292|Town of Rural Retreat|098|Wythe County|    98-727 Frye Ave| 666345|0|0|0|    WCL Rural Retreat| 666438|0|0|.12|    01/20/2017|94|R|||||||X||24|||X||||||||||||||
778829|0|R-VA098SC01113NB||||R-VA098SC01113NB|98-1113|Elm Ave|292|Town of Rural Retreat|098|Wythe County|    WCL Rural Retreat| 666438|0|0|.12|    98-1114 Hickory Ave| 666439|0|0|.23|    01/20/2017|113|R|||||||X||24|||X||||||||||||||
778830|0|R-VA098SC01114EB||||R-VA098SC01114EB|98-1114|Hickory Ave|292|Town of Rural Retreat|098|Wythe County|    98-1119 Westfield Ave| 666441|0|0|0|    98-675 Chinquapin Ave| 666267|0|0|.16|    04/04/2017|703|R|||||||X||24|||X||||||||||||||
778831|0|R-VA098SC01115NB||||R-VA098SC01115NB|98-1115|Catron St|292|Town of Rural Retreat|098|Wythe County|    98-725, E Railroad Ave| 666341|0|0|0|    98-675, E Buck Ave| 666262|0|0|.15|    02/01/2017|171|R|||||||X||24|||X||||||||||||||
778832|0|R-VA098SC01116EB||||R-VA098SC01116EB|98-1116|Valleyview Ave|292|Town of Rural Retreat|098|Wythe County|    Dead End| 666535|0|0|0|    98-674 Greever St| 666258|0|0|.15|    03/16/2017|110|T|||||||X||24|||X||||||||||||||
778833|0|R-VA098SC01117EB||||R-VA098SC01117EB|98-1117|Williams Ave|292|Town of Rural Retreat|098|Wythe County|    98-1103 Pine Ave| 666433|0|0|0|    98-749 Cedar Springs Rd| 666384|0|0|.13|    01/18/2017|768|R|||||||X||24|||X||||||||||||||
778834|0|R-VA098SC01118EB||||R-VA098SC01118EB|98-1118|Varnelle Ave|292|Town of Rural Retreat|098|Wythe County|    Dead End| 666536|0|0|0|    98-1103 Pine Ave| 666434|0|0|.21|    03/17/2017|85|T|||||||X||24|||X||||||||||||||
778835|0|R-VA098SC01119NB||||R-VA098SC01119NB|98-1119|Westfield Ave|292|Town of Rural Retreat|098|Wythe County|    Dead End| 731889|0|0|.14|    98-1114 Hickory Ave| 666441|0|0|.46|    01/20/2017|421|R|||||||X||24|||X||||||||||||||
778836|0|R-VA098SC01120NB||||R-VA098SC01120NB|98-1120|Briarwood Lane|292|Town of Rural Retreat|098|Wythe County|    US 11, W Lee Highway| 666442|0|0|0|    Dead End| 666443|0|0|.23|    01/20/2017|86|R|||||||X||24|||X||||||||||||||
778837|0|R-VA098SC01121NB||||R-VA098SC01121NB|98-1121|Orchard Hills Rd|292|Town of Rural Retreat|098|Wythe County|    98-675 Chinquapin Ave| 666269|0|0|0|    US 11, W Lee Highway| 666444|0|0|.27|    01/20/2017|236|R|||||||X||24|||X||||||||||||||
778838|0|R-VA098SC01122EB||||R-VA098SC01122EB|98-1122|Sunset View Rd|292|Town of Rural Retreat|098|Wythe County|    98-675 Chinquapin Ave| 666270|0|0|0|    98-1121 Orchard Hills Rd| 666445|0|0|.26|    01/20/2017|114|R|||||||X||24|||X||||||||||||||
786936|0|R-VA098SC01124EB||||R-VA098SC01124EB|98-1124| |292|Town of Rural Retreat|098|Wythe County|    Dead End| 731890|0|0|0|    Dead End| 731891|0|0|.23|    04/04/2017|737|R|||||||X||24|||X||||||||||||||
795201|0|R-VA098SC01125EB||||R-VA098SC01125EB|98-1125|Indian Cr|292|Town of Rural Retreat|098|Wythe County|    98-1126 Indian Cr| 748353|0|0|0|    SR 90 Main St| 744714|0|0|.06|    03/28/2017|104|R|||||||X||24|||X||||||||||||||
795202|0|R-VA098SC01126NB||||R-VA098SC01126NB|98-1126|Indian Cr|292|Town of Rural Retreat|098|Wythe County|    98-1125 Indian Cr| 748353|0|0|0|    End of Loop| 748353|1|0|.29|    03/28/2017|61|R|||||||X||24|||X||||||||||||||
795203|0|R-VA098SC01127EB||||R-VA098SC01127EB|98-1127|Indian Cr|292|Town of Rural Retreat|098|Wythe County|    Cul-de-Sac| 748355|0|0|0|    98-1126 Indian Cr| 748354|0|0|.04|    03/17/2017|120|T|||||||X||24|||X||||||||||||||
778843|0|R-VA098SC09424EB||||R-VA098SC09424EB|98-9424| |292|Town of Rural Retreat|098|Wythe County|    Retreat Elem High| 666454|0|0|0|    Sch; 98-675| 666452|0|0|.12|    02/03/2017|279|R|||||||X||24|||X||||||||||||||
