sep=|
- - 2022 AADT Report for Town of Shenandoah - -
LINKID|SEQUENCENUMBER|RTE_NM|RTE_NM_2|RTE_NM_3|RTE_NM_4|Host RTE_NM|Route Label|Street Name|Physical Jurisdiction|Physical Jurisdiciton Name|Maintenance Jurisdiction|Maintenance Jurisdiciton Name|    Start Label|Start Node|Start Node Route Sequence|Star tOffset|Start Milepoint|    End Label|End Node|End Node Route Sequence|End Offset|End Milepoint|    VPDDate|AADT|AADT Quality|Passenger Vehicle|Bus|Truck 2 Axle|Truck 3 Axle|Truck 1 Trailer|Truck 2 Trailer|Class Quality|K Factor|K Factor Quality|Direction Factor|AAWDT|AAWDT Quality|AADT Dir|AADT Quality Dir|PassengerVehicle Dir|Bus Dir|Truck 2 Axle Dir|Truck 3 Axle Dir|Truck 1 Trailer Dir|Truck 2 Trailer Dir|Class Quality Dir|K Factor Dir|K Factor Quality Dir|Direction Factor Dir|AAWDT Dir|AAWDT Quality Dir
080402|0|R-VA   US00340NB||||R-VA   US00340NB|US 340|Third St|299|Town of Shenandoah|069|Page County|    |1279775|0|0|51.42|    SCL Shenandoah| 508280|0|0|52.9|    01/01/2022|5892|G|96|0|1|0|2|0|F|.085|6 |.54|5886|G||||||||||||||
080401|0|R-VA   US00340NB||||R-VA   US00340NB|US 340|Fifth St|299|Town of Shenandoah|069|Page County|    69-706 Junior Ave| 508280|0|0|52.9|    Physical Jurisdiction Boundary: 299 Town of Shenandoah / 069 Page County| 508345|0|0|53.55|    01/01/2022|6692|G|96|0|1|1|2|0|F|.09|6 |.6|6666|G||||||||||||||
401820|0|R-VA069SC00602NB||||R-VA069SC00602NB|69-602|Maryland Ave|299|Town of Shenandoah|069|Page County|    Rockingham County Line| 882001|0|0|0|    US 340 Fourth St| 508005|0|0|.37|    01/01/2022|4450|G|98|0|1|1|0|0|C|.092|6 |.64|4433|G||||||||||||||
401821|0|R-VA069SC00602NB||||R-VA069SC00602NB|69-602|Maryland Ave|299|Town of Shenandoah|069|Page County|    US 340 Fourth St| 508005|0|0|.37|    Physical Jurisdiction Boundary: 299 Town of Shenandoah / 069 Page County| 508011|0|0|.79|    01/01/2022|2225|G|97|0|1|1|0|0|C|.097|6 |.67|2216|G||||||||||||||
401858|0|R-VA069SC00683NB||||R-VA069SC00683NB|69-683|1st St|299|Town of Shenandoah|069|Page County|    69-602 Maryland Ave| 508002|0|0|0|    69-1013 Second St| 508240|0|0|.38|    01/01/2022|785|G|95|1|1|0|0|0|C|.087|6 |.58|782|G||||||||||||||
758075|0|R-VA069SC00683NB||||R-VA069SC00683NB|69-683|Railroad St|299|Town of Shenandoah|069|Page County|    69-1013 Second St| 508240|0|0|.38|    69-706; 69-780 2nd St| 508238|0|0|.73|    05/04/2015|351|R|||||||X||24|||X||||||||||||||
758076|0|R-VA069SC00683NB||||R-VA069SC00683NB|69-683|Shenandoah River Rd|299|Town of Shenandoah|069|Page County|    69-706; 69-780 2nd St| 508238|0|0|.73|    NCL Shenandoah| 508237|0|0|1.46|    06/04/2018|363|R|||||||X||24|||X||||||||||||||
758096|0|R-VA069SC00691NB||||R-VA069SC00691NB|69-691| |299|Town of Shenandoah|069|Page County|    69-763| 508254|0|0|0|    69-602 Maryland Ave| 508013|0|0|.06|    04/29/2015|486|R|||||||X||24|||X||||||||||||||
758097|0|R-VA069SC00691NB||||R-VA069SC00691NB|69-691| |299|Town of Shenandoah|069|Page County|    69-602 Maryland Ave| 508013|0|0|.06|    69-711 Comer Lane| 508256|0|0|.26|    04/29/2015|526|R|||||||X||24|||X||||||||||||||
758098|0|R-VA069SC00691NB||||R-VA069SC00691NB|69-691| |299|Town of Shenandoah|069|Page County|    69-711 Comer Lane| 508256|0|0|.26|    Dead End| 508406|0|0|.37|    05/06/2021|214|R|||||||X||24|||X||||||||||||||
758099|0|R-VA069SC00692NB||||R-VA069SC00692NB|69-692| |299|Town of Shenandoah|069|Page County|    Dead End| 714207|0|0|0|    69-721 Osceola Ave| 508259|0|0|.09|    05/09/2012|78|R|||||||X||24|||X||||||||||||||
758100|0|R-VA069SC00692NB||||R-VA069SC00692NB|69-692| |299|Town of Shenandoah|069|Page County|    69-721 Osceola Ave| 508259|0|0|.09|    69-763| 508258|0|0|.26|    05/09/2012|304|R|||||||X||24|||X||||||||||||||
758101|0|R-VA069SC00692NB||||R-VA069SC00692NB|69-692| |299|Town of Shenandoah|069|Page County|    69-763| 508258|0|0|.26|    69-602 Maryland Ave| 508012|0|0|.34|    05/06/2021|702|R|||||||X||24|||X||||||||||||||
758102|0|R-VA069SC00692NB||||R-VA069SC00692NB|69-692| |299|Town of Shenandoah|069|Page County|    69-602 Maryland Ave| 508012|0|0|.34|    ECL Shenandoah|1104383|0|0|.41|    05/09/2012|330|R|||||||X||24|||X||||||||||||||
758103|0|R-VA069SC00693EB||||R-VA069SC00693EB|69-693|Trenton Ave|299|Town of Shenandoah|069|Page County|    Dead End| 508260|0|0|0|    US 340 Third St| 508261|0|0|.15|    05/06/2021|176|R|||||||X||24|||X||||||||||||||
758104|0|R-VA069SC00693EB||||R-VA069SC00693EB|69-693|Trenton Ave|299|Town of Shenandoah|069|Page County|    US 340 Third St| 508261|0|0|.15|    Dead End| 508262|0|0|.41|    03/12/2021|90|T|||||||X||24|||X||||||||||||||
758114|0|R-VA069SC00702NB||||R-VA069SC00702NB|69-702|Eighth St|299|Town of Shenandoah|069|Page County|    Dead End| 714209|0|0|0|    SCL Shenandoah| 508409|0|0|.04|    05/09/2012|41|R|||||||X||24|||X||||||||||||||
758115|0|R-VA069SC00702NB||||R-VA069SC00702NB|69-702|Eighth St|299|Town of Shenandoah|069|Page County|    SCL Shenandoah| 508409|0|0|.04|    69-602 Maryland Ave| 508009|0|0|.31|    05/09/2012|146|R|||||||X||24|||X||||||||||||||
758116|0|R-VA069SC00702NB||||R-VA069SC00702NB|69-702|Eighth St|299|Town of Shenandoah|069|Page County|    69-602 Maryland Ave| 508009|0|0|.31|    69-1006 Denver Ave| 508269|0|0|.46|    05/09/2012|207|R|||||||X||24|||X||||||||||||||
758118|0|R-VA069SC00704NB||||R-VA069SC00704NB|69-704|Quincy Ave|299|Town of Shenandoah|069|Page County|    Dead End| 508277|0|0|0|    US 340| 508276|0|0|.28|    05/06/2021|307|R|||||||X||24|||X||||||||||||||
758119|0|R-VA069SC00704NB||||R-VA069SC00704NB|69-704|Quincy Ave|299|Town of Shenandoah|069|Page County|    US 340| 508276|0|0|.28|    Dead End| 508274|0|0|.43|    05/06/2021|440|R|||||||X||24|||X||||||||||||||
401864|0|R-VA069SC00706EB||||R-VA069SC00706EB|69-706|Junior Ave|299|Town of Shenandoah|069|Page County|    N Second St| 508238|0|0|0|    US 340 Fifth St| 508280|0|0|.25|    01/01/2022|199|G|99|0|0|0|0|0|C|.126|6 |.65|198|G||||||||||||||
758122|0|R-VA069SC00708NB||||R-VA069SC00708NB|69-708|Shenandoah Ave|299|Town of Shenandoah|069|Page County|    1st St| 508287|0|0|0|    US 340| 508284|0|0|.21|    05/06/2021|233|R|||||||X||24|||X||||||||||||||
401865|0|R-VA069SC00708NB||||R-VA069SC00708NB|69-708|Shenandoah Ave|299|Town of Shenandoah|069|Page County|    US 340| 508284|0|0|.21|    69-719; ECL Shenandoah| 508303|0|0|.57|    01/01/2022|384|G|98|0|1|0|0|0|C|.087|6 |.56|382|G||||||||||||||
758125|0|R-VA069SC00711EB||||R-VA069SC00711EB|69-711|Comer Lane|299|Town of Shenandoah|069|Page County|    ECL Shenandoah| 508291|0|0|0|    69-691| 508256|0|0|.15|    05/06/2021|520|R|||||||X||24|||X||||||||||||||
758126|0|R-VA069SC00711EB||||R-VA069SC00711EB|69-711|Comer Lane|299|Town of Shenandoah|069|Page County|    69-691| 508256|0|0|.15|    69-602 Comer Town Rd| 508014|0|0|.45|    05/06/2021|276|R|||||||X||24|||X||||||||||||||
758127|0|R-VA069SC00712EB||||R-VA069SC00712EB|69-712|Senior Ave|299|Town of Shenandoah|069|Page County|    N 1st St| 734263|0|0|0|    US 340 Fifth St| 508292|0|0|.31|    05/04/2015|240|R|||||||X||24|||X||||||||||||||
758136|0|R-VA069SC00719NB||||R-VA069SC00719NB|69-719|Ninth St|299|Town of Shenandoah|069|Page County|    Dead End| 714208|0|0|0|    69-721 Osceola Ave| 508304|0|0|.08|    05/09/2012|110|R|||||||X||24|||X||||||||||||||
758137|0|R-VA069SC00719NB||||R-VA069SC00719NB|69-719|Ninth St|299|Town of Shenandoah|069|Page County|    69-721 Osceola Ave| 508304|0|0|.08|    69-708; ECL Shenandoah| 508303|0|0|.2|    05/09/2012|188|R|||||||X||24|||X||||||||||||||
758138|0|R-VA069SC00719NB||||R-VA069SC00719NB|69-719|Ninth St|299|Town of Shenandoah|069|Page County|    69-708; ECL Shenandoah| 508303|0|0|.2|    69-602 Maryland Ave| 508010|0|0|.3|    05/09/2012|209|R|||||||X||24|||X||||||||||||||
758139|0|R-VA069SC00719NB||||R-VA069SC00719NB|69-719|Ninth St|299|Town of Shenandoah|069|Page County|    69-602 Maryland Ave| 508010|0|0|.3|    69-1016 Pennsylvania Ave| 508414|0|0|.4|    05/09/2012|132|R|||||||X||24|||X||||||||||||||
758140|0|R-VA069SC00720NB||||R-VA069SC00720NB|69-720|Seventh St|299|Town of Shenandoah|069|Page County|    Dead End| 508415|0|0|0|    69-602 Maryland Ave| 508008|0|0|.34|    06/04/2018|128|R|||||||X||24|||X||||||||||||||
758141|0|R-VA069SC00720NB||||R-VA069SC00720NB|69-720|Seventh St|299|Town of Shenandoah|069|Page County|    69-602 Maryland Ave| 508008|0|0|.34|    69-1006 Denver Ave| 716850|0|0|.52|    06/04/2018|182|R|||||||X||24|||X||||||||||||||
302719|0|R-VA069SC00721NB||||R-VA069SC00721NB|69-721|Osceola Ave|299|Town of Shenandoah|069|Page County|    69-720 Seventh St| 508305|0|0|0|    ECL Shenandoah| 508502|0|0|.09|    05/09/2012|130|R|||||||X||24|||X||||||||||||||
758142|0|R-VA069SC00721NB||||R-VA069SC00721NB|69-721|Osceola Ave|299|Town of Shenandoah|069|Page County|    ECL Shenandoah| 508502|0|0|.09|    69-719 Ninth St| 508304|0|0|.14|    05/09/2012|102|R|||||||X||24|||X||||||||||||||
758143|0|R-VA069SC00721NB||||R-VA069SC00721NB|69-721|Osceola Ave|299|Town of Shenandoah|069|Page County|    69-719 Ninth St| 508304|0|0|.14|    69-692| 508259|0|0|.22|    05/09/2012|133|R|||||||X||24|||X||||||||||||||
758147|0|R-VA069SC00725NB||||R-VA069SC00725NB|69-725|N First St|299|Town of Shenandoah|069|Page County|    69-1020 Central Ave| 713448|0|0|0|    69-712 Senior Ave| 703523|0|0|.18|    06/04/2018|123|R|||||||X||24|||X||||||||||||||
758148|0|R-VA069SC00725NB||||R-VA069SC00725NB|69-725|N First St|299|Town of Shenandoah|069|Page County|    69-712 Senior Ave| 703523|0|0|.18|    69-729 Williams Ave| 703524|0|0|.28|    05/04/2015|79|R|||||||X||24|||X||||||||||||||
758151|0|R-VA069SC00728NB||||R-VA069SC00728NB|69-728|North Fourth St|299|Town of Shenandoah|069|Page County|    69-1020 Central Ave| 713449|0|0|0|    69-706 Junior Ave| 508278|0|0|.12|    05/06/2021|73|R|||||||X||24|||X||||||||||||||
758152|0|R-VA069SC00728NB||||R-VA069SC00728NB|69-728|North Fourth St|299|Town of Shenandoah|069|Page County|    69-706 Junior Ave| 508278|0|0|.12|    69-729 Williams Ave| 508419|0|0|.32|    05/04/2015|39|R|||||||X||24|||X||||||||||||||
758153|0|R-VA069SC00729EB||||R-VA069SC00729EB|69-729|Williams Ave|299|Town of Shenandoah|069|Page County|    69-780 N First St| 710139|0|0|0|    US 340 Fifth St| 508312|0|0|.23|    05/06/2021|181|R|||||||X||24|||X||||||||||||||
758154|0|R-VA069SC00729EB||||R-VA069SC00729EB|69-729|Williams Ave|299|Town of Shenandoah|069|Page County|    US 340 Fifth St| 508312|0|0|.23|    Dead End| 508313|0|0|.35|    05/06/2021|198|R|||||||X||24|||X||||||||||||||
758171|0|R-VA069SC00745NB||||R-VA069SC00745NB|69-745|Ramona Ave|299|Town of Shenandoah|069|Page County|    69-692; 69-1006| 508257|0|0|0|    69-691| 508255|0|0|.2|    05/06/2021|96|R|||||||X||24|||X||||||||||||||
758192|0|R-VA069SC00780NB||||R-VA069SC00780NB|69-780|N First St|299|Town of Shenandoah|069|Page County|    69-683; 69-706| 508238|0|0|0|    69-729 Williams Ave| 710139|0|0|.19|    05/09/2012|127|R|||||||X||24|||X||||||||||||||
758200|0|R-VA069SC01004NB||||R-VA069SC01004NB|69-1004|Virginia Ave|299|Town of Shenandoah|069|Page County|    69-683 1st St| 508241|0|0|0|    US 340| 508338|0|0|.21|    05/06/2021|872|R|||||||X||24|||X||||||||||||||
758201|0|R-VA069SC01004NB||||R-VA069SC01004NB|69-1004|Virginia Ave|299|Town of Shenandoah|069|Page County|    US 340| 508338|0|0|.21|    69-1008 Sixth St| 508336|0|0|.36|    05/06/2021|548|R|||||||X||24|||X||||||||||||||
758202|0|R-VA069SC01005NB||||R-VA069SC01005NB|69-1005|A St|299|Town of Shenandoah|069|Page County|    69-706 Junior Ave| 508279|0|0|0|    69-712 Senior Ave| 508293|0|0|.09|    05/04/2015|59|R|||||||X||24|||X||||||||||||||
758203|0|R-VA069SC01006EB||||R-VA069SC01006EB|69-1006|Denver Ave|299|Town of Shenandoah|069|Page County|    69-1015 Third St| 508353|0|0|0|    US 340; Gap| 508503|0|0|.08|    05/04/2015|252|R|||||||X||24|||X||||||||||||||
758204|0|R-VA069SC01006EB||||R-VA069SC01006EB|69-1006|Denver Ave|299|Town of Shenandoah|069|Page County|    69-1009; Gap| 508340|0|0|.08|    69-692; 69-745| 508257|0|0|.5|    05/06/2021|132|R|||||||X||24|||X||||||||||||||
758205|0|R-VA069SC01007EB||||R-VA069SC01007EB|69-1007|Pulaski Ave|299|Town of Shenandoah|069|Page County|    Dead End| 728308|0|0|0|    US 340| 508341|0|0|.26|    05/06/2021|376|R|||||||X||24|||X||||||||||||||
758206|0|R-VA069SC01007EB||||R-VA069SC01007EB|69-1007|Pulaski Ave|299|Town of Shenandoah|069|Page County|    US 340| 508341|0|0|.26|    Dead End| 508342|0|0|.32|    05/06/2021|100|R|||||||X||24|||X||||||||||||||
758207|0|R-VA069SC01008NB||||R-VA069SC01008NB|69-1008|Sixth St|299|Town of Shenandoah|069|Page County|    Shenvadale Ave| 508344|0|0|0|    69-602 Maryland Ave| 508007|0|0|.2|    05/09/2012|105|R|||||||X||24|||X||||||||||||||
758208|0|R-VA069SC01008NB||||R-VA069SC01008NB|69-1008|Sixth St|299|Town of Shenandoah|069|Page County|    69-602 Maryland Ave| 508007|0|0|.2|    69-1004 Virginia Ave| 508336|0|0|.4|    05/09/2012|127|R|||||||X||24|||X||||||||||||||
784338|0|R-VA069SC01009NB||||R-VA069SC01009NB|69-1009|Fifth St|299|Town of Shenandoah|069|Page County|    Dead End| 508439|0|0|0|    69-1004 Virginia Ave| 508337|0|0|.42|    05/06/2021|92|R|||||||X||24|||X||||||||||||||
758209|0|R-VA069SC01009NB||||R-VA069SC01009NB|69-1009|Fifth St|299|Town of Shenandoah|069|Page County|    69-1004 Virginia Ave| 508337|0|0|.42|    69-1006 Denver Ave| 508340|0|0|.46|    05/06/2021|121|R|||||||X||24|||X||||||||||||||
758210|0|R-VA069SC01010EB||||R-VA069SC01010EB|69-1010|Marcus St|299|Town of Shenandoah|069|Page County|    US 340; NCL Shenandoah| 508345|0|0|0|    69-1011 Gregory St| 508346|0|0|.07|    05/06/2021|112|R|||||||X||24|||X||||||||||||||
758211|0|R-VA069SC01010EB||||R-VA069SC01010EB|69-1010|Marcus St|299|Town of Shenandoah|069|Page County|    69-1011 Gregory St| 508346|0|0|.07|    Dead End| 508437|0|0|.09|    05/06/2021|31|R|||||||X||24|||X||||||||||||||
758212|0|R-VA069SC01011NB||||R-VA069SC01011NB|69-1011|Gregory St|299|Town of Shenandoah|069|Page County|    69-1012 Edge Wood Dr| 508347|0|0|0|    69-1010 Marcus St| 508346|0|0|.14|    05/06/2021|53|R|||||||X||24|||X||||||||||||||
758213|0|R-VA069SC01012EB||||R-VA069SC01012EB|69-1012|Edge Wood Dr|299|Town of Shenandoah|069|Page County|    US 340 Fifth St| 508348|0|0|0|    69-1011 Gregory St| 508347|0|0|.1|    05/06/2021|135|R|||||||X||24|||X||||||||||||||
758214|0|R-VA069SC01012EB||||R-VA069SC01012EB|69-1012|Edge Wood Dr|299|Town of Shenandoah|069|Page County|    69-1011 Gregory St| 508347|0|0|.1|    Dead End| 508438|0|0|.33|    03/12/2021|85|T|||||||X||24|||X||||||||||||||
758215|0|R-VA069SC01013NB||||R-VA069SC01013NB|69-1013|Second St|299|Town of Shenandoah|069|Page County|    69-708 Shenandoah Ave| 508286|0|0|0|    69-602 Maryland Ave| 508003|0|0|.08|    05/04/2015|73|R|||||||X||24|||X||||||||||||||
758216|0|R-VA069SC01013NB||||R-VA069SC01013NB|69-1013|Second St|299|Town of Shenandoah|069|Page County|    69-602 Maryland Ave| 508003|0|0|.08|    69-683 1st St| 508240|0|0|.42|    05/06/2021|260|R|||||||X||24|||X||||||||||||||
758219|0|R-VA069SC01015NB||||R-VA069SC01015NB|69-1015|Third St|299|Town of Shenandoah|069|Page County|    69-708 Shenandoah Ave| 508285|0|0|0|    69-602 Maryland Ave| 508004|0|0|.07|    05/06/2021|118|R|||||||X||24|||X||||||||||||||
758220|0|R-VA069SC01015NB||||R-VA069SC01015NB|69-1015|Third St|299|Town of Shenandoah|069|Page County|    69-602 Maryland Ave| 508004|0|0|.07|    69-1006 Denver Ave| 508353|0|0|.41|    05/06/2021|286|R|||||||X||24|||X||||||||||||||
758221|0|R-VA069SC01015NB||||R-VA069SC01015NB|69-1015|Third St|299|Town of Shenandoah|069|Page County|    69-1006 Denver Ave| 508353|0|0|.41|    69-683 Railroad St; 2nd St| 508239|0|0|.51|    05/04/2015|255|R|||||||X||24|||X||||||||||||||
758222|0|R-VA069SC01016NB||||R-VA069SC01016NB|69-1016|Pennsylvania Ave|299|Town of Shenandoah|069|Page County|    69-683 1st St| 708222|0|0|0|    69-1013 Second St| 508349|0|0|.07|    05/09/2012|284|R|||||||X||24|||X||||||||||||||
758223|0|R-VA069SC01016NB||||R-VA069SC01016NB|69-1016|Pennsylvania Ave|299|Town of Shenandoah|069|Page County|    69-1013 Second St| 508349|0|0|.07|    69-1015 Third St| 508351|0|0|.15|    05/06/2021|383|R|||||||X||24|||X||||||||||||||
758224|0|R-VA069SC01016NB||||R-VA069SC01016NB|69-1016|Pennsylvania Ave|299|Town of Shenandoah|069|Page County|    69-1015 Third St| 508351|0|0|.15|    US 340| 508354|0|0|.22|    05/06/2021|588|R|||||||X||24|||X||||||||||||||
758225|0|R-VA069SC01016NB||||R-VA069SC01016NB|69-1016|Pennsylvania Ave|299|Town of Shenandoah|069|Page County|    US 340| 508354|0|0|.22|    69-1009 Fifth St| 508350|0|0|.29|    05/09/2012|368|R|||||||X||24|||X||||||||||||||
758226|0|R-VA069SC01016NB||||R-VA069SC01016NB|69-1016|Pennsylvania Ave|299|Town of Shenandoah|069|Page County|    69-1009 Fifth St| 508350|0|0|.29|    69-1008 Sixth St| 508343|0|0|.36|    05/09/2012|274|R|||||||X||24|||X||||||||||||||
758227|0|R-VA069SC01016NB||||R-VA069SC01016NB|69-1016|Pennsylvania Ave|299|Town of Shenandoah|069|Page County|    69-1008 Sixth St| 508343|0|0|.36|    69-720; 7th St| 508355|0|0|.44|    05/09/2012|217|R|||||||X||24|||X||||||||||||||
758228|0|R-VA069SC01016NB||||R-VA069SC01016NB|69-1016|Pennsylvania Ave|299|Town of Shenandoah|069|Page County|    69-720; 7th St| 508355|0|0|.44|    69-702 Eighth St| 703525|0|0|.51|    05/09/2012|106|R|||||||X||24|||X||||||||||||||
758229|0|R-VA069SC01016NB||||R-VA069SC01016NB|69-1016|Pennsylvania Ave|299|Town of Shenandoah|069|Page County|    69-702 Eighth St| 703525|0|0|.51|    69-719 Ninth St| 508414|0|0|.58|    05/09/2012|102|R|||||||X||24|||X||||||||||||||
758230|0|R-VA069SC01017EB||||R-VA069SC01017EB|69-1017|Long Ave|299|Town of Shenandoah|069|Page County|    Dead End| 722380|0|0|0|    69-602 Maryland Ave| 744831|0|0|.43|    06/04/2018|451|R|||||||X||24|||X||||||||||||||
798532|0|R-VA069SC01018NB||||R-VA069SC01018NB|69-1018|Morrison Rd|299|Town of Shenandoah|069|Page County|    Cul-de-Sac| 754751|0|0|0|    69-602 Maryland Ave| 754750|0|0|.14|    05/06/2021|280|R|||||||X||24|||X||||||||||||||
787939|0|R-VA069SC01019EB||||R-VA069SC01019EB|69-1019|Warren Ave|299|Town of Shenandoah|069|Page County|    Dead End| 734270|0|0|0|    69-1023, S Second St| 734266|0|0|.14|    04/11/2012|68|R|||||||X||24|||X||||||||||||||
758231|0|R-VA069SC01020EB||||R-VA069SC01020EB|69-1020|Central Ave|299|Town of Shenandoah|069|Page County|    69-683 Railroad St| 710937|0|0|0|    US 340| 508520|0|0|.2|    06/04/2018|256|R|||||||X||24|||X||||||||||||||
787940|0|R-VA069SC01022EB||||R-VA069SC01022EB|69-1022|Cocoran St|299|Town of Shenandoah|069|Page County|    Dead End| 734267|0|0|0|    69-1023, S Second St| 734265|0|0|.13|    04/11/2012|77|R|||||||X||24|||X||||||||||||||
784339|0|R-VA069SC01023NB||||R-VA069SC01023NB|69-1023|S Second St|299|Town of Shenandoah|069|Page County|    Page County Line; 69-693| 728304|0|0|0|    Liberty Ave| 728307|0|0|.21|    06/04/2018|97|R|||||||X||24|||X||||||||||||||
788220|0|R-VA069SC01023NB||||R-VA069SC01023NB|69-1023|S Second St|299|Town of Shenandoah|069|Page County|    Liberty Ave| 728307|0|0|.21|    69-1022; 69-1023| 734265|0|0|.33|    06/04/2018|241|R|||||||X||24|||X||||||||||||||
790979|0|R-VA069SC01024EB||||R-VA069SC01024EB|69-1024|Central Ave|299|Town of Shenandoah|069|Page County|    Dead End| 739397|0|0|0|    69-683 Railroad St| 739394|0|0|.06|    04/11/2012|37|R|||||||X||24|||X||||||||||||||
790980|0|R-VA069SC01026EB||||R-VA069SC01026EB|69-1026|Liberty Ave|299|Town of Shenandoah|069|Page County|    Dead End| 739398|0|0|0|    US 340| 508521|0|0|.19|    04/11/2012|36|R|||||||X||24|||X||||||||||||||
784340|0|R-VA069SC01027NB||||R-VA069SC01027NB|69-1027|Grandios Ave|299|Town of Shenandoah|069|Page County|    69-692; 69-745; 69-1006| 508257|0|0|0|    Bank St| 728303|0|0|.21|    05/04/2015|217|R|||||||X||24|||X||||||||||||||
