sep=|
- - 2022 AADT Report for Town of Gate City - -
LINKID|SEQUENCENUMBER|RTE_NM|RTE_NM_2|RTE_NM_3|RTE_NM_4|Host RTE_NM|Route Label|Street Name|Physical Jurisdiction|Physical Jurisdiciton Name|Maintenance Jurisdiction|Maintenance Jurisdiciton Name|    Start Label|Start Node|Start Node Route Sequence|Star tOffset|Start Milepoint|    End Label|End Node|End Node Route Sequence|End Offset|End Milepoint|    VPDDate|AADT|AADT Quality|Passenger Vehicle|Bus|Truck 2 Axle|Truck 3 Axle|Truck 1 Trailer|Truck 2 Trailer|Class Quality|K Factor|K Factor Quality|Direction Factor|AAWDT|AAWDT Quality|AADT Dir|AADT Quality Dir|PassengerVehicle Dir|Bus Dir|Truck 2 Axle Dir|Truck 3 Axle Dir|Truck 1 Trailer Dir|Truck 2 Trailer Dir|Class Quality Dir|K Factor Dir|K Factor Quality Dir|Direction Factor Dir|AAWDT Dir|AAWDT Quality Dir
642012|0|R-VA   SR00071EB||||R-VA   SR00071EB|VA 71|E Jackson St|221|Town of Gate City|084|Scott County|    Bus 23 Bus| 596937|0|0|0|    | 708361|0|0|1.54|    01/01/2021|2849|F|||||||X|.124|6 |.56||X||||||||||||||
642005|0|R-VA   US00023NB||||R-VA   US00023NB|US 23| |221|Town of Gate City|084|Scott County|    | 596942|0|0|3.35|    | 596946|0|0|3.96|    01/01/2022|27094|G|94|1|1|1|4|0|F|.089|6 |.54|27513|G||||||||||||||
010163|0|R-VA   US00023NB||||R-VA   US00023NB|US 23| |221|Town of Gate City|084|Scott County|    Bus US 23 East of Gate City| 596946|0|0|3.96|    |1276892|0|0|6.55|    01/01/2022|12748|A|94|1|1|1|4|0|C|.101|1 |.52|13058|A||||||||||||||
642029|0|R-VA   US00023NBBUS001||||R-VA   US00023NBBUS001|BUS US 23| |221|Town of Gate City|084|Scott County|    US 23 South of Gate City|1089783|0|0|0|    | 596562|0|0|.24|    01/01/2022|15883|G|96|1|1|0|1|0|F|.098|6 |.5|30089|G||||||||||||||
642006|0|R-VA   US00023NBBUS001||||R-VA   US00023NBBUS001|BUS US 23| |221|Town of Gate City|084|Scott County|    84-836 Jones St| 596562|0|0|.24|    | 596937|0|0|.71|    01/01/2022|8696|G|96|1|1|0|1|0|C|.09|6 |.53|16473|G||||||||||||||
642007|0|R-VA   US00023NBBUS001||||R-VA   US00023NBBUS001|BUS US 23|W Jackson St|221|Town of Gate City|084|Scott County|    SR 71 E Jackson St| 596937|0|0|.71|    | 596253|0|0|.83|    01/01/2022|4850|G|96|1|1|0|1|0|F|.093|6 |.58|9189|G||||||||||||||
642008|0|R-VA   US00023NBBUS001||||R-VA   US00023NBBUS001|BUS US 23|W Jackson St|221|Town of Gate City|084|Scott County|    84-665 Manville Rd; Muncipal| 596253|0|0|.83|    | 596455|0|0|.98|    01/01/2022|3619|F|96|1|1|0|1|0|F|.097|6 |.58|3839|F||||||||||||||
642027|0|R-VA   US00023NBBUS001||||R-VA   US00023NBBUS001|BUS US 23|Daniel Boone Rd|221|Town of Gate City|084|Scott County|    84-763 Fir St| 596455|0|0|.98|    | 596449|0|0|1.82|    01/01/2022|2440|G|97|0|1|1|1|0|C|.096|6 |.54|4623|G||||||||||||||
642026|0|R-VA   US00023NBBUS001||||R-VA   US00023NBBUS001|BUS US 23|Daniel Boone Rd|221|Town of Gate City|084|Scott County|    84-762 Starnes St| 596449|0|0|1.82|    Physical Jurisdiction Boundary: 221 Town of Gate City / 084 Scott County| 596997|0|0|2.62|    01/01/2022|2172|G|97|0|1|1|1|0|C|.106|6 |.56|2308|G||||||||||||||
804353|0|R-VA   US00023UKBUS001RMP003.00A||||R-VA   US00023UKBUS001RMP003.00A|BUS US 23  EXIT 3A|Ramp|221|Town of Gate City|084|Scott County|    C1US-00023(B)/RAMP-FR RT 23,58(OL),421(OL)/| 596998|0|0|0|    US-00023(B)/RAMP FROM RTE. 23 BUS| 596944|0|0|.14|    01/01/2022|1072|F|||||||X|.1|6 |.67|1072|F||||||||||||||
769668|0|R-VA084SC00619NB||||R-VA084SC00619NB|84-619|Filter Plant Ford|221|Town of Gate City|084|Scott County|    US 23| 596095|0|0|0|    ECL Gate City| 596096|0|0|.21|    04/05/2022|461|R|||||||X||24|||X||||||||||||||
769671|0|R-VA084SC00619NB||||R-VA084SC00619NB|84-619|Old Nickelsville Rd|221|Town of Gate City|084|Scott County|    ECL Gate City| 596097|0|0|.82|    84-793 Old Nickelsville Rd| 596098|0|0|.83|    04/05/2022|170|R|||||||X||24|||X||||||||||||||
769672|0|R-VA084SC00619NB||||R-VA084SC00619NB|84-619|Old Nickelsville Rd|221|Town of Gate City|084|Scott County|    84-793 Old Nickelsville Rd| 596098|0|0|.83|    SR 71, E Jackson St| 596100|0|0|1.16|    04/05/2022|1012|R|||||||X||24|||X||||||||||||||
769673|0|R-VA084SC00619NB||||R-VA084SC00619NB|84-619|Reed Hollow Rd|221|Town of Gate City|084|Scott County|    SR 71, E Jackson St| 596100|0|0|1.16|    NCL Gate City| 596102|0|0|1.53|    04/11/2022|1399|R|||||||X||24|||X||||||||||||||
769674|0|R-VA084SC00619NB||||R-VA084SC00619NB|84-619| |221|Town of Gate City|084|Scott County|    NCL Gate City| 596102|0|0|1.53|    Physical Jurisdiction Boundary: 221 Town of Gate City / 084 Scott County|1272352|0|0|2.01|    04/11/2022|1245|R|||||||X||24|||X||||||||||||||
769783|0|R-VA084SC00660NB||||R-VA084SC00660NB|84-660| |221|Town of Gate City|084|Scott County|    84-619| 596103|0|0|0|    84-958| 722577|0|0|.66|    02/28/2022|204|R|||||||X||24|||X||||||||||||||
769784|0|R-VA084SC00660NB||||R-VA084SC00660NB|84-660| |221|Town of Gate City|084|Scott County|    84-958| 722577|0|0|.66|    Physical Jurisdiction Boundary: 221 Town of Gate City / 084 Scott County|1272353|0|0|1.02|    02/28/2022|114|R|||||||X||24|||X||||||||||||||
769807|0|R-VA084SC00665NB||||R-VA084SC00665NB|84-665|Moccasin Ave|221|Town of Gate City|084|Scott County|    Dead End| 596254|0|0|0|    US 23| 596253|0|0|.04|    02/01/2022|795|T|||||||X||24|||X||||||||||||||
402459|0|R-VA084SC00665NB||||R-VA084SC00665NB|84-665|Manville Rd|221|Town of Gate City|084|Scott County|    US 23| 596253|0|0|.04|    | 596251|0|0|.19|    01/01/2022|1433|G|97|0|1|0|0|0|C|.104|6 |.57|2685|G||||||||||||||
402461|0|R-VA084SC00665NB||||R-VA084SC00665NB|84-665|Manville Rd|221|Town of Gate City|084|Scott County|    84-813 Cherry St| 596251|0|0|.19|    | 596249|0|0|.44|    01/01/2022|1244|G|97|0|1|0|0|0|C|.108|6 |.63|2332|G||||||||||||||
402463|0|R-VA084SC00665NB||||R-VA084SC00665NB|84-665|Manville Rd|221|Town of Gate City|084|Scott County|    84-819 Chestnut St| 596249|0|0|.44|    Physical Jurisdiction Boundary: 221 Town of Gate City / 084 Scott County|1213686|0|0|.674|    01/01/2022|1095|G|97|0|1|0|0|0|C|.104|6 |.64|2052|G||||||||||||||
769812|0|R-VA084SC00666EB||||R-VA084SC00666EB|84-666| |221|Town of Gate City|084|Scott County|    |1213780|0|.18|3.16|    NCL Gate City| 596256|0|0|3.51|    02/28/2022|232|R|||||||X||24|||X||||||||||||||
769813|0|R-VA084SC00666EB||||R-VA084SC00666EB|84-666|Red Hill Rd|221|Town of Gate City|084|Scott County|    NCL Gate City| 596256|0|0|3.51|    SR 71, E Jackson St| 596255|0|0|3.8|    04/11/2022|549|R|||||||X||24|||X||||||||||||||
770016|0|R-VA084SC00762NB||||R-VA084SC00762NB|84-762|Starnes St|221|Town of Gate City|084|Scott County|    US 23| 596449|0|0|0|    Dead End| 596452|0|0|.14|    02/01/2022|200|T|||||||X||24|||X||||||||||||||
770017|0|R-VA084SC00763EB||||R-VA084SC00763EB|84-763|Park St|221|Town of Gate City|084|Scott County|    84-1422 Vanzant Dr| 721851|0|0|0|    Bus US 23| 596455|0|0|.4|    04/05/2022|690|R|||||||X||24|||X||||||||||||||
770018|0|R-VA084SC00763EB||||R-VA084SC00763EB|84-763|Fir St|221|Town of Gate City|084|Scott County|    Bus US 23| 596455|0|0|.4|    84-783 Fir St| 596457|0|0|.51|    04/11/2022|268|R|||||||X||24|||X||||||||||||||
770019|0|R-VA084SC00764EB||||R-VA084SC00764EB|84-764|Cypress St|221|Town of Gate City|084|Scott County|    84-765 Cypress St| 596459|0|0|0|    84-763 Fir St| 596456|0|0|.18|    04/11/2022|112|R|||||||X||24|||X||||||||||||||
770020|0|R-VA084SC00765NB||||R-VA084SC00765NB|84-765|Queen Ave|221|Town of Gate City|084|Scott County|    84-763 Park St| 596453|0|0|0|    US 23| 596460|0|0|.03|    04/05/2022|43|R|||||||X||24|||X||||||||||||||
770021|0|R-VA084SC00765NB||||R-VA084SC00765NB|84-765|Cypress St|221|Town of Gate City|084|Scott County|    US 23| 596460|0|0|.03|    84-764 Cypress St| 596459|0|0|.05|    04/05/2022|26|R|||||||X||24|||X||||||||||||||
770022|0|R-VA084SC00766NB||||R-VA084SC00766NB|84-766|Rollins St|221|Town of Gate City|084|Scott County|    84-763 Park St| 596454|0|0|0|    US 23| 596462|0|0|.03|    04/11/2022|19|R|||||||X||24|||X||||||||||||||
770023|0|R-VA084SC00766NB||||R-VA084SC00766NB|84-766|Elm St|221|Town of Gate City|084|Scott County|    US 23| 596462|0|0|.03|    84-831 Elm St| 596461|0|0|.1|    04/18/2022|386|R|||||||X||24|||X||||||||||||||
770024|0|R-VA084SC00767EB||||R-VA084SC00767EB|84-767|Woodland St|221|Town of Gate City|084|Scott County|    84-1415 Hillcrest Dr| 596467|0|0|0|    SR 71, E Jackson St| 596464|0|0|.39|    04/11/2022|811|R|||||||X||24|||X||||||||||||||
770025|0|R-VA084SC00767EB||||R-VA084SC00767EB|84-767|Tucker St|221|Town of Gate City|084|Scott County|    SR 71, E Jackson St| 596464|0|0|.39|    84-768 Solon St| 596463|0|0|.49|    04/05/2022|850|R|||||||X||24|||X||||||||||||||
770026|0|R-VA084SC00768NB||||R-VA084SC00768NB|84-768|Solon St|221|Town of Gate City|084|Scott County|    US 23| 596475|0|0|0|    SR 71, E Jackson St| 596473|0|0|.13|    04/18/2022|1112|R|||||||X||24|||X||||||||||||||
770027|0|R-VA084SC00768NB||||R-VA084SC00768NB|84-768|Solon St|221|Town of Gate City|084|Scott County|    SR 71, E Jackson St| 596473|0|0|.13|    84-768 Begin Loop (pre-update)| 596468|1|0|.75|    04/11/2022|613|R|||||||X||24|||X||||||||||||||
770028|0|R-VA084SC00769NB||||R-VA084SC00769NB|84-769|Bishop St|221|Town of Gate City|084|Scott County|    Bus US 23| 596476|0|0|0|    SR 71, E Jackson St| 596479|0|0|.21|    04/05/2022|1456|R|||||||X||24|||X||||||||||||||
770042|0|R-VA084SC00781NB||||R-VA084SC00781NB|84-781|Poplar St|221|Town of Gate City|084|Scott County|    84-665 Moccasin St| 596250|0|0|0|    84-767 Woodland St| 596466|0|0|.19|    04/11/2022|228|R|||||||X||24|||X||||||||||||||
770043|0|R-VA084SC00782NB||||R-VA084SC00782NB|84-782|Walnut St|221|Town of Gate City|084|Scott County|    Dead End| 596846|0|0|0|    84-767 Woodland St| 596465|0|0|.24|    02/01/2022|179|T|||||||X||24|||X||||||||||||||
770044|0|R-VA084SC00783EB||||R-VA084SC00783EB|84-783|Fir St|221|Town of Gate City|084|Scott County|    Dead End| 596501|0|0|0|    84-763 Fir St| 596457|0|0|.1|    02/01/2022|85|T|||||||X||24|||X||||||||||||||
770045|0|R-VA084SC00784NB||||R-VA084SC00784NB|84-784|Virginia Ave|221|Town of Gate City|084|Scott County|    SR 23| 596502|0|0|0|    84-798 Highland St| 596503|0|0|.06|    04/05/2022|139|R|||||||X||24|||X||||||||||||||
781426|0|R-VA084SC00785NB||||R-VA084SC00785NB|84-785|Cleveland Ave|221|Town of Gate City|084|Scott County|    Bus US 23| 597005|0|0|0|    84-782 Walnut St| 596500|0|0|.07|    04/18/2022|294|R|||||||X||24|||X||||||||||||||
770046|0|R-VA084SC00785NB||||R-VA084SC00785NB|84-785|Cleveland Ave|221|Town of Gate City|084|Scott County|    84-782 Walnut St| 596500|0|0|.07|    84-781 Poplar St| 596499|0|0|.23|    04/11/2022|145|R|||||||X||24|||X||||||||||||||
788244|0|R-VA084SC00785NB||||R-VA084SC00785NB|84-785|Cleveland Ave|221|Town of Gate City|084|Scott County|    84-781 Poplar St| 596499|0|0|.23|    84-819 Chestnut St| 596547|0|0|.4|    04/18/2022|111|R|||||||X||24|||X||||||||||||||
770056|0|R-VA084SC00793NB||||R-VA084SC00793NB|84-793|Old Nickelsville Rd|221|Town of Gate City|084|Scott County|    84-619 Old Nickelsville Rd| 596098|0|0|0|    SR 71, E Jackson St| 596513|0|0|.19|    04/05/2022|312|R|||||||X||24|||X||||||||||||||
770060|0|R-VA084SC00796EB||||R-VA084SC00796EB|84-796|Gillenwater Loop|221|Town of Gate City|084|Scott County|    SR 71 W, E Jackson St| 596517|0|0|0|    ECL Gate City| 596516|0|0|.11|    03/21/2022|13|R|||||||X||24|||X||||||||||||||
770061|0|R-VA084SC00796EB||||R-VA084SC00796EB|84-796|Gillenwater Loop|221|Town of Gate City|084|Scott County|    ECL Gate City| 596516|0|0|.11|    Physical Jurisdiction Boundary: 221 Town of Gate City / 084 Scott County| 596516|0|.13|.24|    04/05/2022|35|R|||||||X||24|||X||||||||||||||
770063|0|R-VA084SC00798EB||||R-VA084SC00798EB|84-798|Highland St|221|Town of Gate City|084|Scott County|    Dead End| 596851|0|0|0|    84-799 Lombard St| 596522|0|0|.48|    02/01/2022|100|T|||||||X||24|||X||||||||||||||
770064|0|R-VA084SC00799NB||||R-VA084SC00799NB|84-799|Lombard St|221|Town of Gate City|084|Scott County|    84-798 Highland St| 596522|0|0|0|    US 23| 596523|0|0|.07|    04/05/2022|301|R|||||||X||24|||X||||||||||||||
770079|0|R-VA084SC00813EB||||R-VA084SC00813EB|84-813|Cherry St|221|Town of Gate City|084|Scott County|    84-814 Sherman St| 596539|0|0|0|    84-665 Moccasin St| 596251|0|0|.07|    04/18/2022|88|R|||||||X||24|||X||||||||||||||
770080|0|R-VA084SC00814EB||||R-VA084SC00814EB|84-814|Sherman St|221|Town of Gate City|084|Scott County|    84-819 Chestnut St| 596540|0|0|0|    Dead End| 596856|0|0|.28|    02/01/2022|40|T|||||||X||24|||X||||||||||||||
770085|0|R-VA084SC00819NB||||R-VA084SC00819NB|84-819|Chestnut St|221|Town of Gate City|084|Scott County|    84-814 Sherman St| 596540|0|0|0|    Dead End| 596547|0|0|.12|    02/01/2022|15|T|||||||X||24|||X||||||||||||||
770086|0|R-VA084SC00820EB||||R-VA084SC00820EB|84-820|Promise St|221|Town of Gate City|084|Scott County|    Dead End| 596857|0|0|0|    84-819 Chestnut St| 596546|0|0|.07|    02/01/2022|30|T|||||||X||24|||X||||||||||||||
770090|0|R-VA084SC00823EB||||R-VA084SC00823EB|84-823|Beech St|221|Town of Gate City|084|Scott County|    84-769 Bishop St| 596477|0|0|0|    84-836 Jones St| 596548|0|0|.12|    04/05/2022|311|R|||||||X||24|||X||||||||||||||
770091|0|R-VA084SC00824EB||||R-VA084SC00824EB|84-824|Wolfe St|221|Town of Gate City|084|Scott County|    84-835 Anderson St| 596549|0|0|0|    84-1419 Oak St| 706829|0|0|.37|    04/11/2022|177|R|||||||X||24|||X||||||||||||||
770098|0|R-VA084SC00831NB||||R-VA084SC00831NB|84-831|Elm St|221|Town of Gate City|084|Scott County|    84-832 Elm St| 596557|0|0|0|    84-766 Elm St| 596461|0|0|.04|    04/11/2022|344|R|||||||X||24|||X||||||||||||||
770099|0|R-VA084SC00832EB||||R-VA084SC00832EB|84-832|Elm St|221|Town of Gate City|084|Scott County|    Dead End| 700672|0|0|0|    84-831 Elm St| 596557|0|0|.39|    02/01/2022|110|T|||||||X||24|||X||||||||||||||
770103|0|R-VA084SC00835NB||||R-VA084SC00835NB|84-835|Anderson St|221|Town of Gate City|084|Scott County|    84-824 Wolfe St| 596549|0|0|0|    Dead End| 596864|0|0|.22|    02/01/2022|105|T|||||||X||24|||X||||||||||||||
770104|0|R-VA084SC00836EB||||R-VA084SC00836EB|84-836|Harry Fry Dr|221|Town of Gate City|084|Scott County|    84-904 Jones St| 740702|0|0|0|    84-889 Broadwater Ave| 596565|0|0|.4|    04/05/2022|1577|R|||||||X||24|||X||||||||||||||
770108|0|R-VA084SC00838NB||||R-VA084SC00838NB|84-838|Hill St|221|Town of Gate City|084|Scott County|    84-839 Hill St| 596568|0|0|0|    Dead End| 596553|0|0|.07|    02/01/2022|30|T|||||||X||24|||X||||||||||||||
770109|0|R-VA084SC00839EB||||R-VA084SC00839EB|84-839|Hill St|221|Town of Gate City|084|Scott County|    84-838 Hill St| 596568|0|0|0|    84-832 Elm St| 596558|0|0|.05|    04/11/2022|32|R|||||||X||24|||X||||||||||||||
770115|0|R-VA084SC00842NB||||R-VA084SC00842NB|84-842|Sargeant St|221|Town of Gate City|084|Scott County|    84-824 Wolfe St|1213701|0|0|0|    84-768 Solon St| 596470|0|0|.23|    04/11/2022|132|R|||||||X||24|||X||||||||||||||
770116|0|R-VA084SC00843NB||||R-VA084SC00843NB|84-843|Campbell St|221|Town of Gate City|084|Scott County|    84-798 Highland St| 596520|0|0|0|    84-853 Campbell St| 596571|0|0|.06|    04/05/2022|79|R|||||||X||24|||X||||||||||||||
770117|0|R-VA084SC00844EB||||R-VA084SC00844EB|84-844|Bradford St|221|Town of Gate City|084|Scott County|    84-768 Solon St| 596474|0|0|0|    Bus US 23| 597008|0|0|.09|    04/05/2022|448|R|||||||X||24|||X||||||||||||||
770118|0|R-VA084SC00844EB||||R-VA084SC00844EB|84-844|Kane St|221|Town of Gate City|084|Scott County|    Bus US 23| 596573|0|0|.14|    Dead End| 596572|0|0|.29|    02/01/2022|90|T|||||||X||24|||X||||||||||||||
770124|0|R-VA084SC00849NB||||R-VA084SC00849NB|84-849|Richmond St|221|Town of Gate City|084|Scott County|    84-798 Highland St| 596521|0|0|0|    Dead End| 596869|0|0|.07|    02/01/2022|40|T|||||||X||24|||X||||||||||||||
770125|0|R-VA084SC00850NB||||R-VA084SC00850NB|84-850|Franklin St|221|Town of Gate City|084|Scott County|    84-851 Darter St| 596576|0|0|0|    Dead End| 596870|0|0|.06|    02/01/2022|40|T|||||||X||24|||X||||||||||||||
770126|0|R-VA084SC00851EB||||R-VA084SC00851EB|84-851|Darter St|221|Town of Gate City|084|Scott County|    84-762 Starnes St| 596451|0|0|0|    84-850 Franklin St| 596576|0|0|.19|    04/05/2022|99|R|||||||X||24|||X||||||||||||||
770128|0|R-VA084SC00853EB||||R-VA084SC00853EB|84-853|Campbell St|221|Town of Gate City|084|Scott County|    84-850 Franklin St| 596575|0|0|0|    84-843 Campbell St| 596571|0|0|.11|    04/05/2022|71|R|||||||X||24|||X||||||||||||||
770166|0|R-VA084SC00889NB||||R-VA084SC00889NB|84-889|Broadwater Ave|221|Town of Gate City|084|Scott County|    84-836 Beech St| 596565|0|0|0|    84-619 Old Nickelsville Rd| 596099|0|0|.19|    04/05/2022|321|R|||||||X||24|||X||||||||||||||
770175|0|R-VA084SC00898EB||||R-VA084SC00898EB|84-898|Sharon Dr|221|Town of Gate City|084|Scott County|    84-1425 Beverly Circle| 596890|0|0|0|    84-768 Solon St| 596468|0|0|.15|    04/11/2022|275|R|||||||X||24|||X||||||||||||||
402495|0|R-VA084SC00904NB||||R-VA084SC00904NB|84-904|Jones St|221|Town of Gate City|084|Scott County|    Bus US 23 Kane St| 596562|0|0|0|    84-823 Beach St| 596548|0|0|.06|    01/01/2022|10177|G|97|0|1|0|0|0|F|.116|6 |.51|19277|G||||||||||||||
402503|0|R-VA084SC00904NB||||R-VA084SC00904NB|84-904|Jones St|221|Town of Gate City|084|Scott County|    84-836 Harry Fry Dr| 596548|0|0|.06|    | 596626|0|0|.3|    01/01/2022|8219|G|98|0|1|0|1|0|C|.091|6 |.61|15406|G||||||||||||||
770182|0|R-VA084SC00905NB||||R-VA084SC00905NB|84-905|Barker Sub Ave|221|Town of Gate City|084|Scott County|    SR 71, E Jackson St| 596628|0|0|0|    SR 906| 596629|0|0|.04|    04/11/2022|178|R|||||||X||24|||X||||||||||||||
770183|0|R-VA084SC00906EB||||R-VA084SC00906EB|84-906|Lynn Dr|221|Town of Gate City|084|Scott County|    Dead End| 596630|0|0|0|    84-905 Barker Sub Ave| 596629|0|0|.07|    02/24/2022|37|T|||||||X||24|||X||||||||||||||
770184|0|R-VA084SC00906EB||||R-VA084SC00906EB|84-906|Lynn Dr|221|Town of Gate City|084|Scott County|    84-905 Barker Sub Ave| 596629|0|0|.07|    84-619 Reed Hollow Rd| 596101|0|0|.17|    04/11/2022|51|R|||||||X||24|||X||||||||||||||
770208|0|R-VA084SC00930NB||||R-VA084SC00930NB|84-930|Short Dr|221|Town of Gate City|084|Scott County|    84-836 Harry Fry Dr| 596563|0|0|0|    84-931 Cedar Ave| 596640|0|0|.08|    04/05/2022|76|R|||||||X||24|||X||||||||||||||
770209|0|R-VA084SC00931NB||||R-VA084SC00931NB|84-931|Cedar Ave|221|Town of Gate City|084|Scott County|    84-836 Harry Fry Dr| 596564|0|0|0|    84-930 Short Dr| 596640|0|0|.1|    04/05/2022|54|R|||||||X||24|||X||||||||||||||
770210|0|R-VA084SC00931NB||||R-VA084SC00931NB|84-931|Cedar Ave|221|Town of Gate City|084|Scott County|    84-930 Short Dr| 596640|0|0|.1|    Dead End| 596899|0|0|.13|    02/24/2022|25|T|||||||X||24|||X||||||||||||||
770211|0|R-VA084SC00932NB||||R-VA084SC00932NB|84-932|Ruth St|221|Town of Gate City|084|Scott County|    Dead End| 596900|0|0|0|    84-842 Sargeant St| 596570|0|0|.04|    02/24/2022|25|T|||||||X||24|||X||||||||||||||
770232|0|R-VA084SC00958EB||||R-VA084SC00958EB|84-958| |221|Town of Gate City|084|Scott County|    84-660| 722577|0|0|0|    Dead End| 722579|0|0|.13|    02/24/2022|40|T|||||||X||24|||X||||||||||||||
770340|0|R-VA084SC01401NB||||R-VA084SC01401NB|84-1401|Ellen Dr|221|Town of Gate City|084|Scott County|    SR 71, E Jackson St| 596725|0|0|0|    84-1403 Valley View St| 596727|0|0|.07|    04/05/2022|433|R|||||||X||24|||X||||||||||||||
770341|0|R-VA084SC01402NB||||R-VA084SC01402NB|84-1402|Davidson St|221|Town of Gate City|084|Scott County|    SR 71, E Jackson St| 596728|0|0|0|    84-1403 Valley View St| 596729|0|0|.07|    04/05/2022|64|R|||||||X||24|||X||||||||||||||
770342|0|R-VA084SC01403EB||||R-VA084SC01403EB|84-1403|Valley View St|221|Town of Gate City|084|Scott County|    84-1401 Ellen Dr| 596727|0|0|0|    84-1402 Davidson St| 596729|0|0|.12|    04/05/2022|186|R|||||||X||24|||X||||||||||||||
770343|0|R-VA084SC01404NB||||R-VA084SC01404NB|84-1404|Arora St|221|Town of Gate City|084|Scott County|    SR 71, E Jackson St| 596732|0|0|0|    Dead End| 596733|0|0|.06|    02/24/2022|28|T|||||||X||24|||X||||||||||||||
770344|0|R-VA084SC01405NB||||R-VA084SC01405NB|84-1405|Dillon Dr|221|Town of Gate City|084|Scott County|    Bus US 23|1213958|0|0|0|    Dead End| 596923|0|0|.16|    02/24/2022|315|T|||||||X||24|||X||||||||||||||
770345|0|R-VA084SC01406EB||||R-VA084SC01406EB|84-1406|Jay St|221|Town of Gate City|084|Scott County|    Dead End| 596924|0|0|0|    84-1405 Dillon Dr| 596735|0|0|.15|    02/24/2022|189|T|||||||X||24|||X||||||||||||||
770346|0|R-VA084SC01407NB||||R-VA084SC01407NB|84-1407|Linda St|221|Town of Gate City|084|Scott County|    Bus US 23| 596739|0|0|0|    84-1406 Jay St| 596736|0|0|.1|    04/21/2022|71|R|||||||X||24|||X||||||||||||||
770347|0|R-VA084SC01408NB||||R-VA084SC01408NB|84-1408|Frances St|221|Town of Gate City|084|Scott County|    84-1409 Bowen Dr| 596740|0|0|0|    84-1406 Jay St| 596737|0|0|.1|    04/05/2022|68|R|||||||X||24|||X||||||||||||||
770348|0|R-VA084SC01409EB||||R-VA084SC01409EB|84-1409|Bowen Dr|221|Town of Gate City|084|Scott County|    84-1408 Frances St| 596740|0|0|0|    84-1407 Linda St| 596738|0|0|.06|    04/05/2022|111|R|||||||X||24|||X||||||||||||||
770349|0|R-VA084SC01410NB||||R-VA084SC01410NB|84-1410|Barbara Rd|221|Town of Gate City|084|Scott County|    84-906 Lynn Dr| 711876|0|0|0|    Dead End| 719992|0|0|.12|    02/24/2022|301|T|||||||X||24|||X||||||||||||||
788107|0|R-VA084SC01411NB||||R-VA084SC01411NB|84-1411|Water St|221|Town of Gate City|084|Scott County|    84-665 Moccasin Ave| 596254|0|0|0|    Bus US 23| 597006|0|0|.15|    04/21/2022|1905|R|||||||X||24|||X||||||||||||||
770350|0|R-VA084SC01412NB||||R-VA084SC01412NB|84-1412|Una St|221|Town of Gate City|084|Scott County|    84-1413 Eva St| 596742|0|0|0|    0.11 MN 84-1413 Eva St| 596742|0|.11|.11|    04/05/2022|46|R|||||||X||24|||X||||||||||||||
770351|0|R-VA084SC01412NB||||R-VA084SC01412NB|84-1412|Una St|221|Town of Gate City|084|Scott County|    Eva St| 596742|0|.11|.11|    Bus US 23| 596741|0|0|.26|    04/05/2022|64|R|||||||X||24|||X||||||||||||||
770352|0|R-VA084SC01413NB||||R-VA084SC01413NB|84-1413|Eva St|221|Town of Gate City|084|Scott County|    Dead End| 596926|0|0|0|    84-1412 Una St| 596742|0|0|.03|    02/24/2022|57|T|||||||X||24|||X||||||||||||||
770353|0|R-VA084SC01413NB||||R-VA084SC01413NB|84-1413|Eva St|221|Town of Gate City|084|Scott County|    84-1412 Una St| 596742|0|0|.03|    Dead End| 596925|0|0|.07|    02/24/2022|46|T|||||||X||24|||X||||||||||||||
789057|0|R-VA084SC01414EB||||R-VA084SC01414EB|84-1414|Eva St|221|Town of Gate City|084|Scott County|    84-1413 Eva St| 596926|0|0|0|    Dead End| 736496|0|0|.1|    02/24/2022|40|T|||||||X||24|||X||||||||||||||
770354|0|R-VA084SC01415EB||||R-VA084SC01415EB|84-1415|Hillcrest Dr|221|Town of Gate City|084|Scott County|    84-767 Woodland St| 596467|0|0|0|    Dead End| 736574|0|0|.34|    02/24/2022|83|T|||||||X||24|||X||||||||||||||
770355|0|R-VA084SC01416EB||||R-VA084SC01416EB|84-1416|DHU St|221|Town of Gate City|084|Scott County|    84-785 Cleveland Ave| 711874|0|0|0|    Dead End| 711875|0|0|.05|    02/24/2022|35|T|||||||X||24|||X||||||||||||||
770356|0|R-VA084SC01417NB||||R-VA084SC01417NB|84-1417|Monte Vista Dr|221|Town of Gate City|084|Scott County|    84-781 Poplar St| 711871|0|0|0|    Dead End| 711872|0|0|.04|    02/24/2022|68|T|||||||X||24|||X||||||||||||||
770357|0|R-VA084SC01419NB||||R-VA084SC01419NB|84-1419|Oak St|221|Town of Gate City|084|Scott County|    SR 71, E Jackson St| 596974|0|0|0|    84-824 Wolfe St| 706829|0|0|.04|    04/21/2022|190|R|||||||X||24|||X||||||||||||||
770358|0|R-VA084SC01420EB||||R-VA084SC01420EB|84-1420|Massey Dr|221|Town of Gate City|084|Scott County|    84-1401 Ellen Dr| 596726|0|0|0|    84-1421 Cross St| 596743|0|0|.07|    04/21/2022|88|R|||||||X||24|||X||||||||||||||
770359|0|R-VA084SC01420EB||||R-VA084SC01420EB|84-1420|Massey Dr|221|Town of Gate City|084|Scott County|    84-1421 Cross St| 596743|0|0|.07|    84-1402 Davidson St| 596744|0|0|.13|    04/21/2022|26|R|||||||X||24|||X||||||||||||||
770360|0|R-VA084SC01421NB||||R-VA084SC01421NB|84-1421|Cross St|221|Town of Gate City|084|Scott County|    84-1420 Massey Dr| 596743|0|0|0|    84-1403 Valley View St| 596730|0|0|.05|    04/21/2022|54|R|||||||X||24|||X||||||||||||||
770361|0|R-VA084SC01422NB||||R-VA084SC01422NB|84-1422|Vanzant Dr|221|Town of Gate City|084|Scott County|    Dead End| 721852|0|0|0|    84-763 Park St| 721851|0|0|.02|    02/24/2022|48|T|||||||X||24|||X||||||||||||||
789058|0|R-VA084SC01423EB||||R-VA084SC01423EB|84-1423|Anita Ave|221|Town of Gate City|084|Scott County|    Dead End| 736577|0|0|0|    84-1410 Barbara Rd| 736576|0|0|.08|    02/24/2022|36|T|||||||X||24|||X||||||||||||||
789059|0|R-VA084SC01424EB||||R-VA084SC01424EB|84-1424|Embar St|221|Town of Gate City|084|Scott County|    Dead End| 736575|0|0|0|    84-1410 Barbara Rd| 719992|0|0|.12|    02/24/2022|48|T|||||||X||24|||X||||||||||||||
770362|0|R-VA084SC01425EB||||R-VA084SC01425EB|84-1425|Beverly Circle|221|Town of Gate City|084|Scott County|    84-898 Sharon Dr| 596890|0|0|0|    Dead End| 706831|0|0|.19|    02/24/2022|55|T|||||||X||24|||X||||||||||||||
770363|0|R-VA084SC01427NB||||R-VA084SC01427NB|84-1427|Ravine St|221|Town of Gate City|084|Scott County|    SR 71, E Jackson St| 596977|0|0|0|    Dead End| 719991|0|0|.24|    02/24/2022|93|T|||||||X||24|||X||||||||||||||
770364|0|R-VA084SC01428NB||||R-VA084SC01428NB|84-1428|Cedar Ave|221|Town of Gate City|084|Scott County|    Dead End| 704632|0|0|0|    84-836; 84-931| 596564|0|0|.13|    02/24/2022|26|T|||||||X||24|||X||||||||||||||
770374|0|R-VA084SC09380EB||||R-VA084SC09380EB|84-9380|Broadwater Ave|221|Town of Gate City|084|Scott County|    84-836 Harry Fry Dr| 596752|0|0|0|    Scott Co Voc School| 596752|0|.15|.15|    04/21/2022|432|R|||||||X||24|||X||||||||||||||
770375|0|R-VA084SC09380EB||||R-VA084SC09380EB|84-9380|Broadwater Ave|221|Town of Gate City|084|Scott County|    Scott Co Voc School| 596752|0|.15|.15|    Dead End| 596754|0|0|.26|    02/24/2022|22|T|||||||X||24|||X||||||||||||||
770381|0|R-VA084SC09763EB||||R-VA084SC09763EB|84-9763| |221|Town of Gate City|084|Scott County|    84-904 Jones St| 596548|0|0|0|    Gate City High Sch| 596766|0|0|.15|    04/21/2022|736|R|||||||X||24|||X||||||||||||||
770384|0|R-VA084SC09839NB||||R-VA084SC09839NB|84-9839|Bishop St|221|Town of Gate City|084|Scott County|    Shoemaker Elem Sch| 596772|0|0|0|    84-769 Bishop St| 596771|0|0|.12|    04/21/2022|1429|R|||||||X||24|||X||||||||||||||
