sep=|
- - 2022 AADT Report for Town of Round Hill - -
LINKID|SEQUENCENUMBER|RTE_NM|RTE_NM_2|RTE_NM_3|RTE_NM_4|Host RTE_NM|Route Label|Street Name|Physical Jurisdiction|Physical Jurisdiciton Name|Maintenance Jurisdiction|Maintenance Jurisdiciton Name|    Start Label|Start Node|Start Node Route Sequence|Star tOffset|Start Milepoint|    End Label|End Node|End Node Route Sequence|End Offset|End Milepoint|    VPDDate|AADT|AADT Quality|Passenger Vehicle|Bus|Truck 2 Axle|Truck 3 Axle|Truck 1 Trailer|Truck 2 Trailer|Class Quality|K Factor|K Factor Quality|Direction Factor|AAWDT|AAWDT Quality|AADT Dir|AADT Quality Dir|PassengerVehicle Dir|Bus Dir|Truck 2 Axle Dir|Truck 3 Axle Dir|Truck 1 Trailer Dir|Truck 2 Trailer Dir|Class Quality Dir|K Factor Dir|K Factor Quality Dir|Direction Factor Dir|AAWDT Dir|AAWDT Quality Dir
190142|0|R-VA   SR00007EBBUS003||||R-VA   SR00007EBBUS003|BUS VA 7|Loudoun Street West|291|Town of Round Hill|053|Loudoun County|    Jurisdiction Boundary: 053 Loudoun County| 429703|0|0|.31|    53-719 Main St| 429641|0|0|.63|    01/01/2022|2427|G|96|1|1|1|0|0|C|.112|6 |.54|2570|G||||||||||||||
190175|0|R-VA   SR00007EBBUS003||||R-VA   SR00007EBBUS003|BUS VA 7|Loudoun St|291|Town of Round Hill|053|Loudoun County|    53-719 Main St| 429641|0|0|.63|    Physical Jurisdiction Boundary: 291 Town of Round Hill / 053 Loudoun County| 429702|0|0|.88|    01/01/2022|5112|G|97|0|1|1|0|0|F|.112|6 |.54|5422|G||||||||||||||
301561|0|R-VA053SC00719NB||||R-VA053SC00719NB|53-719|Airmont Rd; New Cut Rd|291|Town of Round Hill|053|Loudoun County|    | 428443|0|0|12.066|    Bus SR 7, Loudoun St| 428444|0|0|12.236|    01/01/2022|3827|G|93|1|1|3|1|0|C|.096|6 |.56|3729|G||||||||||||||
301562|0|R-VA053SC00719NB||||R-VA053SC00719NB|53-719|Main St|291|Town of Round Hill|053|Loudoun County|    Bus SR 7, Loudoun St| 429641|0|0|12.246|    53-1308 Hampton Rd| 428447|0|0|12.626|    01/01/2022|2829|G|95|1|1|1|1|0|C|.115|6 |.67|2987|G||||||||||||||
301563|0|R-VA053SC00719NB||||R-VA053SC00719NB|53-719|Woodgrove Rd|291|Town of Round Hill|053|Loudoun County|    53-1308 Hampton Rd| 428447|0|0|12.626|    Physical Jurisdiction Boundary: 291 Town of Round Hill / 053 Loudoun County| 428448|0|0|12.686|    01/01/2022|2485|G|96|1|1|1|1|0|C|.13|6 |.65|2624|G||||||||||||||
750494|0|R-VA053SC01301NB||||R-VA053SC01301NB|53-1301|South Locust St|291|Town of Round Hill|053|Loudoun County|    SCL Round Hill| 428780|0|0|0|    Bus SR 7 Loudoun St| 428778|0|0|.14|    06/07/2010|92|R|||||||X||24|||X||||||||||||||
750495|0|R-VA053SC01301NB||||R-VA053SC01301NB|53-1301|North Locust St|291|Town of Round Hill|053|Loudoun County|    Bus SR 7 Loudoun St| 428778|0|0|.14|    | 428775|0|0|.49|    05/19/2010|824|R|||||||X||24|||X||||||||||||||
750496|0|R-VA053SC01302EB||||R-VA053SC01302EB|53-1302|High St|291|Town of Round Hill|053|Loudoun County|    53-1301 North Locust St| 428777|0|0|0|    53-719 Main St| 428446|0|0|.15|    05/19/2010|311|R|||||||X||24|||X||||||||||||||
750497|0|R-VA053SC01303EB||||R-VA053SC01303EB|53-1303|Mulberry St|291|Town of Round Hill|053|Loudoun County|    53-719 Main St| 428445|0|0|0|    53-1304, N Bridge St| 428782|0|0|.15|    05/19/2010|150|R|||||||X||24|||X||||||||||||||
750498|0|R-VA053SC01304NB||||R-VA053SC01304NB|53-1304|N Bridge St|291|Town of Round Hill|053|Loudoun County|    Bus SR 7 Loudoun St| 428783|0|0|0|    53-1303 Mulberry St| 428782|0|0|.11|    05/19/2010|190|R|||||||X||24|||X||||||||||||||
750499|0|R-VA053SC01304NB||||R-VA053SC01304NB|53-1304|N Bridge St|291|Town of Round Hill|053|Loudoun County|    53-1303 Mulberry St| 428782|0|0|.11|    Dead End| 428784|0|0|.19|    05/19/2010|68|R|||||||X||24|||X||||||||||||||
750500|0|R-VA053SC01305NB||||R-VA053SC01305NB|53-1305|Church St|291|Town of Round Hill|053|Loudoun County|    Bus SR 7 Loudoun St| 428785|0|0|0|    Dead End| 428786|0|0|.11|    10/06/2014|153|R|||||||X||24|||X||||||||||||||
750501|0|R-VA053SC01306EB||||R-VA053SC01306EB|53-1306|McCauley Lane|291|Town of Round Hill|053|Loudoun County|    53-1301 South Locust St| 428779|0|0|0|    Dead End| 428787|0|0|.06|    01/24/2014|35|T|||||||X||24|||X||||||||||||||
750502|0|R-VA053SC01307NB||||R-VA053SC01307NB|53-1307|Cedar St|291|Town of Round Hill|053|Loudoun County|    53-1303 Mulberry St| 428781|0|0|0|    Dead End| 428788|0|0|.11|    05/19/2010|86|R|||||||X||24|||X||||||||||||||
750503|0|R-VA053SC01308EB||||R-VA053SC01308EB|53-1308|Hampton Rd|291|Town of Round Hill|053|Loudoun County|    Jurisdiction Boundary: 053 Loudoun County| 428789|0|0|.08|    53-719 Woodgrove Rd; Main St| 428447|0|0|.13|    05/19/2010|354|R|||||||X||24|||X||||||||||||||
750504|0|R-VA053SC01309NB||||R-VA053SC01309NB|53-1309|Hill Circle|291|Town of Round Hill|053|Loudoun County|    53-1308 Hampton Rd| 428789|0|0|0|    Physical Jurisdiction Boundary: 291 Town of Round Hill / 053 Loudoun County| 428791|0|0|.01|    12/15/2013|40|T|||||||X||24|||X||||||||||||||
750505|0|R-VA053SC01310NB||||R-VA053SC01310NB|53-1310|Longstreet Ave|291|Town of Round Hill|053|Loudoun County|    53-1312 Longstreet Ave| 428796|0|0|0|    Physical Jurisdiction Boundary: 291 Town of Round Hill / 053 Loudoun County| 428794|0|0|.08|    05/19/2010|354|R|||||||X||24|||X||||||||||||||
750509|0|R-VA053SC01312EB||||R-VA053SC01312EB|53-1312|Longstreet Ave|291|Town of Round Hill|053|Loudoun County|    53-1301 North Locust St| 428776|0|0|0|    53-1310 Longstreet Ave| 428796|0|0|.05|    10/06/2014|459|R|||||||X||24|||X||||||||||||||
750512|0|R-VA053SC01315EB||||R-VA053SC01315EB|53-1315|Mosby Court|291|Town of Round Hill|053|Loudoun County|    53-1310 Longstreet Ave| 428795|0|0|0|    Dead End| 429649|0|0|.09|    10/06/2014|77|R|||||||X||24|||X||||||||||||||
