sep=|
- - 2022 AADT Report for Town of Boones Mill - -
LINKID|SEQUENCENUMBER|RTE_NM|RTE_NM_2|RTE_NM_3|RTE_NM_4|Host RTE_NM|Route Label|Street Name|Physical Jurisdiction|Physical Jurisdiciton Name|Maintenance Jurisdiction|Maintenance Jurisdiciton Name|    Start Label|Start Node|Start Node Route Sequence|Star tOffset|Start Milepoint|    End Label|End Node|End Node Route Sequence|End Offset|End Milepoint|    VPDDate|AADT|AADT Quality|Passenger Vehicle|Bus|Truck 2 Axle|Truck 3 Axle|Truck 1 Trailer|Truck 2 Trailer|Class Quality|K Factor|K Factor Quality|Direction Factor|AAWDT|AAWDT Quality|AADT Dir|AADT Quality Dir|PassengerVehicle Dir|Bus Dir|Truck 2 Axle Dir|Truck 3 Axle Dir|Truck 1 Trailer Dir|Truck 2 Trailer Dir|Class Quality Dir|K Factor Dir|K Factor Quality Dir|Direction Factor Dir|AAWDT Dir|AAWDT Quality Dir
020285|0|R-VA   US00220NB||||R-VA   US00220NB|US 220|Virgil H Goode Hwy|170|Town of Boones Mill|033|Franklin County|    SCL Boones Mill| 329325|0|0|49.05|    NCL Boones Mill| 329324|0|0|50.37|    01/01/2022|24336|G|86|1|1|1|10|1|F|.083|6 |.63|25526|G||||||||||||||
405870|0|R-VA033SC00684NB||||R-VA033SC00684NB|33-684|Boones Mill Rd|170|Town of Boones Mill|033|Franklin County|    US 220; Virgil H Goode Hwy|1093523|0|0|0|    ECL Boones Mill| 328407|0|0|.62|    01/01/2022|1458|G|97|0|1|0|0|0|C|.092|6 |.67|1476|G||||||||||||||
405881|0|R-VA033SC00739EB||||R-VA033SC00739EB|33-739|Bethlehem Rd|170|Town of Boones Mill|033|Franklin County|    | 328528|0|0|10.25|    33-1609 Oakwood Dr| 328526|0|0|10.27|    01/01/2022|1756|G|97|0|1|1|0|0|C|.106|6 |.74|1773|G||||||||||||||
405882|0|R-VA033SC00739EB||||R-VA033SC00739EB|33-739|Bethlehem Rd|170|Town of Boones Mill|033|Franklin County|    33-1609 Oakwood Dr| 328526|0|0|10.27|    US 220 Virgil H Goode Hwy| 328524|0|0|10.43|    01/01/2022|2739|G|97|1|1|1|0|0|C|.104|6 |1|2836|G||||||||||||||
739203|0|R-VA033SC01601EB||||R-VA033SC01601EB|33-1601|Easy St|170|Town of Boones Mill|033|Franklin County|    Dead End| 329014|0|0|0|    33-1602 Boon St| 329013|0|0|.23|    07/27/2017|133|R|||||||X||24|||X||||||||||||||
739204|0|R-VA033SC01601EB||||R-VA033SC01601EB|33-1601|Easy St|170|Town of Boones Mill|033|Franklin County|    33-1602 Boon St| 329013|0|0|.23|    33-684 Boones Mill Rd| 328404|0|0|.33|    07/27/2017|1152|R|||||||X||24|||X||||||||||||||
739205|0|R-VA033SC01602NB||||R-VA033SC01602NB|33-1602|Boon St|170|Town of Boones Mill|033|Franklin County|    US 220 Virgil H Goode Hwy| 329016|0|0|0|    33-1603 Main St| 329015|0|0|.05|    07/27/2017|1581|R|||||||X||24|||X||||||||||||||
739206|0|R-VA033SC01602NB||||R-VA033SC01602NB|33-1602|Boon St|170|Town of Boones Mill|033|Franklin County|    33-1603 Main St| 329015|0|0|.05|    33-1601 Easy St| 329013|0|0|.06|    07/27/2017|1277|R|||||||X||24|||X||||||||||||||
739207|0|R-VA033SC01603EB||||R-VA033SC01603EB|33-1603|Main St|170|Town of Boones Mill|033|Franklin County|    33-1602 Boon St| 329015|0|0|0|    33-684 Boones Mill Rd| 328403|0|0|.12|    07/27/2017|442|R|||||||X||24|||X||||||||||||||
739208|0|R-VA033SC01604NB||||R-VA033SC01604NB|33-1604|Church Hill|170|Town of Boones Mill|033|Franklin County|    33-684 Boones Mill Rd| 328405|0|0|0|    Dead End| 329110|0|0|.2|    07/27/2017|506|R|||||||X||24|||X||||||||||||||
739209|0|R-VA033SC01605NB||||R-VA033SC01605NB|33-1605|Whispering Creek Rd|170|Town of Boones Mill|033|Franklin County|    US 220 Virgil H Goode Hwy|1090089|0|0|0|    33-684 Boones Mill Rd| 328406|0|0|.23|    07/27/2017|703|R|||||||X||24|||X||||||||||||||
739210|0|R-VA033SC01606NB||||R-VA033SC01606NB|33-1606|Dogwood Hill Rd|170|Town of Boones Mill|033|Franklin County|    Dead End| 329019|0|0|0|    33-1607 Heatherwood Dr| 329018|0|0|.441|    07/27/2017|147|R|||||||X||24|||X||||||||||||||
739211|0|R-VA033SC01606NB||||R-VA033SC01606NB|33-1606|Dogwood Hill Rd|170|Town of Boones Mill|033|Franklin County|    33-1607 Heatherwood Dr| 329018|0|0|.441|    33-739 Bethlehem Rd| 328525|0|0|.5|    07/27/2017|595|R|||||||X||24|||X||||||||||||||
739213|0|R-VA033SC01607NB||||R-VA033SC01607NB|33-1607|Heatherwood Dr|170|Town of Boones Mill|033|Franklin County|    WCL Boones Mill| 329020|0|0|.25|    33-1606 Dogwood Hill Rd| 329018|0|0|.43|    07/27/2017|382|R|||||||X||24|||X||||||||||||||
739215|0|R-VA033SC01608EB||||R-VA033SC01608EB|33-1608|Mountainaire Rd|170|Town of Boones Mill|033|Franklin County|    WCL Boones Mill| 329022|0|0|0|    33-739 Bethlehem Rd| 328527|0|0|.14|    09/05/2014|70|R|||||||X||24|||X||||||||||||||
739216|0|R-VA033SC01609NB||||R-VA033SC01609NB|33-1609|Oakwood Dr|170|Town of Boones Mill|033|Franklin County|    33-739 Bethlehem Rd| 328526|0|0|0|    Dead End| 329112|0|0|.25|    07/27/2017|30|T|||||||X||24|||X||||||||||||||
739217|0|R-VA033SC01610EB||||R-VA033SC01610EB|33-1610|Angell Lane|170|Town of Boones Mill|033|Franklin County|    WCL Boones Mill| 329024|0|0|0|    US 220 Virgil H Goode Hwy| 329023|0|0|.2|    07/27/2017|68|R|||||||X||24|||X||||||||||||||
739218|0|R-VA033SC01611NB||||R-VA033SC01611NB|33-1611|Winding Way Rd|170|Town of Boones Mill|033|Franklin County|    US 220 Virgil H Goode Hwy|1090090|0|0|0|    NCL Boones Mill| 329027|0|0|.36|    07/27/2017|298|R|||||||X||24|||X||||||||||||||
739223|0|R-VA033SC01615NB||||R-VA033SC01615NB|33-1615|Murray Hill Rd|170|Town of Boones Mill|033|Franklin County|    Dead End| 329114|0|0|0|    33-1611 Winding Way Rd| 329026|0|0|.02|    07/27/2017|30|T|||||||X||24|||X||||||||||||||
