sep=|
- - 2022 AADT Report for City of Harrisonburg - -
LINKID|SEQUENCENUMBER|RTE_NM|RTE_NM_2|RTE_NM_3|RTE_NM_4|Host RTE_NM|Route Label|Street Name|Physical Jurisdiction|Physical Jurisdiciton Name|Maintenance Jurisdiction|Maintenance Jurisdiciton Name|    Start Label|Start Node|Start Node Route Sequence|Star tOffset|Start Milepoint|    End Label|End Node|End Node Route Sequence|End Offset|End Milepoint|    VPDDate|AADT|AADT Quality|Passenger Vehicle|Bus|Truck 2 Axle|Truck 3 Axle|Truck 1 Trailer|Truck 2 Trailer|Class Quality|K Factor|K Factor Quality|Direction Factor|AAWDT|AAWDT Quality|AADT Dir|AADT Quality Dir|PassengerVehicle Dir|Bus Dir|Truck 2 Axle Dir|Truck 3 Axle Dir|Truck 1 Trailer Dir|Truck 2 Trailer Dir|Class Quality Dir|K Factor Dir|K Factor Quality Dir|Direction Factor Dir|AAWDT Dir|AAWDT Quality Dir
785262|0|R-VA   FR00238NB||||R-VA   FR00238NB|FR 238|Buffalo Dr|115|City of Harrisonburg|082|Rockingham County|    NCL Harrisonburg| 587535|0|0|3.47|    Dead End|1007112|0|0|3.54|    02/28/2018|1218|R|||||||X||24|||X||||||||||||||
080458|0|R-VA   IS00081NB||||R-VA   IS00081NB|I-81| |115|City of Harrisonburg|082|Rockingham County|    | 587737|0|0|243.06|    US 11, South Main St| 587738|0|0|243.56|    01/01/2022|57925|A|73|1|1|1|22|2|F|.093|1 |.54|58495|A|29699|A|72|1|1|1|23|2|F|.097|1 |1|30004|A
080234|0|R-VA   IS00081NB||||R-VA   IS00081NB|I-81| |115|City of Harrisonburg|082|Rockingham County|    US 11, South Main St| 587738|0|0|243.56|    | 587740|0|0|246.39|    01/01/2022|57341|A|73|1|1|1|22|2|C|.095|1 |.54|57225|A|28521|A|72|1|1|1|23|2|C|.099|1 |1|28310|A
080236|0|R-VA   IS00081NB||||R-VA   IS00081NB|I-81| |115|City of Harrisonburg|082|Rockingham County|    82- 659 Port Republic Road| 587740|0|0|246.39|    | 587742|0|0|247.9|    01/01/2022|55002|A|73|1|1|1|22|2|F|.094|1 |.52|54955|A|28003|A|72|1|1|1|23|2|F|.099|1 |1|27702|A
080460|0|R-VA   IS00081NB||||R-VA   IS00081NB|I-81| |115|City of Harrisonburg|082|Rockingham County|    US 33, E Market St| 587742|0|0|247.9|    Physical Jurisdiction Boundary: 115 City of Harrisonburg / 082 Rockingham County| 587746|0|0|249.5|    01/01/2022|52694|A|73|1|1|1|22|2|F|.099|1 |.51|51765|A|26365|A|72|1|1|1|23|2|F|.106|1 |1|25725|A
787039|0|R-VA   IS00081NB      RMP243.00A||||R-VA   IS00081NB      RMP243.00A|I-81  NB EXIT 243A|Ramp I-81 N Exit 243|115|City of Harrisonburg|082|Rockingham County|    I-81 North| 587738|0|0|0|    Ramps I-81 S243A; I-81 243A Ramp to US 11| 731685|0|0|.57|    01/01/2022|3883|G|||||||X|.1|6 |1|4111|G||||||||||||||
787040|0|R-VA   IS00081NB      RMP245.00A||||R-VA   IS00081NB      RMP245.00A|I-81  NB EXIT 245A|Ramp|115|City of Harrisonburg|082|Rockingham County|    I-81 North| 587740|0|0|0|    SR 253 Port Republic Rd| 714845|0|0|.12|    01/01/2022|4444|G|||||||X|.09|6 |1|4724|G||||||||||||||
787041|0|R-VA   IS00081NB      RMP247.00A||||R-VA   IS00081NB      RMP247.00A|I-81  NB EXIT 247A|Ramp|115|City of Harrisonburg|082|Rockingham County|    I-81 North| 587742|0|0|0|    US 33 E, E Market St| 587608|0|0|.25|    01/01/2022|5143|G|||||||X|.095|6 |1|5445|G||||||||||||||
787042|0|R-VA   IS00081NB      RMP247.00B||||R-VA   IS00081NB      RMP247.00B|I-81  NB EXIT 247B|Ramp|115|City of Harrisonburg|082|Rockingham County|    I-81 North| 587744|0|0|0|    US 33 W, E Market St|1095192|0|0|.12|    01/01/2022|2581|G|||||||X|.11|6 |1|2732|G||||||||||||||
180024|0|R-VA   IS00081SB||||R-VA   IS00081SB|I-81| |115|City of Harrisonburg|082|Rockingham County|    | 587755|0|0|243.33|    US 11, South Main St| 587757|0|0|244.34|    01/01/2022|57925|A|73|1|1|1|22|2|F|.093|1 |.54|58495|A|28226|A|74|1|1|1|21|2|F|.099|1 |1|28491|A
180022|0|R-VA   IS00081SB||||R-VA   IS00081SB|I-81| |115|City of Harrisonburg|082|Rockingham County|    US 11, South Main St| 587757|0|0|244.34|    SR 253 Port Republic Rd| 587759|0|0|246.97|    01/01/2022|57341|A|73|1|1|1|22|2|C|.095|1 |.54|57225|A|28820|A|74|1|1|1|21|2|C|.097|1 |1|28915|A
180040|0|R-VA   IS00081SB||||R-VA   IS00081SB|I-81| |115|City of Harrisonburg|082|Rockingham County|    SR 253 Port Republic Rd| 587759|0|0|246.97|    US 33, E Market St| 587763|0|0|248.47|    01/01/2022|55002|A|73|1|1|1|22|2|F|.094|1 |.52|54955|A|26999|A|74|1|1|1|21|2|F|.097|1 |1|27253|A
180041|0|R-VA   IS00081SB||||R-VA   IS00081SB|I-81| |115|City of Harrisonburg|082|Rockingham County|    US 33, E Market St| 587763|0|0|248.47|    Physical Jurisdiction Boundary: 115 City of Harrisonburg / 082 Rockingham County| 587764|0|0|249.77|    01/01/2022|52694|A|73|1|1|1|22|2|F|.099|1 |.51|51765|A|26329|A|74|1|1|1|21|2|F|.103|1 |1|26040|A
787146|0|R-VA   IS00081SB      RMP243.00A||||R-VA   IS00081SB      RMP243.00A|I-81  SB EXIT 243A|Ramp|115|City of Harrisonburg|082|Rockingham County|    I-81 South| 587757|0|0|0|    Ramps I-81 N 243A; I-81 243A Ramp to US 11| 731685|0|0|.1|    01/01/2022|4589|G|||||||X|.095|6 |1|4857|G||||||||||||||
787147|0|R-VA   IS00081SB      RMP245.00A||||R-VA   IS00081SB      RMP245.00A|I-81  SB EXIT 245A|Ramp I-81 S Exit 245 to Port Republic Rd|115|City of Harrisonburg|082|Rockingham County|    I-81 South| 587759|0|0|0|    SR 253 Port Republic Rd| 714847|0|0|.12|    01/01/2022|3907|A|97|0|1|1|1|0|F|.124|1 |1|3868|A||||||||||||||
787148|0|R-VA   IS00081SB      RMP247.00A||||R-VA   IS00081SB      RMP247.00A|I-81  SB EXIT 247A|Ramp I-81 S Exit 247 to US 33 E|115|City of Harrisonburg|082|Rockingham County|    I-81 South| 587761|0|0|0|    US 33 E, E Market St| 587610|0|0|.12|    01/01/2022|3930|G|||||||X|.099|6 |1|4159|G||||||||||||||
787149|0|R-VA   IS00081SB      RMP247.00B||||R-VA   IS00081SB      RMP247.00B|I-81  SB EXIT 247B|Ramp|115|City of Harrisonburg|082|Rockingham County|    I-81 South| 587763|0|0|0|    US 33 W, E Market St| 587612|0|0|.22|    01/01/2022|1094|G|||||||X|.096|6 |1|1157|G||||||||||||||
637661|0|R-VA   SR00042NB||||R-VA   SR00042NB|VA 42|S High St|115|City of Harrisonburg|115|City of Harrisonburg|    SCL Harrisonburg| 587661|0|0|225.59|    Erickson Ave| 587283|0|0|225.72|    01/01/2022|14910|G|97|0|0|1|1|0|F|.095|6 |.5|16514|G||||||||||||||
637626|0|R-VA   SR00042NB||||R-VA   SR00042NB|VA 42|S High St|115|City of Harrisonburg|115|City of Harrisonburg|    Erickson Ave| 587283|0|0|225.72|    Sunrise Ave| 587658|0|0|226.99|    01/01/2022|16000|G|97|0|1|1|1|0|C|.09|6 |.58|17723|G||||||||||||||
637622|0|R-VA   SR00042NB||||R-VA   SR00042NB|VA 42|S High St|115|City of Harrisonburg|115|City of Harrisonburg|    Sunrise Ave| 587658|0|0|226.99|    Grace Ave| 587230|0|0|227.39|    01/01/2022|18611|G|97|0|0|1|1|0|F|.088|6 |.52|20615|G||||||||||||||
637612|0|R-VA   SR00042NB||||R-VA   SR00042NB|VA 42|S High St|115|City of Harrisonburg|115|City of Harrisonburg|    Grace Ave| 587230|0|0|227.39|    Market St| 587616|0|0|227.94|    01/01/2022|18893|G|97|0|0|1|1|0|F|.084|6 |.54|20926|G||||||||||||||
637605|0|R-VA   SR00042NB||||R-VA   SR00042NB|VA 42|N High St|115|City of Harrisonburg|115|City of Harrisonburg|    Market St| 587616|0|0|227.94|    Gay St| 587189|0|0|228.21|    01/01/2022|16388|G|97|0|0|1|1|0|F|.085|6 |.58|18152|G||||||||||||||
637601|0|R-VA   SR00042NB||||R-VA   SR00042NB|VA 42|Virginia Ave|115|City of Harrisonburg|115|City of Harrisonburg|    Gay St| 587189|0|0|228.21|    | 587656|0|0|228.65|    01/01/2022|12607|G|97|0|0|1|1|0|F|.088|6 |.54|13964|G||||||||||||||
637653|0|R-VA   SR00042NB||||R-VA   SR00042NB|VA 42|Virginia Ave|115|City of Harrisonburg|115|City of Harrisonburg|    5th St| 587656|0|0|228.65|    | 587292|0|0|229.25|    01/01/2022|11540|G|95|0|1|2|2|0|C|.09|6 |.58|21583|G||||||||||||||
637660|0|R-VA   SR00042NB||||R-VA   SR00042NB|VA 42|Virginia Ave|115|City of Harrisonburg|115|City of Harrisonburg|    Mt Clinton Pike| 587292|0|0|229.25|    NCL Harrisonburg| 587651|0|0|230.08|    01/01/2022|13221|G|95|0|1|2|2|0|F|.095|6 |.59|22409|G||||||||||||||
637632|0|R-VA   SR00253EB||||R-VA   SR00253EB|VA 253|Port Republic Rd|115|City of Harrisonburg|115|City of Harrisonburg|    US 11 S Main St| 587150|0|0|0|    | 714847|0|0|.48|    01/01/2022|23873|G|97|0|1|1|1|0|C|.086|6 |.52|40444|G||||||||||||||
637639|0|R-VA   SR00253EB||||R-VA   SR00253EB|VA 253|Port Republic Rd|115|City of Harrisonburg|115|City of Harrisonburg|    I-81| 714847|0|0|.48|    | 716552|0|0|1.33|    01/01/2022|26766|F|97|0|1|1|1|0|F|.087|6 |.58|28406|F||||||||||||||
637819|0|R-VA   SR00253EB||||R-VA   SR00253EB|VA 253|Port Republic Rd|115|City of Harrisonburg|115|City of Harrisonburg|    Peach Grove Ave| 716552|0|0|1.33|    ECL Harrisonburg| 586257|0|0|1.81|    01/01/2022|13762|G|97|0|1|1|1|0|F|.087|6 |.56|24360|G||||||||||||||
637682|0|R-VA   US00011NB||||R-VA   US00011NB|US 11|Main St|115|City of Harrisonburg|115|City of Harrisonburg|    SCL Harrisonburg| 587564|0|0|258.16|    | 587561|0|0|259.07|    01/01/2022|13452|G|95|0|1|1|2|0|F|.088|6 |.51|22966|G||||||||||||||
637637|0|R-VA   US00011NB||||R-VA   US00011NB|US 11|Main St|115|City of Harrisonburg|115|City of Harrisonburg|    I-81| 587561|0|0|259.07|    Pleasant Hill Rd| 587124|0|0|260.84|    01/01/2022|22369|G|95|0|2|1|1|0|F|.085|6 |.57|38189|G||||||||||||||
637664|0|R-VA   US00011NB||||R-VA   US00011NB|US 11|S Main St|115|City of Harrisonburg|115|City of Harrisonburg|    Pleasant Hill Rd| 587124|0|0|260.84|    | 587150|0|0|261.71|    01/01/2022|18299|G|95|0|2|1|1|0|C|.085|6 |.58|31247|G||||||||||||||
637630|0|R-VA   US00011NB||||R-VA   US00011NB|US 11|S Main St|115|City of Harrisonburg|115|City of Harrisonburg|    Port Republic Rd| 587150|0|0|261.71|    | 587554|0|0|262.36|    01/01/2022|21550|G|95|0|2|1|1|0|F|.088|6 |.51|36768|G||||||||||||||
637621|0|R-VA   US00011NB|R-VA   US00033EB|||R-VA   US00011NB|US 11, US 33|Main St  NB|115|City of Harrisonburg|115|City of Harrisonburg|    S Liberty St| 587554|0|0|262.36|    | 587551|0|0|263.22|    01/01/2022|6268|G|95|0|2|1|1|0|F|.095|6 |1|10707|G||||||||||||||
637602|0|R-VA   US00011NB||||R-VA   US00011NB|US 11|N Main St|115|City of Harrisonburg|115|City of Harrisonburg|    Kratzer Ave| 587551|0|0|263.22|    Charles St| 587259|0|0|263.9|    01/01/2022|8637|G|95|1|1|0|2|0|C|.095|6 |.59|14746|G||||||||||||||
637688|0|R-VA   US00011NB||||R-VA   US00011NB|US 11|N Main St|115|City of Harrisonburg|115|City of Harrisonburg|    Charles St| 587259|0|0|263.9|    NCL Harrisonburg| 587547|0|0|264.34|    01/01/2022|7454|G|95|1|1|0|2|0|F|.093|6 |.58|12726|G||||||||||||||
637613|0|R-VA   US00011PA002||||R-VA   US00011PA002|US 11, US 33|Liberty St|115|City of Harrisonburg|115|City of Harrisonburg|    S Main St|1051149|0|0|0|    | 587553|0|0|.47|    01/01/2022|6475|G|95|0|1|1|2|0|C|.086|6 |1|11059|G||||||||||||||
637614|0|R-VA   US00011PA002||||R-VA   US00011PA002|US 11|Liberty St|115|City of Harrisonburg|115|City of Harrisonburg|    US 33, W Market Street| 587553|0|0|.47|    | 587272|0|0|.7|    01/01/2022|5043|G|93|1|2|1|2|0|C|.084|6 |1|8613|G||||||||||||||
637683|0|R-VA   US00011PA002||||R-VA   US00011PA002|US 11|Noll Dr|115|City of Harrisonburg|115|City of Harrisonburg|    Rock St| 587272|0|0|.7|    | 587551|0|0|.86|    01/01/2022|3278|F|95|0|1|1|2|0|F|.088|6 |1|3479|F||||||||||||||
787267|0|R-VA   US00011UK      RMP259.00A||||R-VA   US00011UK      RMP259.00A|US 11  EXIT 259A|Ramp US 11 to I-81 at Exit 243|115|City of Harrisonburg|082|Rockingham County|    US 11|1264648|0|0|0|    Ramp Split NB and SB| 731686|0|0|.08|    01/01/2022|7928|G|||||||X|.089|6 |1|7928|G||||||||||||||
788287|0|R-VA   US00011UK      RMP259.00A||||R-VA   US00011UK      RMP259.00A|US 11  EXIT 259A|Ramp US 11 to I-81 S at Exit 251|115|City of Harrisonburg|082|Rockingham County|    Ramp Split NB and SB| 731686|0|0|.08|    I-81 South| 587756|0|0|.32|    01/01/2022|3654|G|||||||X|.091|6 |1|3869|G||||||||||||||
787268|0|R-VA   US00011UK      RMP259.00B||||R-VA   US00011UK      RMP259.00B|US 11  EXIT 259B|Ramp US 11 to I-81 N at Exit 251|115|City of Harrisonburg|082|Rockingham County|    Ramp Split NB and SB| 731686|0|0|0|    I-81 North| 587739|0|0|.35|    01/01/2022|3819|G|||||||X|.104|6 |1|4043|G||||||||||||||
637684|0|R-VA   US00033EB||||R-VA   US00033EB|US 33|W Market St|115|City of Harrisonburg|115|City of Harrisonburg|    WCL Harrisonburg| 587621|0|0|20.16|    Waterman Dr| 587290|0|0|21.27|    01/01/2022|7836|G|95|1|1|1|1|0|F|.112|6 |.5|13875|G||||||||||||||
637657|0|R-VA   US00033EB||||R-VA   US00033EB|US 33|W Market St|115|City of Harrisonburg|115|City of Harrisonburg|    Waterman Dr| 587290|0|0|21.27|    | 587616|0|0|21.88|    01/01/2022|8674|G|95|1|1|1|1|0|C|.096|6 |.52|14691|G||||||||||||||
637610|0|R-VA   US00033EB||||R-VA   US00033EB|US 33|W Market St|115|City of Harrisonburg|115|City of Harrisonburg|    SR 42 S High St| 587616|0|0|21.88|    Bus US 33 Par| 587625|0|0|22.04|    01/01/2022|3595|G|95|1|1|1|1|0|F|.087|6 |.52|6362|G||||||||||||||
781524|0|R-VA   US00033EB||||R-VA   US00033EB|US 33|Court Square|115|City of Harrisonburg|115|City of Harrisonburg|    Bus US 33 Par| 587625|0|0|22.04|    US 11 Main St NB; Main St  NB| 587574|0|0|22.1|    01/01/2022|1707|G|||||||X||24||1707|G||||||||||||||
637621|0|R-VA   US00033EB|R-VA   US00011NB|||R-VA   US00011NB|US 11, US 33|Main St  NB|115|City of Harrisonburg|115|City of Harrisonburg|    S Liberty St| 587574|0|0|22.1|    | 587551|0|0|22.12|    01/01/2022|6268|G|95|0|2|1|1|0|F|.095|6 |1|10707|G||||||||||||||
637818|0|R-VA   US00033EB||||R-VA   US00033EB|US 33|E Market St|115|City of Harrisonburg|115|City of Harrisonburg|    US 11 Main St NB| 587575|0|0|22.12|    Mason St| 587217|0|0|22.23|    01/01/2022|4239|G|97|0|1|0|1|0|F|.087|6 |.5|7505|G||||||||||||||
637634|0|R-VA   US00033EB||||R-VA   US00033EB|US 33|E Market St|115|City of Harrisonburg|115|City of Harrisonburg|    Mason St| 587217|0|0|22.23|    Vine St| 587269|0|0|23.1|    01/01/2022|9810|G|97|0|1|0|1|0|F|.091|6 |.57|17369|G||||||||||||||
637644|0|R-VA   US00033EB||||R-VA   US00033EB|US 33|E Market St|115|City of Harrisonburg|115|City of Harrisonburg|    Vine St| 587269|0|0|23.1|    | 587610|0|0|23.71|    01/01/2022|16374|G|97|0|1|0|1|0|C|.094|6 |.56|28998|G||||||||||||||
637643|0|R-VA   US00033EB||||R-VA   US00033EB|US 33|E Market St|115|City of Harrisonburg|115|City of Harrisonburg|    I-81| 587610|0|0|23.71|    | 587606|0|0|24.405|    01/01/2022|29767|G|95|1|1|1|1|0|F|.085|6 |.52|54635|G||||||||||||||
637641|0|R-VA   US00033EB||||R-VA   US00033EB|US 33|E Market St|115|City of Harrisonburg|115|City of Harrisonburg|    University Blvd| 587606|0|0|24.405|    | 587604|0|0|25.37|    01/01/2022|26472|G|95|1|1|1|3|0|F|.089|6 |.52|27944|G||||||||||||||
787306|0|R-VA   US00033EB      RMP023.00A||||R-VA   US00033EB      RMP023.00A|US 33  EB EXIT 23A|Ramp to I-81 S at Exit 247|115|City of Harrisonburg|082|Rockingham County|    US 33 E, E Market St| 587611|0|0|0|    I-81 South| 587760|0|0|.21|    01/01/2022|8008|G|||||||X|.084|6 |1|8478|G||||||||||||||
787307|0|R-VA   US00033EB      RMP023.00B||||R-VA   US00033EB      RMP023.00B|US 33  EB EXIT 23B|Ramp to I-81 N at Exit 247|115|City of Harrisonburg|082|Rockingham County|    US 33 E, E Market St| 587609|0|0|0|    I-81 North| 587743|0|0|.13|    01/01/2022|703|G|||||||X|.115|6 |1|748|G||||||||||||||
781858|0|R-VA   US00033PA001||||R-VA   US00033PA001|US 33|Court Square|115|City of Harrisonburg|115|City of Harrisonburg|    US 33 Market St| 587625|0|0|0|    US 11 Main St NB| 587576|0|0|.07|    01/01/2022|2132|G|||||||X||24||2132|G||||||||||||||
787308|0|R-VA   US00033WB      RMP023.00A||||R-VA   US00033WB      RMP023.00A|US 33  WB EXIT 23A|Ramp to I-81 S at Exit 247|115|City of Harrisonburg|082|Rockingham County|    US 33 W, E Market St|1264655|0|0|0|    I-81 S|1264654|0|0|.04|    01/01/2022|4855|G|||||||X|.097|6 |1|4855|G||||||||||||||
787309|0|R-VA   US00033WB      RMP023.00B||||R-VA   US00033WB      RMP023.00B|US 33  WB EXIT 23B|Ramp|115|City of Harrisonburg|082|Rockingham County|    US 33 W, E Market St|1092659|0|0|0|    I-81 North| 587745|0|0|.2|    01/01/2022|4185|G|||||||X|.108|6 |1|4430|G||||||||||||||
200697|0|S-VA082PR COVENANT DR||||S-VA082PR COVENANT DR|Covenant Dr||115|City of Harrisonburg|115|City of Harrisonburg|    Peoples Dr| 724635|0|0|0|    82-1130 Covenant Dr|1006902|0|0|.03|    ||X||||||||||||||||||||||||||
637716|0|S-VA115PR ACORN DR||||S-VA115PR ACORN DR|Acorn Dr|Acorn Dr|115|City of Harrisonburg|115|City of Harrisonburg|    Mt Clinton Pike| 713249|0|0|0|    VA 42 Virginia Ave| 587653|0|0|1.16|    01/01/2022|3818|G|96|0|2|1|1|0|C|.097|6 |.63|6673|G||||||||||||||
637617|0|S-VA115PR BRUCE ST W||||S-VA115PR BRUCE ST W|Bruce St W|Bruce St|115|City of Harrisonburg|115|City of Harrisonburg|    US 11 N Main St| 587301|0|0|0|    US 11 S Liberty St| 587300|0|0|.11|    01/01/2022|1227|G|99|0|1|0|0|0|C|.105|6 |1|2249|G||||||||||||||
637616|0|S-VA115PR BRUCE ST W||||S-VA115PR BRUCE ST W|Bruce St W|Bruce St|115|City of Harrisonburg|115|City of Harrisonburg|    S High St| 587300|0|0|.11|    Jurisdiction Boundary: 115 City of Harrisonburg / |1007571|0|0|.5|    01/01/2022|1729|G|95|0|2|0|0|0|C|.102|6 |.81|3169|G||||||||||||||
637800|0|S-VA115PR CENTRAL AVE||||S-VA115PR CENTRAL AVE|Central Ave|Central Ave|115|City of Harrisonburg|115|City of Harrisonburg|    Sharon St| 587137|0|0|.16|    | 587129|0|0|1.056|    01/01/2022|795|G|97|2|1|0|0|0|C|.125|6 |.71|1341|G||||||||||||||
637685|0|S-VA115PR CENTRAL AVE||||S-VA115PR CENTRAL AVE|Central Ave|Central Ave|115|City of Harrisonburg|115|City of Harrisonburg|    Pleasant Hill Rd| 587129|0|0|1.056|    Sharon St| 587121|0|0|1.2|    01/01/2022|1458|G|97|0|2|0|0|0|C|.103|6 |.63|2457|G||||||||||||||
637603|0|S-VA115PR CHICAGO AVE||||S-VA115PR CHICAGO AVE|Chicago Ave|Chicago Ave|115|City of Harrisonburg|115|City of Harrisonburg|    Gay St| 587192|0|0|.14|    Waterman Dr| 587199|0|0|.691|    01/01/2022|3185|G|98|0|1|0|0|0|C|.099|6 |.52|5839|G||||||||||||||
637655|0|S-VA115PR CHICAGO AVE||||S-VA115PR CHICAGO AVE|Chicago Ave|Chicago Ave|115|City of Harrisonburg|115|City of Harrisonburg|    Waterman Dr| 587199|0|0|.691|    Mt Clinton Pike| 587202|0|0|1.12|    01/01/2022|4704|G|98|0|1|0|0|0|F|.093|6 |.51|8624|G||||||||||||||
637647|0|S-VA115PR COUNTRY CLUB RD||||S-VA115PR COUNTRY CLUB RD|Country Club Rd|Country Club Dr|115|City of Harrisonburg|115|City of Harrisonburg|    US 33 W, E Market St| 587269|0|0|0|    | 587262|0|0|.88|    01/01/2022|10149|G|96|0|1|2|1|0|F|.092|6 |.53|18610|G||||||||||||||
637680|0|S-VA115PR COUNTRY CLUB RD||||S-VA115PR COUNTRY CLUB RD|Country Club Rd|Country Club Rd|115|City of Harrisonburg|115|City of Harrisonburg|    Linda Lane| 587262|0|0|.88|    | 587260|0|0|1.65|    01/01/2022|9581|G|96|0|1|2|1|0|C|.101|6 |.53|17566|G||||||||||||||
201209|0|S-VA115PR COVENANT DR||||S-VA115PR COVENANT DR|Covenant Dr||115|City of Harrisonburg|115|City of Harrisonburg|    I- 81  EXIT 243A| 587561|0|0|0|    Covenant Dr| 724635|0|0|.155|    ||X||||||||||||||||||||||||||
637804|0|S-VA115PR EASTOVER DR||||S-VA115PR EASTOVER DR|Eastover Dr|Eastover Dr|115|City of Harrisonburg|115|City of Harrisonburg|    Paul St| 587165|0|0|0|    Reservoir St (pre-update)|1006294|0|0|.466|    01/01/2022|798|G|99|0|0|0|0|0|C|.153|6 |.94|1347|G||||||||||||||
637652|0|S-VA115PR EDOM RD||||S-VA115PR EDOM RD|Edom Rd|Edom Rd|115|City of Harrisonburg|115|City of Harrisonburg|    N Liberty St| 587277|0|0|0|    Virginia Ave| 587296|0|0|.22|    01/01/2022|2885|G|95|0|2|0|0|0|F|.088|6 |.62|4888|G||||||||||||||
637671|0|S-VA115PR ERICKSON AVE||||S-VA115PR ERICKSON AVE|Erickson Ave|Erickson Ave|115|City of Harrisonburg|115|City of Harrisonburg|    WCL Harrisonburg| 586460|0|0|0|    |1268278|0|0|1.78|    01/01/2022|11006|G|96|1|1|1|1|0|C|.091|6 |.59|19241|G||||||||||||||
637658|0|S-VA115PR GARBERS CHURCH RD||||S-VA115PR GARBERS CHURCH RD|Garbers Church Rd|Garbers Church Rd|115|City of Harrisonburg|115|City of Harrisonburg|    US 33 Market St|1006429|0|0|0|    Erickson Ave| 587284|0|0|1.46|    01/01/2022|5741|G|95|2|1|1|0|0|C|.109|6 |.68|6106|G||||||||||||||
402832|1|S-VA115PR GARBERS CHURCH RD||||S-VA115PR GARBERS CHURCH RD|Garbers Church Rd||115|City of Harrisonburg|115|City of Harrisonburg|    Erickson Ave| 587284|0|0|1.46|    SCL Harrisonburg| 586760|0|0|1.51|    01/01/2022|4422|G|93|1|1|2|1|0|C|.116|6 |.54|4812|G||||||||||||||
798907|0|S-VA115PR GAY ST E||||S-VA115PR GAY ST E|Gay St E|Gay St|115|City of Harrisonburg|115|City of Harrisonburg|    US 11 Main St NB| 587185|0|0|0|    Mason St| 587184|0|0|.11|    01/01/2022|4176|G|95|1|1|0|1|0|F|.09|6 |.54|7081|G||||||||||||||
781659|0|S-VA115PR GAY ST E||||S-VA115PR GAY ST E|Gay St E|Gay St|115|City of Harrisonburg|115|City of Harrisonburg|    Mason St| 587184|0|0|.11|    Sterling St| 587180|0|0|.44|    01/01/2022|2109|G|95|1|1|0|1|0|F|.11|6 |.61|3941|G||||||||||||||
637604|0|S-VA115PR GAY ST W||||S-VA115PR GAY ST W|Gay St W|Gay St|115|City of Harrisonburg|115|City of Harrisonburg|    US 11 Main St NB| 587185|0|0|0|    SR 42 Virginia Ave; N High St| 587189|0|0|.19|    01/01/2022|5722|G|95|1|1|0|1|0|C|.091|6 |.56|10490|G||||||||||||||
637815|0|S-VA115PR GAY ST W||||S-VA115PR GAY ST W|Gay St W|Gay St|115|City of Harrisonburg|115|City of Harrisonburg|    SR 42 Virginia Ave; N High St| 587189|0|0|.19|    Jurisdiction Boundary: 115 City of Harrisonburg / |1007860|0|0|.62|    01/01/2022|2572|G|95|1|1|0|1|0|F|.099|6 |.57|4716|G||||||||||||||
637686|0|S-VA115PR GRACE ST E||||S-VA115PR GRACE ST E|Grace St E|Grace St|115|City of Harrisonburg|115|City of Harrisonburg|    Main St| 587227|0|0|0|    Jurisdiction Boundary: 115 City of Harrisonburg / |1007279|0|0|.211|    01/01/2022|4091|G|92|1|6|0|0|0|F|.101|6 |.74|7498|G||||||||||||||
637623|0|S-VA115PR GRACE ST W||||S-VA115PR GRACE ST W|Grace St W|Grace St|115|City of Harrisonburg|115|City of Harrisonburg|    High St| 587227|0|0|0|    Jurisdiction Boundary: 115 City of Harrisonburg / |1006312|0|0|.43|    01/01/2022|4639|G|92|1|6|0|0|0|C|.109|6 |.77|8503|G||||||||||||||
637718|0|S-VA115PR GREENDALE RD||||S-VA115PR GREENDALE RD|Greendale Rd|Greendale Rd|115|City of Harrisonburg|115|City of Harrisonburg|    Pleasant Valley Rd| 587306|0|0|0|    ECL Harrisonburg| 586409|0|0|1.05|    01/01/2022|2945|G|95|0|1|2|0|0|C|.088|6 |.55|5030|G||||||||||||||
637719|0|S-VA115PR HARMONY DR||||S-VA115PR HARMONY DR|Harmony Dr|Harmony Dr|115|City of Harrisonburg|115|City of Harrisonburg|    Park Rd| 586850|0|0|0|    Jurisdiction Boundary: 115 City of Harrisonburg / |1005817|0|0|.35|    01/01/2022|1175|G|96|0|1|0|1|0|C|.108|6 |.62|1990|G||||||||||||||
637807|0|S-VA115PR HUFFMAN ST||||S-VA115PR HUFFMAN ST|Huffman St|Huffman St|115|City of Harrisonburg|115|City of Harrisonburg|    Dead End| 587126|0|0|0|    Pleasant Hill Rd| 587125|0|0|.09|    01/01/1997|5451|F|||||||X||24|||X||||||||||||||
637810|0|S-VA115PR KEEZLETOWN RD||||S-VA115PR KEEZLETOWN RD|Keezletown Rd|Keezletown Rd|115|City of Harrisonburg|115|City of Harrisonburg|    Country Club Rd| 587261|0|0|0|    | 586774|0|0|.77|    01/01/2022|1421|G|98|0|0|0|0|0|C|.101|6 |.57|2657|G||||||||||||||
637669|0|S-VA115PR KRATZER AVE||||S-VA115PR KRATZER AVE|Kratzer Ave|Kratzer Ave|115|City of Harrisonburg|115|City of Harrisonburg|    Noll Dr| 587551|0|0|0|    N Liberty St| 587271|0|0|.11|    01/01/2022|2349|G|||||||X|.115|6 |.73|3976|G||||||||||||||
637816|0|S-VA115PR LIBERTY ST||||S-VA115PR LIBERTY ST|Liberty St|Liberty St|115|City of Harrisonburg|115|City of Harrisonburg|    Noll Dr| 587272|0|0|.64|    Kratzer Ave| 587271|0|0|.9|    01/01/2022|2673|G|89|0|1|2|7|0|F|.089|6 |.6|4527|G||||||||||||||
637651|0|S-VA115PR LIBERTY ST||||S-VA115PR LIBERTY ST|Liberty St|Liberty St|115|City of Harrisonburg|115|City of Harrisonburg|    Kratzer Ave| 587271|0|0|.9|    Edom Rd| 587277|0|0|1.192|    01/01/2022|5410|G|89|0|1|2|7|0|F|.095|6 |.53|9165|G||||||||||||||
637650|0|S-VA115PR LIBERTY ST||||S-VA115PR LIBERTY ST|Liberty St|Liberty St|115|City of Harrisonburg|115|City of Harrisonburg|    Edom Rd| 587277|0|0|1.192|    Charles St| 587256|0|0|1.52|    01/01/2022|4548|G|89|0|1|2|7|0|F|.088|6 |.53|7707|G||||||||||||||
637817|0|S-VA115PR LIBERTY ST||||S-VA115PR LIBERTY ST|Liberty St|Liberty St|115|City of Harrisonburg|115|City of Harrisonburg|    Charles St| 587256|0|0|1.52|    NCL Harrisonburg| 586554|0|0|2.34|    01/01/2022|3453|G|89|0|1|2|7|0|C|.101|6 |.61|5849|G||||||||||||||
637633|0|S-VA115PR MARTIN LUTHER KING JR WAY||||S-VA115PR MARTIN LUTHER KING JR WAY|Martin Luther King Jr Way|Cantrell Ave|115|City of Harrisonburg|115|City of Harrisonburg|    SR 42 S High St|1050914|0|0|0|    | 587155|0|0|.27|    01/01/2022|9917|G|97|0|1|1|1|0|C|.088|6 |.59|18180|G||||||||||||||
637646|0|S-VA115PR MARTIN LUTHER KING JR WAY||||S-VA115PR MARTIN LUTHER KING JR WAY|Martin Luther King Jr Way|Cantrell Ave|115|City of Harrisonburg|115|City of Harrisonburg|    US 11 S Main St| 587155|0|0|.27|    Reservoir St| 587159|0|0|1.25|    01/01/2022|15981|G|97|0|1|1|1|0|F|.092|6 |.57|29296|G||||||||||||||
637645|0|S-VA115PR MARTIN LUTHER KING JR WAY||||S-VA115PR MARTIN LUTHER KING JR WAY|Martin Luther King Jr Way|Cantrell Ave|115|City of Harrisonburg|115|City of Harrisonburg|    Reservoir St| 587159|0|0|1.25|    |1050940|0|0|1.45|    01/01/2022|8183|G|97|0|1|1|1|0|F|.084|6 |.59|14999|G||||||||||||||
637676|0|S-VA115PR MARYLAND AVE||||S-VA115PR MARYLAND AVE|Maryland Ave|Maryland Ave|115|City of Harrisonburg|115|City of Harrisonburg|    SR 42 High St| 587150|0|0|0|    Jurisdiction Boundary: 115 City of Harrisonburg / |1005584|0|0|.75|    01/01/2022|7987|G|97|0|1|1|1|0|F|.088|6 |.57|14138|G||||||||||||||
637608|0|S-VA115PR MASON ST N||||S-VA115PR MASON ST N|Mason St N|Mason St|115|City of Harrisonburg|115|City of Harrisonburg|    Market St| 587217|0|0|0|    | 587213|0|0|.43|    01/01/2022|6125|G|99|0|0|0|0|0|F|.093|6 |.52|11227|G||||||||||||||
637822|0|S-VA115PR MASON ST S||||S-VA115PR MASON ST S|Mason St S|Mason St|115|City of Harrisonburg|115|City of Harrisonburg|    Market St| 587217|0|0|0|    Paul St| 587206|0|0|.42|    01/01/2022|3539|G|99|0|0|0|0|0|F|.096|6 |.59|6488|G||||||||||||||
637625|0|S-VA115PR MASON ST S||||S-VA115PR MASON ST S|Mason St S|Mason St|115|City of Harrisonburg|115|City of Harrisonburg|    Paul St| 587206|0|0|.42|    Cantrell Ave| 587156|0|0|.62|    01/01/2022|3406|G|99|0|0|0|0|0|C|.099|6 |.62|6245|G||||||||||||||
637821|0|S-VA115PR MASON ST S||||S-VA115PR MASON ST S|Mason St S|Mason St|115|City of Harrisonburg|115|City of Harrisonburg|    Cantrell Ave| 587156|0|0|.62|    Grace St| 587226|0|0|.72|    01/01/2022|2964|G|99|0|0|0|0|0|F|.118|6 |.82|5432|G||||||||||||||
637823|0|S-VA115PR MOSBY RD W||||S-VA115PR MOSBY RD W|Mosby Rd W|Mosby Rd|115|City of Harrisonburg|115|City of Harrisonburg|    Main St| 587117|0|0|0|    Mosby Ct| 587116|0|0|.254|    01/01/2022|6025|G|96|0|1|0|2|0|F|.093|6 |.51|10191|G||||||||||||||
637689|0|S-VA115PR MOSBY RD W||||S-VA115PR MOSBY RD W|Mosby Rd W|Mosby Rd|115|City of Harrisonburg|115|City of Harrisonburg|    Mosby Ct| 587116|0|0|.254|    | 586415|0|0|.62|    01/01/2022|5468|G|96|0|1|0|2|0|C|.09|6 |.52|9246|G||||||||||||||
637710|0|S-VA115PR MT CLINTON PIKE||||S-VA115PR MT CLINTON PIKE|Mt Clinton Pike|Mt Clinton Pike|115|City of Harrisonburg|115|City of Harrisonburg|    US 11 N Main St| 713247|0|0|0|    VA 42 Virginia Ave| 587292|0|0|1.29|    01/01/2022|6351|G|94|1|1|1|3|0|F|.093|6 |.55|11110|G||||||||||||||
637654|0|S-VA115PR MT CLINTON PIKE||||S-VA115PR MT CLINTON PIKE|Mt Clinton Pike|Mt Clinton Pike|115|City of Harrisonburg|115|City of Harrisonburg|    SR 42 Virginia Ave| 587292|0|0|1.29|    Chicago Ave| 587202|0|0|1.65|    01/01/2022|7419|G|95|0|1|1|2|0|C|.094|6 |.52|12974|G||||||||||||||
637722|0|S-VA115PR MT CLINTON PIKE||||S-VA115PR MT CLINTON PIKE|Mt Clinton Pike|Mt Clinton Pike|115|City of Harrisonburg|115|City of Harrisonburg|    Chicago Ave| 587202|0|0|1.65|    College Ave| 587294|0|0|1.74|    01/01/2022|5465|G|94|1|1|1|3|0|F|.1|6 |.56|9555|G||||||||||||||
637812|0|S-VA115PR MT CLINTON PIKE||||S-VA115PR MT CLINTON PIKE|Mt Clinton Pike|Mt Clinton Pike|115|City of Harrisonburg|115|City of Harrisonburg|    College Ave| 587294|0|0|1.74|    WCL Harrisonburg| 586579|0|0|1.93|    01/01/2022|5045|G|94|1|1|1|3|0|F|.098|6 |.57|8822|G||||||||||||||
637648|0|S-VA115PR OLD FURNACE RD||||S-VA115PR OLD FURNACE RD|Old Furnace Rd|Old Furnace Rd|115|City of Harrisonburg|115|City of Harrisonburg|    Wolfe St| 587252|0|0|.049|    Vine St| 587254|0|0|.339|    01/01/2022|3216|G|96|1|2|0|0|0|F|.107|6 |.64|5895|G||||||||||||||
637813|0|S-VA115PR OLD FURNACE RD||||S-VA115PR OLD FURNACE RD|Old Furnace Rd|Old Furnace Rd|115|City of Harrisonburg|115|City of Harrisonburg|    Vine St| 587254|0|0|.339|    ECL Harrisonburg|1007110|0|0|1.519|    01/01/2022|2950|G|96|1|1|0|0|0|C|.101|6 |.58|5410|G||||||||||||||
637713|0|S-VA115PR PARK RD||||S-VA115PR PARK RD|Park Rd|Park Rd|115|City of Harrisonburg|115|City of Harrisonburg|    Mt Clinton Pike| 587293|0|0|0|    Shank Dr| 713286|0|0|.58|    01/01/2022|1687|G|98|0|1|0|0|0|C|.089|6 |.56|2855|G||||||||||||||
637714|0|S-VA115PR PARK RD||||S-VA115PR PARK RD|Park Rd|Park Rd|115|City of Harrisonburg|115|City of Harrisonburg|    Shank Dr| 713286|0|0|.58|    |1006274|0|0|1.22|    01/01/2022|1428|G|98|0|1|0|0|0|F|.098|6 |.55|2417|G||||||||||||||
637814|0|S-VA115PR PAUL ST||||S-VA115PR PAUL ST|Paul St|Paul St|115|City of Harrisonburg|115|City of Harrisonburg|    Main St| 587203|0|0|0|    Mason St| 587206|0|0|.17|    01/01/2022|416|G|97|1|1|0|0|0|F|.122|6 |.53|763|G||||||||||||||
637678|0|S-VA115PR PAUL ST||||S-VA115PR PAUL ST|Paul St|Paul St|115|City of Harrisonburg|115|City of Harrisonburg|    Mason St| 587206|0|0|.17|    Cantrell Ave| 587157|0|0|.62|    01/01/2022|865|G|97|1|1|0|0|0|C|.112|6 |.54|1585|G||||||||||||||
637681|0|S-VA115PR PAUL ST||||S-VA115PR PAUL ST|Paul St|Paul St|115|City of Harrisonburg|115|City of Harrisonburg|    Cantrell Ave| 587157|0|0|.62|    | 587212|0|0|.76|    01/01/2022|2884|G|97|1|1|0|0|0|F|.112|6 |.54|5286|G||||||||||||||
637673|0|S-VA115PR PEAR ST||||S-VA115PR PEAR ST|Pear St|Pear St|115|City of Harrisonburg|115|City of Harrisonburg|    Mosby Rd| 587115|0|0|0|    |1008542|0|0|1.24|    01/01/2022|1700|G|98|0|1|0|0|0|C|.093|6 |.53|2866|G||||||||||||||
637715|0|S-VA115PR PIKE CHURCH RD||||S-VA115PR PIKE CHURCH RD|Pike Church Rd|Pike Church Rd|115|City of Harrisonburg|115|City of Harrisonburg|    S Main St| 587279|0|0|0|    WCL Harrisonburg| 586388|0|0|.15|    01/01/2022|1830|G|88|1|2|2|7|0|C|.108|6 |.55|3200|G||||||||||||||
637635|0|S-VA115PR PLEASANT HILL RD||||S-VA115PR PLEASANT HILL RD|Pleasant Hill Rd|Pleasant Hill Rd|115|City of Harrisonburg|115|City of Harrisonburg|    US 11 S Main St (pre-update)| 587125|0|0|0|    | 587118|0|0|.81|    01/01/2022|3827|G|98|0|1|0|0|0|C|.096|6 |.58|7016|G||||||||||||||
637690|0|S-VA115PR PLEASANT VALLEY RD||||S-VA115PR PLEASANT VALLEY RD|Pleasant Valley Rd|Pleasant Valley Rd|115|City of Harrisonburg|115|City of Harrisonburg|    | 587310|0|0|.01|    S Main St| 587306|0|0|.74|    01/01/2022|6643|G|85|1|2|3|9|0|C|.096|6 |.58|12425|G||||||||||||||
637820|0|S-VA115PR PLEASANT VALLEY RD||||S-VA115PR PLEASANT VALLEY RD|Pleasant Valley Rd|Pleasant Valley Rd|115|City of Harrisonburg|115|City of Harrisonburg|    SCL Harrisonburg| 587306|0|0|.74|    RTE 710 Greendale Rd| 586327|0|0|1.4|    01/01/2022|4847|G|85|1|2|3|9|0|F|.097|6 |.56|9062|G||||||||||||||
637679|0|S-VA115PR RESERVOIR ST||||S-VA115PR RESERVOIR ST|Reservoir St|Reservoir St|115|City of Harrisonburg|115|City of Harrisonburg|    US 33 E Market St| 587176|0|0|0|    | 587159|0|0|.56|    01/01/2022|8041|G|98|0|1|0|0|0|C|.096|6 |.52|15033|G||||||||||||||
637801|0|S-VA115PR RESERVOIR ST||||S-VA115PR RESERVOIR ST|Reservoir St|Reservoir St|115|City of Harrisonburg|115|City of Harrisonburg|    Cantrell Ave| 587159|0|0|.56|    | 587164|0|0|1.45|    01/01/2022|20994|G|98|0|1|0|0|0|F|.093|6 |.54|39246|G||||||||||||||
637802|0|S-VA115PR RESERVOIR ST||||S-VA115PR RESERVOIR ST|Reservoir St|Reservoir St|115|City of Harrisonburg|115|City of Harrisonburg|    University Blvd| 587164|0|0|1.45|    SCL Harrisonburg| 586413|0|0|2.43|    01/01/2022|18832|G|98|0|1|0|0|0|F|.084|6 |.56|35193|G||||||||||||||
637675|0|S-VA115PR SOUTH AVE||||S-VA115PR SOUTH AVE|South Ave|South Ave|115|City of Harrisonburg|115|City of Harrisonburg|    S High St| 587143|0|0|0|    Jurisdiction Boundary: 115 City of Harrisonburg / |1007472|0|0|.75|    01/01/2022|4677|G|98|0|1|0|0|0|C|.096|6 |.53|7914|G||||||||||||||
637691|0|S-VA115PR STERLING ST||||S-VA115PR STERLING ST|Sterling St|Sterling St|115|City of Harrisonburg|115|City of Harrisonburg|    US 33 E Market St| 587176|0|0|0|    Jurisdiction Boundary: 115 City of Harrisonburg / |1005811|0|0|.37|    01/01/2022|1614|G|95|1|1|0|1|0|F|.105|6 |.53|3015|G||||||||||||||
781661|0|S-VA115PR SWITCHBOARD RD||||S-VA115PR SWITCHBOARD RD|Switchboard Rd|Switchboard Rd|115|City of Harrisonburg|115|City of Harrisonburg|    US 33 Market St|1006429|0|0|0|    NCL Harrisonburg, 82-910| 587289|0|0|.2|    01/01/2022|2711|G|96|0|1|1|1|0|C|.113|6 |.5|4574|G||||||||||||||
637712|0|S-VA115PR VINE ST||||S-VA115PR VINE ST|Vine St|Vine St|115|City of Harrisonburg|115|City of Harrisonburg|    US 11 N Main St| 713247|0|0|0|    Country Club Dr| 587268|0|0|1.39|    01/01/2022|7684|G|94|1|1|2|2|0|C|.09|6 |.54|14093|G||||||||||||||
637656|0|S-VA115PR WATERMAN DR||||S-VA115PR WATERMAN DR|Waterman Dr|Waterman Dr|115|City of Harrisonburg|115|City of Harrisonburg|    W Market St| 587290|0|0|0|    Jurisdiction Boundary: 115 City of Harrisonburg / |1006449|0|0|1.23|    01/01/2022|3433|G|94|1|1|1|3|0|C|.097|6 |.52|5814|G||||||||||||||
637694|0|S-VA115PR WOLFE ST||||S-VA115PR WOLFE ST|Wolfe St|Wolfe St|115|City of Harrisonburg|115|City of Harrisonburg|    N Main St| 587245|0|0|0|    | 587252|0|0|.67|    01/01/2022|839|G|96|1|2|0|0|0|C|.105|6 |.56|1419|G||||||||||||||
637667|0|S-VA115PR WOLFE ST W||||S-VA115PR WOLFE ST W|Wolfe St W|Wolfe St|115|City of Harrisonburg|115|City of Harrisonburg|    N Liberty St| 587245|0|0|0|    N Main St| 587244|0|0|.11|    01/01/2022|2090|G|96|1|2|0|0|0|F|.105|6 |.54|3542|G||||||||||||||
637668|0|S-VA115PR WOLFE ST W||||S-VA115PR WOLFE ST W|Wolfe St W|Wolfe St|115|City of Harrisonburg|115|City of Harrisonburg|    SR 42 N High St| 587244|0|0|.11|    Jurisdiction Boundary: 115 City of Harrisonburg / |1008106|0|0|.756|    01/01/2022|1869|G|96|1|2|0|0|0|F|.105|6 |.54|3426|G||||||||||||||
