sep=|
- - 2022 AADT Report for Town of Hillsboro - -
LINKID|SEQUENCENUMBER|RTE_NM|RTE_NM_2|RTE_NM_3|RTE_NM_4|Host RTE_NM|Route Label|Street Name|Physical Jurisdiction|Physical Jurisdiciton Name|Maintenance Jurisdiction|Maintenance Jurisdiciton Name|    Start Label|Start Node|Start Node Route Sequence|Star tOffset|Start Milepoint|    End Label|End Node|End Node Route Sequence|End Offset|End Milepoint|    VPDDate|AADT|AADT Quality|Passenger Vehicle|Bus|Truck 2 Axle|Truck 3 Axle|Truck 1 Trailer|Truck 2 Trailer|Class Quality|K Factor|K Factor Quality|Direction Factor|AAWDT|AAWDT Quality|AADT Dir|AADT Quality Dir|PassengerVehicle Dir|Bus Dir|Truck 2 Axle Dir|Truck 3 Axle Dir|Truck 1 Trailer Dir|Truck 2 Trailer Dir|Class Quality Dir|K Factor Dir|K Factor Quality Dir|Direction Factor Dir|AAWDT Dir|AAWDT Quality Dir
090013|0|R-VA   SR00009EB||||R-VA   SR00009EB|VA 9|Charles Town Pike|236|Town of Hillsboro|053|Loudoun County|    | 429750|0|0|4.92|    Physical Jurisdiction Boundary: 236 Town of Hillsboro / 053 Loudoun County| 429751|0|0|5.31|    01/01/2022|12017|G|97|0|1|1|1|0|F|.122|1 |.71|11742|G||||||||||||||
301543|0|R-VA053SC00690NB||||R-VA053SC00690NB|53-690|Mountain Rd|236|Town of Hillsboro|053|Loudoun County|    SR 9 E, Charles Town Pike|1173430|0|0|8.692|    Physical Jurisdiction Boundary: 236 Town of Hillsboro / 053 Loudoun County|1267428|0|0|8.726|    01/01/2022|1391|G|96|2|1|1|1|0|C|.126|6 |.78|1356|G||||||||||||||
750251|0|R-VA053SC00812NB||||R-VA053SC00812NB|53-812|Gaver Mill Rd|236|Town of Hillsboro|053|Loudoun County|    | 428590|0|0|.37|    SR 9 Charles Town Pike| 428589|0|0|.47|    05/25/2010|228|R|||||||X||24|||X||||||||||||||
