sep=|
- - 2022 AADT Report for Town of Mount Jackson - -
LINKID|SEQUENCENUMBER|RTE_NM|RTE_NM_2|RTE_NM_3|RTE_NM_4|Host RTE_NM|Route Label|Street Name|Physical Jurisdiction|Physical Jurisdiciton Name|Maintenance Jurisdiction|Maintenance Jurisdiciton Name|    Start Label|Start Node|Start Node Route Sequence|Star tOffset|Start Milepoint|    End Label|End Node|End Node Route Sequence|End Offset|End Milepoint|    VPDDate|AADT|AADT Quality|Passenger Vehicle|Bus|Truck 2 Axle|Truck 3 Axle|Truck 1 Trailer|Truck 2 Trailer|Class Quality|K Factor|K Factor Quality|Direction Factor|AAWDT|AAWDT Quality|AADT Dir|AADT Quality Dir|PassengerVehicle Dir|Bus Dir|Truck 2 Axle Dir|Truck 3 Axle Dir|Truck 1 Trailer Dir|Truck 2 Trailer Dir|Class Quality Dir|K Factor Dir|K Factor Quality Dir|Direction Factor Dir|AAWDT Dir|AAWDT Quality Dir
080104|0|R-VA   SR00263EB||||R-VA   SR00263EB|VA 263|Orkney Grade|265|Town of Mount Jackson|085|Shenandoah County|    | 602092|0|0|12.31|    US 11| 602054|0|0|12.83|    01/01/2022|3602|G|98|1|1|1|0|0|F|.091|6 |.52|3278|G||||||||||||||
080508|0|R-VA   SR00292EB||||R-VA   SR00292EB|VA 292|Conicville Rd|265|Town of Mount Jackson|085|Shenandoah County|    Jurisdiction Boundary: 085 Shenandoah County| 602104|0|0|.16|    US 11 Main St| 602050|0|0|.39|    01/01/2022|11270|G|64|1|1|2|30|2|C|.078|6 |.51|11245|G||||||||||||||
080146|0|R-VA   US00011NB||||R-VA   US00011NB|US 11|Old Valley Pike|265|Town of Mount Jackson|085|Shenandoah County|    | 602055|0|0|286.87|    SR 263 Orkney Grade| 602054|0|0|287.59|    01/01/2022|5158|G|96|0|1|1|1|0|C|.095|6 |.52|5165|G||||||||||||||
080195|0|R-VA   US00011NB||||R-VA   US00011NB|US 11|Main St|265|Town of Mount Jackson|085|Shenandoah County|    SR 263 Orkney Grade| 602054|0|0|287.59|    SR 292 Conicville Rd| 602050|0|0|288.95|    01/01/2022|8291|G|96|0|1|1|1|0|F|.093|6 |.5|8303|G||||||||||||||
080186|0|R-VA   US00011NB||||R-VA   US00011NB|US 11|Main St|265|Town of Mount Jackson|085|Shenandoah County|    SR 292 Conicville Rd| 602050|0|0|288.95|    Physical Jurisdiction Boundary: 265 Town of Mount Jackson / 085 Shenandoah County| 602049|0|0|289.44|    01/01/2022|5921|G|96|0|1|1|1|0|F|.093|6 |.5|5929|G||||||||||||||
302787|0|R-VA085SC00698NB||||R-VA085SC00698NB|85-698|Orchard Dr|265|Town of Mount Jackson|085|Shenandoah County|    WCL Mt Jackson| 601384|0|0|3.81|    SR 263 WEST| 601843|0|0|4.1|    01/01/2022|560|G|98|0|1|1|0|0|C|.108|6 |.54|558|G||||||||||||||
770660|0|R-VA085SC00698NB||||R-VA085SC00698NB|85-698|Race St|265|Town of Mount Jackson|085|Shenandoah County|    SR 263 EAST| 601382|0|0|4.22|    US 11 S, Main St| 601842|0|0|4.33|    11/27/2017|24|R|||||||X||24|||X||||||||||||||
302788|0|R-VA085SC00698NB||||R-VA085SC00698NB|85-698|Red Banks Rd|265|Town of Mount Jackson|085|Shenandoah County|    US 11 N, Main St| 601381|0|0|4.57|    ECL Mt Jackson| 601380|0|0|4.76|    01/01/2022|1018|G|98|0|1|1|0|0|C|.1|6 |.57|1022|G||||||||||||||
770785|0|R-VA085SC00743EB||||R-VA085SC00743EB|85-743|Shenandoah St|265|Town of Mount Jackson|085|Shenandoah County|    85-1328 Railroad St| 601498|0|0|0|    85-1329 Second Ave| 601497|0|0|.04|    07/27/2020|202|R|||||||X||24|||X||||||||||||||
770786|0|R-VA085SC00743EB||||R-VA085SC00743EB|85-743|Shenandoah St|265|Town of Mount Jackson|085|Shenandoah County|    85-1329 Second Ave| 601497|0|0|.04|    US 11 Main St| 601496|0|0|.32|    08/26/2011|318|R|||||||X||24|||X||||||||||||||
770800|0|R-VA085SC00753EB||||R-VA085SC00753EB|85-753|Jackson St|265|Town of Mount Jackson|085|Shenandoah County|    85-1328 Railroad St| 601507|0|0|0|    85-1333 Painters St| 601506|0|0|.048|    07/27/2020|247|R|||||||X||24|||X||||||||||||||
770801|0|R-VA085SC00753EB||||R-VA085SC00753EB|85-753|Jackson St|265|Town of Mount Jackson|085|Shenandoah County|    85-1333 Painters St| 601506|0|0|.048|    85-1330 First Ave| 601505|0|0|.15|    11/27/2017|294|R|||||||X||24|||X||||||||||||||
770802|0|R-VA085SC00753EB||||R-VA085SC00753EB|85-753|Jackson St|265|Town of Mount Jackson|085|Shenandoah County|    85-1330 First Ave| 601505|0|0|.15|    US 11 Main St| 601504|0|0|.25|    07/27/2020|404|R|||||||X||24|||X||||||||||||||
770879|0|R-VA085SC00790EB||||R-VA085SC00790EB|85-790|Center St|265|Town of Mount Jackson|085|Shenandoah County|    85-1320 Moore Ave| 601561|0|0|0|    85-1322 Randall St| 601560|0|0|.1|    07/27/2020|139|R|||||||X||24|||X||||||||||||||
770880|0|R-VA085SC00790EB||||R-VA085SC00790EB|85-790|Center St|265|Town of Mount Jackson|085|Shenandoah County|    85-1322 Randall St| 601560|0|0|.1|    US 11 Main St| 601559|0|0|.22|    07/27/2020|453|R|||||||X||24|||X||||||||||||||
302821|0|R-VA085SC01301NB||||R-VA085SC01301NB|85-1301|Dutch Lane|265|Town of Mount Jackson|085|Shenandoah County|    US 11 Main St| 601704|0|0|0|    85-1305 Lonas St| 601707|0|0|.25|    01/01/2022|641|G|98|0|1|0|0|0|C|.119|6 |.52|643|G||||||||||||||
771008|0|R-VA085SC01301NB||||R-VA085SC01301NB|85-1301|Dutch Lane|265|Town of Mount Jackson|085|Shenandoah County|    85-1305 Lonas St| 601707|0|0|.25|    Dead End| 601709|0|0|.38|    07/27/2020|176|R|||||||X||24|||X||||||||||||||
771009|0|R-VA085SC01302NB||||R-VA085SC01302NB|85-1302|Shannon Ave|265|Town of Mount Jackson|085|Shenandoah County|    Dead End| 601712|0|0|0|    85-1307 Shannon Ave| 601711|0|0|.08|    07/27/2020|27|R|||||||X||24|||X||||||||||||||
771010|0|R-VA085SC01302NB||||R-VA085SC01302NB|85-1302|Shannon Ave|265|Town of Mount Jackson|085|Shenandoah County|    85-1307 Shannon Ave| 601711|0|0|.08|    US 11 Main St| 601710|0|0|.14|    09/15/2014|198|R|||||||X||24|||X||||||||||||||
771011|0|R-VA085SC01303EB||||R-VA085SC01303EB|85-1303|Tisinger St|265|Town of Mount Jackson|085|Shenandoah County|    85-1305 Lonas St| 601715|0|0|0|    85-1306 Broad St| 601714|0|0|.08|    09/17/2014|70|R|||||||X||24|||X||||||||||||||
771012|0|R-VA085SC01303EB||||R-VA085SC01303EB|85-1303|Tisinger St|265|Town of Mount Jackson|085|Shenandoah County|    85-1306 Broad St| 601714|0|0|.08|    85-1304 Gospel St| 601713|0|0|.16|    11/27/2017|46|R|||||||X||24|||X||||||||||||||
771013|0|R-VA085SC01304NB||||R-VA085SC01304NB|85-1304|Gospel St|265|Town of Mount Jackson|085|Shenandoah County|    85-1324 Orkney Dr| 601716|0|0|0|    85-1301 Dutch Lane| 601705|0|0|.36|    07/27/2020|161|R|||||||X||24|||X||||||||||||||
771014|0|R-VA085SC01305NB||||R-VA085SC01305NB|85-1305|Lonas St|265|Town of Mount Jackson|085|Shenandoah County|    Dead End| 601984|0|0|0|    85-1303 Tisinger St| 601715|0|0|.02|    03/09/2020|25|T|||||||X||24|||X||||||||||||||
771015|0|R-VA085SC01305NB||||R-VA085SC01305NB|85-1305|Lonas St|265|Town of Mount Jackson|085|Shenandoah County|    85-1303 Tisinger St| 601715|0|0|.02|    85-1326 Wunder St| 601717|0|0|.13|    07/27/2020|90|R|||||||X||24|||X||||||||||||||
771016|0|R-VA085SC01305NB||||R-VA085SC01305NB|85-1305|Lonas St|265|Town of Mount Jackson|085|Shenandoah County|    85-1326 Wunder St| 601717|0|0|.13|    85-1332 Swan Dr| 601718|0|0|.18|    08/31/2011|151|R|||||||X||24|||X||||||||||||||
771017|0|R-VA085SC01305NB||||R-VA085SC01305NB|85-1305|Lonas St|265|Town of Mount Jackson|085|Shenandoah County|    85-1332 Swan Dr| 601718|0|0|.18|    85-1306 Broad St| 601719|0|0|.3|    07/27/2020|116|R|||||||X||24|||X||||||||||||||
771018|0|R-VA085SC01305NB||||R-VA085SC01305NB|85-1305|Lonas St|265|Town of Mount Jackson|085|Shenandoah County|    85-1306 Broad St| 601719|0|0|.3|    85-1301 Dutch Lane| 601707|0|0|.37|    08/31/2011|226|R|||||||X||24|||X||||||||||||||
771019|0|R-VA085SC01306NB||||R-VA085SC01306NB|85-1306|Broad St|265|Town of Mount Jackson|085|Shenandoah County|    85-1324 Orkney Dr| 601720|0|0|0|    85-1305 Lonas St| 601719|0|0|.42|    07/27/2020|217|R|||||||X||24|||X||||||||||||||
771020|0|R-VA085SC01307EB||||R-VA085SC01307EB|85-1307|Shannon Ave|265|Town of Mount Jackson|085|Shenandoah County|    85-1302 Shannon Ave| 601711|0|0|0|    Dead End| 601985|0|0|.08|    03/09/2020|80|T|||||||X||24|||X||||||||||||||
771021|0|R-VA085SC01308EB||||R-VA085SC01308EB|85-1308|Shenell Dr|265|Town of Mount Jackson|085|Shenandoah County|    US 11 Main St| 601724|0|0|0|    End Loop| 601725|1|0|.25|    09/15/2014|202|R|||||||X||24|||X||||||||||||||
771022|0|R-VA085SC01309EB||||R-VA085SC01309EB|85-1309|Apple Ave|265|Town of Mount Jackson|085|Shenandoah County|    US 11 Main St| 601726|0|0|0|    85-1310 E, Dogwood Dr| 601986|0|0|.13|    08/31/2011|236|R|||||||X||24|||X||||||||||||||
771023|0|R-VA085SC01310EB||||R-VA085SC01310EB|85-1310|Dogwood Dr|265|Town of Mount Jackson|085|Shenandoah County|    85-1312 W, Maple Ave| 601728|0|0|0|    85-1309 W, Apple Ave| 601727|0|0|.09|    07/27/2020|54|R|||||||X||24|||X||||||||||||||
771024|0|R-VA085SC01310EB||||R-VA085SC01310EB|85-1310|Dogwood Dr|265|Town of Mount Jackson|085|Shenandoah County|    85-1309 W, Apple Ave| 601727|0|0|.09|    85-1309 E, Apple Ave| 601986|0|0|.28|    09/15/2014|97|R|||||||X||24|||X||||||||||||||
771025|0|R-VA085SC01310EB||||R-VA085SC01310EB|85-1310|Dogwood Dr|265|Town of Mount Jackson|085|Shenandoah County|    85-1309 E, Apple Ave| 601986|0|0|.28|    85-1312 E, Maple Ave| 601987|0|0|.37|    07/27/2020|74|R|||||||X||24|||X||||||||||||||
771026|0|R-VA085SC01310EB||||R-VA085SC01310EB|85-1310|Dogwood Dr|265|Town of Mount Jackson|085|Shenandoah County|    85-1312 E, Maple Ave| 601987|0|0|.37|    85-1325 Elm Dr| 601729|0|0|.42|    08/31/2011|121|R|||||||X||24|||X||||||||||||||
771027|0|R-VA085SC01310EB||||R-VA085SC01310EB|85-1310|Dogwood Dr|265|Town of Mount Jackson|085|Shenandoah County|    85-1325 Elm Dr| 601729|0|0|.42|    85-1316 East Avondale Ave| 601730|0|0|.49|    07/27/2020|98|R|||||||X||24|||X||||||||||||||
771028|0|R-VA085SC01311NB||||R-VA085SC01311NB|85-1311|Montvue Ave|265|Town of Mount Jackson|085|Shenandoah County|    Dead End| 601732|0|0|0|    0.10 MN Dead End| 601732|0|.1|.1|    09/15/2014|84|R|||||||X||24|||X||||||||||||||
771029|0|R-VA085SC01311NB||||R-VA085SC01311NB|85-1311|Montvue Ave|265|Town of Mount Jackson|085|Shenandoah County|    0.10 MN Dead End| 601732|0|.1|.1|    US 11 Main St| 601731|0|0|.19|    09/15/2014|84|R|||||||X||24|||X||||||||||||||
771030|0|R-VA085SC01312EB||||R-VA085SC01312EB|85-1312|Maple Ave|265|Town of Mount Jackson|085|Shenandoah County|    US 11 Main St| 601733|0|0|0|    85-1310 W, Dogwood Dr| 601728|0|0|.07|    11/27/2017|223|R|||||||X||24|||X||||||||||||||
771031|0|R-VA085SC01312EB||||R-VA085SC01312EB|85-1312|Maple Ave|265|Town of Mount Jackson|085|Shenandoah County|    85-1310 W, Dogwood Dr| 601728|0|0|.07|    85-1310 E, Dogwood Dr| 601987|0|0|.13|    09/15/2014|199|R|||||||X||24|||X||||||||||||||
771032|0|R-VA085SC01312EB||||R-VA085SC01312EB|85-1312|Maple Ave|265|Town of Mount Jackson|085|Shenandoah County|    85-1310 E, Dogwood Dr| 601987|0|0|.13|    ECL Mount Jackson| 713425|0|0|.16|    07/27/2020|32|R|||||||X||24|||X||||||||||||||
771033|0|R-VA085SC01313EB||||R-VA085SC01313EB|85-1313|Hopewell Ave|265|Town of Mount Jackson|085|Shenandoah County|    85-1314 Nelson St| 601734|0|0|0|    Dead End| 601988|0|0|.12|    08/31/2011|99|R|||||||X||24|||X||||||||||||||
771034|0|R-VA085SC01314EB||||R-VA085SC01314EB|85-1314|Nelson St|265|Town of Mount Jackson|085|Shenandoah County|    Dead End| 601989|0|0|0|    85-1313 Hopewell Ave| 601734|0|0|.13|    07/27/2020|137|R|||||||X||24|||X||||||||||||||
771035|0|R-VA085SC01314EB||||R-VA085SC01314EB|85-1314|Nelson St|265|Town of Mount Jackson|085|Shenandoah County|    85-1313 Hopewell Ave| 601734|0|0|.13|    US 11 Main St| 601735|0|0|.34|    08/31/2011|402|R|||||||X||24|||X||||||||||||||
771036|0|R-VA085SC01315NB||||R-VA085SC01315NB|85-1315|Mill Creek Lane|265|Town of Mount Jackson|085|Shenandoah County|    Dead End| 601990|0|0|0|    85-698 Orchard Dr| 601383|0|0|.15|    03/09/2020|35|T|||||||X||24|||X||||||||||||||
771037|0|R-VA085SC01316EB||||R-VA085SC01316EB|85-1316|East Avondale Ave|265|Town of Mount Jackson|085|Shenandoah County|    Dead End| 601736|0|0|0|    US 11 Main St| 601737|0|0|.18|    11/27/2017|649|R|||||||X||24|||X||||||||||||||
771038|0|R-VA085SC01316EB||||R-VA085SC01316EB|85-1316|East Avondale Ave|265|Town of Mount Jackson|085|Shenandoah County|    US 11 Main St| 601737|0|0|.18|    Cul-de-Sac| 744778|0|0|.49|    07/27/2020|206|R|||||||X||24|||X||||||||||||||
771045|0|R-VA085SC01320NB||||R-VA085SC01320NB|85-1320|Moore Ave|265|Town of Mount Jackson|085|Shenandoah County|    Dead End| 601993|0|0|0|    85-790 Center St| 601561|0|0|.04|    03/09/2020|30|T|||||||X||24|||X||||||||||||||
771046|0|R-VA085SC01320NB||||R-VA085SC01320NB|85-1320|Moore Ave|265|Town of Mount Jackson|085|Shenandoah County|    85-790 Center St| 601561|0|0|.04|    85-1321 Craig St| 601744|0|0|.12|    09/17/2014|67|R|||||||X||24|||X||||||||||||||
771047|0|R-VA085SC01321EB||||R-VA085SC01321EB|85-1321|Craig St|265|Town of Mount Jackson|085|Shenandoah County|    85-1320 Moore Ave| 601744|0|0|0|    85-1322 Randall St| 601745|0|0|.08|    07/27/2020|77|R|||||||X||24|||X||||||||||||||
771048|0|R-VA085SC01322NB||||R-VA085SC01322NB|85-1322|Randall St|265|Town of Mount Jackson|085|Shenandoah County|    Dead End| 601994|0|0|0|    85-790 Center St| 601560|0|0|.06|    03/09/2020|45|T|||||||X||24|||X||||||||||||||
771049|0|R-VA085SC01322NB||||R-VA085SC01322NB|85-1322|Randall St|265|Town of Mount Jackson|085|Shenandoah County|    85-790 Center St| 601560|0|0|.06|    85-1321 Craig St| 601745|0|0|.14|    07/27/2020|104|R|||||||X||24|||X||||||||||||||
771050|0|R-VA085SC01323EB||||R-VA085SC01323EB|85-1323|Medical Dr|265|Town of Mount Jackson|085|Shenandoah County|    US 11 Main St| 601746|0|0|0|    Dead End| 601747|0|0|.06|    11/27/2017|427|R|||||||X||24|||X||||||||||||||
771051|0|R-VA085SC01324EB||||R-VA085SC01324EB|85-1324|Orkney Dr|265|Town of Mount Jackson|085|Shenandoah County|    SR 263| 601749|0|0|0|    85-1306 Broad St| 601720|0|0|.03|    07/27/2020|556|R|||||||X||24|||X||||||||||||||
771052|0|R-VA085SC01324EB||||R-VA085SC01324EB|85-1324|Orkney Dr|265|Town of Mount Jackson|085|Shenandoah County|    85-1306 Broad St| 601720|0|0|.03|    85-1304 Gospel St| 601716|0|0|.1|    08/25/2011|415|R|||||||X||24|||X||||||||||||||
771053|0|R-VA085SC01324EB||||R-VA085SC01324EB|85-1324|Orkney Dr|265|Town of Mount Jackson|085|Shenandoah County|    85-1304 Gospel St| 601716|0|0|.1|    US 11 Main St| 601748|0|0|.26|    07/27/2020|487|R|||||||X||24|||X||||||||||||||
771054|0|R-VA085SC01325NB||||R-VA085SC01325NB|85-1325|Elm Dr|265|Town of Mount Jackson|085|Shenandoah County|    85-1310 Dogwood Dr| 601729|0|0|0|    85-1316 East Avondale Ave| 601738|0|0|.13|    08/31/2011|43|R|||||||X||24|||X||||||||||||||
771055|0|R-VA085SC01326EB||||R-VA085SC01326EB|85-1326|Wunder St|265|Town of Mount Jackson|085|Shenandoah County|    Dead End| 601995|0|0|0|    0.07 ME Dead End| 601995|0|.07|.07|    07/27/2020|83|R|||||||X||24|||X||||||||||||||
771056|0|R-VA085SC01326EB||||R-VA085SC01326EB|85-1326|Wunder St|265|Town of Mount Jackson|085|Shenandoah County|    0.07 ME Dead End| 601995|0|.07|.07|    85-1305 Lonas St| 601717|0|0|.12|    07/27/2020|169|R|||||||X||24|||X||||||||||||||
771057|0|R-VA085SC01326EB||||R-VA085SC01326EB|85-1326|Wunder St|265|Town of Mount Jackson|085|Shenandoah County|    85-1305 Lonas St| 601717|0|0|.12|    85-1306 Broad St| 601721|0|0|.2|    07/27/2020|187|R|||||||X||24|||X||||||||||||||
771058|0|R-VA085SC01327NB||||R-VA085SC01327NB|85-1327|Broad St|265|Town of Mount Jackson|085|Shenandoah County|    Dead End| 601996|0|0|0|    85-1301 Dutch Lane| 601708|0|0|.12|    09/15/2014|118|R|||||||X||24|||X||||||||||||||
771059|0|R-VA085SC01328NB||||R-VA085SC01328NB|85-1328|Railroad St|265|Town of Mount Jackson|085|Shenandoah County|    Dead End| 706213|0|0|0|    85-743 Shenandoah St| 601498|0|0|.03|    07/27/2020|20|T|||||||X||24|||X||||||||||||||
771060|0|R-VA085SC01328NB||||R-VA085SC01328NB|85-1328|Railroad St|265|Town of Mount Jackson|085|Shenandoah County|    85-743 Shenandoah St| 601498|0|0|.03|    85-1329 Second Ave| 601750|0|0|.1|    07/27/2020|145|R|||||||X||24|||X||||||||||||||
771061|0|R-VA085SC01328NB||||R-VA085SC01328NB|85-1328|Railroad St|265|Town of Mount Jackson|085|Shenandoah County|    85-1329 Second Ave| 601750|0|0|.1|    85-753 Jackson St| 601507|0|0|.23|    08/26/2011|185|R|||||||X||24|||X||||||||||||||
771062|0|R-VA085SC01329NB||||R-VA085SC01329NB|85-1329|Second Ave|265|Town of Mount Jackson|085|Shenandoah County|    85-743 Shenandoah St| 601497|0|0|0|    85-1328 Railroad St| 601750|0|0|.1|    11/27/2017|34|R|||||||X||24|||X||||||||||||||
771063|0|R-VA085SC01330EB||||R-VA085SC01330EB|85-1330|First Ave|265|Town of Mount Jackson|085|Shenandoah County|    85-753 Jackson St| 601505|0|0|0|    85-1333 Painters St| 601752|0|0|.14|    11/27/2017|84|R|||||||X||24|||X||||||||||||||
771064|0|R-VA085SC01330EB||||R-VA085SC01330EB|85-1330|First Ave|265|Town of Mount Jackson|085|Shenandoah County|    85-1333 Painters St| 601752|0|0|.14|    US 11 Main St| 601751|0|0|.25|    07/27/2020|69|R|||||||X||24|||X||||||||||||||
771065|0|R-VA085SC01331NB||||R-VA085SC01331NB|85-1331|Robin St|265|Town of Mount Jackson|085|Shenandoah County|    85-1306 Broad St| 601723|0|0|0|    85-1301 Dutch Lane| 601706|0|0|.06|    08/31/2011|377|R|||||||X||24|||X||||||||||||||
771066|0|R-VA085SC01332EB||||R-VA085SC01332EB|85-1332|Swan Dr|265|Town of Mount Jackson|085|Shenandoah County|    85-1305 Lonas St| 601718|0|0|0|    85-1306 Broad St| 601722|0|0|.08|    07/27/2020|59|R|||||||X||24|||X||||||||||||||
771067|0|R-VA085SC01333EB||||R-VA085SC01333EB|85-1333|Painters St|265|Town of Mount Jackson|085|Shenandoah County|    85-753 Jackson St| 601506|0|0|0|    85-1330 First Ave| 601752|0|0|.2|    11/27/2017|18|R|||||||X||24|||X||||||||||||||
771068|0|R-VA085SC01334EB||||R-VA085SC01334EB|85-1334|Bridge St|265|Town of Mount Jackson|085|Shenandoah County|    US 11 Main St| 601753|0|0|0|    ECL Mt Jackson| 601754|0|0|.19|    09/15/2014|164|R|||||||X||24|||X||||||||||||||
793414|0|R-VA085SC01335EB||||R-VA085SC01335EB|85-1335| |265|Town of Mount Jackson|085|Shenandoah County|    85-1306 Broad St| 743711|0|0|0|    Dead End| 743712|0|0|.05|    09/17/2014|40|R|||||||X||24|||X||||||||||||||
