sep=|
- - 2022 AADT Report for Warren County - -
LINKID|SEQUENCENUMBER|RTE_NM|RTE_NM_2|RTE_NM_3|RTE_NM_4|Host RTE_NM|Route Label|Street Name|Physical Jurisdiction|Physical Jurisdiciton Name|Maintenance Jurisdiction|Maintenance Jurisdiciton Name|    Start Label|Start Node|Start Node Route Sequence|Star tOffset|Start Milepoint|    End Label|End Node|End Node Route Sequence|End Offset|End Milepoint|    VPDDate|AADT|AADT Quality|Passenger Vehicle|Bus|Truck 2 Axle|Truck 3 Axle|Truck 1 Trailer|Truck 2 Trailer|Class Quality|K Factor|K Factor Quality|Direction Factor|AAWDT|AAWDT Quality|AADT Dir|AADT Quality Dir|PassengerVehicle Dir|Bus Dir|Truck 2 Axle Dir|Truck 3 Axle Dir|Truck 1 Trailer Dir|Truck 2 Trailer Dir|Class Quality Dir|K Factor Dir|K Factor Quality Dir|Direction Factor Dir|AAWDT Dir|AAWDT Quality Dir
780463|0|R-VA   FR00225EB||||R-VA   FR00225EB|FR 225|Cooley Dr|093|Warren County|093|Warren County|    Dead End| 641215|0|0|0|    93-609 Ritenour Hollow Rd| 641208|0|0|.71|    08/17/2017|626|R|||||||X||24|||X||||||||||||||
780507|0|R-VA   FR00283EB||||R-VA   FR00283EB|FR 283| |093|Warren County|093|Warren County|    Dead End| 641216|0|0|0|    Fauquier County Line| 314194|0|0|.41|    08/22/2017|35|R|||||||X||24|||X||||||||||||||
780509|0|R-VA   FR00285NB||||R-VA   FR00285NB|FR 285| |093|Warren County|093|Warren County|    Dead End| 641217|0|0|0|    93-647 Dismal Hollow Rd| 641211|0|0|.24|    08/23/2017|70|R|||||||X||24|||X||||||||||||||
780674|0|R-VA   FR00730NB||||R-VA   FR00730NB|FR 730|Townsen Dr|093|Warren County|093|Warren County|    Dead End| 641218|0|0|0|    US 522 Winchester Rd| 641129|0|0|.26|    07/28/2014|3101|R|||||||X||24|||X||||||||||||||
780675|0|R-VA   FR00731NB||||R-VA   FR00731NB|FR 731|Paterson Dr|093|Warren County|093|Warren County|    93-655 Country Club Rd| 641212|0|0|0|    Dead End| 641219|0|0|.26|    07/30/2008|4099|R|||||||X||24|||X||||||||||||||
780798|0|R-VA   FR00870NB||||R-VA   FR00870NB|FR 870| |093|Warren County|093|Warren County|    SR 79; Ramps To & From I-66| 641213|0|0|0|    Dead End| 641214|0|0|.08|    08/23/2017|2453|R|||||||X||24|||X||||||||||||||
080193|0|R-VA   IS00066EB||||R-VA   IS00066EB|I-66|I-66 E Ramp|093|Warren County|093|Warren County|    I-81 North| 334213|0|0|0|    Ramp from I-81 South| 641225|0|0|.25|    01/01/2022|22925|F|84|1|1|1|13|1|F|.072|6 |.58|21531|F|11357|F|83|1|1|1|13|1|F|.063|6 |1|10604|F
080192|0|R-VA   IS00066EB||||R-VA   IS00066EB|I-66| |093|Warren County|093|Warren County|    I-81| 641225|0|0|.25|    | 641226|0|0|6.61|    01/01/2022|34901|A|84|1|1|1|13|1|F|.101|1 |.55|33756|A|17531|A|83|1|1|1|13|1|F|.105|1 |1|16887|A
080190|0|R-VA   IS00066EB||||R-VA   IS00066EB|I-66| |093|Warren County|093|Warren County|    US 340, US 522 Winchester Rd| 641226|0|0|6.61|    | 641227|0|0|13.1|    01/01/2022|32076|A|84|1|1|1|13|1|C|.103|1 |.6|30125|A|16020|A|83|1|1|1|13|1|C|.114|1 |1|14958|A
980188|0|R-VA   IS00066EB||||R-VA   IS00066EB|I-66| |093|Warren County|093|Warren County|    SR 79| 641227|0|0|13.1|    |  50353|0|0|14.66|    01/01/2022|38115|A|84|1|1|1|13|1|F|.099|1 |.65|36842|A|19116|A|83|1|1|1|13|1|F|.112|1 |1|18490|A
782792|0|R-VA   IS00066EB      RMP006.00A||||R-VA   IS00066EB      RMP006.00A|I-66  EB EXIT 6A|Ramp|093|Warren County|093|Warren County|    I-66 East| 641226|0|0|0|    I-66 East Exit 6B Ramp| 756507|0|0|.11|    01/01/2022|5560|F|||||||X|.093|6 |1|5904|F||||||||||||||
782793|0|R-VA   IS00066EB      RMP013.00A||||R-VA   IS00066EB      RMP013.00A|I-66  EB EXIT 13A|Ramp|093|Warren County|093|Warren County|    I-66 East| 641227|0|0|0|    SR 79 Apple Mountain Rd| 641375|0|0|.19|    01/01/2022|2185|F|||||||X|.206|6 |1|2206|F||||||||||||||
190154|0|R-VA   IS00066WB||||R-VA   IS00066WB|I-66|I-66 W Ramp|034|Frederick County|093|Warren County|    I-81 South| 334214|0|0|0|    Physical Jurisdiction Boundary: 034 Frederick County / 093 Warren County| 700779|0|0|.42|    01/01/2022|22925|F|84|1|1|1|13|1|F|.072|6 |.58|21531|F|11568|F|84|1|1|1|13|0|F|.083|6 |1|10927|F
190154|0|R-VA   IS00066WB||||R-VA   IS00066WB|I-66|I-66 W Ramp|093|Warren County|093|Warren County|    Jurisdiction Boundary: | 700779|0|0|.42|    Ramp to I-81 North| 641229|0|0|.46|    01/01/2022|22925|F|84|1|1|1|13|1|F|.072|6 |.58|21531|F|11568|F|84|1|1|1|13|0|F|.083|6 |1|10927|F
190052|0|R-VA   IS00066WB||||R-VA   IS00066WB|I-66| |093|Warren County|093|Warren County|    I-81| 641229|0|0|.46|    | 641232|0|0|7.08|    01/01/2022|34901|A|84|1|1|1|13|1|F|.101|1 |.55|33756|A|17370|A|84|1|1|1|13|0|F|.115|1 |1|16869|A
190051|0|R-VA   IS00066WB||||R-VA   IS00066WB|I-66| |093|Warren County|093|Warren County|    US 340, US 522 Winchester Rd| 641232|0|0|7.08|    SR 79| 641234|0|0|13.63|    01/01/2022|32076|A|84|1|1|1|13|1|C|.103|1 |.6|30125|A|16056|A|84|1|1|1|13|0|C|.123|1 |1|15167|A
190050|0|R-VA   IS00066WB||||R-VA   IS00066WB|I-66| |093|Warren County|093|Warren County|    SR 79| 641234|0|0|13.63|    |  50039|0|0|14.83|    01/01/2022|38115|A|84|1|1|1|13|1|F|.099|1 |.65|36842|A|18999|A|84|1|1|1|13|0|F|.128|1 |1|18352|A
782832|0|R-VA   IS00066WB      RMP006.00A||||R-VA   IS00066WB      RMP006.00A|I-66  WB EXIT 6A|Ramp|093|Warren County|093|Warren County|    I-66 West| 641232|0|0|0|    US 340, US 522 Winchester Rd|1279342|0|0|.22|    01/01/2022|4638|F|||||||X|.108|6 |1|4925|F||||||||||||||
782833|0|R-VA   IS00066WB      RMP013.00A||||R-VA   IS00066WB      RMP013.00A|I-66  WB EXIT 13A|Ramp|093|Warren County|093|Warren County|    I-66 West| 641234|0|0|0|    SR 79 Apple Mountain Rd| 641213|0|0|.18|    01/01/2022|4782|F|||||||X|.135|6 |1|5078|F||||||||||||||
980503|0|R-VA   IS00081NB||||R-VA   IS00081NB|I-81| |093|Warren County|093|Warren County|    | 334082|0|0|299.72|    Jurisdiction Boundary: 085 Shenandoah County / 093 Warren County| 334213|0|0|301.01|    01/01/2022|60357|A|73|1|1|1|22|2|F|.094|1 |.51|59390|A|30918|A|72|1|1|1|23|2|F|.098|1 |1|30405|A
080230|0|R-VA   IS00081NB||||R-VA   IS00081NB|I-81| |093|Warren County|093|Warren County|    I-66; Warren County Line| 334213|0|0|301.01|    |1272651|0|0|301.1|    01/01/2022|54045|A|77|1|1|1|19|1|F|.093|1 |.51|54617|A|27327|A|77|1|1|1|19|1|F|.094|1 |1|27608|A
180010|0|R-VA   IS00081SB||||R-VA   IS00081SB|I-81| |093|Warren County|093|Warren County|    | 334105|0|0|299.99|    Jurisdiction Boundary: 093 Warren County / 034 Frederick County| 334214|0|0|301.14|    01/01/2022|60357|A|73|1|1|1|22|2|F|.094|1 |.51|59390|A|29439|A|74|1|1|1|21|2|F|.102|1 |1|28985|A
202237|0|R-VA   OT90160NB||||R-VA   OT90160NB|90160||093|Warren County|US |Federal|    VA 48 Skyline Dr|1274297|0|0|0|    |1274298|0|0|.36|    ||X||||||||||||||||||||||||||
202238|0|R-VA   OT90161NB||||R-VA   OT90161NB|90161||093|Warren County|US |Federal|    |1274295|0|0|0|    |1274296|1|0|.21|    ||X||||||||||||||||||||||||||
202239|0|R-VA   OT90162NB||||R-VA   OT90162NB|90162||093|Warren County|US |Federal|    VA 48 Skyline Dr|1274203|0|0|0|    S-VA112PR CRISER RD, S-VA112PR PARKVIEW DR| 713192|0|0|.13|    ||X||||||||||||||||||||||||||
787388|0|R-VA   SR00048NB||||R-VA   SR00048NB|VA 48|Skyline Dr|093|Warren County|US |Federal|    | 732724|0|0|306.36|    Physical Jurisdiction Boundary: 093 Warren County / 078 Rappahannock County| 732725|0|0|308.05|    01/01/2022|647|O|||||||X||24|||X||||||||||||||
787388|0|R-VA   SR00048NB||||R-VA   SR00048NB|VA 48|Skyline Dr|093|Warren County|US |Federal|    | 732726|0|0|311.92|    US 340; Front Royal|1033546|0|0|322.39|    01/01/2022|647|O|||||||X||24|||X||||||||||||||
803431|0|R-VA   SR00048NB      RMP322.00A||||R-VA   SR00048NB      RMP322.00A|VA 48  NB EXIT 322A|Ramp|093|Warren County|US |Federal|    SR-00048(B)/RAMP TO RTE 340| 732727|0|0|0|    US-00340(R)/RAMP FROM SR 48| 756180|0|0|.06|    01/01/2022|330|F|99|0|0|0|0|0|C|.125|6 |.6|330|F||||||||||||||
080514|0|R-VA   SR00055EB||||R-VA   SR00055EB|VA 55|Front Royal Rd|093|Warren County|093|Warren County|    Physical Jurisdiction Boundary: 306 Town of Strasburg / 085 Shenandoah County|  50350|0|0|18.29|    | 641177|0|0|23.2|    01/01/2022|4761|G|97|0|1|0|1|0|C|.101|6 |.57|4759|G||||||||||||||
080513|0|R-VA   SR00055EB||||R-VA   SR00055EB|VA 55|Strasburg Rd|093|Warren County|093|Warren County|    93-626 Andrews Rd| 641177|0|0|23.2|    | 641206|0|0|25.5|    01/01/2022|8008|G|97|0|1|0|1|0|F|.09|6 |.61|8541|G||||||||||||||
632031|0|R-VA   SR00055EB||||R-VA   SR00055EB|VA 55|Strasburg Rd|112|Town of Front Royal|112|Town of Front Royal|    WCL Front Royal| 641206|0|0|25.5|    US 340, US 522 Shenandoah Ave| 641352|0|0|26.4|    01/01/2022|9554|G|98|0|1|1|0|0|C|.093|6 |.63|10190|G||||||||||||||
632001|0|R-VA   SR00055EB|R-VA   US00522NB|R-VA   US00340NB||R-VA   US00522NB|US 340, US 522, VA 55|14th St|112|Town of Front Royal|112|Town of Front Royal|    North Royal Ave| 641344|0|0|26.4|    Shenandoah Ave| 641344|0|0|26.64|    01/01/2022|24272|G|96|1|1|1|1|0|F|.083|6 |.5|25812|G||||||||||||||
632025|0|R-VA   SR00055EB|R-VA   US00522NB|R-VA   US00340NB||R-VA   US00522NB|US 340, US 522, VA 55|Shenandoah Ave|112|Town of Front Royal|112|Town of Front Royal|    14th St| 641352|0|0|27.238|    Jurisdiction Boundary: 112 Town of Front Royal / 093 Warren County| 718207|0|0|27.578|    01/01/2022|29273|G|96|1|1|1|1|0|F|.091|6 |.52|31210|G||||||||||||||
632025|0|R-VA   SR00055EB|R-VA   US00522NB|R-VA   US00340NB||R-VA   US00522NB|US 340, US 522, VA 55|Shenandoah Ave|093|Warren County|093|Warren County|    | 718207|0|0|27.578|    SR 55 W, Strasburg Rd| 641352|0|0|28.028|    01/01/2022|29273|G|96|1|1|1|1|0|F|.091|6 |.52|31210|G||||||||||||||
632022|0|R-VA   SR00055EB|R-VA   US00522NB|R-VA   US00340NB||R-VA   US00522NB|US 340, US 522, VA 55|North Royal Ave|112|Town of Front Royal|112|Town of Front Royal|    Commerce Ave|1267356|0|0|27.46|    |1267356|0|.03|27.81|    01/01/2022|22177|G|96|1|1|1|1|0|C|.085|6 |.5|23575|G||||||||||||||
632024|0|R-VA   SR00055EB|R-VA   US00340NB|||R-VA   US00340NB|US 340, VA 55|South Royal Ave|112|Town of Front Royal|112|Town of Front Royal|    SR 55 South St| 641283|0|0|27.78|    E Main St| 641283|0|0|28.18|    01/01/2022|16170|G|98|0|1|0|0|0|C|.086|6 |.56|17242|G||||||||||||||
632020|0|R-VA   SR00055EB|R-VA   US00340NB|||R-VA   US00340NB|US 340, VA 55|North Royal Ave|112|Town of Front Royal|112|Town of Front Royal|    E Main St| 641309|0|0|28.18|    6th St| 641309|0|0|28.75|    01/01/2022|14008|G|98|1|1|0|0|0|C|.084|6 |.51|14891|G||||||||||||||
632028|0|R-VA   SR00055EB||||R-VA   SR00055EB|VA 55|South  St|112|Town of Front Royal|112|Town of Front Royal|    US 340, S Royal Ave| 641205|0|0|29|    US 522, S Commerce Ave| 641361|0|0|29.54|    01/01/2022|15875|G|97|1|1|1|1|0|C|.085|6 |.55|16888|G||||||||||||||
632021|0|R-VA   SR00055EB|R-VA   US00340NB|||R-VA   US00340NB|US 340, VA 55|North Royal Ave|112|Town of Front Royal|112|Town of Front Royal|    6th St| 909001|0|0|29.15|    US 522, 8th St| 909001|0|0|29|    01/01/2022|14842|G|98|1|1|0|0|0|F|.088|6 |.52|15827|G||||||||||||||
632016|0|R-VA   SR00055EB||||R-VA   SR00055EB|VA 55|John Marshall Hwy|112|Town of Front Royal|112|Town of Front Royal|    US 522, S Commerce Ave| 641361|0|0|29.54|    ECL Front Royal| 641360|0|0|31.26|    01/01/2022|14948|G|98|0|1|0|1|0|C|.099|6 |.61|15939|G||||||||||||||
080512|0|R-VA   SR00055EB||||R-VA   SR00055EB|VA 55|John Marshall Hwy|093|Warren County|093|Warren County|    ECL Front Royal| 641360|0|0|31.26|    SR 79 Apple Mountain Rd| 641224|0|0|34.24|    01/01/2022|10971|G|97|0|1|0|1|0|C|.096|6 |.64|10986|G||||||||||||||
080511|0|R-VA   SR00055EB||||R-VA   SR00055EB|VA 55|John Marshall Hwy|093|Warren County|093|Warren County|    SR 79 Apple Mountain Rd| 641224|0|0|34.24|    Fauquier County Line|  50028|0|0|35.59|    01/01/2022|5200|G|97|0|1|0|1|0|F|.099|6 |.5|4554|G||||||||||||||
080515|0|R-VA   SR00079NB||||R-VA   SR00079NB|VA 79|Apple Mountain Rd|093|Warren County|093|Warren County|    SR 55 West of Linden| 641224|0|0|0|    I-66| 641213|0|0|.23|    01/01/2022|14215|G|97|0|1|0|1|0|C|.098|6 |.7|15160|G||||||||||||||
782945|0|R-VA   SR00079UK      RMP000.00A||||R-VA   SR00079UK      RMP000.00A|VA 79  EXIT 0A|Ramp|093|Warren County|093|Warren County|    SR 79 Apple Mountain Rd| 641374|0|0|0|    I-66 East| 641228|0|0|.23|    01/01/2022|4837|F|||||||X|.139|6 |1|5136|F||||||||||||||
782946|0|R-VA   SR00079UK      RMP000.00B||||R-VA   SR00079UK      RMP000.00B|VA 79  EXIT 0B|Ramp|093|Warren County|093|Warren County|    SR 79 Apple Mountain Rd| 641213|0|0|0|    I-66 West| 641233|0|0|.2|    01/01/2022|1659|F|||||||X|.126|6 |1|1762|F||||||||||||||
080479|0|R-VA   US00011NB||||R-VA   US00011NB|US 11|Old Valley Pike|093|Warren County|034|Frederick County|    |1251741|0|0|314.54|    Physical Jurisdiction Boundary: 093 Warren County / 034 Frederick County| 847015|0|0|315.04|    01/01/2022|3886|G|94|1|1|1|2|0|F|.109|6 |.69|3856|G||||||||||||||
080397|0|R-VA   US00340NB||||R-VA   US00340NB|US 340|Stonewall Jackson Memorial Hwy|093|Warren County|093|Warren County|    |1101527|0|0|82.8|    Warren County Line|  50335|0|0|82.83|    01/01/2022|4566|G|97|0|1|1|1|0|F|.099|6 |.62|4547|G||||||||||||||
080110|0|R-VA   US00340NB||||R-VA   US00340NB|US 340|Stonewall Jackson Hwy|093|Warren County|093|Warren County|    Page County Line|  50335|0|0|82.83|    93-613 N, Bentonville Browntown Rd| 641039|0|0|85.27|    01/01/2022|9630|G|97|0|1|1|1|0|F|.096|6 |.71|9643|G||||||||||||||
080516|0|R-VA   US00340NB||||R-VA   US00340NB|US 340|Stonewall Jackson Hwy|093|Warren County|093|Warren County|    93-613 N, Bentonville Browntown Rd| 641039|0|0|85.27|    93-607 Rocky Lane| 641018|0|0|90.57|    01/01/2022|6915|G|96|0|1|1|1|0|C|.097|6 |.64|6924|G||||||||||||||
080553|0|R-VA   US00340NB||||R-VA   US00340NB|US 340|Stonewall Jackson Hwy|093|Warren County|093|Warren County|    93-607 Rocky Lane| 641018|0|0|90.57|    93-619 Rivermont Dr|1267354|0|0|93.24|    01/01/2022|8477|G|97|0|1|1|1|0|F|.097|6 |.64|8489|G||||||||||||||
080557|0|R-VA   US00340NB||||R-VA   US00340NB|US 340|Stonewall Jackson Hwy|093|Warren County|093|Warren County|    93-619 Rivermont Dr|1267354|0|0|93.24|    | 641207|0|0|94.18|    01/01/2022|14856|G|97|0|1|1|1|0|F|.091|6 |.6|15844|G||||||||||||||
632023|0|R-VA   US00340NB||||R-VA   US00340NB|US 340|South Royal Ave|112|Town of Front Royal|112|Town of Front Royal|    SCL Front Royal| 641207|0|0|94.18|    Jurisdiction Boundary: 093 Warren County / 112 Town of Front Royal| 641205|0|0|94.49|    01/01/2022|17379|G|97|0|1|1|1|0|F|.088|6 |.64|18531|G||||||||||||||
632024|0|R-VA   US00340NB|R-VA   SR00055EB|||R-VA   US00340NB|US 340, VA 55|South Royal Ave|112|Town of Front Royal|112|Town of Front Royal|    SR 55 South St| 641205|0|0|94.49|    E Main St| 641283|0|0|94.89|    01/01/2022|16170|G|98|0|1|0|0|0|C|.086|6 |.56|17242|G||||||||||||||
632020|0|R-VA   US00340NB|R-VA   SR00055EB|||R-VA   US00340NB|US 340, VA 55|North Royal Ave|112|Town of Front Royal|112|Town of Front Royal|    E Main St| 641283|0|0|94.89|    6th St| 641309|0|0|95.46|    01/01/2022|14008|G|98|1|1|0|0|0|C|.084|6 |.51|14891|G||||||||||||||
632021|0|R-VA   US00340NB|R-VA   SR00055EB|||R-VA   US00340NB|US 340, VA 55|North Royal Ave|112|Town of Front Royal|112|Town of Front Royal|    6th St| 641309|0|0|95.46|    US 522, 8th St| 909001|0|0|95.71|    01/01/2022|14842|G|98|1|1|0|0|0|F|.088|6 |.52|15827|G||||||||||||||
632022|0|R-VA   US00340NB|R-VA   US00522NB|R-VA   SR00055EB||R-VA   US00522NB|US 340, US 522, VA 55|North Royal Ave|112|Town of Front Royal|112|Town of Front Royal|    Commerce Ave| 909001|0|0|95.71|    |1267356|0|.03|96.06|    01/01/2022|22177|G|96|1|1|1|1|0|C|.085|6 |.5|23575|G||||||||||||||
632001|0|R-VA   US00340NB|R-VA   US00522NB|R-VA   SR00055EB||R-VA   US00522NB|US 340, US 522, VA 55|14th St|112|Town of Front Royal|112|Town of Front Royal|    North Royal Ave|1267356|0|0|96.06|    Shenandoah Ave| 641344|0|0|96.3|    01/01/2022|24272|G|96|1|1|1|1|0|F|.083|6 |.5|25812|G||||||||||||||
632025|0|R-VA   US00340NB|R-VA   US00522NB|R-VA   SR00055EB||R-VA   US00522NB|US 340, US 522, VA 55|Shenandoah Ave|112|Town of Front Royal|112|Town of Front Royal|    14th St| 641344|0|0|96.3|    Jurisdiction Boundary: 112 Town of Front Royal / 093 Warren County| 718207|0|0|96.64|    01/01/2022|29273|G|96|1|1|1|1|0|F|.091|6 |.52|31210|G||||||||||||||
632025|0|R-VA   US00340NB|R-VA   US00522NB|R-VA   SR00055EB||R-VA   US00522NB|US 340, US 522, VA 55|Shenandoah Ave|093|Warren County|093|Warren County|    | 718207|0|0|96.64|    SR 55 W, Strasburg Rd| 641352|0|0|97.09|    01/01/2022|29273|G|96|1|1|1|1|0|F|.091|6 |.52|31210|G||||||||||||||
080524|0|R-VA   US00340NB|R-VA   US00522NB|||R-VA   US00522NB|US 340, US 522|Winchester Rd|093|Warren County|093|Warren County|    SR 55 W, Strasburg Rd| 641352|0|0|97.09|    | 641223|0|0|98.14|    01/01/2022|31222|G|96|1|1|1|1|0|F|.087|6 |.55|32983|G||||||||||||||
080523|0|R-VA   US00340NB|R-VA   US00522NB|||R-VA   US00522NB|US 340, US 522|Winchester Rd|093|Warren County|093|Warren County|    I-66| 641223|0|0|98.14|    | 641086|0|0|99.42|    01/01/2022|24618|G|87|1|1|2|9|0|C|.083|6 |.52|26174|G||||||||||||||
080559|0|R-VA   US00340NB|R-VA   US00522NB|||R-VA   US00522NB|US 340, US 522|Winchester Rd|093|Warren County|093|Warren County|    93-627 Reliance Rd| 641086|0|0|99.42|    | 641165|0|0|102.23|    01/01/2022|21211|G|85|1|1|2|11|0|C|.083|6 |.54|22550|G||||||||||||||
080517|0|R-VA   US00340NB|R-VA   US00522NB|||R-VA   US00522NB|US 340, US 522|Stonewall Jackson Hwy|093|Warren County|093|Warren County|    93-802 Zion Church Rd| 641165|0|0|102.23|    US 340; SR 277 Double Toll Gate| 334212|0|0|105.7|    01/01/2022|20469|G|85|1|1|2|11|0|C|.086|6 |.52|20137|G||||||||||||||
080525|0|R-VA   US00522NB||||R-VA   US00522NB|US 522|Remount Rd|093|Warren County|093|Warren County|    Rappahannock County Line|  50352|0|0|111.5|    SCL Front Royal| 641204|0|0|115.27|    01/01/2022|7496|G|97|0|1|1|1|0|C|.094|6 |.55|7508|G||||||||||||||
632005|0|R-VA   US00522NB||||R-VA   US00522NB|US 522|Remount Rd|112|Town of Front Royal|112|Town of Front Royal|    SCL Front Royal| 641204|0|0|115.27|    Criser Rd| 713188|0|0|115.87|    01/01/2022|7809|G|97|1|1|1|1|0|C|.093|6 |.51|8104|G||||||||||||||
632006|0|R-VA   US00522NB||||R-VA   US00522NB|US 522|Remount Rd|112|Town of Front Royal|112|Town of Front Royal|    Criser Rd| 713188|0|0|115.87|    SR 55 South St; John Marshalll Hwy| 641361|0|0|116.22|    01/01/2022|12194|G|97|1|1|1|1|0|F|.097|6 |.62|13002|G||||||||||||||
632007|0|R-VA   US00522NB||||R-VA   US00522NB|US 522|Commerce Ave|112|Town of Front Royal|112|Town of Front Royal|    SR 55 South St; John Marshalll Hwy| 641361|0|0|116.22|    Main St| 641291|0|0|116.69|    01/01/2022|15598|G|97|1|1|1|1|0|C|.094|6 |.5|16581|G||||||||||||||
632008|0|R-VA   US00522NB||||R-VA   US00522NB|US 522|Commerce Ave|112|Town of Front Royal|112|Town of Front Royal|    Main St| 641291|0|0|116.69|    | 641311|0|0|117.43|    01/01/2022|10501|G|95|1|1|1|1|0|C|.093|6 |.74|11196|G||||||||||||||
632009|0|R-VA   US00522NB||||R-VA   US00522NB|US 522|Commerce Ave|112|Town of Front Royal|112|Town of Front Royal|    Happy Creek Rd| 641311|0|0|117.43|    US 340 North Royal Ave| 909001|0|0|117.78|    01/01/2022|12162|G|95|1|1|1|1|0|F|.089|6 |.52|12927|G||||||||||||||
632022|0|R-VA   US00522NB|R-VA   US00340NB|R-VA   SR00055EB||R-VA   US00522NB|US 340, US 522, VA 55|North Royal Ave|112|Town of Front Royal|112|Town of Front Royal|    Commerce Ave| 909001|0|0|117.78|    |1267356|0|.03|118.13|    01/01/2022|22177|G|96|1|1|1|1|0|C|.085|6 |.5|23575|G||||||||||||||
632001|0|R-VA   US00522NB|R-VA   US00340NB|R-VA   SR00055EB||R-VA   US00522NB|US 340, US 522, VA 55|14th St|112|Town of Front Royal|112|Town of Front Royal|    North Royal Ave|1267356|0|.03|118.13|    Shenandoah Ave| 641344|0|0|118.37|    01/01/2022|24272|G|96|1|1|1|1|0|F|.083|6 |.5|25812|G||||||||||||||
632025|0|R-VA   US00522NB|R-VA   US00340NB|R-VA   SR00055EB||R-VA   US00522NB|US 340, US 522, VA 55|Shenandoah Ave|112|Town of Front Royal|112|Town of Front Royal|    14th St| 641344|0|0|118.37|    Jurisdiction Boundary: 112 Town of Front Royal / 093 Warren County| 718207|0|0|118.71|    01/01/2022|29273|G|96|1|1|1|1|0|F|.091|6 |.52|31210|G||||||||||||||
632025|0|R-VA   US00522NB|R-VA   US00340NB|R-VA   SR00055EB||R-VA   US00522NB|US 340, US 522, VA 55|Shenandoah Ave|093|Warren County|093|Warren County|    | 718207|0|0|118.71|    SR 55 W, Strasburg Rd| 641352|0|0|119.16|    01/01/2022|29273|G|96|1|1|1|1|0|F|.091|6 |.52|31210|G||||||||||||||
080524|0|R-VA   US00522NB|R-VA   US00340NB|||R-VA   US00522NB|US 340, US 522|Winchester Rd|093|Warren County|093|Warren County|    SR 55 W, Strasburg Rd| 641352|0|0|119.16|    | 641223|0|0|120.21|    01/01/2022|31222|G|96|1|1|1|1|0|F|.087|6 |.55|32983|G||||||||||||||
080523|0|R-VA   US00522NB|R-VA   US00340NB|||R-VA   US00522NB|US 340, US 522|Winchester Rd|093|Warren County|093|Warren County|    I-66| 641223|0|0|120.21|    | 641086|0|0|121.49|    01/01/2022|24618|G|87|1|1|2|9|0|C|.083|6 |.52|26174|G||||||||||||||
080559|0|R-VA   US00522NB|R-VA   US00340NB|||R-VA   US00522NB|US 340, US 522|Winchester Rd|093|Warren County|093|Warren County|    93-627 Reliance Rd| 641086|0|0|121.49|    | 641165|0|0|124.3|    01/01/2022|21211|G|85|1|1|2|11|0|C|.083|6 |.54|22550|G||||||||||||||
080517|0|R-VA   US00522NB|R-VA   US00340NB|||R-VA   US00522NB|US 340, US 522|Stonewall Jackson Hwy|093|Warren County|093|Warren County|    93-802 Zion Church Rd| 641165|0|0|124.3|    US 340; SR 277 Double Toll Gate| 334212|0|0|127.77|    01/01/2022|20469|G|85|1|1|2|11|0|C|.086|6 |.52|20137|G||||||||||||||
080386|0|R-VA   US00522NB||||R-VA   US00522NB|US 522|Stonewall Jackson Hwy|021|Clarke County|093|Warren County|    US 340; SR 277 Double Toll Gate| 334212|0|0|127.77|    Frederick County Line| 334171|0|0|128.09|    01/01/2022|14055|G|87|1|1|1|10|0|F|.085|6 |.52|15030|G||||||||||||||
783010|0|R-VA   US00522NB      RMP120.00B||||R-VA   US00522NB      RMP120.00B|US 522  NB EXIT 120B|Ramp|093|Warren County|093|Warren County|    US 522 N, Winchester Rd| 641222|0|0|0|    I-66 West| 641231|0|0|.19|    01/01/2022|3379|F|||||||X|.095|6 |1|3588|F||||||||||||||
783011|0|R-VA   US00522SB      RMP120.00B||||R-VA   US00522SB      RMP120.00B|US 522  SB EXIT 120B|Ramp|093|Warren County|093|Warren County|    US 522 S, Winchester Rd| 641220|0|0|0|    I-66 West| 641230|0|0|.15|    01/01/2022|2344|F|||||||X|.102|6 |1|2489|F||||||||||||||
783009|0|R-VA   US00522UK      RMP120.00A||||R-VA   US00522UK      RMP120.00A|US 522  EXIT 120A|Ramp|093|Warren County|093|Warren County|    US 522 Winchester Rd| 641223|0|0|0|    I-66 East| 641367|0|0|.15|    01/01/2022|4585|F|||||||X|.125|6 |1|4869|F||||||||||||||
776289|0|R-VA093SC00600NB||||R-VA093SC00600NB|93-600|Hickerson Hollow Rd|093|Warren County|093|Warren County|    Dead End| 641002|0|0|0|    93-604 Harmony Hollow Rd| 641001|0|0|1|    08/23/2017|12|R|||||||X||24|||X||||||||||||||
776290|0|R-VA093SC00601NB||||R-VA093SC00601NB|93-601|Pomeroy Rd|093|Warren County|093|Warren County|    Dead End| 641004|0|0|0|    93-604 Harmony Hollow Rd| 641003|0|0|1|    08/23/2017|34|R|||||||X||24|||X||||||||||||||
776291|0|R-VA093SC00602EB||||R-VA093SC00602EB|93-602|Moore Rd|093|Warren County|093|Warren County|    93-604 Harmony Hollow Rd| 641005|0|0|0|    0.25 ME 93-604| 751490|0|.04|.25|    08/23/2017|225|R|||||||X||24|||X||||||||||||||
776292|0|R-VA093SC00602EB||||R-VA093SC00602EB|93-602|Moore Rd|093|Warren County|093|Warren County|    0.25 ME 93-604| 751490|0|.04|.25|    Dead End| 641006|0|0|.7|    08/23/2017|37|R|||||||X||24|||X||||||||||||||
776293|0|R-VA093SC00603NB||||R-VA093SC00603NB|93-603|Oregon Hollow Rd|093|Warren County|093|Warren County|    93-647 Dismal Hollow Rd| 641007|0|0|0|    | 641008|0|0|2.9|    01/01/2021|916|G|||||||X|.116|6 |.61||X||||||||||||||
303711|0|R-VA093SC00603NB||||R-VA093SC00603NB|93-603|Howellsville Rd|093|Warren County|093|Warren County|    93-643; Oregon Hollow Rd| 641008|0|0|2.9|    93-638 Blue Mtn Rd| 641010|0|0|5.2|    01/01/2022|2628|G|96|1|1|1|0|0|C|.094|6 |.51|2617|G||||||||||||||
776294|0|R-VA093SC00604NB||||R-VA093SC00604NB|93-604|Harmony Hollow Rd|093|Warren County|093|Warren County|    Dead End| 641013|0|0|0|    93-600 Hickerson Hollow Rd| 641001|0|0|.9|    08/23/2017|69|R|||||||X||24|||X||||||||||||||
776295|0|R-VA093SC00604NB||||R-VA093SC00604NB|93-604|Harmony Hollow Rd|093|Warren County|093|Warren County|    93-600 Hickerson Hollow Rd| 641001|0|0|.9|    93-602 Moore Rd| 641005|0|0|1.72|    08/23/2017|270|R|||||||X||24|||X||||||||||||||
303712|0|R-VA093SC00604NB||||R-VA093SC00604NB|93-604|Harmony Hollow Rd|093|Warren County|093|Warren County|    93-602 Moore Rd| 641005|0|0|1.72|    93-671 Harmony Orchard Rd| 641012|0|0|2.06|    01/01/2022|271|G|96|0|1|0|1|0|C|.108|6 |.54|271|G||||||||||||||
303713|0|R-VA093SC00604NB||||R-VA093SC00604NB|93-604|Harmony Hollow Rd|093|Warren County|093|Warren County|    93-671 Harmony Orchard Rd| 641012|0|0|2.06|    US 522| 641011|0|0|3.65|    01/01/2022|510|G|98|0|0|0|1|0|C|.109|6 |.54|511|G||||||||||||||
776296|0|R-VA093SC00605EB||||R-VA093SC00605EB|93-605|Poor House Rd|093|Warren County|093|Warren County|    US 340 Stonewall Jackson Hwy| 641014|0|0|0|    93-649 Browntown Rd| 641015|0|0|1.7|    05/26/2020|204|R|||||||X||24|||X||||||||||||||
776297|0|R-VA093SC00606NB||||R-VA093SC00606NB|93-606|Shenandoah Shores Rd|093|Warren County|093|Warren County|    NCL Front Royal| 641016|0|0|0|    1.72 MN of NCL| 641016|0|1.72|1.72|    01/01/2022|3142|G|97|0|1|1|0|0|C|.099|6 |.54|3353|G||||||||||||||
776298|0|R-VA093SC00606NB||||R-VA093SC00606NB|93-606|Shenandoah Shores Rd|093|Warren County|093|Warren County|    1.72 MN of NCL| 641016|0|1.72|1.72|    2.23 MN of NCL| 641016|0|2.23|2.23|    01/01/2022|879|G|98|0|1|1|0|0|C|.106|6 |.68|938|G||||||||||||||
776299|0|R-VA093SC00606NB||||R-VA093SC00606NB|93-606|Shenandoah Shores Rd|093|Warren County|093|Warren County|    2.23 MN of NCL| 641016|0|2.23|2.23|    Dead End| 641017|0|0|2.48|    05/11/2011|693|R|||||||X||24|||X||||||||||||||
776300|0|R-VA093SC00607EB||||R-VA093SC00607EB|93-607|Rocky Lane|093|Warren County|093|Warren County|    US 340 Stonewall Jackson Hwy| 641018|0|0|0|    0.60 ME US 340| 641018|0|.6|.6|    05/26/2020|268|R|||||||X||24|||X||||||||||||||
776301|0|R-VA093SC00607EB||||R-VA093SC00607EB|93-607|Rocky Lane|093|Warren County|093|Warren County|    0.60 ME US 340| 641018|0|.6|.6|    93-649 Browntown Rd| 641019|0|0|1.6|    05/26/2020|167|R|||||||X||24|||X||||||||||||||
776302|0|R-VA093SC00608EB||||R-VA093SC00608EB|93-608|Wilson Burke Rd|093|Warren County|093|Warren County|    93-613| 641020|0|0|0|    93-619 Mtn Rd| 641021|0|0|.45|    05/26/2020|668|R|||||||X||24|||X||||||||||||||
776303|0|R-VA093SC00609NB||||R-VA093SC00609NB|93-609|Ritenour Hollow Rd|093|Warren County|093|Warren County|    93-637 Guard Hill Rd| 641022|0|0|0|    FR-225 Cooley Dr| 641208|0|0|.223|    01/01/2022|651|G|98|0|1|1|0|0|C|.1|6 |.54|653|G||||||||||||||
776304|0|R-VA093SC00609NB||||R-VA093SC00609NB|93-609|Ritenour Hollow Rd|093|Warren County|093|Warren County|    FR-225 Cooley Dr| 641208|0|0|.223|    93-736 Molly Campbell Lane| 641023|0|0|1.44|    01/01/2022|780|G|98|0|1|0|0|0|C|.105|6 |.54|783|G||||||||||||||
776306|0|R-VA093SC00609NB||||R-VA093SC00609NB|93-609|Ritenour Hollow Rd|093|Warren County|093|Warren County|    93-736 Molly Campbell Lane| 641023|0|0|1.44|    93-627 Reliance Rd| 641024|0|0|1.54|    01/01/2022|920|G|99|0|0|0|0|0|C|.107|6 |.54|923|G||||||||||||||
776307|0|R-VA093SC00610EB||||R-VA093SC00610EB|93-610|Bucks Mill Rd|093|Warren County|093|Warren County|    SR 55; 93-678| 641025|0|0|0|    93-616| 641026|0|0|.2|    08/17/2017|550|R|||||||X||24|||X||||||||||||||
776308|0|R-VA093SC00610EB||||R-VA093SC00610EB|93-610|Bucks Mill Rd|093|Warren County|093|Warren County|    93-616| 641026|0|0|.2|    2.15 ME 93-616| 641026|0|2.15|2.35|    08/17/2017|43|R|||||||X||24|||X||||||||||||||
776309|0|R-VA093SC00610EB||||R-VA093SC00610EB|93-610|Bucks Mill Rd|093|Warren County|093|Warren County|    2.15 ME 93-616| 641026|0|2.15|2.35|    93-626| 641027|0|0|2.4|    08/17/2017|159|R|||||||X||24|||X||||||||||||||
776310|0|R-VA093SC00611EB||||R-VA093SC00611EB|93-611|Long Meadow Rd|093|Warren County|093|Warren County|    93-635 W, Bowmans Mill Rd| 641169|0|0|0|    93-635 E, Bowmans Mill Rd| 641031|0|0|2.6|    08/17/2017|47|R|||||||X||24|||X||||||||||||||
776311|0|R-VA093SC00611EB||||R-VA093SC00611EB|93-611|Long Meadow Rd|093|Warren County|093|Warren County|    93-635 E, Bowmans Mill Rd| 641031|0|0|2.6|    93-612; 93-840| 641030|0|0|2.7|    08/17/2017|196|R|||||||X||24|||X||||||||||||||
776312|0|R-VA093SC00611EB||||R-VA093SC00611EB|93-611|Long Meadow Rd|093|Warren County|093|Warren County|    93-612; 93-840| 641030|0|0|2.7|    93-637 River Rd| 641028|0|0|6.06|    07/28/2014|272|R|||||||X||24|||X||||||||||||||
776313|0|R-VA093SC00612EB||||R-VA093SC00612EB|93-612|Gafia Lodge Rd|093|Warren County|093|Warren County|    93-611; 93-840| 641030|0|0|0|    1.20 ME 93-611| 641030|0|1.2|1.2|    08/17/2017|424|R|||||||X||24|||X||||||||||||||
776314|0|R-VA093SC00612EB||||R-VA093SC00612EB|93-612|Gafia Lodge Rd|093|Warren County|093|Warren County|    1.20 ME 93-611| 641030|0|1.2|1.2|    93-842| 641032|0|0|2.2|    08/17/2017|53|R|||||||X||24|||X||||||||||||||
776315|0|R-VA093SC00612EB||||R-VA093SC00612EB|93-612|Gafia Lodge Rd|093|Warren County|093|Warren County|    93-842| 641032|0|0|2.2|    93-626| 641033|0|0|3.1|    08/17/2017|35|R|||||||X||24|||X||||||||||||||
303714|0|R-VA093SC00613NB||||R-VA093SC00613NB|93-613|Bentonville Browntown Rd|093|Warren County|093|Warren County|    93-631; 93-649 Browntown Rd| 641034|0|0|0|    93-738 Jennings Lane| 641036|0|0|3.06|    01/01/2022|281|G|96|0|1|1|0|0|C|.125|6 |.55|283|G||||||||||||||
303715|0|R-VA093SC00613NB||||R-VA093SC00613NB|93-613|Bentonville Browntown Rd|093|Warren County|093|Warren County|    93-738 Jennings Lane| 641036|0|0|3.06|    93-672 Bubb Lane, Qual Hollow Rd| 641038|0|0|5.32|    01/01/2022|1356|G|90|0|1|6|2|0|C|.106|6 |.55|1357|G||||||||||||||
303716|0|R-VA093SC00613NB||||R-VA093SC00613NB|93-613|Bentonville Browntown Rd|093|Warren County|093|Warren County|    93-672 Bubb Lane, Qual Hollow Rd| 641038|0|0|5.32|    US 340 E, Stonewall Jackson Hwy| 641039|0|0|5.63|    01/01/2022|1512|G|91|0|1|5|2|0|C|.107|6 |.56|1515|G||||||||||||||
776316|0|R-VA093SC00613NB||||R-VA093SC00613NB|93-613|Indian Hollow Rd|093|Warren County|093|Warren County|    US 340 W, Stonewall Jackson Hwy| 641171|0|0|5.83|    93-628 Rocky Hollow Rd| 641041|0|0|6.67|    01/01/2022|417|G|97|0|1|1|0|0|C|.215|6 |.55|418|G||||||||||||||
776317|0|R-VA093SC00613NB||||R-VA093SC00613NB|93-613|Indian Hollow Rd|093|Warren County|093|Warren County|    93-628 Rocky Hollow Rd| 641041|0|0|6.67|    4.69 MS of GW Natl For Bndy| 700773|0|4.69|11.48|    01/01/2022|362|G|94|0|1|1|1|0|C|.116|6 |.58|362|G||||||||||||||
776318|0|R-VA093SC00613NB||||R-VA093SC00613NB|93-613|Panhandle Rd|093|Warren County|093|Warren County|    4.69 MS of Bndy| 700773|0|4.69|11.48|    93-608 Wilson Burke Rd| 641020|0|0|12.52|    01/01/2022|704|G|97|0|1|0|0|0|C|.102|6 |.52|706|G||||||||||||||
776319|0|R-VA093SC00613NB||||R-VA093SC00613NB|93-613|Panhandle Rd|093|Warren County|093|Warren County|    93-608 Wilson Burke Rd| 641020|0|0|12.52|    93-619 Mountain Rd| 641042|0|0|13.01|    01/01/2022|223|G|98|0|1|0|0|0|C|.141|6 |.59|224|G||||||||||||||
776320|0|R-VA093SC00614NB||||R-VA093SC00614NB|93-614| |093|Warren County|093|Warren County|    93-626, S Toten Lane| 753756|0|0|0|    SR 55 W, Strasburg Rd| 641172|0|0|1.3|    08/17/2017|55|R|||||||X||24|||X||||||||||||||
776321|0|R-VA093SC00614NB||||R-VA093SC00614NB|93-614| |093|Warren County|093|Warren County|    SR 55 E, Strasburg Rd| 641044|0|0|1.56|    93-626 NORTH| 641043|0|0|2.26|    08/17/2017|152|R|||||||X||24|||X||||||||||||||
303717|0|R-VA093SC00615NB||||R-VA093SC00615NB|93-615|Stokes Airport Rd|093|Warren County|093|Warren County|    93-619 Rivermont Dr| 739499|0|0|0|    93-626 E, Toten Lane| 641178|0|0|1.9|    01/01/2022|1276|G|98|0|1|1|0|0|C|.091|6 |.51|1281|G||||||||||||||
776326|0|R-VA093SC00616NB||||R-VA093SC00616NB|93-616| |093|Warren County|093|Warren County|    93-678 Fort Valley Rd| 641051|0|0|0|    SR 55 Strasburg Rd| 641050|0|0|.7|    05/06/2020|75|R|||||||X||24|||X||||||||||||||
776327|0|R-VA093SC00616NB||||R-VA093SC00616NB|93-616| |093|Warren County|093|Warren County|    SR 55 Strasburg Rd| 641050|0|0|.7|    93-610 Bucks Mill Rd| 641026|0|0|1.6|    08/17/2017|391|R|||||||X||24|||X||||||||||||||
776328|0|R-VA093SC00617NB||||R-VA093SC00617NB|93-617|Ridgeway Rd|093|Warren County|093|Warren County|    93-618| 641052|0|0|0|    93-626 Steed Ln| 641053|0|0|1.7|    05/26/2020|160|R|||||||X||24|||X||||||||||||||
776329|0|R-VA093SC00618NB||||R-VA093SC00618NB|93-618| |093|Warren County|093|Warren County|    Dead End| 641055|0|0|0|    93-619 W, Rivermont Dr| 641173|0|0|.89|    08/11/2017|725|R|||||||X||24|||X||||||||||||||
776330|0|R-VA093SC00618NB||||R-VA093SC00618NB|93-618| |093|Warren County|093|Warren County|    93-619 E, Rivermont Dr| 641054|0|0|1.3|    93-617 Ridgeway Rd| 641052|0|0|1.8|    05/26/2020|618|R|||||||X||24|||X||||||||||||||
776331|0|R-VA093SC00618NB||||R-VA093SC00618NB|93-618| |093|Warren County|093|Warren County|    93-617 Ridgeway Rd| 641052|0|0|1.8|    93-615 Stokes Airport Rd| 641046|0|0|2.6|    08/11/2017|537|R|||||||X||24|||X||||||||||||||
303718|0|R-VA093SC00619NB||||R-VA093SC00619NB|93-619|Rivermont Dr|093|Warren County|093|Warren County|    US 340 Stonewall Jackson Hwy| 641056|0|0|0|    | 641059|0|0|2.09|    01/01/2022|5994|G|96|0|2|1|1|0|F|.104|6 |.61|6395|G||||||||||||||
303719|0|R-VA093SC00619NB||||R-VA093SC00619NB|93-619|Rivermont Dr|093|Warren County|093|Warren County|    93-677 Catlett Mountain Rd| 641059|0|0|2.09|    93-615 S, Stokes Airport Rd| 739499|0|0|2.17|    01/01/2022|5061|G|96|0|2|1|1|0|F|.1|6 |.6|5072|G||||||||||||||
303720|0|R-VA093SC00619NB||||R-VA093SC00619NB|93-619|Rivermont Dr|093|Warren County|093|Warren County|    93-615 S, Stokes Airport Rd| 739499|0|0|2.17|    93-673 McCoys Ford Rd| 641061|0|0|4.39|    01/01/2022|3648|G|96|0|2|1|1|0|C|.1|6 |.62|3656|G||||||||||||||
303721|0|R-VA093SC00619NB||||R-VA093SC00619NB|93-619|Mountain Rd|093|Warren County|093|Warren County|    93-673 McCoys Ford Rd| 641061|0|0|4.39|    93-626 Steed Lane| 641062|0|0|6.32|    01/01/2022|805|G|97|1|1|1|0|0|C|.11|6 |.55|807|G||||||||||||||
303722|0|R-VA093SC00619NB||||R-VA093SC00619NB|93-619|Mountain Rd|093|Warren County|093|Warren County|    93-626 Steed Lane| 641062|0|0|6.32|    | 641063|0|0|8.75|    01/01/2022|1173|G|97|0|2|0|0|0|C|.109|6 |.55|1176|G||||||||||||||
776332|0|R-VA093SC00620NB||||R-VA093SC00620NB|93-620|Bennys Beach Rd|093|Warren County|093|Warren County|    Dead End| 641174|0|0|0|    93-658 Rockland Rd| 641064|0|0|.6|    05/06/2020|240|R|||||||X||24|||X||||||||||||||
776333|0|R-VA093SC00621NB||||R-VA093SC00621NB|93-621|Punch Run Rd|093|Warren County|093|Warren County|    93-660| 641065|0|0|0|    Jurisdiction Boundary: 093 Warren County| 641066|0|0|.6|    08/11/2017|1525|R|||||||X||24|||X||||||||||||||
776334|0|R-VA093SC00622NB||||R-VA093SC00622NB|93-622| |093|Warren County|093|Warren County|    93-634 Smith Run Rd| 641067|0|0|0|    1.00 MN 93-634| 641067|0|1|1|    08/08/2017|118|R|||||||X||24|||X||||||||||||||
776335|0|R-VA093SC00622NB||||R-VA093SC00622NB|93-622| |093|Warren County|093|Warren County|    1.00 MN 93-634| 641067|0|1|1|    Dead End; Gap| 641355|0|0|1.1|    01/14/2020|20|T|||||||X||24|||X||||||||||||||
776336|0|R-VA093SC00622NB||||R-VA093SC00622NB|93-622| |093|Warren County|093|Warren County|    Dead End; Gap| 641356|0|0|1.1|    0.39 ME of Dead End| 641356|0|.39|1.49|    08/09/2017|36|R|||||||X||24|||X||||||||||||||
776337|0|R-VA093SC00622NB||||R-VA093SC00622NB|93-622| |093|Warren County|093|Warren County|    0.39 ME of Dead End| 641356|0|.39|1.49|    0.89 ME of Dead End| 641356|0|.89|1.99|    08/09/2017|62|R|||||||X||24|||X||||||||||||||
776338|0|R-VA093SC00622NB||||R-VA093SC00622NB|93-622| |093|Warren County|093|Warren County|    0.89 ME of Dead End| 641356|0|.89|1.99|    93-649 Browntown Rd| 641068|0|0|2.49|    05/26/2020|150|R|||||||X||24|||X||||||||||||||
776339|0|R-VA093SC00622NB||||R-VA093SC00622NB|93-622| |093|Warren County|093|Warren County|    93-649 Browntown Rd| 641068|0|0|2.49|    93-631| 641069|0|0|3.19|    08/09/2017|216|R|||||||X||24|||X||||||||||||||
776340|0|R-VA093SC00622NB||||R-VA093SC00622NB|93-622| |093|Warren County|093|Warren County|    93-631| 641069|0|0|3.19|    2.79 MN 93-631| 641069|0|2.79|5.98|    05/26/2020|217|R|||||||X||24|||X||||||||||||||
776341|0|R-VA093SC00622NB||||R-VA093SC00622NB|93-622| |093|Warren County|093|Warren County|    2.79 MN 93-631| 641069|0|2.79|5.98|    93-654 Maple St| 641070|0|0|6.34|    08/11/2017|536|R|||||||X||24|||X||||||||||||||
776342|0|R-VA093SC00622NB||||R-VA093SC00622NB|93-622| |093|Warren County|093|Warren County|    93-654 Maple St| 641070|0|0|6.34|    93-674 Limeton Church Rd| 641071|0|0|6.4|    05/26/2020|540|R|||||||X||24|||X||||||||||||||
776343|0|R-VA093SC00623NB||||R-VA093SC00623NB|93-623|Downing Farm Rd|093|Warren County|093|Warren County|    Dead End| 641175|0|0|0|    1.72 MN Dead End| 740914|0|0|2.1|    08/11/2017|468|R|||||||X||24|||X||||||||||||||
303723|0|R-VA093SC00624NB||||R-VA093SC00624NB|93-624|Happy Creek Rd|093|Warren County|093|Warren County|    NCL Front Royal| 641330|0|0|0|    93-647 Dismal Hollow Rd| 641079|0|0|.5|    01/01/2022|4138|G|98|1|1|0|0|0|F|.096|6 |.56|4427|G||||||||||||||
303724|0|R-VA093SC00624NB||||R-VA093SC00624NB|93-624|Happy Creek Rd|093|Warren County|093|Warren County|    93-647 Dismal Hollow Rd| 641079|0|0|.5|    | 641078|0|0|.9|    01/01/2022|3741|G|98|1|1|0|0|0|F|.091|6 |.54|4002|G||||||||||||||
303725|0|R-VA093SC00624NB||||R-VA093SC00624NB|93-624|Morgan Ford Rd|093|Warren County|093|Warren County|    93-645 Manassas Run Rd| 641078|0|0|.9|    93-643 Howellsville Rd| 641077|0|0|2.18|    01/01/2022|3462|G|98|1|1|0|0|0|C|.092|6 |.52|3448|G||||||||||||||
303726|0|R-VA093SC00624NB||||R-VA093SC00624NB|93-624|Morgan Ford Rd|093|Warren County|093|Warren County|    93-643 Howellsville Rd| 641077|0|0|2.18|    93-661 Fairground Rd| 641076|0|0|3.98|    01/01/2022|1785|G|98|1|1|0|0|0|F|.095|6 |.55|1779|G||||||||||||||
776345|0|R-VA093SC00624NB||||R-VA093SC00624NB|93-624|Milldale Rd|093|Warren County|093|Warren County|    93-661 Fairground Rd| 641076|0|0|3.98|    Clarke County Line| 825001|0|0|7.58|    01/01/2022|396|G|98|0|0|1|0|0|C|.127|6 |.53|400|G||||||||||||||
776346|0|R-VA093SC00625EB||||R-VA093SC00625EB|93-625|Pine Hills Rd|093|Warren County|093|Warren County|    93-637 Guard Hill Rd| 641080|0|0|0|    Dead End| 641081|0|0|.25|    01/14/2020|70|T|||||||X||24|||X||||||||||||||
776347|0|R-VA093SC00626NB||||R-VA093SC00626NB|93-626|Laing Rd|093|Warren County|093|Warren County|    93-619 Mountain Rd| 641062|0|0|0|    Steed Ln| 641047|0|0|1.6|    08/11/2017|105|R|||||||X||24|||X||||||||||||||
776322|0|R-VA093SC00626NB||||R-VA093SC00626NB|93-626|Laing Rd|093|Warren County|093|Warren County|    Steed Ln| 641047|0|0|1.6|    93-615| 641178|0|0|1.7|    01/01/2021|64|G|||||||X|.121|6 |.79||X||||||||||||||
303727|0|R-VA093SC00626NB||||R-VA093SC00626NB|93-626|Totten Lane|093|Warren County|093|Warren County|    93-615 E, Laingl Rd| 641178|0|0|1.7|    SR 55 W, Strasburg Rd| 641177|0|0|3.5|    01/01/2022|1857|G|97|0|1|1|0|0|C|.093|6 |.57|1862|G||||||||||||||
776348|0|R-VA093SC00626NB||||R-VA093SC00626NB|93-626| |093|Warren County|093|Warren County|    SR 55 E, Strasburg Rd| 641083|0|0|3.86|    Jurisdiction Boundary: 093 Warren County| 641043|0|0|4.86|    05/06/2020|336|R|||||||X||24|||X||||||||||||||
776349|0|R-VA093SC00626NB||||R-VA093SC00626NB|93-626| |093|Warren County|093|Warren County|    93-614| 641043|0|0|4.86|    93-610 Bucks Mill Rd| 641027|0|0|4.96|    08/17/2017|216|R|||||||X||24|||X||||||||||||||
776350|0|R-VA093SC00626NB||||R-VA093SC00626NB|93-626| |093|Warren County|093|Warren County|    93-610 Bucks Mill Rd| 641027|0|0|4.96|    Dead End| 641362|0|0|5.46|    01/14/2020|65|T|||||||X||24|||X||||||||||||||
776351|0|R-VA093SC00626NB||||R-VA093SC00626NB|93-626| |093|Warren County|093|Warren County|    Dead End; Gap| 641363|0|0|5.46|    93-612 Gafia Lodge Rd| 641033|0|0|5.66|    08/17/2017|83|R|||||||X||24|||X||||||||||||||
776352|0|R-VA093SC00626NB||||R-VA093SC00626NB|93-626| |093|Warren County|093|Warren County|    93-612 Gafia Lodge Rd| 641033|0|0|5.66|    93-637 River Rd| 641085|0|0|6.36|    08/17/2017|140|R|||||||X||24|||X||||||||||||||
303728|0|R-VA093SC00627EB||||R-VA093SC00627EB|93-627|Reliance Rd|093|Warren County|093|Warren County|    Frederick County Line| 847006|0|0|0|    93-637 River Rd| 641088|0|0|.79|    01/01/2022|2063|G|97|0|1|1|0|0|C|.1|6 |.53|2087|G||||||||||||||
303729|0|R-VA093SC00627EB||||R-VA093SC00627EB|93-627|Reliance Rd|093|Warren County|093|Warren County|    93-637 River Rd| 641088|0|0|.79|    93-609 Ritenour Hollow Rd| 641024|0|0|4.27|    01/01/2022|2010|G|98|0|1|1|0|0|C|.1|6 |.57|2033|G||||||||||||||
303730|0|R-VA093SC00627EB||||R-VA093SC00627EB|93-627|Reliance Rd|093|Warren County|093|Warren County|    93-609 Ritenour Hollow Rd| 641024|0|0|4.27|    US 522 Winchester Rd| 641086|0|0|4.6|    01/01/2022|2819|G|97|0|1|1|1|0|C|.099|6 |.61|2850|G||||||||||||||
776353|0|R-VA093SC00628NB||||R-VA093SC00628NB|93-628|Rocky Hollow Rd|093|Warren County|093|Warren County|    US 340 Stonewall Jackson Hwy| 641089|0|0|0|    93-629 S, Acorn Hill Rd| 641090|0|0|.8|    08/09/2017|49|R|||||||X||24|||X||||||||||||||
776354|0|R-VA093SC00628NB||||R-VA093SC00628NB|93-628|Rocky Hollow Rd|093|Warren County|093|Warren County|    93-629 S, Acorn Hill Rd| 641090|0|0|.8|    93-629 N, Acorn Hill Rd| 641176|0|0|1.1|    08/09/2017|111|R|||||||X||24|||X||||||||||||||
776355|0|R-VA093SC00628NB||||R-VA093SC00628NB|93-628|Rocky Hollow Rd|093|Warren County|093|Warren County|    93-629 N, Acorn Hill Rd| 641176|0|0|1.1|    93-613 Indian Hollow Rd| 641041|0|0|2.2|    08/09/2017|178|R|||||||X||24|||X||||||||||||||
776356|0|R-VA093SC00629EB||||R-VA093SC00629EB|93-629|Acorn Hill Rd|093|Warren County|093|Warren County|    Dead End| 641092|0|0|0|    93-628 N, Rocky Hollow Rd| 641176|0|0|.65|    08/09/2017|67|R|||||||X||24|||X||||||||||||||
776357|0|R-VA093SC00629EB||||R-VA093SC00629EB|93-629|Acorn Hill Rd|093|Warren County|093|Warren County|    93-628 S, Rocky Hollow Rd| 641090|0|0|.95|    US 340 Stonewall Jackson Hwy| 641091|0|0|1.95|    05/26/2020|357|R|||||||X||24|||X||||||||||||||
776358|0|R-VA093SC00630NB||||R-VA093SC00630NB|93-630|Thompson Hollow Rd|093|Warren County|093|Warren County|    Dead End| 641093|0|0|0|    1.85 MN Dead End| 641093|0|1.85|1.85|    05/26/2020|262|R|||||||X||24|||X||||||||||||||
776359|0|R-VA093SC00630NB||||R-VA093SC00630NB|93-630|Thompson Hollow Rd|093|Warren County|093|Warren County|    1.85 MN Dead End| 641093|0|1.85|1.85|    93-613 Bentonville Browntown Rd| 641037|0|0|2.25|    05/26/2020|368|R|||||||X||24|||X||||||||||||||
776360|0|R-VA093SC00631NB||||R-VA093SC00631NB|93-631|William Vincent Rd|093|Warren County|093|Warren County|    93-622 Buck Mountain Rd| 641069|0|0|0|    93-613 W, Bentonville Browntown Rd| 641170|0|0|1.2|    08/09/2017|168|R|||||||X||24|||X||||||||||||||
776361|0|R-VA093SC00631NB||||R-VA093SC00631NB|93-631|Gooney Manor Loop|093|Warren County|093|Warren County|    93-613 MID, Bentonville Browntown Rd| 641035|0|0|1.57|    93-632 Fetchett Rd| 641094|0|0|7.27|    08/09/2017|75|R|||||||X||24|||X||||||||||||||
776362|0|R-VA093SC00631NB||||R-VA093SC00631NB|93-631|Gooney Manor Loop|093|Warren County|093|Warren County|    93-632 Fetchett Rd| 641094|0|0|7.27|    93-634 Smith Run Rd| 641095|0|0|7.703|    05/26/2020|320|R|||||||X||24|||X||||||||||||||
776363|0|R-VA093SC00631NB||||R-VA093SC00631NB|93-631|Gooney Manor Loop|093|Warren County|093|Warren County|    93-634 Smith Run Rd| 641095|0|0|7.703|    93-613 E, Bentonville Rd; 93-649 Browntown Rd| 641034|0|0|7.77|    08/09/2017|629|R|||||||X||24|||X||||||||||||||
776364|0|R-VA093SC00632NB||||R-VA093SC00632NB|93-632|Fetchett Rd|093|Warren County|093|Warren County|    Dead End| 641097|0|0|0|    93-633 Broad Run Rd| 641096|0|0|.4|    01/14/2020|35|T|||||||X||24|||X||||||||||||||
776365|0|R-VA093SC00632NB||||R-VA093SC00632NB|93-632|Fetchett Rd|093|Warren County|093|Warren County|    93-633 Broad Run Rd| 641096|0|0|.4|    93-631| 641094|0|0|1.1|    05/26/2020|122|R|||||||X||24|||X||||||||||||||
776366|0|R-VA093SC00633NB||||R-VA093SC00633NB|93-633|Broad Run Rd|093|Warren County|093|Warren County|    Dead End| 641098|0|0|0|    93-632 Fetchett Rd| 641096|0|0|.4|    01/14/2020|40|T|||||||X||24|||X||||||||||||||
776367|0|R-VA093SC00634EB||||R-VA093SC00634EB|93-634|Smith Run Rd|093|Warren County|093|Warren County|    93-631| 641095|0|0|0|    93-622| 641067|0|0|1|    08/09/2017|359|R|||||||X||24|||X||||||||||||||
776368|0|R-VA093SC00634EB||||R-VA093SC00634EB|93-634|Smith Run Rd|093|Warren County|093|Warren County|    93-622| 641067|0|0|1|    Dead End| 641099|0|0|2.2|    08/09/2017|79|R|||||||X||24|||X||||||||||||||
776369|0|R-VA093SC00635EB||||R-VA093SC00635EB|93-635|Bowmans Mill Rd|093|Warren County|093|Warren County|    Shenandoah County Line| 901001|0|0|0|    93-611 W, Long Meadow Rd| 641169|0|0|.2|    08/17/2017|117|R|||||||X||24|||X||||||||||||||
776370|0|R-VA093SC00635EB||||R-VA093SC00635EB|93-635|Bowmans Mill Rd|093|Warren County|093|Warren County|    93-611 W, Long Meadow Rd| 641169|0|0|.2|    93-611 E, Long Meadow Rd| 641031|0|0|2.1|    08/17/2017|61|R|||||||X||24|||X||||||||||||||
776371|0|R-VA093SC00636EB||||R-VA093SC00636EB|93-636|Crassland Rd|093|Warren County|093|Warren County|    Dead End| 641101|0|0|0|    93-638| 641100|0|0|1|    08/23/2017|60|R|||||||X||24|||X||||||||||||||
776372|0|R-VA093SC00637NB||||R-VA093SC00637NB|93-637| |093|Warren County|093|Warren County|    Dead End| 641104|0|0|0|    US 522 Winchester Rd| 742681|0|0|.15|    05/06/2020|345|R|||||||X||24|||X||||||||||||||
303731|0|R-VA093SC00637NB||||R-VA093SC00637NB|93-637|Guard Hill Rd|093|Warren County|093|Warren County|    US 522 Winchester Rd| 742681|0|0|.15|    | 641080|0|0|1.91|    01/01/2022|1190|G|96|0|1|2|1|0|C|.115|6 |.51|1268|G||||||||||||||
303732|0|R-VA093SC00637NB||||R-VA093SC00637NB|93-637|Guard Hill Rd|093|Warren County|093|Warren County|    93-625 Pine Hills Rd| 641080|0|0|1.91|    93-626 Catletts Ford Rd| 641085|0|0|4.42|    01/01/2022|533|G|98|0|1|0|0|0|C|.14|6 |.53|539|G||||||||||||||
303733|0|R-VA093SC00637NB||||R-VA093SC00637NB|93-637|River Rd|093|Warren County|093|Warren County|    93-626 Catletts Ford Rd| 641085|0|0|4.42|    93-627 Chapel Rd; Reliance Rd| 641088|0|0|5.43|    01/01/2022|603|G|97|1|1|0|0|0|C|.135|6 |.64|610|G||||||||||||||
776373|0|R-VA093SC00637NB||||R-VA093SC00637NB|93-637| |093|Warren County|093|Warren County|    93-627 Reliance Rd| 641088|0|0|5.43|    93-854 Buckhorn Rd| 641102|0|0|6.64|    08/17/2017|215|R|||||||X||24|||X||||||||||||||
776374|0|R-VA093SC00637NB||||R-VA093SC00637NB|93-637| |093|Warren County|093|Warren County|    93-854 Buckhorn Rd| 641102|0|0|6.64|    Frederick County Line| 847008|0|0|7.14|    08/17/2017|121|R|||||||X||24|||X||||||||||||||
776375|0|R-VA093SC00638NB||||R-VA093SC00638NB|93-638| |093|Warren County|093|Warren County|    Fauquier County Line; 30-638| 843018|0|0|0|    93-636 Crassland Rd| 641100|0|0|1.2|    08/23/2017|441|R|||||||X||24|||X||||||||||||||
776376|0|R-VA093SC00638NB||||R-VA093SC00638NB|93-638| |093|Warren County|093|Warren County|    93-636 Crassland Rd| 641100|0|0|1.2|    | 641106|0|0|1.8|    05/20/2020|611|R|||||||X||24|||X||||||||||||||
776377|0|R-VA093SC00638NB||||R-VA093SC00638NB|93-638| |093|Warren County|093|Warren County|    SR 55 John Marshall Hwy| 641106|0|0|1.8|    FR-283| 641209|0|0|2|    08/23/2017|3934|R|||||||X||24|||X||||||||||||||
776378|0|R-VA093SC00638NB||||R-VA093SC00638NB|93-638| |093|Warren County|093|Warren County|    FR-283| 641209|0|0|2|    93-1133| 746961|0|0|4.39|    08/23/2017|2566|R|||||||X||24|||X||||||||||||||
776379|0|R-VA093SC00638NB||||R-VA093SC00638NB|93-638| |093|Warren County|093|Warren County|    93-1133| 746961|0|0|4.39|    93-688| 723930|0|0|10.77|    08/23/2017|480|R|||||||X||24|||X||||||||||||||
776380|0|R-VA093SC00638NB||||R-VA093SC00638NB|93-638| |093|Warren County|093|Warren County|    93-688| 723930|0|0|10.77|    93-603 Howellsville Rd| 641010|0|0|12.47|    08/23/2017|1544|R|||||||X||24|||X||||||||||||||
303734|0|R-VA093SC00638NB||||R-VA093SC00638NB|93-638|Howellsville Rd|093|Warren County|093|Warren County|    93-603 Howellsville Rd| 641010|0|0|12.47|    Clarke County Line; 21-638| 825002|0|0|15.37|    01/01/2022|1812|G|97|1|0|1|0|0|C|.107|6 |.73|1805|G||||||||||||||
776381|0|R-VA093SC00639EB||||R-VA093SC00639EB|93-639|Refuge Church Rd|093|Warren County|093|Warren County|    Frederick County Line| 847009|0|0|0|    | 641179|0|0|.36|    01/01/2022|1519|G|||||||X|.111|6 |.6|1363|G||||||||||||||
776382|0|R-VA093SC00639EB||||R-VA093SC00639EB|93-639|Ashby Station Rd|093|Warren County|093|Warren County|    93-802 Zion Church Rd| 641110|0|0|.44|    US 522 Winchester Rd| 641109|0|0|.47|    07/28/2014|338|R|||||||X||24|||X||||||||||||||
776383|0|R-VA093SC00639EB||||R-VA093SC00639EB|93-639|Ashby Station Rd|093|Warren County|093|Warren County|    US 522 Winchester Rd| 641109|0|0|.47|    93-658 Rockland Rd| 641182|0|0|3.5|    08/25/2017|173|R|||||||X||24|||X||||||||||||||
776384|0|R-VA093SC00639EB||||R-VA093SC00639EB|93-639|Rockland Rd|093|Warren County|093|Warren County|    93-658; Ashby Station Rd| 641182|0|0|3.5|    93-658 Rockland Rd| 641108|0|0|3.55|    01/01/2022|589|G|97|0|1|0|1|0|C|.101|6 |.57|596|G||||||||||||||
776385|0|R-VA093SC00639EB||||R-VA093SC00639EB|93-639|Ashby Station Rd|093|Warren County|093|Warren County|    93-658 Rockland Rd| 641108|0|0|3.55|    93-624 Milldale Rd| 641075|0|0|4.55|    08/25/2017|151|R|||||||X||24|||X||||||||||||||
776386|0|R-VA093SC00640NB||||R-VA093SC00640NB|93-640|Bunker Hill Rd|093|Warren County|093|Warren County|    93-735 Bowman Hollow Rd| 641112|0|0|0|    Frederick County Line| 847010|0|0|.2|    08/17/2017|116|R|||||||X||24|||X||||||||||||||
776387|0|R-VA093SC00641NB||||R-VA093SC00641NB|93-641|Double Church Rd|093|Warren County|093|Warren County|    93-639 Refuge Church Rd| 641111|0|0|0|    Frederick County Line| 847011|0|0|.1|    01/01/2022|1257|G|99|0|1|0|0|0|C|.114|6 |.63|1271|G||||||||||||||
776388|0|R-VA093SC00642NB||||R-VA093SC00642NB|93-642|Milldale Hollow Rd|093|Warren County|093|Warren County|    Dead End| 641113|0|0|0|    1.00 MW Dead End| 641113|0|1|1|    08/25/2017|43|R|||||||X||24|||X||||||||||||||
776389|0|R-VA093SC00642NB||||R-VA093SC00642NB|93-642|Milldale Hollow Rd|093|Warren County|093|Warren County|    1.00 MW Dead End| 641113|0|1|1|    93-624 Milldale Rd| 641074|0|0|1.2|    08/25/2017|92|R|||||||X||24|||X||||||||||||||
303735|0|R-VA093SC00643EB||||R-VA093SC00643EB|93-643|Howellsville Rd|093|Warren County|093|Warren County|    93-624 Morgan Ford Rd| 641077|0|0|0|    93-603 Oregon Hollow Rd| 641008|0|0|1.22|    01/01/2022|2698|G|97|1|1|1|0|0|C|.091|6 |.52|2687|G||||||||||||||
776390|0|R-VA093SC00644EB||||R-VA093SC00644EB|93-644|Stonebridge Rd|093|Warren County|093|Warren County|    Clarke County Line| 825005|0|0|0|    93-624 Milldale Rd| 641073|0|0|.4|    08/25/2017|77|R|||||||X||24|||X||||||||||||||
776391|0|R-VA093SC00645NB||||R-VA093SC00645NB|93-645|Manassas Run Rd|093|Warren County|093|Warren County|    93-624 Morgan Ford Rd| 641078|0|0|0|    Dead End| 641114|0|0|.29|    01/14/2020|35|T|||||||X||24|||X||||||||||||||
776392|0|R-VA093SC00646NB||||R-VA093SC00646NB|93-646|Esteppe Rd|093|Warren County|093|Warren County|    Dead End| 641116|0|0|0|    93-660| 641115|0|0|.8|    05/06/2020|438|R|||||||X||24|||X||||||||||||||
776393|0|R-VA093SC00647NB||||R-VA093SC00647NB|93-647|Dismal Hollow Rd|093|Warren County|093|Warren County|    SR 55 John Marshall Hwy| 641117|0|0|0|    | 641007|0|0|1.51|    01/01/2021|3007|G|||||||X|.084|6 |.68||X||||||||||||||
776394|0|R-VA093SC00647NB||||R-VA093SC00647NB|93-647|Dismal Hollow Rd|093|Warren County|093|Warren County|    93-603 Oregon Hollow Rd| 641007|0|0|1.51|    | 641079|0|0|3.08|    01/01/2021|2504|G|||||||X|.096|6 |.71||X||||||||||||||
776395|0|R-VA093SC00648NB||||R-VA093SC00648NB|93-648|Spangler Lane|093|Warren County|093|Warren County|    Dead End| 641180|0|0|0|    93-674 Limeton Church Rd| 641119|0|0|.22|    01/14/2020|50|T|||||||X||24|||X||||||||||||||
303736|0|R-VA093SC00649NB||||R-VA093SC00649NB|93-649|Browntown Rd|093|Warren County|093|Warren County|    93-613 Bentonville Browntown Rd; 93-631| 641034|0|0|0|    93-622 Liberty Hall Rd| 641068|0|0|1.73|    01/01/2022|1013|G|97|1|1|0|0|0|C|.107|6 |.69|1014|G||||||||||||||
303737|0|R-VA093SC00649NB||||R-VA093SC00649NB|93-649|Browntown Rd|093|Warren County|093|Warren County|    93-622 Liberty Hall Rd| 641068|0|0|1.73|    93-605 Poor House Rd| 641015|0|0|4.25|    01/01/2022|1349|G|97|0|1|0|0|0|C|.111|6 |.68|1351|G||||||||||||||
303738|0|R-VA093SC00649NB||||R-VA093SC00649NB|93-649|Browntown Rd|093|Warren County|093|Warren County|    93-605 Poor House Rd| 641015|0|0|4.25|    93-650 Snake Rd, Hickory Hill Rd| 641121|0|0|6.45|    01/01/2022|1860|G|98|0|1|0|0|0|C|.096|6 |.71|1862|G||||||||||||||
303739|0|R-VA093SC00649NB||||R-VA093SC00649NB|93-649|Browntown Rd|093|Warren County|093|Warren County|    93-650 Snake Rd, Hickory Hill Rd| 641121|0|0|6.45|    93-1010 Park Ridge Court| 708301|0|0|7.05|    01/01/2022|2158|G|98|0|1|0|0|0|C|.098|6 |.69|2161|G||||||||||||||
303740|0|R-VA093SC00649NB||||R-VA093SC00649NB|93-649|Browntown Rd|093|Warren County|093|Warren County|    93-1010 Park Ridge Court| 708301|0|0|7.05|    93-745 Old Browntown Rd| 720659|0|0|7.24|    01/01/2022|2304|G|98|0|1|0|0|0|C|.104|6 |.68|2311|G||||||||||||||
303741|0|R-VA093SC00649NB||||R-VA093SC00649NB|93-649|Browntown Rd|093|Warren County|093|Warren County|    93-745 Old Browntown Rd| 720659|0|0|7.24|    US 340 Stonewall Jackson Hwy| 720656|0|0|7.43|    01/01/2022|3052|G|98|0|1|0|0|0|F|.103|6 |.68|3257|G||||||||||||||
776397|0|R-VA093SC00650NB||||R-VA093SC00650NB|93-650| |093|Warren County|093|Warren County|    93-649 Browntown Rd| 641121|0|0|0|    US 340 Stonewall Jackson Hwy| 641124|0|0|.32|    05/26/2020|78|R|||||||X||24|||X||||||||||||||
776400|0|R-VA093SC00652EB||||R-VA093SC00652EB|93-652|Little Loop Rd|093|Warren County|093|Warren County|    93-656| 641127|0|0|0|    93-656| 641181|0|0|.18|    08/23/2017|40|R|||||||X||24|||X||||||||||||||
776401|0|R-VA093SC00654NB||||R-VA093SC00654NB|93-654|Maple St|093|Warren County|093|Warren County|    93-622| 641070|0|0|0|    93-737| 641128|0|0|.17|    08/11/2017|24|R|||||||X||24|||X||||||||||||||
776402|0|R-VA093SC00655NB||||R-VA093SC00655NB|93-655|Country Club Dr|093|Warren County|093|Warren County|    Dead End| 754004|0|0|0|    Jurisdiction Boundary: 093 Warren County| 641129|0|0|.85|    05/06/2020|15638|R|||||||X||24|||X||||||||||||||
776403|0|R-VA093SC00656EB||||R-VA093SC00656EB|93-656| |093|Warren County|093|Warren County|    SCL Front Royal| 641131|0|0|0|    | 641132|0|0|1|    08/23/2017|115|R|||||||X||24|||X||||||||||||||
776404|0|R-VA093SC00657EB||||R-VA093SC00657EB|93-657|Station Lane|093|Warren County|093|Warren County|    Dead End| 641133|0|0|0|    93-638| 641105|0|0|.07|    01/14/2020|35|T|||||||X||24|||X||||||||||||||
303742|0|R-VA093SC00658EB||||R-VA093SC00658EB|93-658|Rockland Rd|093|Warren County|093|Warren County|    US 522 Winchester Rd| 641086|0|0|0|    | 641135|0|0|3.05|    01/01/2022|874|G|97|0|1|0|0|0|F|.099|6 |.57|870|G||||||||||||||
303743|0|R-VA093SC00658EB||||R-VA093SC00658EB|93-658|Rockland Rd|093|Warren County|093|Warren County|    93-661 Fairground Rd| 641135|0|0|3.05|    93-639 W, Ashby Station Rd| 641108|0|0|4.65|    01/01/2022|485|G|97|0|1|0|0|0|C|.109|6 |.52|492|G||||||||||||||
303744|0|R-VA093SC00658EB||||R-VA093SC00658EB|93-658|Rockland Rd|093|Warren County|093|Warren County|    93-639 E, Ashby Station Rd| 641182|0|0|4.7|    Clarke County Line| 825009|0|0|5.75|    01/01/2022|452|G|97|0|1|0|0|0|C|.109|6 |.58|457|G||||||||||||||
776405|0|R-VA093SC00659EB||||R-VA093SC00659EB|93-659| |093|Warren County|093|Warren County|    93-603 Howellsville Rd| 641009|0|0|0|    Dead End| 641137|0|0|.6|    08/23/2017|120|R|||||||X||24|||X||||||||||||||
776325|0|R-VA093SC00660EB||||R-VA093SC00660EB|93-660||093|Warren County|093|Warren County|    93-619 N, Mountain Rd| 641049|0|0|0|    93-660 Wakeman Mill Rd| 641048|0|0|1.5|    01/01/2021|834|G|||||||X|.115|6 |.64||X||||||||||||||
776406|0|R-VA093SC00660EB||||R-VA093SC00660EB|93-660|Wakeman Mill Rd|093|Warren County|093|Warren County|    93-615 Wakeman Mill Rd| 641048|0|0|1.5|    93-626 S, Toten Lane| 641082|0|0|1.8|    01/01/2022|985|G|98|0|1|1|0|0|C|.104|6 |.61|987|G||||||||||||||
776407|0|R-VA093SC00660EB||||R-VA093SC00660EB|93-660| |093|Warren County|093|Warren County|    93-614; 93-626 NORTH| 641357|0|0|1.9|    93-621 Punch Run Rd| 641065|0|0|3.4|    08/11/2017|993|R|||||||X||24|||X||||||||||||||
776408|0|R-VA093SC00660EB||||R-VA093SC00660EB|93-660| |093|Warren County|093|Warren County|    93-621 Punch Run Rd| 641065|0|0|3.4|    Dead End| 716814|0|0|4.08|    08/11/2017|131|R|||||||X||24|||X||||||||||||||
303745|0|R-VA093SC00661NB||||R-VA093SC00661NB|93-661|Fairground Rd|093|Warren County|093|Warren County|    93-624 Morgan Ford Rd| 641076|0|0|0|    93-658 Rockland Rd| 641135|0|0|1.23|    01/01/2022|1824|G|97|0|1|1|0|0|C|.1|6 |.54|1817|G||||||||||||||
303746|0|R-VA093SC00661NB||||R-VA093SC00661NB|93-661|Fairground Rd|093|Warren County|093|Warren County|    93-658 Rockland Rd| 641135|0|0|1.23|    | 641140|0|0|3.33|    01/01/2022|1676|G|97|0|1|1|0|0|F|.1|6 |.59|1793|G||||||||||||||
776409|0|R-VA093SC00662EB||||R-VA093SC00662EB|93-662|Foster Hollow Rd|093|Warren County|093|Warren County|    Frederick County Line| 847012|0|0|0|    Dead End| 641143|0|0|.33|    08/17/2017|91|R|||||||X||24|||X||||||||||||||
776411|0|R-VA093SC00663NB||||R-VA093SC00663NB|93-663|Walnut Dr|093|Warren County|093|Warren County|    End Loop| 641144|0|0|0|    93-745| 641122|0|0|.4|    05/17/2011|262|R|||||||X||24|||X||||||||||||||
776412|0|R-VA093SC00664NB||||R-VA093SC00664NB|93-664|Whipporwill Rd|093|Warren County|093|Warren County|    Dead End| 641146|0|0|0|    SR 55 Strasburg Rd| 641145|0|0|.21|    08/04/2014|85|R|||||||X||24|||X||||||||||||||
776413|0|R-VA093SC00665NB||||R-VA093SC00665NB|93-665| |093|Warren County|093|Warren County|    Rappahannock County Line| 893001|0|0|0|    US 522| 641147|0|0|.07|    08/23/2017|980|R|||||||X||24|||X||||||||||||||
776414|0|R-VA093SC00667NB||||R-VA093SC00667NB|93-667|Mitchell Dr|093|Warren County|093|Warren County|    93-626| 641084|0|0|0|    Dead End| 641183|0|0|.3|    01/14/2020|115|T|||||||X||24|||X||||||||||||||
776415|0|R-VA093SC00668EB||||R-VA093SC00668EB|93-668|Theatre Rd|093|Warren County|093|Warren County|    Dead End| 641184|0|0|0|    SR 55 Strasburg Rd| 641148|0|0|.2|    01/14/2020|120|T|||||||X||24|||X||||||||||||||
776416|0|R-VA093SC00669NB||||R-VA093SC00669NB|93-669|Dogwood Lane|093|Warren County|093|Warren County|    US 340 Stonewall Jackson Hwy| 641149|0|0|0|    Dead End| 641150|0|0|.3|    05/26/2020|93|R|||||||X||24|||X||||||||||||||
776417|0|R-VA093SC00670EB||||R-VA093SC00670EB|93-670|Point Rd|093|Warren County|093|Warren County|    Dead End| 641185|0|0|0|    93-737| 641151|0|0|.6|    08/11/2017|72|R|||||||X||24|||X||||||||||||||
776418|0|R-VA093SC00671EB||||R-VA093SC00671EB|93-671|Harmony Orchard Rd|093|Warren County|093|Warren County|    Dead End| 641186|0|0|0|    93-604 Harmony Hollow Rd| 641012|0|0|.92|    05/26/2020|261|R|||||||X||24|||X||||||||||||||
776419|0|R-VA093SC00672EB||||R-VA093SC00672EB|93-672|Bubb Lane|093|Warren County|093|Warren County|    Dead End| 641187|0|0|0|    93-613 Bentonville Browntown Rd| 641038|0|0|.1|    08/09/2017|68|R|||||||X||24|||X||||||||||||||
776420|0|R-VA093SC00673NB||||R-VA093SC00673NB|93-673|McCoys Ford Rd|093|Warren County|093|Warren County|    Dead End| 641188|0|0|0|    93-623 Downing Farm Rd| 641072|0|0|1.503|    08/11/2017|329|R|||||||X||24|||X||||||||||||||
776421|0|R-VA093SC00673NB||||R-VA093SC00673NB|93-673|McCoys Ford Rd|093|Warren County|093|Warren County|    93-623 Downing Farm Rd| 641072|0|0|1.503|    93-619 Mountain Rd| 641061|0|0|1.83|    08/11/2017|1354|R|||||||X||24|||X||||||||||||||
776422|0|R-VA093SC00674NB||||R-VA093SC00674NB|93-674|Limeton Church Rd|093|Warren County|093|Warren County|    US 340 Stonewall Jackson Hwy| 641152|0|0|0|    93-622| 641071|0|0|.48|    05/26/2020|161|R|||||||X||24|||X||||||||||||||
776423|0|R-VA093SC00674NB||||R-VA093SC00674NB|93-674|Limeton Church Rd|093|Warren County|093|Warren County|    93-622| 641071|0|0|.48|    93-737| 641153|0|0|.65|    08/11/2017|511|R|||||||X||24|||X||||||||||||||
776424|0|R-VA093SC00675EB||||R-VA093SC00675EB|93-675|Success Rd|093|Warren County|093|Warren County|    US 522 Winchester Rd|1097667|0|0|0|    | 728898|0|0|.25|    08/25/2017|91|R|||||||X||24|||X||||||||||||||
776425|0|R-VA093SC00676NB||||R-VA093SC00676NB|93-676|Corron Dr|093|Warren County|093|Warren County|    93-677 Catlett Mountain Rd| 641155|0|0|0|    Dead End| 641189|0|0|.3|    01/14/2020|190|T|||||||X||24|||X||||||||||||||
776426|0|R-VA093SC00677EB||||R-VA093SC00677EB|93-677|Catlett Mountain Rd|093|Warren County|093|Warren County|    93-619 Rivermont Dr| 641059|0|0|0|    93-679| 641157|0|0|2.17|    05/26/2020|255|R|||||||X||24|||X||||||||||||||
303747|0|R-VA093SC00678NB||||R-VA093SC00678NB|93-678|Fort Valley Rd|093|Warren County|093|Warren County|    Shenandoah County Line| 901002|0|0|0|    SR 55; 93-610| 641025|0|0|1.77|    01/01/2022|2039|G|97|0|1|1|0|0|C|.093|6 |.55|2047|G||||||||||||||
776427|0|R-VA093SC00679EB||||R-VA093SC00679EB|93-679| |093|Warren County|093|Warren County|    93-619 W, Rivermont Dr| 641190|0|0|0|    | 641057|0|0|1.32|    05/26/2020|184|R|||||||X||24|||X||||||||||||||
776428|0|R-VA093SC00679EB||||R-VA093SC00679EB|93-679| |093|Warren County|093|Warren County|    93-619 E, Rivermont Dr| 641057|0|0|1.32|    93-677 Catlett Mountain Rd| 641157|0|0|2.02|    05/26/2020|487|R|||||||X||24|||X||||||||||||||
776429|0|R-VA093SC00680EB||||R-VA093SC00680EB|93-680|Russ Johnson Rd|093|Warren County|093|Warren County|    93-619 W, Rivermont Dr| 641191|0|0|0|    93-619 E, Rivermont Dr| 641058|0|0|.31|    08/11/2017|22|R|||||||X||24|||X||||||||||||||
776430|0|R-VA093SC00681EB||||R-VA093SC00681EB|93-681|Luray Ave|093|Warren County|093|Warren County|    WCL Front Royal| 641158|0|0|0|    Dead End| 641159|0|0|.24|    05/26/2020|921|R|||||||X||24|||X||||||||||||||
776431|0|R-VA093SC00682NB||||R-VA093SC00682NB|93-682|Poe Dr|093|Warren County|093|Warren County|    Dead End| 641192|0|0|0|    93-1111 Boies Dr| 641162|0|0|.1|    05/26/2011|54|R|||||||X||24|||X||||||||||||||
776432|0|R-VA093SC00682NB||||R-VA093SC00682NB|93-682|Poe Dr|093|Warren County|093|Warren County|    93-1111 Boies Dr| 641162|0|0|.1|    93-1110 Dennis Dr| 641161|0|0|.16|    08/04/2014|110|R|||||||X||24|||X||||||||||||||
776433|0|R-VA093SC00682NB||||R-VA093SC00682NB|93-682|Poe Dr|093|Warren County|093|Warren County|    93-1110 Dennis Dr| 641161|0|0|.16|    | 641160|0|0|.43|    08/04/2014|238|R|||||||X||24|||X||||||||||||||
776434|0|R-VA093SC00683NB||||R-VA093SC00683NB|93-683|Bowling Green Rd|093|Warren County|093|Warren County|    93-661 Fairground Rd| 641142|0|0|0|    93-658 Rockland Rd| 641134|0|0|1.48|    07/28/2014|208|R|||||||X||24|||X||||||||||||||
776435|0|R-VA093SC00684EB||||R-VA093SC00684EB|93-684| |093|Warren County|093|Warren County|    Dead End| 641358|0|0|0|    93-686 Pinkett Lane| 641163|0|0|.09|    01/14/2020|30|T|||||||X||24|||X||||||||||||||
776436|0|R-VA093SC00684EB||||R-VA093SC00684EB|93-684| |093|Warren County|093|Warren County|    93-686 Pinkett Lane| 641163|0|0|.09|    93-613 Indian Hollow Rd| 641040|0|0|.15|    05/26/2020|36|R|||||||X||24|||X||||||||||||||
776437|0|R-VA093SC00685NB||||R-VA093SC00685NB|93-685| |093|Warren County|093|Warren County|    93-638 Howellsville Rd| 641107|0|0|0|    Dead End| 641193|0|0|.24|    08/17/2017|59|R|||||||X||24|||X||||||||||||||
776438|0|R-VA093SC00686EB||||R-VA093SC00686EB|93-686|Pinkett Lane|093|Warren County|093|Warren County|    Dead End| 641194|0|0|0|    93-684| 641163|0|0|.05|    01/14/2020|30|T|||||||X||24|||X||||||||||||||
776439|0|R-VA093SC00687EB||||R-VA093SC00687EB|93-687| |093|Warren County|093|Warren County|    Cul-de-Sac| 703556|0|0|0|    93-638 Howellsville Rd| 703555|0|0|.27|    08/23/2017|81|R|||||||X||24|||X||||||||||||||
782766|0|R-VA093SC00688EB||||R-VA093SC00688EB|93-688| |093|Warren County|093|Warren County|    93-638| 723930|0|0|0|    Dead End| 723932|0|0|.2|    08/23/2017|819|R|||||||X||24|||X||||||||||||||
782767|0|R-VA093SC00689EB||||R-VA093SC00689EB|93-689| |093|Warren County|093|Warren County|    93-624 Morgan Ford Rd| 724107|0|0|0|    Dead End| 724108|0|0|.28|    01/14/2020|110|T|||||||X||24|||X||||||||||||||
788164|0|R-VA093SC00690EB||||R-VA093SC00690EB|93-690| |093|Warren County|093|Warren County|    SR 55 Strasburg Rd| 706222|0|0|0|    Dead End| 733573|0|0|.24|    01/14/2020|55|T|||||||X||24|||X||||||||||||||
776440|0|R-VA093SC00700NB||||R-VA093SC00700NB|93-700|Figgins Rd|093|Warren County|093|Warren County|    Dead End| 641195|0|0|0|    93-677 Catlett Mountain Rd| 641156|0|0|.36|    01/14/2020|110|T|||||||X||24|||X||||||||||||||
776441|0|R-VA093SC00701EB||||R-VA093SC00701EB|93-701|Barnett Dr|093|Warren County|093|Warren County|    Dead End| 641196|0|0|0|    93-619 Rivermont Dr| 641060|0|0|.4|    05/26/2020|355|R|||||||X||24|||X||||||||||||||
785491|0|R-VA093SC00702NB||||R-VA093SC00702NB|93-702|Baugh Dr|093|Warren County|093|Warren County|    93-720 Toray Dr| 747842|0|0|0|    93-661 Fairground Rd| 728896|0|0|1.36|    05/06/2020|1257|R|||||||X||24|||X||||||||||||||
785492|0|R-VA093SC00703EB||||R-VA093SC00703EB|93-703|Success Farm Lane|093|Warren County|093|Warren County|    Dead End| 728897|0|0|0|    93-661 Fairground Rd| 641141|0|0|.08|    01/14/2020|20|T|||||||X||24|||X||||||||||||||
776442|0|R-VA093SC00704NB||||R-VA093SC00704NB|93-704|Jenny Wren Dr|093|Warren County|093|Warren County|    SR 55 Strasburg Rd| 710211|0|0|0|    Dead End| 710212|0|0|.2|    08/11/2017|200|R|||||||X||24|||X||||||||||||||
776443|0|R-VA093SC00710NB||||R-VA093SC00710NB|93-710|Lower Valley Rd|093|Warren County|093|Warren County|    93-678 Fort Valley Rd| 706214|0|0|0|    Dead End| 706215|0|0|.39|    08/17/2017|580|R|||||||X||24|||X||||||||||||||
792578|0|R-VA093SC00711EB||||R-VA093SC00711EB|93-711| |093|Warren County|093|Warren County|    Dead End| 742045|0|0|0|    93-710 Lower Valley Rd| 742044|0|0|.71|    08/17/2017|319|R|||||||X||24|||X||||||||||||||
792579|0|R-VA093SC00712EB||||R-VA093SC00712EB|93-712| |093|Warren County|093|Warren County|    93-710 Lower Valley Rd| 742044|0|0|0|    Cul-de-Sac| 742046|0|0|.11|    05/26/2011|33|R|||||||X||24|||X||||||||||||||
797346|0|R-VA093SC00715NB||||R-VA093SC00715NB|93-715| |093|Warren County|093|Warren County|    Dead End| 751339|0|0|0|    93-658 Rockland Rd| 751338|0|0|.36|    05/06/2020|1365|R|||||||X||24|||X||||||||||||||
797347|0|R-VA093SC00720EB||||R-VA093SC00720EB|93-720|Toray Dr|093|Warren County|093|Warren County|    US 340, US 522 Winchester Rd|1097686|0|0|0|    | 747842|0|0|.45|    05/06/2020|2064|R|||||||X||24|||X||||||||||||||
797348|0|R-VA093SC00721EB||||R-VA093SC00721EB|93-721|Fellows Dr|093|Warren County|093|Warren County|    Farm River Rd|1097008|0|0|0|    93-638 Howellsville Rd| 751726|0|0|.55|    05/20/2020|366|R|||||||X||24|||X||||||||||||||
797349|0|R-VA093SC00724NB||||R-VA093SC00724NB|93-724| |093|Warren County|093|Warren County|    Dead End| 751491|0|0|0|    93-602 Moore Rd| 751490|0|0|.41|    05/26/2020|86|R|||||||X||24|||X||||||||||||||
786903|0|R-VA093SC00725EB||||R-VA093SC00725EB|93-725| |093|Warren County|093|Warren County|    Dead End|1251216|0|0|0|    US 340 Stonewall Jackson Hwy| 731217|0|0|2.11|    08/11/2017|423|R|||||||X||24|||X||||||||||||||
776444|0|R-VA093SC00730NB||||R-VA093SC00730NB|93-730| |093|Warren County|093|Warren County|    Dead End (pre-update)|1266013|0|0|0|    93-613 Bentonville Browntown Rd| 714189|0|0|.41|    08/09/2017|352|R|||||||X||24|||X||||||||||||||
797714|0|R-VA093SC00731EB||||R-VA093SC00731EB|93-731| |093|Warren County|093|Warren County|    Dead End| 753256|0|0|0|    93-638| 753255|0|0|.12|    05/20/2020|646|R|||||||X||24|||X||||||||||||||
776445|0|R-VA093SC00735NB||||R-VA093SC00735NB|93-735|Bowman Hollow Rd|093|Warren County|093|Warren County|    Dead End| 641197|0|0|0|    93-640 Bunker Hill Rd| 641112|0|0|1.12|    08/17/2017|89|R|||||||X||24|||X||||||||||||||
776446|0|R-VA093SC00735NB||||R-VA093SC00735NB|93-735|Bowman Hollow Rd|093|Warren County|093|Warren County|    93-640 Bunker Hill Rd| 641112|0|0|1.12|    Frederick County Line| 847014|0|0|1.4|    08/17/2017|66|R|||||||X||24|||X||||||||||||||
776447|0|R-VA093SC00736NB||||R-VA093SC00736NB|93-736|Molly Campbell Lane|093|Warren County|093|Warren County|    93-609 Ritenour Hollow Rd| 641023|0|0|0|    93-627 Reliance Rd| 641087|0|0|.2|    08/17/2017|26|R|||||||X||24|||X||||||||||||||
776448|0|R-VA093SC00737NB||||R-VA093SC00737NB|93-737| |093|Warren County|093|Warren County|    93-654 Maple St| 641128|0|0|0|    93-674 Limeton Church Rd| 641153|0|0|.05|    08/11/2017|30|R|||||||X||24|||X||||||||||||||
776449|0|R-VA093SC00737NB||||R-VA093SC00737NB|93-737| |093|Warren County|093|Warren County|    93-674 Limeton Church Rd| 641153|0|0|.05|    US 340 Stonewall Jackson Hwy| 641164|0|0|.07|    05/26/2020|811|R|||||||X||24|||X||||||||||||||
776450|0|R-VA093SC00737NB||||R-VA093SC00737NB|93-737| |093|Warren County|093|Warren County|    US 340 Stonewall Jackson Hwy| 641164|0|0|.07|    Dead End| 641198|0|0|.47|    08/11/2017|125|R|||||||X||24|||X||||||||||||||
776451|0|R-VA093SC00738NB||||R-VA093SC00738NB|93-738|Jennings Lane|093|Warren County|093|Warren County|    93-613 Bentonville Browntown Rd| 641036|0|0|0|    Dead End| 641199|0|0|.3|    08/09/2017|56|R|||||||X||24|||X||||||||||||||
776452|0|R-VA093SC00739NB||||R-VA093SC00739NB|93-739|Robinson Rd|093|Warren County|093|Warren County|    93-660| 641138|0|0|0|    Dead End| 641200|0|0|.22|    05/06/2020|41|R|||||||X||24|||X||||||||||||||
776454|0|R-VA093SC00745NB||||R-VA093SC00745NB|93-745| |093|Warren County|093|Warren County|    93-649 Browntown Rd| 720659|0|0|0|    Dead End| 720658|0|0|.18|    08/11/2017|309|R|||||||X||24|||X||||||||||||||
776455|0|R-VA093SC00802NB||||R-VA093SC00802NB|93-802|Zion Church Rd|093|Warren County|093|Warren County|    US 522 Winchester Rd| 641165|0|0|0|    93-639 Refuge Church Rd| 641179|0|0|.16|    01/01/2022|1379|G|98|0|1|0|0|0|C|.112|6 |.6|1396|G||||||||||||||
776456|0|R-VA093SC00802NB||||R-VA093SC00802NB|93-802|Zion Church Rd|093|Warren County|093|Warren County|    93-639 SOUTH| 641179|0|0|.16|    93-639 NORTH| 641110|0|0|.24|    08/25/2017|262|R|||||||X||24|||X||||||||||||||
776457|0|R-VA093SC00802NB||||R-VA093SC00802NB|93-802|Zion Church Rd|093|Warren County|093|Warren County|    93-639 NORTH| 641110|0|0|.24|    Dead End| 641166|0|0|.44|    05/06/2020|67|R|||||||X||24|||X||||||||||||||
776458|0|R-VA093SC00810NB||||R-VA093SC00810NB|93-810| |093|Warren County|093|Warren County|    93-624 Milldale Rd| 721902|0|0|0|    93-811| 721903|0|0|.23|    08/25/2017|84|R|||||||X||24|||X||||||||||||||
776459|0|R-VA093SC00810NB||||R-VA093SC00810NB|93-810| |093|Warren County|093|Warren County|    93-811| 721903|0|0|.23|    93-639 Ashby Station Rd| 721904|0|0|.57|    08/25/2017|60|R|||||||X||24|||X||||||||||||||
776460|0|R-VA093SC00811EB||||R-VA093SC00811EB|93-811| |093|Warren County|093|Warren County|    Cul-de-Sac| 721905|0|0|0|    93-810| 721903|0|0|.11|    08/25/2017|56|R|||||||X||24|||X||||||||||||||
776461|0|R-VA093SC00840EB||||R-VA093SC00840EB|93-840|Water Plant Rd|093|Warren County|093|Warren County|    Frederick County Line|1271020|0|0|0|    93-611; 93-612| 641030|0|0|1|    05/20/2020|551|R|||||||X||24|||X||||||||||||||
776463|0|R-VA093SC00842NB||||R-VA093SC00842NB|93-842| |093|Warren County|093|Warren County|    93-612 Gafia Lodge Rd| 641032|0|0|0|    1.25 MN 93-612| 641168|0|0|1.28|    05/20/2020|35|R|||||||X||24|||X||||||||||||||
776464|0|R-VA093SC00842NB||||R-VA093SC00842NB|93-842| |093|Warren County|093|Warren County|    1.25 MN 93-612| 641029|0|0|1.39|    93-611 W, Long Meadow Rd|1154402|0|0|1.67|    05/20/2020|142|R|||||||X||24|||X||||||||||||||
776465|0|R-VA093SC00842NB||||R-VA093SC00842NB|93-842| |093|Warren County|093|Warren County|    93-611 E, Long Meadow Rd|1154402|0|0|1.67|    Frederick County Line| 847016|0|0|2.5|    05/20/2020|211|R|||||||X||24|||X||||||||||||||
776466|0|R-VA093SC00854NB||||R-VA093SC00854NB|93-854|Buckhorn Rd|093|Warren County|093|Warren County|    93-637| 641102|0|0|0|    Frederick County Line| 641366|0|0|.25|    05/06/2020|116|R|||||||X||24|||X||||||||||||||
776467|0|R-VA093SC00854NB||||R-VA093SC00854NB|93-854|Buckhorn Rd|034|Frederick County|093|Warren County|    Frederick County Line| 641366|0|0|.25|    Dead End| 641167|0|0|.46|    08/17/2017|116|R|||||||X||24|||X||||||||||||||
776468|0|R-VA093SC01010NB||||R-VA093SC01010NB|93-1010|Park Ridge Court|093|Warren County|093|Warren County|    Cul-de-Sac| 708302|0|0|0|    93-649 Browntown Rd| 708301|0|0|.2|    01/14/2020|105|T|||||||X||24|||X||||||||||||||
782768|0|R-VA093SC01013EB||||R-VA093SC01013EB|93-1013| |093|Warren County|093|Warren County|    93-661 Fairground Rd| 724636|0|0|0|    93-624 Milldale Rd| 724637|0|0|1.02|    08/25/2017|195|R|||||||X||24|||X||||||||||||||
782769|0|R-VA093SC01014NB||||R-VA093SC01014NB|93-1014| |093|Warren County|093|Warren County|    93-1013| 724638|0|0|0|    Cul-de-Sac| 724639|0|0|.2|    08/25/2017|44|R|||||||X||24|||X||||||||||||||
776469|0|R-VA093SC01015NB||||R-VA093SC01015NB|93-1015| |093|Warren County|093|Warren County|    93-658 Rockland Rd| 710209|0|0|0|    Cul-de-Sac| 710210|0|0|.17|    08/25/2017|80|R|||||||X||24|||X||||||||||||||
794023|0|R-VA093SC01020NB||||R-VA093SC01020NB|93-1020| |093|Warren County|093|Warren County|    FR-225 Cooley Dr| 641215|0|0|0|    93-1022| 745591|0|0|.61|    05/20/2020|392|R|||||||X||24|||X||||||||||||||
794024|0|R-VA093SC01021EB||||R-VA093SC01021EB|93-1021| |093|Warren County|093|Warren County|    93-1022| 745592|0|0|0|    93-1020| 745590|0|0|.24|    05/20/2020|133|R|||||||X||24|||X||||||||||||||
794025|0|R-VA093SC01022NB||||R-VA093SC01022NB|93-1022| |093|Warren County|093|Warren County|    Cul-de-Sac| 745593|0|0|0|    93-1020| 745591|0|0|.31|    05/20/2020|188|R|||||||X||24|||X||||||||||||||
794026|0|R-VA093SC01022NB||||R-VA093SC01022NB|93-1022| |093|Warren County|093|Warren County|    93-1020| 745591|0|0|.31|    Cul-de-Sac| 745596|0|0|.35|    01/14/2020|25|T|||||||X||24|||X||||||||||||||
797350|0|R-VA093SC01023EB||||R-VA093SC01023EB|93-1023| |093|Warren County|093|Warren County|    FR-225 Cooley Dr| 751611|0|0|0|    Cul-de-Sac| 751612|0|0|.32|    01/14/2020|150|T|||||||X||24|||X||||||||||||||
792175|0|R-VA093SC01030EB||||R-VA093SC01030EB|93-1030| |093|Warren County|093|Warren County|    Dead End| 740915|0|0|0|    93-673 McCoys Ford Rd| 641072|0|0|.2|    01/14/2020|30|T|||||||X||24|||X||||||||||||||
794027|0|R-VA093SC01031EB||||R-VA093SC01031EB|93-1031| |093|Warren County|093|Warren County|    Cul-de-Sac| 745755|0|0|0|    93-679| 745753|0|0|.2|    01/14/2020|65|T|||||||X||24|||X||||||||||||||
796371|0|R-VA093SC01032EB||||R-VA093SC01032EB|93-1032| |093|Warren County|093|Warren County|    Cul-de-Sac| 749532|0|0|0|    93-646 Esteppe Rd| 749531|0|0|.49|    01/14/2020|180|T|||||||X||24|||X||||||||||||||
796372|0|R-VA093SC01033NB||||R-VA093SC01033NB|93-1033| |093|Warren County|093|Warren County|    93-1032| 749533|0|0|0|    Cul-de-Sac| 749534|0|0|.22|    01/14/2020|65|T|||||||X||24|||X||||||||||||||
776470|0|R-VA093SC01110EB||||R-VA093SC01110EB|93-1110|Dennis Dr|093|Warren County|093|Warren County|    Dead End| 641202|0|0|0|    93-682 Poe Dr| 641161|0|0|.09|    08/04/2014|30|R|||||||X||24|||X||||||||||||||
776471|0|R-VA093SC01111EB||||R-VA093SC01111EB|93-1111|Boies Dr|093|Warren County|093|Warren County|    Dead End| 641359|0|0|0|    93-682 Poe Dr| 641162|0|0|.08|    05/26/2011|48|R|||||||X||24|||X||||||||||||||
776472|0|R-VA093SC01120EB||||R-VA093SC01120EB|93-1120|West Duck St|093|Warren County|093|Warren County|    93-1125 Mallard Place| 708293|0|0|0|    WCL Front Royal|1282491|0|0|.29|    01/01/2022|909|G|98|0|1|0|0|0|C|.121|6 |.62|968|G||||||||||||||
776473|0|R-VA093SC01121EB||||R-VA093SC01121EB|93-1121|River Court|093|Warren County|093|Warren County|    93-1120 West Duck St| 706218|0|0|0|    Cul-de-Sac| 706220|0|0|.11|    05/26/2011|139|R|||||||X||24|||X||||||||||||||
776474|0|R-VA093SC01122EB||||R-VA093SC01122EB|93-1122|Baron Place|093|Warren County|093|Warren County|    Cul-de-Sac| 706221|0|0|0|    93-1120 West Duck St| 706217|0|0|.15|    05/26/2011|192|R|||||||X||24|||X||||||||||||||
776475|0|R-VA093SC01123NB||||R-VA093SC01123NB|93-1123|Weaver Lane|093|Warren County|093|Warren County|    93-1120 West Duck St| 708292|0|0|0|    Cul-de-Sac| 708295|0|0|.07|    05/26/2011|170|R|||||||X||24|||X||||||||||||||
776476|0|R-VA093SC01124NB||||R-VA093SC01124NB|93-1124|Earl Court|093|Warren County|093|Warren County|    93-1123 Weaver Lane| 708294|0|0|0|    Cul-de-Sac| 708296|0|0|.06|    05/26/2011|83|R|||||||X||24|||X||||||||||||||
796600|0|R-VA093SC01125NB||||R-VA093SC01125NB|93-1125|Mallard Place|093|Warren County|093|Warren County|    Cul-de-Sac| 708297|0|0|0|    93-1120 West Duck St| 708293|0|0|.04|    01/14/2020|65|T|||||||X||24|||X||||||||||||||
776477|0|R-VA093SC01125NB||||R-VA093SC01125NB|93-1125|Mallard Place|093|Warren County|093|Warren County|    93-1120 West Duck St| 708293|0|0|.04|    Cul-de-Sac| 708299|0|0|.22|    08/10/2017|305|R|||||||X||24|||X||||||||||||||
776478|0|R-VA093SC01126EB||||R-VA093SC01126EB|93-1126|Morgan Place|093|Warren County|093|Warren County|    Cul-de-Sac| 708300|0|0|0|    93-1125 Mallard Place| 708298|0|0|.11|    05/26/2011|141|R|||||||X||24|||X||||||||||||||
794695|0|R-VA093SC01130EB||||R-VA093SC01130EB|93-1130| |093|Warren County|093|Warren County|    93-1132| 746962|0|0|0|    93-638| 746960|0|0|.54|    05/20/2020|182|R|||||||X||24|||X||||||||||||||
794696|0|R-VA093SC01131NB||||R-VA093SC01131NB|93-1131| |093|Warren County|093|Warren County|    Cul-de-Sac| 746966|0|0|0|    93-1130| 746964|0|0|.21|    01/14/2020|20|T|||||||X||24|||X||||||||||||||
794697|0|R-VA093SC01132NB||||R-VA093SC01132NB|93-1132| |093|Warren County|093|Warren County|    Cul-de-Sac| 746967|0|0|0|    93-1134| 746968|0|0|.29|    01/14/2020|105|T|||||||X||24|||X||||||||||||||
794698|0|R-VA093SC01132NB||||R-VA093SC01132NB|93-1132| |093|Warren County|093|Warren County|    93-1134| 746968|0|0|.29|    Cul-de-Sac| 746969|0|0|.52|    01/14/2020|50|T|||||||X||24|||X||||||||||||||
794699|0|R-VA093SC01133NB||||R-VA093SC01133NB|93-1133| |093|Warren County|093|Warren County|    93-1130| 746963|0|0|0|    93-638| 746961|0|0|.46|    05/20/2020|69|R|||||||X||24|||X||||||||||||||
794700|0|R-VA093SC01134EB||||R-VA093SC01134EB|93-1134| |093|Warren County|093|Warren County|    Cul-de-Sac| 746970|0|0|0|    93-1132| 746968|0|0|.07|    01/14/2020|30|T|||||||X||24|||X||||||||||||||
798729|0|R-VA093SC09418NB||||R-VA093SC09418NB|93-9418| |093|Warren County|093|Warren County|    US 340 Stonewall Jackson Hwy| 720656|0|0|0|    Cul-de-Sac| 754877|0|0|.41|    08/24/2017|1214|R|||||||X||24|||X||||||||||||||
632010|0|S-VA112PR CRISER RD||||S-VA112PR CRISER RD|Criser Rd|Criser Rd|112|Town of Front Royal|112|Town of Front Royal|    Luray Ave| 641158|0|0|0|    South Royal Ave| 713190|0|0|.52|    01/01/2022|3067|G|99|0|1|0|0|0|C|.093|6 |.59|3271|G||||||||||||||
632011|0|S-VA112PR CRISER RD||||S-VA112PR CRISER RD|Criser Rd|Criser Rd|112|Town of Front Royal|112|Town of Front Royal|    South Royal Ave| 713190|0|0|.52|    Chester Gap Rd| 713188|0|0|1.22|    01/01/2022|4730|G|99|0|1|0|0|0|F|.104|6 |.68|5043|G||||||||||||||
632004|0|S-VA112PR E 6TH ST||||S-VA112PR E 6TH ST|E 6th St|6th St|112|Town of Front Royal|112|Town of Front Royal|    US 522 Commerce Ave|1093957|0|0|0|    | 641302|0|0|.61|    01/01/2022|8522|G|97|0|1|1|1|0|C|.092|6 |.51|9077|G||||||||||||||
632014|0|S-VA112PR HAPPY CREEK RD||||S-VA112PR HAPPY CREEK RD|Happy Creek Rd|Happy Creek Rd|112|Town of Front Royal|112|Town of Front Royal|    Commerce Ave| 641292|0|0|0|    6Th St| 641302|0|0|.85|    01/01/2022|1844|G|99|0|1|0|0|0|C|.105|6 |.58|1963|G||||||||||||||
632015|0|S-VA112PR HAPPY CREEK RD||||S-VA112PR HAPPY CREEK RD|Happy Creek Rd|Happy Creek Rd|112|Town of Front Royal|112|Town of Front Royal|    6Th St| 641302|0|0|.85|    ECL Front Royal| 641330|0|0|3|    01/01/2022|7825|G|97|0|1|1|1|0|F|.089|6 |.52|8335|G||||||||||||||
632017|0|S-VA112PR KENDRICK LN||||S-VA112PR KENDRICK LN|Kendrick Ln|Kendrick Lane|112|Town of Front Royal|112|Town of Front Royal|    Shenandoah Ave| 641307|0|0|0|    Jurisdiction Boundary: 112 Town of Front Royal / |1005088|0|0|1.08|    01/01/2022|7874|G|98|0|1|0|0|0|C|.091|6 |.59|8388|G||||||||||||||
632019|0|S-VA112PR LURAY AVE||||S-VA112PR LURAY AVE|Luray Ave|Luray Ave|112|Town of Front Royal|112|Town of Front Royal|    W Main St| 641243|0|0|0|    Stonewall Dr| 641238|0|0|.19|    01/01/2022|1787|G|98|0|1|0|0|0|C|.095|6 |.64|1903|G||||||||||||||
632018|0|S-VA112PR LURAY AVE||||S-VA112PR LURAY AVE|Luray Ave|Luray Ave|112|Town of Front Royal|112|Town of Front Royal|    Stonewall Dr| 641238|0|0|.19|    WCL Front Royal| 641158|0|0|.63|    01/01/2022|1295|G|99|0|0|0|0|0|C|.098|6 |.6|1380|G||||||||||||||
632012|0|S-VA112PR MAIN ST E||||S-VA112PR MAIN ST E|Main St E|East Main St|112|Town of Front Royal|112|Town of Front Royal|    North Royal Ave| 641283|0|0|0|    Blue Ridge Ave| 641288|0|0|.24|    01/01/2022|3761|G|97|0|1|0|0|0|C|.087|6 |.53|4007|G||||||||||||||
632013|0|S-VA112PR MAIN ST E||||S-VA112PR MAIN ST E|Main St E|East Main St|112|Town of Front Royal|112|Town of Front Royal|    Blue Ridge Ave| 641288|0|0|.24|    Commerce Ave| 641291|0|0|.37|    01/01/2022|2279|G|98|0|1|0|0|0|F|.099|6 |.57|2427|G||||||||||||||
632033|0|S-VA112PR MAIN ST W||||S-VA112PR MAIN ST W|Main St W|West Main St|112|Town of Front Royal|112|Town of Front Royal|    North Royal Ave| 641283|0|0|0|    Luray Ave| 641243|0|0|.07|    01/01/2022|2419|G|98|0|1|0|0|0|F|.095|6 |.7|2576|G||||||||||||||
632032|0|S-VA112PR MAIN ST W||||S-VA112PR MAIN ST W|Main St W|West Main St|112|Town of Front Royal|112|Town of Front Royal|    Luray Ave| 641243|0|0|.07|    Kerfoot Ave| 641273|0|0|.7|    01/01/2022|1559|G|98|0|1|0|0|0|C|.1|6 |.52|1662|G||||||||||||||
632027|0|S-VA112PR SHENANDOAH AVE||||S-VA112PR SHENANDOAH AVE|Shenandoah Ave|Shenandoah Ave|112|Town of Front Royal|112|Town of Front Royal|    Kendrick Lane| 641305|0|0|.51|    14Th St| 641344|0|0|1|    01/01/2022|6713|G|98|0|1|0|0|0|C|.095|6 |.55|7151|G||||||||||||||
632029|0|S-VA112PR STONEWALL DR||||S-VA112PR STONEWALL DR|Stonewall Dr|Stonewall Dr|112|Town of Front Royal|112|Town of Front Royal|    | 641249|0|0|.04|    US 340 South Royal Ave| 641251|0|0|.24|    01/01/2022|360|G|99|0|0|0|0|0|C|.117|6 |.53|384|G||||||||||||||
632030|0|S-VA112PR STONEWALL DR||||S-VA112PR STONEWALL DR|Stonewall Dr|Stonewall Dr|112|Town of Front Royal|112|Town of Front Royal|    US 522 Commerce Ave| 641261|0|0|.655|    Jurisdiction Boundary: 112 Town of Front Royal / |1055748|0|0|1.375|    01/01/2022|2737|G|97|0|1|1|0|0|C|.087|6 |.57|2914|G||||||||||||||
632002|0|S-VA112PR W 6TH ST||||S-VA112PR W 6TH ST|W 6th St|6th St|112|Town of Front Royal|112|Town of Front Royal|    Kendrick Lane| 641307|0|0|.05|    US 340 North Royal Ave| 641309|0|0|.13|    01/01/2022|7724|G|97|0|1|1|1|0|F|.089|6 |.61|8228|G||||||||||||||
632003|0|S-VA112PR W 6TH ST||||S-VA112PR W 6TH ST|W 6th St|6th St|112|Town of Front Royal|112|Town of Front Royal|    US 340 North Royal Ave| 641309|0|0|.13|    US 522 Commerce Ave|1093957|0|0|.27|    01/01/2022|5793|G|97|0|1|1|1|0|F|.091|6 |.52|6170|G||||||||||||||
