sep=|
- - 2022 AADT Report for Town of Clintwood - -
LINKID|SEQUENCENUMBER|RTE_NM|RTE_NM_2|RTE_NM_3|RTE_NM_4|Host RTE_NM|Route Label|Street Name|Physical Jurisdiction|Physical Jurisdiciton Name|Maintenance Jurisdiction|Maintenance Jurisdiciton Name|    Start Label|Start Node|Start Node Route Sequence|Star tOffset|Start Milepoint|    End Label|End Node|End Node Route Sequence|End Offset|End Milepoint|    VPDDate|AADT|AADT Quality|Passenger Vehicle|Bus|Truck 2 Axle|Truck 3 Axle|Truck 1 Trailer|Truck 2 Trailer|Class Quality|K Factor|K Factor Quality|Direction Factor|AAWDT|AAWDT Quality|AADT Dir|AADT Quality Dir|PassengerVehicle Dir|Bus Dir|Truck 2 Axle Dir|Truck 3 Axle Dir|Truck 1 Trailer Dir|Truck 2 Trailer Dir|Class Quality Dir|K Factor Dir|K Factor Quality Dir|Direction Factor Dir|AAWDT Dir|AAWDT Quality Dir
010236|0|R-VA   SR00083EB||||R-VA   SR00083EB|VA 83|W Main St|196|Town of Clintwood|025|Dickenson County|    | 243517|0|0|8.17|    ECL Clintwood| 243516|0|0|9.95|    01/01/2022|6654|G|97|0|1|1|1|0|C|.091|6 |.52|6647|G||||||||||||||
401768|0|R-VA025SC00607EB||||R-VA025SC00607EB|25-607|E Main St; Clintwood Main St|196|Town of Clintwood|025|Dickenson County|    SR 83 ; 25-1015| 243016|0|0|0|    25-1010 W, Walnut St| 243020|0|0|.63|    01/01/2022|3429|G|98|1|1|0|0|0|C|.116|6 |.54|3412|G||||||||||||||
401769|0|R-VA025SC00607EB||||R-VA025SC00607EB|25-607|Main St|196|Town of Clintwood|025|Dickenson County|    25-1010 W, Walnut St| 243020|0|0|.63|    25-1019 W, Phipps Circle| 243392|0|0|.8|    01/01/2022|3562|G|98|1|1|0|0|0|F|.115|6 |.52|3513|G||||||||||||||
401770|0|R-VA025SC00607EB||||R-VA025SC00607EB|25-607|E Main St|196|Town of Clintwood|025|Dickenson County|    25-1019 W, Phipps Circle| 243392|0|0|.8|    25-733 Hospital Rd| 243022|0|0|1.13|    01/01/2022|3008|G|98|1|1|0|0|0|F|.093|6 |.56|3004|G||||||||||||||
401771|0|R-VA025SC00607EB||||R-VA025SC00607EB|25-607|E Main St; The Lake Rd|196|Town of Clintwood|025|Dickenson County|    25-733 Hospital Rd| 243022|0|0|1.13|    Physical Jurisdiction Boundary: 196 Town of Clintwood / 025 Dickenson County| 243023|0|0|1.617|    01/01/2022|2051|G|99|0|1|0|0|0|C|.099|6 |.71|2041|G||||||||||||||
720593|0|R-VA025SC00631NB||||R-VA025SC00631NB|25-631|Brush Creek Rd|196|Town of Clintwood|025|Dickenson County|    25-1014 Wave Dr| 243109|0|0|0|    SR 83| 243108|0|0|.04|    12/27/2021|244|R|||||||X||24|||X||||||||||||||
401785|0|R-VA025SC00631NB||||R-VA025SC00631NB|25-631|Brush Creek Rd|196|Town of Clintwood|025|Dickenson County|    SR 83 Dickenson Hwy| 243108|0|0|.04|    Dickenson County Line| 243107|0|0|.56|    01/01/2022|1349|G|98|0|1|1|0|0|C|.095|6 |.58|1344|G||||||||||||||
720678|0|R-VA025SC00672EB||||R-VA025SC00672EB|25-672|Fox Town Rd|196|Town of Clintwood|025|Dickenson County|    25-607, E Main St| 243019|0|0|0|    25-1005 Pleasant St| 243213|0|0|.156|    01/01/2022|2251|G|99|0|0|0|0|0|C|.098|6 |.5|2240|G||||||||||||||
720679|0|R-VA025SC00672EB||||R-VA025SC00672EB|25-672|Fox Town Rd|196|Town of Clintwood|025|Dickenson County|    25-1005 Pleasant St| 243213|0|0|.156|    25-707 Happy Valley Dr| 243215|0|0|.622|    01/01/2022|1388|G|99|0|1|0|0|0|C|.103|6 |.55|1378|G||||||||||||||
720680|0|R-VA025SC00672EB||||R-VA025SC00672EB|25-672|Fox Town Rd|196|Town of Clintwood|025|Dickenson County|    25-707 Happy Valley Dr| 243215|0|0|.622|    ECL Clintwood| 243217|0|0|.939|    12/27/2021|577|R|||||||X||24|||X||||||||||||||
720715|0|R-VA025SC00696NB||||R-VA025SC00696NB|25-696|Little Doc Hollow|196|Town of Clintwood|025|Dickenson County|    SR 83| 243348|0|0|0|    Dead End| 243247|0|0|.5|    12/29/2021|23|T|||||||X||24|||X||||||||||||||
720728|0|R-VA025SC00707EB||||R-VA025SC00707EB|25-707|Happy Valley Dr|196|Town of Clintwood|025|Dickenson County|    25-672 Fox Town Rd| 243215|0|0|0|    Physical Jurisdiction Boundary: 196 Town of Clintwood / 025 Dickenson County| 243260|0|0|.457|    01/01/2022|862|G|98|0|1|0|0|0|C|.106|6 |.61|854|G||||||||||||||
720751|0|R-VA025SC00726NB||||R-VA025SC00726NB|25-726|Holly Dr|196|Town of Clintwood|025|Dickenson County|    Dead End| 243442|0|0|0|    25-707 Happy Valley Dr| 243259|0|0|.21|    12/29/2021|56|T|||||||X||24|||X||||||||||||||
720758|0|R-VA025SC00733NB||||R-VA025SC00733NB|25-733|Hospital Rd|196|Town of Clintwood|025|Dickenson County|    25-607, E Main St; The Lake Rd; E Main St| 243022|0|0|0|    Physical Jurisdiction Boundary: 196 Town of Clintwood / 025 Dickenson County| 243283|0|0|.273|    12/27/2021|500|R|||||||X||24|||X||||||||||||||
720792|0|R-VA025SC00765NB||||R-VA025SC00765NB|25-765|Old Clintwood Hwy|196|Town of Clintwood|025|Dickenson County|    SR 83| 746083|0|0|0|    Physical Jurisdiction Boundary: 196 Town of Clintwood / 025 Dickenson County| 243308|0|0|.03|    12/27/2021|173|R|||||||X||24|||X||||||||||||||
720861|0|R-VA025SC01001NB||||R-VA025SC01001NB|25-1001|Ida Lane|196|Town of Clintwood|025|Dickenson County|    Dead End| 243344|0|0|0|    25-1007 Short St| 243343|0|0|.1|    12/29/2021|119|T|||||||X||24|||X||||||||||||||
720862|0|R-VA025SC01001NB||||R-VA025SC01001NB|25-1001|Ida Lane|196|Town of Clintwood|025|Dickenson County|    25-1007 Short St| 243343|0|0|.1|    SR 83| 243341|0|0|.17|    12/30/2021|112|R|||||||X||24|||X||||||||||||||
720863|0|R-VA025SC01001NB||||R-VA025SC01001NB|25-1001|McClure Ave|196|Town of Clintwood|025|Dickenson County|    SR 83| 243341|0|0|.17|    25-607, E Main St| 243018|0|0|.42|    12/30/2021|653|R|||||||X||24|||X||||||||||||||
720864|0|R-VA025SC01002NB||||R-VA025SC01002NB|25-1002|Powerhouse Hollow|196|Town of Clintwood|025|Dickenson County|    Jurisdiction Boundary: 025 Dickenson County| 243346|0|0|.38|    SR 83| 243345|0|0|.49|    12/30/2021|44|R|||||||X||24|||X||||||||||||||
720865|0|R-VA025SC01003NB||||R-VA025SC01003NB|25-1003|Volunteer Ave|196|Town of Clintwood|025|Dickenson County|    25-607, E Main St| 243017|0|0|0|    0.10 MN 25-607 E Main St| 243017|0|.1|.1|    12/30/2021|608|R|||||||X||24|||X||||||||||||||
720866|0|R-VA025SC01003NB||||R-VA025SC01003NB|25-1003|High St|196|Town of Clintwood|025|Dickenson County|    0.10 MN 25-607 E Main St| 243017|0|.1|.1|    Dead End| 243496|0|0|.15|    12/29/2021|77|T|||||||X||24|||X||||||||||||||
720867|0|R-VA025SC01004NB||||R-VA025SC01004NB|25-1004|Fairground Hollow|196|Town of Clintwood|025|Dickenson County|    Dead End| 243349|0|0|0|    SR 83| 243246|0|0|.3|    12/29/2021|133|T|||||||X||24|||X||||||||||||||
720868|0|R-VA025SC01005NB||||R-VA025SC01005NB|25-1005|Pleasant St|196|Town of Clintwood|025|Dickenson County|    Dead End| 243350|0|0|0|    25-672 Fox Town Rd| 243213|0|0|.12|    12/29/2021|70|T|||||||X||24|||X||||||||||||||
720869|0|R-VA025SC01006NB||||R-VA025SC01006NB|25-1006|Pioneer St|196|Town of Clintwood|025|Dickenson County|    25-1007 Short St| 243353|0|0|0|    SR 83; 25-1008| 243351|0|0|.13|    12/30/2021|232|R|||||||X||24|||X||||||||||||||
720870|0|R-VA025SC01007EB||||R-VA025SC01007EB|25-1007|Short St|196|Town of Clintwood|025|Dickenson County|    25-1006 Pioneer St| 243353|0|0|0|    25-1008 Jessee St| 243354|0|0|.02|    12/30/2021|99|R|||||||X||24|||X||||||||||||||
720871|0|R-VA025SC01007EB||||R-VA025SC01007EB|25-1007|Short St|196|Town of Clintwood|025|Dickenson County|    25-1008 Jessee St| 243354|0|0|.02|    25-1001 Ida Lane| 243343|0|0|.05|    12/30/2021|68|R|||||||X||24|||X||||||||||||||
720872|0|R-VA025SC01008NB||||R-VA025SC01008NB|25-1008|Jessee St|196|Town of Clintwood|025|Dickenson County|    Dead End| 243347|0|0|0|    25-1016 Crimson St| 243356|0|0|.27|    12/29/2021|147|T|||||||X||24|||X||||||||||||||
720873|0|R-VA025SC01008NB||||R-VA025SC01008NB|25-1008|Jessee St|196|Town of Clintwood|025|Dickenson County|    25-1016 Crimson St| 243356|0|0|.27|    SR 83| 243355|0|0|.3|    12/30/2021|218|R|||||||X||24|||X||||||||||||||
720874|0|R-VA025SC01009EB||||R-VA025SC01009EB|25-1009|Chase St|196|Town of Clintwood|025|Dickenson County|    SR 83| 243351|0|0|0|    25-1015 Settler St; Jonah Mullins Dr| 243359|0|0|.03|    07/06/2016|2670|R|||||||X||24|||X||||||||||||||
720875|0|R-VA025SC01009EB||||R-VA025SC01009EB|25-1009|Chase St|196|Town of Clintwood|025|Dickenson County|    25-1015 Settler St; Jonah Mullins Dr| 243359|0|0|.03|    25-1001 McClure Ave| 243339|0|0|.16|    01/01/2022|2807|G|99|0|0|0|0|0|C|.099|6 |.54|2783|G||||||||||||||
720876|0|R-VA025SC01009EB||||R-VA025SC01009EB|25-1009|Chase St|196|Town of Clintwood|025|Dickenson County|    25-1001 McClure Ave| 243339|0|0|.16|    Dead End| 243497|0|0|.25|    01/01/2022|2885|G|99|0|0|0|0|0|C|.103|6 |.51|2861|G||||||||||||||
720877|0|R-VA025SC01010NB||||R-VA025SC01010NB|25-1010|Walnut St|196|Town of Clintwood|025|Dickenson County|    25-607 W, Walnut St; E Main St| 243020|0|0|0|    25-607 E, Walnut St| 243391|0|0|.13|    12/30/2021|209|R|||||||X||24|||X||||||||||||||
720878|0|R-VA025SC01011EB||||R-VA025SC01011EB|25-1011|French St|196|Town of Clintwood|025|Dickenson County|    0.02 MW 25-1001 McClure Ave| 243498|0|0|0|    25-1001 McClure Ave| 243340|0|0|.02|    12/30/2021|139|R|||||||X||24|||X||||||||||||||
720879|0|R-VA025SC01011EB||||R-VA025SC01011EB|25-1011|French St|196|Town of Clintwood|025|Dickenson County|    25-1001 McClure Ave| 243340|0|0|.02|    Dead End| 243360|0|0|.06|    12/29/2021|91|T|||||||X||24|||X||||||||||||||
720880|0|R-VA025SC01012NB||||R-VA025SC01012NB|25-1012|Factory Dr|196|Town of Clintwood|025|Dickenson County|    SR 83| 243361|0|0|0|    Dead End| 243362|0|0|.13|    12/29/2021|77|T|||||||X||24|||X||||||||||||||
720881|0|R-VA025SC01013NB||||R-VA025SC01013NB|25-1013|Hampton St|196|Town of Clintwood|025|Dickenson County|    ECL Clintwood| 243363|0|0|0|    25-672 Fox Town Rd| 243214|0|0|.13|    12/30/2021|91|R|||||||X||24|||X||||||||||||||
720882|0|R-VA025SC01014EB||||R-VA025SC01014EB|25-1014|Wave Dr|196|Town of Clintwood|025|Dickenson County|    SR 83| 243364|0|0|0|    25-631 Brush Creek Rd| 243109|0|0|.17|    12/30/2021|85|R|||||||X||24|||X||||||||||||||
720883|0|R-VA025SC01015EB||||R-VA025SC01015EB|25-1015|Jonah Mullins Dr|196|Town of Clintwood|025|Dickenson County|    SR 83; 25-607|1190538|0|0|0|    25-1009 Chase St| 243359|0|0|.08|    12/30/2021|1163|R|||||||X||24|||X||||||||||||||
720884|0|R-VA025SC01015EB||||R-VA025SC01015EB|25-1015|Settler St|196|Town of Clintwood|025|Dickenson County|    25-1009 Chase St| 243359|0|0|.08|    Dead End| 243499|0|0|.12|    12/29/2021|406|T|||||||X||24|||X||||||||||||||
720885|0|R-VA025SC01016EB||||R-VA025SC01016EB|25-1016|Crimson St|196|Town of Clintwood|025|Dickenson County|    25-1006 Pioneer St| 243352|0|0|0|    25-1008 Jessee St| 243356|0|0|.03|    01/10/2022|48|R|||||||X||24|||X||||||||||||||
720886|0|R-VA025SC01016EB||||R-VA025SC01016EB|25-1016|Crimson St|196|Town of Clintwood|025|Dickenson County|    25-1008 Jessee St| 243356|0|0|.03|    25-1001 Ida Lane| 243342|0|0|.08|    01/10/2022|41|R|||||||X||24|||X||||||||||||||
720888|0|R-VA025SC01018EB||||R-VA025SC01018EB|25-1018|College View Addition Lane|196|Town of Clintwood|025|Dickenson County|    25-672 Fox Town Rd| 243216|0|0|0|    ECL Clintwood| 243367|0|0|.412|    01/10/2022|124|R|||||||X||24|||X||||||||||||||
720890|0|R-VA025SC01019NB||||R-VA025SC01019NB|25-1019|Phipps Circle|196|Town of Clintwood|025|Dickenson County|    25-607 W, Walnut St| 243392|0|0|0|    25-607 E, Walnut St| 243021|0|0|.29|    01/10/2022|52|R|||||||X||24|||X||||||||||||||
720891|0|R-VA025SC01020NB||||R-VA025SC01020NB|25-1020|Jacob Yates Rd|196|Town of Clintwood|025|Dickenson County|    Dead End| 709553|0|0|0|    SR 83| 706777|0|0|.24|    12/29/2021|42|T|||||||X||24|||X||||||||||||||
720892|0|R-VA025SC01021NB||||R-VA025SC01021NB|25-1021|Hughes Hollow|196|Town of Clintwood|025|Dickenson County|    Dead End| 709552|0|0|0|    25-1020 Jacob Yates Rd| 706779|0|0|.19|    12/29/2021|49|T|||||||X||24|||X||||||||||||||
720893|0|R-VA025SC01022EB||||R-VA025SC01022EB|25-1022|Old Orchard Rd|196|Town of Clintwood|025|Dickenson County|    25-1020 Jacob Yates Rd| 709545|0|0|0|    Dead End| 713393|0|0|.19|    12/29/2021|56|T|||||||X||24|||X||||||||||||||
720894|0|R-VA025SC01023EB||||R-VA025SC01023EB|25-1023|Spruce Lane|196|Town of Clintwood|025|Dickenson County|    Dead End| 713389|0|0|0|    25-1004 Fairground Hollow| 713388|0|0|.07|    12/29/2021|7|T|||||||X||24|||X||||||||||||||
720895|0|R-VA025SC01024NB||||R-VA025SC01024NB|25-1024|Orchard Dr|196|Town of Clintwood|025|Dickenson County|    25-696 Little Doc Hollow| 721778|0|0|0|    Dead End| 721779|0|0|.15|    12/29/2021|70|T|||||||X||24|||X||||||||||||||
793792|0|R-VA025SC01027NB||||R-VA025SC01027NB|25-1027|Harod Hughes Dr|196|Town of Clintwood|025|Dickenson County|    SR 83| 746083|0|0|0|    Physical Jurisdiction Boundary: 196 Town of Clintwood / 025 Dickenson County| 748137|0|0|.12|    12/29/2021|112|T|||||||X||24|||X||||||||||||||
720906|0|R-VA025SC09702NB||||R-VA025SC09702NB|25-9702|Elementary Circle|196|Town of Clintwood|025|Dickenson County|    25-607 S, E Main St; The Lake Rd| 716142|0|0|0|    25-9703| 716151|0|0|.18|    01/05/2022|311|R|||||||X||24|||X||||||||||||||
720907|0|R-VA025SC09702NB||||R-VA025SC09702NB|25-9702|Elementary Circle|196|Town of Clintwood|025|Dickenson County|    25-9703| 716151|0|0|.18|    25-607 N, E Main St; The Lake Rd| 716145|0|0|.19|    01/05/2022|77|R|||||||X||24|||X||||||||||||||
720908|0|R-VA025SC09703NB||||R-VA025SC09703NB|25-9703| |196|Town of Clintwood|025|Dickenson County|    Cul-de-Sac| 716153|0|0|0|    25-9702 Parking Lot| 716151|0|0|.11|    12/29/2021|133|T|||||||X||24|||X||||||||||||||
