sep=|
- - 2022 AADT Report for Town of Scottsville - -
LINKID|SEQUENCENUMBER|RTE_NM|RTE_NM_2|RTE_NM_3|RTE_NM_4|Host RTE_NM|Route Label|Street Name|Physical Jurisdiction|Physical Jurisdiciton Name|Maintenance Jurisdiction|Maintenance Jurisdiciton Name|    Start Label|Start Node|Start Node Route Sequence|Star tOffset|Start Milepoint|    End Label|End Node|End Node Route Sequence|End Offset|End Milepoint|    VPDDate|AADT|AADT Quality|Passenger Vehicle|Bus|Truck 2 Axle|Truck 3 Axle|Truck 1 Trailer|Truck 2 Trailer|Class Quality|K Factor|K Factor Quality|Direction Factor|AAWDT|AAWDT Quality|AADT Dir|AADT Quality Dir|PassengerVehicle Dir|Bus Dir|Truck 2 Axle Dir|Truck 3 Axle Dir|Truck 1 Trailer Dir|Truck 2 Trailer Dir|Class Quality Dir|K Factor Dir|K Factor Quality Dir|Direction Factor Dir|AAWDT Dir|AAWDT Quality Dir
170026|0|R-VA   SR00006EB|R-VA   SR00020NB|||R-VA   SR00006EB|VA 6, VA 20|Valley Rd|298|Town of Scottsville|002|Albemarle County|    | 111269|0|0|36.25|    SR 20 E; Main St| 110777|0|0|36.55|    01/01/2022|8339|G|93|1|3|1|2|0|F|.098|6 |.68|8020|G||||||||||||||
170027|0|R-VA   SR00006EB||||R-VA   SR00006EB|VA 6|Main St|298|Town of Scottsville|002|Albemarle County|    SR 20 E, Valley St| 110777|0|0|36.55|    Fluvanna County Line|  50210|0|0|36.83|    01/01/2022|3774|G|96|1|1|1|1|0|F|.107|6 |.56|3630|G||||||||||||||
170028|0|R-VA   SR00006EB||||R-VA   SR00006EB|VA 6|Main St|298|Town of Scottsville|032|Fluvanna County|    Albemarle County Line|  50210|0|0|36.83|    Physical Jurisdiction Boundary: 298 Town of Scottsville / 032 Fluvanna County| 323307|0|0|37.26|    01/01/2022|3504|G|96|1|1|1|1|0|C|.102|6 |.6|3426|G||||||||||||||
070210|0|R-VA   SR00020NB||||R-VA   SR00020NB|VA 20|Valley St|298|Town of Scottsville|002|Albemarle County|    Maintenance Jurisdiction Boundary: 014 Buckingham County / 002 Albemarle County| 111302|0|0|19.17|    SR 6 S, Main St| 110777|0|0|19.34|    01/01/2022|6171|G|96|0|1|1|2|0|C|.099|6 |.71|5936|G||||||||||||||
170026|0|R-VA   SR00020NB|R-VA   SR00006EB|||R-VA   SR00006EB|VA 6, VA 20|Valley Rd|298|Town of Scottsville|002|Albemarle County|    | 111269|0|0|19.62|    SR 20 E; Main St| 110777|0|0|19.92|    01/01/2022|8339|G|93|1|3|1|2|0|F|.098|6 |.68|8020|G||||||||||||||
701352|0|R-VA002SC00726EB||||R-VA002SC00726EB|02-726|James River Rd|298|Town of Scottsville|002|Albemarle County|    | 110448|0|0|4.95|    SR 6 Irish Rd| 110449|0|0|5.05|    06/27/2018|1013|R|||||||X||24|||X||||||||||||||
701353|0|R-VA002SC00726EB||||R-VA002SC00726EB|02-726|James River Rd|298|Town of Scottsville|002|Albemarle County|    SR 6 Irish Rd| 110449|0|0|5.05|    SR 20 Scottsville Rd| 110450|0|0|5.21|    01/01/2022|2417|G|95|1|2|0|1|0|C|.122|6 |.58|2325|G||||||||||||||
701368|0|R-VA002SC00737EB||||R-VA002SC00737EB|02-737|Mountain Vista Rd|298|Town of Scottsville|002|Albemarle County|    02-726 James River Rd| 110448|0|0|1.7|    SR 6; SR 20 Valley St| 110471|0|0|2|    07/27/2021|9|R|||||||X||24|||X||||||||||||||
701442|0|R-VA002SC00790EB||||R-VA002SC00790EB|02-790|Pine Rd; Holly Rd|298|Town of Scottsville|002|Albemarle County|    02-795 Blenheim Rd| 110553|0|0|0|    Dead End| 110554|0|0|.3|    07/27/2021|105|R|||||||X||24|||X||||||||||||||
402133|0|R-VA002SC00795NB||||R-VA002SC00795NB|02-795|Hardware St|298|Town of Scottsville|002|Albemarle County|    SR 6, SR 20 Valley St| 110561|0|0|0|    NCL Scottsville| 110560|0|0|.2|    01/01/2022|519|G|96|1|1|0|0|0|C|.13|6 |.61|499|G||||||||||||||
402134|0|R-VA002SC00795NB||||R-VA002SC00795NB|02-795|Hardware St|298|Town of Scottsville|002|Albemarle County|    NCL Scottsville| 110560|0|0|.2|    02-726 River Rd| 110451|0|0|.83|    01/01/2022|563|G|98|0|1|0|0|0|C|.118|6 |.5|542|G||||||||||||||
701538|0|R-VA002SC00864EB||||R-VA002SC00864EB|02-864|Overlook Heights|298|Town of Scottsville|002|Albemarle County|    02-795 Hardware St| 110559|0|0|0|    Dead End| 111123|0|0|.08|    11/20/2018|35|T|||||||X||24|||X||||||||||||||
701792|0|R-VA002SC01301EB||||R-VA002SC01301EB|02-1301|Bird St|298|Town of Scottsville|002|Albemarle County|    Dead End| 110760|0|0|0|    SR 6 Valley Rd| 110757|0|0|.25|    03/14/2018|72|R|||||||X||24|||X||||||||||||||
701793|0|R-VA002SC01302EB||||R-VA002SC01302EB|02-1302|Warren St|298|Town of Scottsville|002|Albemarle County|    02-726 James River Rd| 110447|0|0|0|    SR 6, SR 20 Valley St| 110761|0|0|.35|    03/14/2018|593|R|||||||X||24|||X||||||||||||||
701794|0|R-VA002SC01303NB||||R-VA002SC01303NB|02-1303|Page St|298|Town of Scottsville|002|Albemarle County|    Dead End| 110765|0|0|0|    02-1311 West Main St| 110764|0|0|.05|    03/14/2018|239|R|||||||X||24|||X||||||||||||||
701795|0|R-VA002SC01303NB||||R-VA002SC01303NB|02-1303|Page St|298|Town of Scottsville|002|Albemarle County|    02-1311 West Main St| 110764|0|0|.05|    02-1301 Bird St| 110759|0|0|.1|    03/14/2018|50|R|||||||X||24|||X||||||||||||||
701796|0|R-VA002SC01303NB||||R-VA002SC01303NB|02-1303|Page St|298|Town of Scottsville|002|Albemarle County|    02-1301 Bird St| 110759|0|0|.1|    Dead End| 111122|0|0|.2|    03/14/2018|60|R|||||||X||24|||X||||||||||||||
701797|0|R-VA002SC01304NB||||R-VA002SC01304NB|02-1304|Harrison St|298|Town of Scottsville|002|Albemarle County|    Dead End| 110768|0|0|0|    02-1301 Bird St| 110758|0|0|.16|    03/14/2018|265|R|||||||X||24|||X||||||||||||||
701798|0|R-VA002SC01304NB||||R-VA002SC01304NB|02-1304|Harrison St|298|Town of Scottsville|002|Albemarle County|    02-1301 Bird St| 110758|0|0|.16|    02-1302 Warren St| 110762|0|0|.33|    03/14/2018|245|T|||||||X||24|||X||||||||||||||
701799|0|R-VA002SC01305EB||||R-VA002SC01305EB|02-1305|Fleet St|298|Town of Scottsville|002|Albemarle County|    02-1304 Harrison St| 110767|0|0|0|    SR 20 Valley St| 110769|0|0|.05|    03/14/2018|72|T|||||||X||24|||X||||||||||||||
701800|0|R-VA002SC01307EB||||R-VA002SC01307EB|02-1307|Lumber St|298|Town of Scottsville|002|Albemarle County|    Dead End| 110771|0|0|0|    02-1308 South St| 110770|0|0|.06|    03/14/2018|5|R|||||||X||24|||X||||||||||||||
701801|0|R-VA002SC01308NB||||R-VA002SC01308NB|02-1308|South St|298|Town of Scottsville|002|Albemarle County|    02-1307 Lumber St| 110770|0|0|0|    SR 6 Main St| 110772|0|0|.05|    03/14/2018|33|R|||||||X||24|||X||||||||||||||
701802|0|R-VA002SC01309EB||||R-VA002SC01309EB|02-1309|Jackson St|298|Town of Scottsville|002|Albemarle County|    SR 6, SR 20 Valley Rd| 110773|0|0|0|    02-1310 Ferry St| 110774|0|0|.2|    03/14/2018|33|R|||||||X||24|||X||||||||||||||
701803|0|R-VA002SC01310NB||||R-VA002SC01310NB|02-1310|Ferry St|298|Town of Scottsville|002|Albemarle County|    SCL Scottsville| 110775|0|0|0|    SR 6 Main St| 110776|0|0|.07|    07/16/2018|306|R|||||||X||24|||X||||||||||||||
701804|0|R-VA002SC01310NB||||R-VA002SC01310NB|02-1310|Ferry St|298|Town of Scottsville|002|Albemarle County|    SR 6 Main St| 110776|0|0|.07|    02-1309 Jackson St| 110774|0|0|.1|    07/16/2018|23|R|||||||X||24|||X||||||||||||||
701805|0|R-VA002SC01311EB||||R-VA002SC01311EB|02-1311|West Main St|298|Town of Scottsville|002|Albemarle County|    02-1303 Page St| 110764|0|0|0|    02-1304 Harrison St| 110766|0|0|.05|    03/14/2018|239|R|||||||X||24|||X||||||||||||||
701806|0|R-VA002SC01311EB||||R-VA002SC01311EB|02-1311|West Main St|298|Town of Scottsville|002|Albemarle County|    02-1304 Harrison St| 110766|0|0|.05|    SR 6 Main St; Valley Rd| 110777|0|0|.1|    03/14/2018|535|R|||||||X||24|||X||||||||||||||
302449|0|R-VA032SC00637NB||||R-VA032SC00637NB|32-637|Poplar Spring Rd|298|Town of Scottsville|032|Fluvanna County|    SR 6 Canal St| 323097|0|0|0|    NCL Scottsville| 323098|0|0|.19|    01/01/2022|1012|G|96|1|1|0|1|0|C|.118|6 |.58|987|G||||||||||||||
738041|0|R-VA032SC00675EB||||R-VA032SC00675EB|32-675|Canal St|298|Town of Scottsville|032|Fluvanna County|    SR 6 W, Main St| 323184|0|0|0|    Dead End, Gap| 323291|0|0|.05|    05/04/2020|39|R|||||||X||24|||X||||||||||||||
738131|0|R-VA032SC01301NB||||R-VA032SC01301NB|32-1301|Bird St|298|Town of Scottsville|032|Fluvanna County|    Dead End| 323246|0|0|0|    SR 6 Canal St| 323245|0|0|.01|    04/21/2020|27|R|||||||X||24|||X||||||||||||||
