sep=|
- - 2022 AADT Report for Craig County - -
LINKID|SEQUENCENUMBER|RTE_NM|RTE_NM_2|RTE_NM_3|RTE_NM_4|Host RTE_NM|Route Label|Street Name|Physical Jurisdiction|Physical Jurisdiciton Name|Maintenance Jurisdiction|Maintenance Jurisdiciton Name|    Start Label|Start Node|Start Node Route Sequence|Star tOffset|Start Milepoint|    End Label|End Node|End Node Route Sequence|End Offset|End Milepoint|    VPDDate|AADT|AADT Quality|Passenger Vehicle|Bus|Truck 2 Axle|Truck 3 Axle|Truck 1 Trailer|Truck 2 Trailer|Class Quality|K Factor|K Factor Quality|Direction Factor|AAWDT|AAWDT Quality|AADT Dir|AADT Quality Dir|PassengerVehicle Dir|Bus Dir|Truck 2 Axle Dir|Truck 3 Axle Dir|Truck 1 Trailer Dir|Truck 2 Trailer Dir|Class Quality Dir|K Factor Dir|K Factor Quality Dir|Direction Factor Dir|AAWDT Dir|AAWDT Quality Dir
020039|0|R-VA   SR00018NB||||R-VA   SR00018NB|VA 18|Potts Creek Rd|022|Craig County|022|Craig County|    SR 311 Paint Bank| 228249|0|0|0|    Alleghany County Line|  50730|0|0|5.12|    01/01/2022|176|G|92|1|3|0|2|0|C|.117|6 |.53|176|G||||||||||||||
020261|0|R-VA   SR00042NB||||R-VA   SR00042NB|VA 42|Cumberland Gap Rd|022|Craig County|022|Craig County|    Giles County Line|  50497|0|0|84.07|    22-629 Lugar Hill Rd| 228081|0|0|87.74|    01/01/2022|1190|G|96|1|1|0|1|0|C|.121|6 |.73|1188|G||||||||||||||
020041|0|R-VA   SR00042NB||||R-VA   SR00042NB|VA 42|Cumberland Gap Rd|022|Craig County|022|Craig County|    22-629 Lugar Hill Rd| 228081|0|0|87.74|    22-626 Bethel Church Rd| 228077|0|0|95.67|    01/01/2022|455|G|94|2|1|1|1|0|C|.137|6 |.57|455|G||||||||||||||
020260|0|R-VA   SR00042NB||||R-VA   SR00042NB|VA 42|Cumberland Gap Rd|022|Craig County|022|Craig County|    22-626 Bethel Church Rd| 228077|0|0|95.67|    22-645 Loony School Rd| 228127|0|0|104.66|    01/01/2022|460|G|96|1|1|1|1|0|C|.138|6 |.54|458|G||||||||||||||
020259|0|R-VA   SR00042NB||||R-VA   SR00042NB|VA 42|Cumberland Gap Rd|022|Craig County|022|Craig County|    22-645 Loony School Rd| 228127|0|0|104.66|    Physical Jurisdiction Boundary: 022 Craig County / 268 Town of New Castle| 228111|0|0|108.96|    01/01/2022|820|G|97|1|1|1|0|0|C|.12|6 |.84|819|G||||||||||||||
020259|0|R-VA   SR00042NB||||R-VA   SR00042NB|VA 42|Cumberland Gap Rd|268|Town of New Castle|022|Craig County|    | 228111|0|0|108.96|    SR 311 Salem Ave; 22-615 Main St| 228035|0|0|109.4|    01/01/2022|820|G|97|1|1|1|0|0|C|.12|6 |.84|819|G||||||||||||||
405697|0|R-VA   SR00042NB|R-VA022SC01004NB|||R-VA022SC01004NB|VA 42, 22-1004|Main St|268|Town of New Castle|022|Craig County|    SR 311 Salem Ave| 228035|0|0|109.4|    22-616 Court St| 228037|0|0|109.54|    01/01/2022|1091|G|96|1|1|0|2|0|F|.114|6 |.55|1091|G||||||||||||||
405699|0|R-VA   SR00042NB|R-VA022SC01004NB|||R-VA022SC01004NB|VA 42, 22-1004|Main St|268|Town of New Castle|022|Craig County|    22-616 Court St| 228037|0|0|109.54|    | 228038|0|0|109.68|    01/01/2022|736|G|96|1|1|0|2|0|F|.134|6 |.55|736|G||||||||||||||
405701|0|R-VA   SR00042NB|R-VA022SC00615EB|||R-VA022SC00615EB|VA 42, 22-615|Market St|268|Town of New Castle|022|Craig County|    22-1004 Middle St| 228038|0|0|109.68|    Physical Jurisdiction Boundary: 268 Town of New Castle / 022 Craig County| 228039|0|0|109.72|    01/01/2022|4305|G|96|1|1|0|2|0|C|.104|6 |.55|4303|G||||||||||||||
405701|0|R-VA   SR00042NB|R-VA022SC00615EB|||R-VA022SC00615EB|VA 42, 22-615|Market St|022|Craig County|022|Craig County|    | 228039|0|0|109.72|    22-638 6th St| 228040|0|0|109.84|    01/01/2022|4305|G|96|1|1|0|2|0|C|.104|6 |.55|4303|G||||||||||||||
405702|0|R-VA   SR00042NB|R-VA022SC00615EB|||R-VA022SC00615EB|VA 42, 22-615|Craigs Creek Rd|022|Craig County|022|Craig County|    22-638, 6th St| 228040|0|0|109.84|    22-653, 5th St| 228042|0|0|110|    01/01/2022|3717|G|93|1|1|1|3|0|F|.107|6 |.56|3715|G||||||||||||||
405704|0|R-VA   SR00042NB|R-VA022SC00615EB|||R-VA022SC00615EB|VA 42, 22-615|Craigs Creek Rd|022|Craig County|022|Craig County|    22-653, 5th St| 228042|0|0|110|    22-649 2nd St| 228045|0|0|110.27|    01/01/2022|3291|G|93|1|1|1|3|0|F|.122|6 |.57|3290|G||||||||||||||
405707|0|R-VA   SR00042NB|R-VA022SC00615EB|||R-VA022SC00615EB|VA 42, 22-615|Craigs Creek Rd|022|Craig County|022|Craig County|    22-649 2nd St| 228045|0|0|110.27|    22-689 Camp Mitchell Rd| 228046|0|0|110.67|    01/01/2022|3058|G|93|1|1|1|3|0|F|.13|6 |.57|3057|G||||||||||||||
405708|0|R-VA   SR00042NB|R-VA022SC00615EB|||R-VA022SC00615EB|VA 42, 22-615|Craigs Creek Rd|022|Craig County|022|Craig County|    22-689 Camp Mitchell Rd| 228046|0|0|110.67|    22-686 West Alleghaney Circle| 228047|0|0|111.61|    01/01/2022|2712|G|93|1|1|1|3|0|C|.145|6 |.6|2711|G||||||||||||||
405709|0|R-VA   SR00042NB|R-VA022SC00615EB|||R-VA022SC00615EB|VA 42, 22-615|Craigs Creek Rd|022|Craig County|022|Craig County|    22-686 West, Alleghaney Circle| 228047|0|0|111.61|    22-609 Sand Plant Rd| 228020|0|0|112.44|    01/01/2022|1900|G|93|1|1|2|3|0|C|.099|6 |.64|1900|G||||||||||||||
405712|0|R-VA   SR00042NB|R-VA022SC00615EB|||R-VA022SC00615EB|VA 42, 22-615|Craigs Creek Rd|022|Craig County|022|Craig County|    22-609 Sand Plant Rd| 228020|0|0|112.44|    22-614 Hawkins Ln| 228033|0|0|113.54|    01/01/2022|959|G|96|1|1|2|0|0|C|.106|6 |.59|958|G||||||||||||||
405715|0|R-VA   SR00042NB|R-VA022SC00615EB|||R-VA022SC00615EB|VA 42, 22-615|Craigs Creek Rd|022|Craig County|022|Craig County|    22-614 Hawkins Ln| 228033|0|0|113.54|    22-610 Crossroads Blvd| 228022|0|0|114.64|    01/01/2022|696|G|95|1|1|3|0|0|C|.117|6 |.57|696|G||||||||||||||
405716|0|R-VA   SR00042NB|R-VA022SC00615EB|||R-VA022SC00615EB|VA 42, 22-615|Craigs Creek Rd|022|Craig County|022|Craig County|    22-611 Crossroads Blvd| 228022|0|0|114.64|    22-606 Caldwell Mtn Rd| 228012|0|0|116.21|    01/01/2022|566|G|98|1|1|0|0|0|C|.127|6 |.52|565|G||||||||||||||
719718|0|R-VA   SR00042NB|R-VA022SC00615EB|||R-VA022SC00615EB|VA 42, 22-615| Craig Creek Rd|022|Craig County|022|Craig County|    22-606 Caldwell Mtn Rd| 228012|0|0|116.21|    22-643 Howard Hannah Rd| 228051|0|0|117.26|    03/26/2020|185|R|||||||X||24|||X||||||||||||||
719719|0|R-VA   SR00042NB|R-VA022SC00615EB|||R-VA022SC00615EB|VA 42, 22-615|Craig Creek Rd|022|Craig County|022|Craig County|    22-643 Howard Hannah Rd| 228051|0|0|117.26|    22-612 Scenic View Lane| 228030|0|0|118.06|    03/26/2020|103|R|||||||X||24|||X||||||||||||||
719720|0|R-VA   SR00042NB|R-VA022SC00615EB|||R-VA022SC00615EB|VA 42, 22-615|Craig Creek Rd|022|Craig County|022|Craig County|    22-612 Scenic View Lane| 228030|0|0|118.06|    Botetourt County Line| 812009|0|0|118.86|    03/26/2020|100|R|||||||X||24|||X||||||||||||||
020262|0|R-VA   SR00311NB||||R-VA   SR00311NB|VA 311|Craig Valley Dr|022|Craig County|022|Craig County|    Roanoke County Line|  50498|0|0|12.69|    Physical Jurisdiction Boundary: 022 Craig County / 268 Town of New Castle| 228247|0|0|22.07|    01/01/2022|4009|G|95|0|1|1|2|0|F|.097|6 |.74|4001|G||||||||||||||
020262|0|R-VA   SR00311NB||||R-VA   SR00311NB|VA 311|Craig Valley Dr|268|Town of New Castle|022|Craig County|    Jurisdiction Boundary: 080 Roanoke County / 022 Craig County| 228247|0|0|22.07|    SR 42 New Castle| 228035|0|0|22.25|    01/01/2022|4009|G|95|0|1|1|2|0|F|.097|6 |.74|4001|G||||||||||||||
020263|0|R-VA   SR00311NB||||R-VA   SR00311NB|VA 311|Salem Ave|268|Town of New Castle|022|Craig County|    SR 42 New Castle| 228035|0|0|22.25|    Physical Jurisdiction Boundary: 268 Town of New Castle / 022 Craig County| 228248|0|0|22.43|    01/01/2022|1667|G|97|1|1|0|1|0|C|.102|6 |.63|1664|G||||||||||||||
020263|0|R-VA   SR00311NB||||R-VA   SR00311NB|VA 311|Salem Ave|022|Craig County|022|Craig County|    | 228248|0|0|22.43|    22-658 Near Craig Springs| 228166|0|0|27.45|    01/01/2022|1667|G|97|1|1|0|1|0|C|.102|6 |.63|1664|G||||||||||||||
020045|0|R-VA   SR00311NB||||R-VA   SR00311NB|VA 311|Paint Bank Rd|022|Craig County|022|Craig County|    22-658 Johns Creek Rd| 228166|0|0|27.45|    22-602 Back Valley Rd| 228004|0|0|34.85|    01/01/2022|313|G|93|3|1|0|2|0|C|.106|6 |.55|313|G||||||||||||||
020043|0|R-VA   SR00311NB||||R-VA   SR00311NB|VA 311|Paint Bank Rd|022|Craig County|022|Craig County|    22-602 Back Valley Rd| 228004|0|0|34.85|    SR 18 Paint Bank Rd| 228249|0|0|38.51|    01/01/2022|322|G|93|2|2|0|2|0|C|.124|6 |.53|322|G||||||||||||||
020264|0|R-VA   SR00311NB||||R-VA   SR00311NB|VA 311|Potts Creek Rd|022|Craig County|022|Craig County|    SR 18 Paint Bank Rd| 228249|0|0|38.51|    West Virginia State Line|  50496|0|0|41.9|    01/01/2022|211|G|96|2|0|0|1|0|C|.143|6 |.5|211|G||||||||||||||
719692|0|R-VA022SC00600EB||||R-VA022SC00600EB|22-600|Waiteville Rd|022|Craig County|022|Craig County|    West Virginia State Line| 228001|0|0|0|    SR 311 Paint Bank Rd| 228002|0|0|3.24|    01/31/2018|219|R|||||||X||24|||X||||||||||||||
719693|0|R-VA022SC00601EB||||R-VA022SC00601EB|22-601|Rocky Gap Trail|022|Craig County|022|Craig County|    Giles County Line| 826001|0|0|0|    22-632 Johns Creek Rd| 228003|0|0|2.4|    01/01/2022|3|G|20|20|20|0|0|0|C|1|6 |.5|3|G||||||||||||||
719694|0|R-VA022SC00602EB||||R-VA022SC00602EB|22-602|Back Valley Rd|022|Craig County|022|Craig County|    West Virginia State Line| 228005|0|0|0|    SR 311 Paint Bank Rd| 228004|0|0|.7|    03/19/2020|12|R|||||||X||24|||X||||||||||||||
719695|0|R-VA022SC00603EB||||R-VA022SC00603EB|22-603| |022|Craig County|022|Craig County|    SR 311 Paint Bank Rd| 228006|0|0|0|    Dead End| 228007|0|0|1.9|    01/31/2018|25|R|||||||X||24|||X||||||||||||||
719696|0|R-VA022SC00604EB||||R-VA022SC00604EB|22-604|Sage Brush Lane|022|Craig County|022|Craig County|    22-605 Red Brush Rd| 228008|0|0|0|    22-611 Peaceful Valley Rd| 228009|0|0|1.3|    03/19/2020|40|R|||||||X||24|||X||||||||||||||
719697|0|R-VA022SC00605EB||||R-VA022SC00605EB|22-605|Red Brush Rd|022|Craig County|022|Craig County|    Dead End| 228011|0|0|0|    22-604 Sage Brush Lane| 228008|0|0|.42|    03/19/2020|30|T|||||||X||24|||X||||||||||||||
719698|0|R-VA022SC00605EB||||R-VA022SC00605EB|22-605| |022|Craig County|022|Craig County|    22-604 Sage Brush Lane| 228008|0|0|.42|    22-611 Peaceful Valley Rd| 228010|0|0|1.62|    01/31/2018|84|R|||||||X||24|||X||||||||||||||
719699|0|R-VA022SC00606EB||||R-VA022SC00606EB|22-606|Caldwell Mtn Rd|022|Craig County|022|Craig County|    22-615 Craigs Creek Rd| 228012|0|0|0|    22-612 Scenic View Lane| 228015|0|0|2.53|    01/01/2022|374|G|97|1|1|0|0|0|C|.122|6 |.66|374|G||||||||||||||
405696|0|R-VA022SC00606EB||||R-VA022SC00606EB|22-606|Caldwell Mtn Rd|022|Craig County|022|Craig County|    22-612 Scenic View Lane| 228015|0|0|2.53|    Botetourt County Line| 812003|0|0|4.51|    01/01/2022|348|G|99|0|1|0|0|0|C|.122|6 |.69|347|G||||||||||||||
719700|0|R-VA022SC00607EB||||R-VA022SC00607EB|22-607|Old Mountain Rd|022|Craig County|022|Craig County|    Dead End| 228017|0|0|0|    SR 18 Potts Creek Rd| 228016|0|0|.3|    03/19/2020|40|T|||||||X||24|||X||||||||||||||
719701|0|R-VA022SC00608EB||||R-VA022SC00608EB|22-608|Mill Creek Lane|022|Craig County|022|Craig County|    22-685 Fenwick Mines Rd| 228019|0|0|0|    0.03 ME 17-685 Fenwick Mines Rd| 228019|0|.03|.03|    03/26/2020|18|R|||||||X||24|||X||||||||||||||
719702|0|R-VA022SC00608EB||||R-VA022SC00608EB|22-608|Mill Creek Lane|022|Craig County|022|Craig County|    0.03 ME 17-685 Fenwick Mines Rd| 228019|0|.03|.03|    22-615 Craigs Creek Rd| 228018|0|0|.6|    03/26/2020|25|R|||||||X||24|||X||||||||||||||
719703|0|R-VA022SC00609NB||||R-VA022SC00609NB|22-609|Sand Plant Rd|022|Craig County|022|Craig County|    22-615 Craigs Creek Rd| 228020|0|0|0|    22-611 Peaceful Valley Rd| 228021|0|0|2.18|    01/01/2022|636|G|78|1|2|4|12|0|C|.115|6 |.53|639|G||||||||||||||
719704|0|R-VA022SC00610NB||||R-VA022SC00610NB|22-610|Crossroads Blvd|022|Craig County|022|Craig County|    22-615 Craigs Creek Rd| 228022|0|0|0|    22-611 Peaceful Valley Rd| 228023|0|0|.2|    03/26/2020|25|R|||||||X||24|||X||||||||||||||
719705|0|R-VA022SC00611NB||||R-VA022SC00611NB|22-611|Peaceful Valley Rd|022|Craig County|022|Craig County|    SR 311 Paint Bank Rd| 228024|0|0|0|    22-617 WEST; Barbours Creek Rd| 228026|0|0|5|    01/01/2022|107|G|97|2|1|0|0|0|C|.151|6 |.5|105|G||||||||||||||
719706|0|R-VA022SC00611NB||||R-VA022SC00611NB|22-611|Peaceful Valley Rd|022|Craig County|022|Craig County|    22-617 WEST; Barbours Creek Rd| 228026|0|0|5|    22-609 Sand Plant Rd| 228021|0|0|8.2|    01/01/2022|340|G|97|1|1|0|1|0|C|.135|6 |.74|339|G||||||||||||||
719707|0|R-VA022SC00611NB||||R-VA022SC00611NB|22-611| Peaceful Valley Rd|022|Craig County|022|Craig County|    22-609 Sand Plant Rd| 228021|0|0|8.2|    22-615 Craigs Creek Rd| 228028|0|0|9.48|    01/01/2022|105|G|97|1|1|1|1|0|C|.173|6 |.61|105|G||||||||||||||
719708|0|R-VA022SC00611NB||||R-VA022SC00611NB|22-611|Peaceful Valley Rd|022|Craig County|022|Craig County|    22-615 Craigs Creek Rd| 228028|0|0|9.48|    22-610 Crossroads Blvd| 228023|0|0|9.57|    03/26/2020|14|R|||||||X||24|||X||||||||||||||
719709|0|R-VA022SC00611NB||||R-VA022SC00611NB|22-611|Peaceful Valley Rd|022|Craig County|022|Craig County|    22-610 Crossroads Blvd| 228023|0|0|9.57|    22-614 Hawkins Lane| 228029|0|0|12.07|    03/26/2020|56|R|||||||X||24|||X||||||||||||||
719710|0|R-VA022SC00612NB||||R-VA022SC00612NB|22-612|Pike Lane|022|Craig County|022|Craig County|    22-606 Caldwell Mtn Rd| 228015|0|0|0|    22-613 Scenic View Lane| 228032|0|0|1.4|    03/26/2020|48|R|||||||X||24|||X||||||||||||||
719711|0|R-VA022SC00612NB||||R-VA022SC00612NB|22-612|Angus Lane|022|Craig County|022|Craig County|    22-613 Scenic View Lane| 228032|0|0|1.4|    22-657 Angus Lane| 228031|0|0|1.648|    03/26/2020|11|R|||||||X||24|||X||||||||||||||
719712|0|R-VA022SC00612NB||||R-VA022SC00612NB|22-612|Scenic View Lane|022|Craig County|022|Craig County|    22-657 Angus Lane| 228031|0|0|1.648|    22-615| 228030|0|0|2.6|    03/19/2020|12|R|||||||X||24|||X||||||||||||||
719713|0|R-VA022SC00613EB||||R-VA022SC00613EB|22-613|Scenic View Lane|022|Craig County|022|Craig County|    22-612 Angus Lane; Pike Lane| 228032|0|0|0|    Dead End| 228250|0|0|.62|    03/19/2020|11|R|||||||X||24|||X||||||||||||||
719714|0|R-VA022SC00614EB||||R-VA022SC00614EB|22-614| |022|Craig County|022|Craig County|    22-615 Craigs Creek Rd| 228033|0|0|0|    2.25 ME 22-615 Craigs Creek Rd| 228033|0|2.25|2.25|    01/31/2018|133|R|||||||X||24|||X||||||||||||||
719715|0|R-VA022SC00614EB||||R-VA022SC00614EB|22-614| |022|Craig County|022|Craig County|    2.25 ME 22-615 Craigs Creek Rd| 228033|0|2.25|2.25|    22-611 Peaceful Valley Rd| 228029|0|0|2.89|    01/31/2018|50|R|||||||X||24|||X||||||||||||||
719716|0|R-VA022SC00614EB||||R-VA022SC00614EB|22-614|Hawkins Lane|022|Craig County|022|Craig County|    22-611 Peaceful Valley Rd| 228029|0|0|2.89|    22-681| 228034|0|0|3.39|    03/26/2020|7|R|||||||X||24|||X||||||||||||||
719717|0|R-VA022SC00614EB||||R-VA022SC00614EB|22-614| |022|Craig County|022|Craig County|    22-681| 228034|0|0|3.39|    22-606 Caldwell Mtn Rd| 228014|0|0|3.92|    01/31/2018|77|R|||||||X||24|||X||||||||||||||
719854|0|R-VA022SC00615EB||||R-VA022SC00615EB|22-615|Market St|268|Town of New Castle|022|Craig County|    SR 311 Salem Ave| 228209|0|0|0|    22-650 Middle St| 228148|0|0|.07|    01/01/2022|3768|G|96|1|1|0|2|0|C|.106|6 |.55|3766|G||||||||||||||
719855|0|R-VA022SC00615EB||||R-VA022SC00615EB|22-615|Market St|268|Town of New Castle|022|Craig County|    22-650 Middle St| 228148|0|0|.07|    22-616 Court St| 228056|0|0|.14|    01/01/2022|3723|G|96|1|1|0|2|0|C|.106|6 |.53|3722|G||||||||||||||
719856|0|R-VA022SC00615EB||||R-VA022SC00615EB|22-615|Market St|268|Town of New Castle|022|Craig County|    22-616 Court St| 228056|0|0|.14|    22-615 Race St| 228038|0|0|.21|    01/01/2022|3687|G|95|1|1|0|2|0|C|.105|6 |.56|3687|G||||||||||||||
405701|0|R-VA022SC00615EB|R-VA   SR00042NB|||R-VA022SC00615EB|VA 42, 22-615|Market St|268|Town of New Castle|022|Craig County|    22-1004 Middle St| 228038|0|0|.21|    Physical Jurisdiction Boundary: 268 Town of New Castle / 022 Craig County| 228039|0|0|.25|    01/01/2022|4305|G|96|1|1|0|2|0|C|.104|6 |.55|4303|G||||||||||||||
405701|0|R-VA022SC00615EB|R-VA   SR00042NB|||R-VA022SC00615EB|VA 42, 22-615|Market St|022|Craig County|022|Craig County|    | 228039|0|0|.25|    22-638 6th St| 228040|0|0|.37|    01/01/2022|4305|G|96|1|1|0|2|0|C|.104|6 |.55|4303|G||||||||||||||
405702|0|R-VA022SC00615EB|R-VA   SR00042NB|||R-VA022SC00615EB|VA 42, 22-615|Craigs Creek Rd|022|Craig County|022|Craig County|    22-638, 6th St| 228040|0|0|.37|    22-653, 5th St| 228042|0|0|.53|    01/01/2022|3717|G|93|1|1|1|3|0|F|.107|6 |.56|3715|G||||||||||||||
405704|0|R-VA022SC00615EB|R-VA   SR00042NB|||R-VA022SC00615EB|VA 42, 22-615|Craigs Creek Rd|022|Craig County|022|Craig County|    22-653, 5th St| 228042|0|0|.53|    22-649 2nd St| 228045|0|0|.8|    01/01/2022|3291|G|93|1|1|1|3|0|F|.122|6 |.57|3290|G||||||||||||||
405707|0|R-VA022SC00615EB|R-VA   SR00042NB|||R-VA022SC00615EB|VA 42, 22-615|Craigs Creek Rd|022|Craig County|022|Craig County|    22-649 2nd St| 228045|0|0|.8|    22-689 Camp Mitchell Rd| 228046|0|0|1.2|    01/01/2022|3058|G|93|1|1|1|3|0|F|.13|6 |.57|3057|G||||||||||||||
405708|0|R-VA022SC00615EB|R-VA   SR00042NB|||R-VA022SC00615EB|VA 42, 22-615|Craigs Creek Rd|022|Craig County|022|Craig County|    22-689 Camp Mitchell Rd| 228046|0|0|1.2|    22-686 West Alleghaney Circle| 228047|0|0|2.14|    01/01/2022|2712|G|93|1|1|1|3|0|C|.145|6 |.6|2711|G||||||||||||||
405709|0|R-VA022SC00615EB|R-VA   SR00042NB|||R-VA022SC00615EB|VA 42, 22-615|Craigs Creek Rd|022|Craig County|022|Craig County|    22-686 West, Alleghaney Circle| 228047|0|0|2.14|    22-609 Sand Plant Rd| 228020|0|0|2.97|    01/01/2022|1900|G|93|1|1|2|3|0|C|.099|6 |.64|1900|G||||||||||||||
405712|0|R-VA022SC00615EB|R-VA   SR00042NB|||R-VA022SC00615EB|VA 42, 22-615|Craigs Creek Rd|022|Craig County|022|Craig County|    22-609 Sand Plant Rd| 228020|0|0|2.97|    22-614 Hawkins Ln| 228033|0|0|4.07|    01/01/2022|959|G|96|1|1|2|0|0|C|.106|6 |.59|958|G||||||||||||||
405715|0|R-VA022SC00615EB|R-VA   SR00042NB|||R-VA022SC00615EB|VA 42, 22-615|Craigs Creek Rd|022|Craig County|022|Craig County|    22-614 Hawkins Ln| 228033|0|0|4.07|    22-610 Crossroads Blvd| 228022|0|0|5.17|    01/01/2022|696|G|95|1|1|3|0|0|C|.117|6 |.57|696|G||||||||||||||
405716|0|R-VA022SC00615EB|R-VA   SR00042NB|||R-VA022SC00615EB|VA 42, 22-615|Craigs Creek Rd|022|Craig County|022|Craig County|    22-611 Crossroads Blvd| 228022|0|0|5.17|    22-606 Caldwell Mtn Rd| 228012|0|0|6.74|    01/01/2022|566|G|98|1|1|0|0|0|C|.127|6 |.52|565|G||||||||||||||
719718|0|R-VA022SC00615EB|R-VA   SR00042NB|||R-VA022SC00615EB|VA 42, 22-615| Craig Creek Rd|022|Craig County|022|Craig County|    22-606 Caldwell Mtn Rd| 228012|0|0|6.74|    22-643 Howard Hannah Rd| 228051|0|0|7.79|    03/26/2020|185|R|||||||X||24|||X||||||||||||||
719719|0|R-VA022SC00615EB|R-VA   SR00042NB|||R-VA022SC00615EB|VA 42, 22-615|Craig Creek Rd|022|Craig County|022|Craig County|    22-643 Howard Hannah Rd| 228051|0|0|7.79|    22-612 Scenic View Lane| 228030|0|0|8.59|    03/26/2020|103|R|||||||X||24|||X||||||||||||||
719720|0|R-VA022SC00615EB|R-VA   SR00042NB|||R-VA022SC00615EB|VA 42, 22-615|Craig Creek Rd|022|Craig County|022|Craig County|    22-612 Scenic View Lane| 228030|0|0|8.59|    Botetourt County Line| 812009|0|0|9.39|    03/26/2020|100|R|||||||X||24|||X||||||||||||||
719721|0|R-VA022SC00616EB||||R-VA022SC00616EB|22-616|Court St|268|Town of New Castle|022|Craig County|    22-1004 Market St| 228056|0|0|0|    22-615 Main St| 228037|0|0|.05|    02/13/2018|335|R|||||||X||24|||X||||||||||||||
719722|0|R-VA022SC00616EB||||R-VA022SC00616EB|22-616|Court St|268|Town of New Castle|022|Craig County|    22-615 Main St| 228037|0|0|.05|    22-1003 Walnut St| 228055|0|0|.11|    02/13/2018|682|R|||||||X||24|||X||||||||||||||
719723|0|R-VA022SC00616EB||||R-VA022SC00616EB|22-616|Court St|268|Town of New Castle|022|Craig County|    22-1003 Walnut St| 228055|0|0|.11|    Physical Jurisdiction Boundary: 268 Town of New Castle / 022 Craig County| 228054|0|0|.17|    02/13/2018|307|R|||||||X||24|||X||||||||||||||
719723|0|R-VA022SC00616EB||||R-VA022SC00616EB|22-616|Court St|022|Craig County|022|Craig County|    | 228054|0|0|.17|    22-690 Maggie Maw Lane| 228053|0|0|1.24|    02/13/2018|307|R|||||||X||24|||X||||||||||||||
719724|0|R-VA022SC00616EB||||R-VA022SC00616EB|22-616| |022|Craig County|022|Craig County|    22-690 Maggie Maw Lane| 228053|0|0|1.24|    Dead End| 228052|0|0|2.06|    02/13/2018|53|R|||||||X||24|||X||||||||||||||
719725|0|R-VA022SC00617NB||||R-VA022SC00617NB|22-617| |022|Craig County|022|Craig County|    22-615 Craigs Creek Rd| 228041|0|0|0|    22-637| 228058|0|0|.13|    02/15/2018|496|R|||||||X||24|||X||||||||||||||
719726|0|R-VA022SC00617NB||||R-VA022SC00617NB|22-617| |022|Craig County|022|Craig County|    22-637| 228058|0|0|.13|    22-669| 228060|0|0|.48|    02/15/2018|373|R|||||||X||24|||X||||||||||||||
719727|0|R-VA022SC00617NB||||R-VA022SC00617NB|22-617| |022|Craig County|022|Craig County|    22-669| 228060|0|0|.48|    0.18 MN 22-669| 228060|0|.18|.66|    02/15/2018|190|R|||||||X||24|||X||||||||||||||
719728|0|R-VA022SC00617NB||||R-VA022SC00617NB|22-617| |022|Craig County|022|Craig County|    0.18 MN 22-669| 228060|0|.18|.66|    22-611 Peaceful Valley Rd| 228220|0|0|4.53|    02/15/2018|66|R|||||||X||24|||X||||||||||||||
719729|0|R-VA022SC00617NB||||R-VA022SC00617NB|22-617| |022|Craig County|022|Craig County|    22-611 Peaceful Valley Rd| 228026|0|0|5.63|    Alleghany County Line| 803001|0|0|15.28|    01/31/2018|202|R|||||||X||24|||X||||||||||||||
719730|0|R-VA022SC00618NB||||R-VA022SC00618NB|22-618| |022|Craig County|022|Craig County|    SR 311 Craig Valley Dr| 228061|0|0|0|    Dead End| 228062|0|0|4.05|    03/09/2022|77|R|||||||X||24|||X||||||||||||||
719731|0|R-VA022SC00619EB||||R-VA022SC00619EB|22-619|Coleys Cliff Rd|022|Craig County|022|Craig County|    Dead End| 228064|0|0|0|    SR 311 Craig Valley Dr| 228063|0|0|.23|    01/03/2020|20|T|||||||X||24|||X||||||||||||||
719732|0|R-VA022SC00620NB||||R-VA022SC00620NB|22-620|Miller Cove|022|Craig County|022|Craig County|    Roanoke County Line| 826002|0|0|0|    2.23 MN Roanoke County Line| 826002|0|2.23|2.23|    03/19/2020|38|R|||||||X||24|||X||||||||||||||
719733|0|R-VA022SC00620NB||||R-VA022SC00620NB|22-620|Miller Cove|022|Craig County|022|Craig County|    2.23 MN Roanoke County Line| 826002|0|2.23|2.23|    22-621 Upper Craig Creek Rd| 228065|0|0|2.34|    03/19/2020|38|R|||||||X||24|||X||||||||||||||
719734|0|R-VA022SC00621NB||||R-VA022SC00621NB|22-621|Upper Craig Creek Rd|022|Craig County|022|Craig County|    Montgomery County Line| 826003|0|0|0|    22-651 Hall Rd| 228067|0|0|5.89|    01/01/2022|264|G|97|2|1|0|0|0|C|.12|6 |.6|262|G||||||||||||||
719735|0|R-VA022SC00621NB||||R-VA022SC00621NB|22-621|Upper Craig Creek Rd|022|Craig County|022|Craig County|    22-651 Hall Rd| 228067|0|0|5.89|    22-620 Miller Cove| 228065|0|0|6.62|    01/01/2022|364|G|98|1|1|0|0|0|C|.118|6 |.62|364|G||||||||||||||
719736|0|R-VA022SC00621NB||||R-VA022SC00621NB|22-621|Upper Craig Creek Rd|022|Craig County|022|Craig County|    22-620 Miller Cove| 228065|0|0|6.62|    SR 311 Craig Valley Dr| 228066|0|0|9.83|    01/01/2022|463|G|94|1|1|0|0|0|C|.113|6 |.61|462|G||||||||||||||
719737|0|R-VA022SC00622EB||||R-VA022SC00622EB|22-622| |022|Craig County|022|Craig County|    SR 42 WEST| 228068|0|0|0|    SR 42 EAST| 228069|0|0|3.6|    11/09/2017|42|R|||||||X||24|||X||||||||||||||
719738|0|R-VA022SC00623EB||||R-VA022SC00623EB|22-623| |022|Craig County|022|Craig County|    22-624| 228071|0|0|0|    22-645| 228070|0|0|1|    02/02/2018|64|R|||||||X||24|||X||||||||||||||
719739|0|R-VA022SC00624EB||||R-VA022SC00624EB|22-624| |022|Craig County|022|Craig County|    SR 42 W, Cumberland Gap Rd| 228075|0|0|0|    SR 42 E, Cumberland Gap Rd| 228072|0|0|13.18|    02/02/2018|113|R|||||||X||24|||X||||||||||||||
719740|0|R-VA022SC00625NB||||R-VA022SC00625NB|22-625| |022|Craig County|022|Craig County|    SR 42 Cumberland Gap Rd| 228076|0|0|0|    22-624| 228073|0|0|2.2|    02/02/2018|62|R|||||||X||24|||X||||||||||||||
719741|0|R-VA022SC00626NB||||R-VA022SC00626NB|22-626| |022|Craig County|022|Craig County|    SR 42 Cumberland Gap Rd| 228077|0|0|0|    22-624| 228074|0|0|1.6|    02/02/2018|58|R|||||||X||24|||X||||||||||||||
719742|0|R-VA022SC00627EB||||R-VA022SC00627EB|22-627|Valley Roller Mill Rd|022|Craig County|022|Craig County|    22-628 Simmonsville Rd| 228078|0|0|0|    22-629 Northside Rd| 228079|0|0|1.1|    03/24/2020|23|R|||||||X||24|||X||||||||||||||
719743|0|R-VA022SC00628NB||||R-VA022SC00628NB|22-628|Simmonsville Rd|022|Craig County|022|Craig County|    22-629 Northside Rd| 228080|0|0|0|    22-627 Valley Roller Mill Rd| 228078|0|0|.7|    02/02/2018|44|R|||||||X||24|||X||||||||||||||
719744|0|R-VA022SC00628NB||||R-VA022SC00628NB|22-628| |022|Craig County|022|Craig County|    22-627 Valley Roller Mill Rd| 228078|0|0|.7|    SR 42 Cumberland Gap Rd| 228175|0|0|1.61|    02/02/2018|102|R|||||||X||24|||X||||||||||||||
719745|0|R-VA022SC00629EB||||R-VA022SC00629EB|22-629| |022|Craig County|022|Craig County|    SR 42 Cumberland Gap Rd| 228081|0|0|0|    22-630| 228082|0|0|.6|    02/02/2018|234|R|||||||X||24|||X||||||||||||||
719746|0|R-VA022SC00629EB||||R-VA022SC00629EB|22-629| |022|Craig County|022|Craig County|    22-630| 228082|0|0|.6|    0.55 ME 22-630| 228082|0|.55|1.15|    02/02/2018|107|R|||||||X||24|||X||||||||||||||
719747|0|R-VA022SC00629EB||||R-VA022SC00629EB|22-629| |022|Craig County|022|Craig County|    0.55 ME 22-630| 228082|0|.55|1.15|    22-628 Simmonsville Rd| 228080|0|0|3.26|    02/02/2018|83|R|||||||X||24|||X||||||||||||||
719748|0|R-VA022SC00629EB||||R-VA022SC00629EB|22-629|Northside Rd|022|Craig County|022|Craig County|    22-628 Simmonsville Rd| 228080|0|0|3.26|    22-627 Valley Roller Mill Rd| 228079|0|0|4.02|    03/24/2020|46|R|||||||X||24|||X||||||||||||||
719749|0|R-VA022SC00629EB||||R-VA022SC00629EB|22-629| |022|Craig County|022|Craig County|    22-627 Valley Roller Mill Rd| 228079|0|0|4.02|    22-667| 228083|0|0|5.72|    02/02/2018|66|R|||||||X||24|||X||||||||||||||
719750|0|R-VA022SC00630EB||||R-VA022SC00630EB|22-630| |022|Craig County|022|Craig County|    SR 42 Cumberland Gap Rd| 228084|0|0|0|    22-675 Walnut Tree Lane| 228085|0|0|.71|    11/09/2017|92|R|||||||X||24|||X||||||||||||||
719751|0|R-VA022SC00630EB||||R-VA022SC00630EB|22-630| |022|Craig County|022|Craig County|    22-675 Walnut Tree Lane| 228085|0|0|.71|    22-629| 228082|0|0|3.21|    11/09/2017|61|R|||||||X||24|||X||||||||||||||
719752|0|R-VA022SC00631NB||||R-VA022SC00631NB|22-631|Cloverhollow Trail|022|Craig County|022|Craig County|    SR 42 Cumberland Gap Rd| 228086|0|0|0|    Dead End| 228087|0|0|.54|    03/24/2020|27|R|||||||X||24|||X||||||||||||||
719753|0|R-VA022SC00632EB||||R-VA022SC00632EB|22-632|Hutchinson Rd|022|Craig County|022|Craig County|    Dead End| 228088|0|0|0|    Giles County Line| 228089|0|0|.25|    03/24/2020|14|R|||||||X||24|||X||||||||||||||
719754|0|R-VA022SC00632EB||||R-VA022SC00632EB|22-632|Johns Creek Rd|022|Craig County|022|Craig County|    Giles County Line| 228089|0|0|.25|    22-601 Rocky Gap Trail| 228003|0|0|.5|    03/24/2020|14|R|||||||X||24|||X||||||||||||||
719755|0|R-VA022SC00632EB||||R-VA022SC00632EB|22-632| |022|Craig County|022|Craig County|    22-601 Rocky Gap Trail| 228003|0|0|.5|    22-633 Red Barn Trail| 228090|0|0|3.4|    03/24/2020|66|R|||||||X||24|||X||||||||||||||
719756|0|R-VA022SC00632EB||||R-VA022SC00632EB|22-632| |022|Craig County|022|Craig County|    22-633 Red Barn Trail| 228090|0|0|3.4|    22-658 WEST| 228091|0|0|4.7|    03/24/2020|89|R|||||||X||24|||X||||||||||||||
719757|0|R-VA022SC00632EB||||R-VA022SC00632EB|22-632| |022|Craig County|022|Craig County|    22-658 WEST| 228091|0|0|4.7|    22-658 MID| 228222|0|0|5.5|    03/24/2020|190|R|||||||X||24|||X||||||||||||||
719758|0|R-VA022SC00632EB||||R-VA022SC00632EB|22-632| |022|Craig County|022|Craig County|    22-658 MID| 228222|0|0|5.5|    22-658 EAST| 228223|0|0|15.06|    02/02/2018|57|R|||||||X||24|||X||||||||||||||
719759|0|R-VA022SC00633NB||||R-VA022SC00633NB|22-633|Red Barn Trail|022|Craig County|022|Craig County|    Dead End| 228093|0|0|0|    22-632| 228090|0|0|.7|    03/19/2020|12|R|||||||X||24|||X||||||||||||||
719760|0|R-VA022SC00634EB||||R-VA022SC00634EB|22-634| |022|Craig County|022|Craig County|    SR 311 Craig Valley Dr| 228094|0|0|0|    22-650 Marshall Ave|1215540|0|0|.13|    02/13/2018|172|R|||||||X||24|||X||||||||||||||
719761|0|R-VA022SC00635NB||||R-VA022SC00635NB|22-635| |022|Craig County|022|Craig County|    22-632| 228092|0|0|0|    22-658 Dicks Creek Rd| 228096|0|0|.8|    02/02/2018|35|R|||||||X||24|||X||||||||||||||
719762|0|R-VA022SC00636EB||||R-VA022SC00636EB|22-636|Old Waiteville Rd|022|Craig County|022|Craig County|    West Virginia State Line| 228099|0|0|0|    22-639 Southside Rd| 228098|0|0|2|    03/24/2020|28|R|||||||X||24|||X||||||||||||||
719763|0|R-VA022SC00636EB||||R-VA022SC00636EB|22-636| |022|Craig County|022|Craig County|    22-639 Southside Rd| 228098|0|0|2|    22-658 Dicks Creek Rd| 228097|0|0|3.5|    02/02/2018|68|R|||||||X||24|||X||||||||||||||
719764|0|R-VA022SC00637EB||||R-VA022SC00637EB|22-637| |022|Craig County|022|Craig County|    22-638| 228103|0|0|0|    22-655| 228101|0|0|.29|    02/15/2018|102|R|||||||X||24|||X||||||||||||||
719765|0|R-VA022SC00637EB||||R-VA022SC00637EB|22-637| |022|Craig County|022|Craig County|    22-655| 228101|0|0|.29|    22-649| 228100|0|0|.47|    02/15/2018|54|R|||||||X||24|||X||||||||||||||
719766|0|R-VA022SC00638EB||||R-VA022SC00638EB|22-638| |022|Craig County|022|Craig County|    Dead End| 228110|0|0|0|    22-1009| 228109|0|0|.27|    02/15/2018|142|R|||||||X||24|||X||||||||||||||
719767|0|R-VA022SC00638EB||||R-VA022SC00638EB|22-638| |022|Craig County|022|Craig County|    22-1009| 228109|0|0|.27|    22-615 Craigs Creek Rd| 228040|0|0|.98|    02/15/2018|743|R|||||||X||24|||X||||||||||||||
719768|0|R-VA022SC00638EB||||R-VA022SC00638EB|22-638| |022|Craig County|022|Craig County|    22-615 Craigs Creek Rd| 228040|0|0|.98|    22-659| 228104|0|0|1.04|    02/15/2018|260|R|||||||X||24|||X||||||||||||||
719769|0|R-VA022SC00639EB||||R-VA022SC00639EB|22-639|Southside Rd|022|Craig County|022|Craig County|    Dead End| 228224|0|0|0|    22-636 Waiteville Rd| 228098|0|0|.32|    03/19/2020|30|T|||||||X||24|||X||||||||||||||
719770|0|R-VA022SC00640EB||||R-VA022SC00640EB|22-640|Conrad St|022|Craig County|022|Craig County|    VA 42 Cumberland Gap Rd| 228111|0|0|0|    22-650 Marshall Ave| 228116|0|0|.46|    02/13/2018|521|R|||||||X||24|||X||||||||||||||
719771|0|R-VA022SC00641NB||||R-VA022SC00641NB|22-641|Sinking Spring Hollow|022|Craig County|022|Craig County|    Dead End| 228118|0|0|0|    SR 42 Cumberland Gap Rd| 228117|0|0|1|    03/19/2020|41|R|||||||X||24|||X||||||||||||||
719772|0|R-VA022SC00642NB||||R-VA022SC00642NB|22-642|Stevers Gap Trail|022|Craig County|022|Craig County|    Dead End| 228120|0|0|0|    SR 42 Cumberland Gap Rd| 228119|0|0|.64|    11/09/2017|58|R|||||||X||24|||X||||||||||||||
719773|0|R-VA022SC00643NB||||R-VA022SC00643NB|22-643|Howard Hannah Rd|022|Craig County|022|Craig County|    Dead End| 228121|0|0|0|    22-615| 228051|0|0|1.35|    03/26/2020|99|R|||||||X||24|||X||||||||||||||
719774|0|R-VA022SC00644NB||||R-VA022SC00644NB|22-644|Cumberland Ave|022|Craig County|022|Craig County|    Dead End| 228125|0|0|0|    22-646| 228124|0|0|.394|    02/13/2018|50|R|||||||X||24|||X||||||||||||||
719775|0|R-VA022SC00644NB||||R-VA022SC00644NB|22-644|Cumberland Ave|022|Craig County|022|Craig County|    22-646| 228124|0|0|.394|    SR 42 Cumberland Gap Rd|1215566|0|0|.69|    02/13/2018|132|R|||||||X||24|||X||||||||||||||
719776|0|R-VA022SC00645EB||||R-VA022SC00645EB|22-645| |022|Craig County|022|Craig County|    SR 42 W, Cumberland Gap Rd| 228127|0|0|0|    SR 42 E, Cumberland Gap Rd| 228126|0|0|.46|    02/02/2018|69|R|||||||X||24|||X||||||||||||||
719777|0|R-VA022SC00646EB||||R-VA022SC00646EB|22-646| |022|Craig County|022|Craig County|    22-644 Cumberland Ave| 228124|0|0|0|    SR 311 Craig Valley Dr| 228225|0|0|.5|    02/13/2018|393|R|||||||X||24|||X||||||||||||||
719778|0|R-VA022SC00646EB||||R-VA022SC00646EB|22-646|Allen St|022|Craig County|022|Craig County|    SR 311 Craig Valley Dr| 228134|0|0|.57|    Dead End| 228137|0|0|.9|    02/13/2018|167|R|||||||X||24|||X||||||||||||||
719779|0|R-VA022SC00647EB||||R-VA022SC00647EB|22-647| |022|Craig County|022|Craig County|    22-606 Caldwell Mtn Rd| 228013|0|0|0|    Dead End| 228226|0|0|.5|    01/31/2018|88|R|||||||X||24|||X||||||||||||||
719780|0|R-VA022SC00648NB||||R-VA022SC00648NB|22-648|Herndon Ave|022|Craig County|022|Craig County|    Dead End| 228227|0|0|0|    22-646| 228131|0|0|.08|    11/09/2017|40|T|||||||X||24|||X||||||||||||||
719781|0|R-VA022SC00648NB||||R-VA022SC00648NB|22-648|Herndon Ave|022|Craig County|022|Craig County|    22-646| 228131|0|0|.08|    SR 42 Main St| 228138|0|0|.42|    02/13/2018|79|R|||||||X||24|||X||||||||||||||
719782|0|R-VA022SC00649NB||||R-VA022SC00649NB|22-649| |022|Craig County|022|Craig County|    22-659| 228141|0|0|0|    22-654| 228142|0|0|.26|    02/15/2018|200|R|||||||X||24|||X||||||||||||||
719783|0|R-VA022SC00650NB||||R-VA022SC00650NB|22-650|Holcomb Ave|022|Craig County|022|Craig County|    22-646 Allen St| 228135|0|0|0|    | 228143|0|0|.06|    02/13/2018|263|R|||||||X||24|||X||||||||||||||
719783|0|R-VA022SC00650NB||||R-VA022SC00650NB|22-650|Marshall Ave|022|Craig County|022|Craig County|    Jurisdiction Boundary: 022 Craig County| 228143|0|0|.06|    | 228151|0|0|.62|    02/13/2018|263|R|||||||X||24|||X||||||||||||||
719784|0|R-VA022SC00650NB||||R-VA022SC00650NB|22-650|Middle St|268|Town of New Castle|022|Craig County|    22-652 Holcombe Ave| 228151|0|0|.62|    22-1004 Market St| 228148|0|0|.78|    02/13/2018|456|R|||||||X||24|||X||||||||||||||
719785|0|R-VA022SC00650NB||||R-VA022SC00650NB|22-650|Middle St|268|Town of New Castle|022|Craig County|    22-1004 Market St| 228148|0|0|.78|    Dead End| 228149|0|0|.85|    02/13/2018|575|R|||||||X||24|||X||||||||||||||
719786|0|R-VA022SC00651EB||||R-VA022SC00651EB|22-651|Hall Rd|022|Craig County|022|Craig County|    Dead End| 228150|0|0|0|    22-621 Upper Craig Creek Rd| 228067|0|0|.76|    11/09/2017|53|R|||||||X||24|||X||||||||||||||
719787|0|R-VA022SC00652NB||||R-VA022SC00652NB|22-652|Holcombe Ave|022|Craig County|022|Craig County|    22-665 Kanawha St| 228152|0|0|0|    22-640 Conrad St| 228115|0|0|.13|    02/13/2018|71|R|||||||X||24|||X||||||||||||||
719788|0|R-VA022SC00652NB||||R-VA022SC00652NB|22-652|Holcombe Ave|022|Craig County|022|Craig County|    22-678 Brooks St| 228190|0|0|.13|    ECL New Castle| 228151|0|0|.34|    02/13/2018|188|R|||||||X||24|||X||||||||||||||
719789|0|R-VA022SC00653NB||||R-VA022SC00653NB|22-653|5th St|022|Craig County|022|Craig County|    22-659| 228153|0|0|0|    22-615 Craigs Creek Rd| 228042|0|0|.06|    02/15/2018|50|R|||||||X||24|||X||||||||||||||
719790|0|R-VA022SC00653NB||||R-VA022SC00653NB|22-653| |022|Craig County|022|Craig County|    22-615 Craigs Creek Rd| 228042|0|0|.06|    22-684| 228157|0|0|.4|    02/15/2018|289|R|||||||X||24|||X||||||||||||||
719791|0|R-VA022SC00653NB||||R-VA022SC00653NB|22-653|5th St|022|Craig County|022|Craig County|    22-684| 228157|0|0|.4|    Dead End| 228228|0|0|.43|    01/03/2020|116|R|||||||X||24|||X||||||||||||||
719792|0|R-VA022SC00654EB||||R-VA022SC00654EB|22-654| |022|Craig County|022|Craig County|    22-653| 228155|0|0|0|    22-655| 228158|0|0|.09|    02/15/2018|45|R|||||||X||24|||X||||||||||||||
719793|0|R-VA022SC00654EB||||R-VA022SC00654EB|22-654| |022|Craig County|022|Craig County|    22-655| 228158|0|0|.09|    22-649| 228142|0|0|.27|    02/15/2018|73|R|||||||X||24|||X||||||||||||||
719794|0|R-VA022SC00655NB||||R-VA022SC00655NB|22-655| |022|Craig County|022|Craig County|    22-659| 228160|0|0|0|    22-615 Craigs Creek Rd| 228043|0|0|.06|    02/15/2018|49|R|||||||X||24|||X||||||||||||||
719795|0|R-VA022SC00655NB||||R-VA022SC00655NB|22-655| |022|Craig County|022|Craig County|    22-615 Craigs Creek Rd| 228043|0|0|.06|    22-673| 228162|0|0|.33|    02/15/2018|313|R|||||||X||24|||X||||||||||||||
719796|0|R-VA022SC00656NB||||R-VA022SC00656NB|22-656|Woodman Ave|022|Craig County|022|Craig County|    22-646| 228133|0|0|0|    22-678 Brooks St| 228165|0|0|.27|    02/13/2018|105|R|||||||X||24|||X||||||||||||||
719797|0|R-VA022SC00657NB||||R-VA022SC00657NB|22-657|Angus Lane|022|Craig County|022|Craig County|    Dead End| 228229|0|0|0|    22-612 Scenic View Lane; Angus Lane| 228031|0|0|.3|    01/03/2020|12|R|||||||X||24|||X||||||||||||||
719798|0|R-VA022SC00658EB||||R-VA022SC00658EB|22-658| Happy Hollow Rd|022|Craig County|022|Craig County|    SR 42 Cumberland Gap Rd| 228168|0|0|0|    22-662 Johns Creek Mountain Rd| 228167|0|0|.5|    01/01/2022|237|G|91|0|2|1|0|0|C|.142|6 |.63|237|G||||||||||||||
719799|0|R-VA022SC00658EB||||R-VA022SC00658EB|22-658| Johns Creek Mountain Rd|022|Craig County|022|Craig County|    22-662 Happy Hollow Rd| 228167|0|0|.5|    22-632 Johns Creek Rd| 228091|0|0|4.2|    01/01/2022|147|G|97|0|1|1|0|0|C|.124|6 |.59|147|G||||||||||||||
719800|0|R-VA022SC00658EB||||R-VA022SC00658EB|22-658| Dicks Creek Rd|022|Craig County|022|Craig County|    22-632 Johns Creek Rd| 228222|0|0|5|    22-636 Rocky Gap Rd| 228097|0|0|5.4|    01/01/2022|99|G|97|2|1|0|0|0|C|.146|6 |.54|99|G||||||||||||||
719801|0|R-VA022SC00658EB||||R-VA022SC00658EB|22-658| Dicks Creek Rd|022|Craig County|022|Craig County|    22-636 Rocky Gap Rd| 228097|0|0|5.4|    22-635 Grannys Branch Rd| 228096|0|0|12.21|    01/01/2022|106|G|91|4|1|3|1|0|C|.124|6 |.85|106|G||||||||||||||
719802|0|R-VA022SC00658EB||||R-VA022SC00658EB|22-658| Dicks Creek Rd|022|Craig County|022|Craig County|    22-635 Grannys Branch Rd| 228096|0|0|12.21|    22-632 Johns Creek Rd| 228223|0|0|14.11|    01/01/2022|158|G|92|1|3|2|0|0|C|.13|6 |.72|158|G||||||||||||||
719803|0|R-VA022SC00658EB||||R-VA022SC00658EB|22-658| Johns Creek Rd|022|Craig County|022|Craig County|    22-658 Dicks Creek Rd| 228223|0|0|14.11|    SR 311 Paint Bank Rd| 228166|0|0|18.78|    01/01/2022|311|G|95|1|2|1|1|0|C|.106|6 |.6|311|G||||||||||||||
719804|0|R-VA022SC00659NB||||R-VA022SC00659NB|22-659| |022|Craig County|022|Craig County|    22-638| 228104|0|0|0|    22-649| 228141|0|0|.44|    02/15/2018|76|R|||||||X||24|||X||||||||||||||
719805|0|R-VA022SC00660EB||||R-VA022SC00660EB|22-660|Stonewall Lane|022|Craig County|022|Craig County|    Dead End| 228171|0|0|0|    SR 42 Cumberland Gap Rd| 228170|0|0|.25|    03/19/2020|22|R|||||||X||24|||X||||||||||||||
719806|0|R-VA022SC00661NB||||R-VA022SC00661NB|22-661| |022|Craig County|022|Craig County|    SR 311 S, Paint Bank Rd| 228172|0|0|0|    SR 311 N, Paint Bank Rd| 228173|0|0|.15|    01/31/2018|50|R|||||||X||24|||X||||||||||||||
719807|0|R-VA022SC00662NB||||R-VA022SC00662NB|22-662| |022|Craig County|022|Craig County|    SR 42 Cumberland Gap Rd| 228174|0|0|0|    22-658 Johns Creek Mountain Rd; Happy Hollow Rd| 228167|0|0|1.87|    11/09/2017|57|R|||||||X||24|||X||||||||||||||
719808|0|R-VA022SC00663NB||||R-VA022SC00663NB|22-663|Gravel Hill Rd|022|Craig County|022|Craig County|    SR 42 W, Cumberland Gap Rd|1215340|0|0|0|    SR 42 E, Cumberland Gap Rd| 228176|0|0|.7|    03/24/2020|29|R|||||||X||24|||X||||||||||||||
719810|0|R-VA022SC00665EB||||R-VA022SC00665EB|22-665|Kanawha St|022|Craig County|022|Craig County|    22-677 Scott Ave| 228180|0|0|0|    22-650 Marshall Ave| 228144|0|0|.38|    02/13/2018|227|R|||||||X||24|||X||||||||||||||
719811|0|R-VA022SC00666NB||||R-VA022SC00666NB|22-666|Huffman Store Dr|022|Craig County|022|Craig County|    Dead End| 228182|0|0|0|    SR 42 Cumberland Gap Rd| 228181|0|0|.25|    03/19/2020|10|R|||||||X||24|||X||||||||||||||
719812|0|R-VA022SC00667EB||||R-VA022SC00667EB|22-667| |022|Craig County|022|Craig County|    SR 42 W, Cumberland Gap Rd| 228184|0|0|0|    SR 42 E, Cumberland Gap Rd| 228183|0|0|.06|    02/02/2018|64|R|||||||X||24|||X||||||||||||||
719813|0|R-VA022SC00668NB||||R-VA022SC00668NB|22-668|Boyd Ave|022|Craig County|022|Craig County|    Dead End| 228230|0|0|0|    22-674 Chilton Ave| 228185|0|0|.22|    02/13/2018|55|R|||||||X||24|||X||||||||||||||
719814|0|R-VA022SC00669NB||||R-VA022SC00669NB|22-669| |022|Craig County|022|Craig County|    22-638| 228108|0|0|0|    22-617| 228060|0|0|.37|    02/15/2018|122|R|||||||X||24|||X||||||||||||||
719815|0|R-VA022SC00670NB||||R-VA022SC00670NB|22-670| |022|Craig County|022|Craig County|    22-617| 228057|0|0|0|    22-653| 228154|0|0|.1|    02/15/2018|42|R|||||||X||24|||X||||||||||||||
719816|0|R-VA022SC00670NB||||R-VA022SC00670NB|22-670| |022|Craig County|022|Craig County|    22-655| 228161|0|0|.1|    Dead End| 228231|0|0|.2|    02/15/2018|27|R|||||||X||24|||X||||||||||||||
719817|0|R-VA022SC00671NB||||R-VA022SC00671NB|22-671|Penns Ave|022|Craig County|022|Craig County|    22-646| 228129|0|0|0|    22-644 Cumberland Ave|1215562|0|0|.19|    02/13/2018|93|R|||||||X||24|||X||||||||||||||
719818|0|R-VA022SC00672NB||||R-VA022SC00672NB|22-672|Meadow Ave|022|Craig County|022|Craig County|    Dead End| 228232|0|0|0|    22-646| 228128|0|0|.06|    02/13/2018|81|R|||||||X||24|||X||||||||||||||
719819|0|R-VA022SC00672NB||||R-VA022SC00672NB|22-672| |022|Craig County|022|Craig County|    22-646| 228128|0|0|.06|    22-644 Cumberland Ave| 228123|0|0|.17|    02/13/2018|68|R|||||||X||24|||X||||||||||||||
719820|0|R-VA022SC00673NB||||R-VA022SC00673NB|22-673| |022|Craig County|022|Craig County|    22-653| 228156|0|0|0|    22-693|1215183|0|0|.18|    02/15/2018|88|R|||||||X||24|||X||||||||||||||
719821|0|R-VA022SC00674EB||||R-VA022SC00674EB|22-674|Chilton Ave|022|Craig County|022|Craig County|    22-648 Herndon Ave| 228139|0|0|0|    SR 311 Craig Valley Dr| 228188|0|0|.19|    02/13/2018|163|R|||||||X||24|||X||||||||||||||
719822|0|R-VA022SC00675EB||||R-VA022SC00675EB|22-675|Walnut Tree Lane|022|Craig County|022|Craig County|    Dead End| 228233|0|0|0|    22-630| 228085|0|0|.13|    11/09/2017|40|T|||||||X||24|||X||||||||||||||
719823|0|R-VA022SC00676EB||||R-VA022SC00676EB|22-676| |022|Craig County|022|Craig County|    22-615 Craigs Creek Rd| 228050|0|0|0|    Dead End| 228234|0|0|.2|    01/31/2018|102|R|||||||X||24|||X||||||||||||||
719824|0|R-VA022SC00677NB||||R-VA022SC00677NB|22-677|Scott Ave|022|Craig County|022|Craig County|    22-646| 228130|0|0|0|    22-671 Penns Ave| 228186|0|0|.2|    02/13/2018|50|R|||||||X||24|||X||||||||||||||
719825|0|R-VA022SC00678EB||||R-VA022SC00678EB|22-678|Brooks St|022|Craig County|022|Craig County|    22-656 Woodman Ave| 228165|0|0|0|    22-679| 228191|0|0|.22|    02/13/2018|289|R|||||||X||24|||X||||||||||||||
719826|0|R-VA022SC00679NB||||R-VA022SC00679NB|22-679| |022|Craig County|022|Craig County|    22-678 Brooks St| 228191|0|0|0|    22-650 Marshall Ave|1215569|0|0|.115|    02/13/2018|41|R|||||||X||24|||X||||||||||||||
719827|0|R-VA022SC00680NB||||R-VA022SC00680NB|22-680| |022|Craig County|022|Craig County|    22-659| 228169|0|0|0|    22-615 Craigs Creek Rd| 228044|0|0|.06|    02/15/2018|68|R|||||||X||24|||X||||||||||||||
719828|0|R-VA022SC00681EB||||R-VA022SC00681EB|22-681| |022|Craig County|022|Craig County|    22-614 Hawkins Lane| 228034|0|0|0|    Dead End| 228192|0|0|.31|    01/31/2018|63|R|||||||X||24|||X||||||||||||||
719829|0|R-VA022SC00682EB||||R-VA022SC00682EB|22-682| |022|Craig County|022|Craig County|    22-615 Craigs Creek Rd| 228049|0|0|0|    Dead End| 228235|0|0|.13|    01/31/2018|50|T|||||||X||24|||X||||||||||||||
719830|0|R-VA022SC00683NB||||R-VA022SC00683NB|22-683| |022|Craig County|022|Craig County|    Dead End| 228236|0|0|0|    22-650 Marshall Ave| 228143|0|0|.03|    11/09/2017|20|T|||||||X||24|||X||||||||||||||
719831|0|R-VA022SC00684NB||||R-VA022SC00684NB|22-684| |022|Craig County|022|Craig County|    22-617| 228059|0|0|0|    22-653 5th St| 228157|0|0|.13|    02/15/2018|46|R|||||||X||24|||X||||||||||||||
719832|0|R-VA022SC00684NB||||R-VA022SC00684NB|22-684| |022|Craig County|022|Craig County|    22-653 5th St| 228157|0|0|.13|    Dead End| 228237|0|0|.18|    02/15/2018|20|T|||||||X||24|||X||||||||||||||
719833|0|R-VA022SC00685NB||||R-VA022SC00685NB|22-685|Fenwick Mines Rd|022|Craig County|022|Craig County|    22-611 Peaceful Valley Rd| 228027|0|0|0|    22-608 Mill Creek Lane| 228019|0|0|.12|    01/31/2018|104|R|||||||X||24|||X||||||||||||||
719834|0|R-VA022SC00685NB||||R-VA022SC00685NB|22-685| |022|Craig County|022|Craig County|    22-608 Mill Creek Lane| 228019|0|0|.12|    22-687 Draft Rd| 228193|0|0|1.56|    01/31/2018|76|R|||||||X||24|||X||||||||||||||
719835|0|R-VA022SC00685NB||||R-VA022SC00685NB|22-685| |022|Craig County|022|Craig County|    22-687 Draft Rd| 228193|0|0|1.56|    Dead End| 228238|0|0|1.71|    01/31/2018|41|R|||||||X||24|||X||||||||||||||
719836|0|R-VA022SC00686EB||||R-VA022SC00686EB|22-686| |022|Craig County|022|Craig County|    22-615 W, Craigs Creek Rd| 228047|0|0|0|    22-615 E, Craigs Creek Rd| 228221|0|0|.35|    01/31/2018|20|R|||||||X||24|||X||||||||||||||
719837|0|R-VA022SC00687EB||||R-VA022SC00687EB|22-687|Draft Rd|022|Craig County|022|Craig County|    Dead End| 228239|0|0|0|    0.17 ME Dead End| 228239|0|.17|.17|    03/26/2020|53|R|||||||X||24|||X||||||||||||||
719838|0|R-VA022SC00687EB||||R-VA022SC00687EB|22-687|Draft Rd|022|Craig County|022|Craig County|    0.17 ME Dead End| 228239|0|.17|.17|    22-685| 228193|0|0|.52|    03/26/2020|53|R|||||||X||24|||X||||||||||||||
719839|0|R-VA022SC00688EB||||R-VA022SC00688EB|22-688| |022|Craig County|022|Craig County|    Dead End| 228195|0|0|0|    SR 311 Craig Valley Dr| 228194|0|0|.18|    02/13/2018|52|R|||||||X||24|||X||||||||||||||
719840|0|R-VA022SC00689NB||||R-VA022SC00689NB|22-689| |022|Craig County|022|Craig County|    22-615 Craigs Creek Rd| 228046|0|0|0|    22-694| 228196|0|0|.46|    02/15/2018|438|R|||||||X||24|||X||||||||||||||
719841|0|R-VA022SC00690NB||||R-VA022SC00690NB|22-690|Maggie Maw Lane|022|Craig County|022|Craig County|    Dead End| 228240|0|0|0|    22-616| 228053|0|0|.38|    01/03/2020|79|T|||||||X||24|||X||||||||||||||
719842|0|R-VA022SC00691NB||||R-VA022SC00691NB|22-691|Mountain Breeze Lane|022|Craig County|022|Craig County|    SR 311 Craig Valley Dr| 228197|0|0|0|    Dead End| 228198|0|0|.25|    03/19/2020|122|R|||||||X||24|||X||||||||||||||
719843|0|R-VA022SC00692NB||||R-VA022SC00692NB|22-692| |022|Craig County|022|Craig County|    SR 311 Craig Valley Dr| 228199|0|0|0|    Dead End| 228200|0|0|.25|    11/09/2017|10|R|||||||X||24|||X||||||||||||||
719844|0|R-VA022SC00693NB||||R-VA022SC00693NB|22-693| |022|Craig County|022|Craig County|    22-654| 228159|0|0|0|    22-673| 228187|0|0|.08|    02/15/2018|53|R|||||||X||24|||X||||||||||||||
719845|0|R-VA022SC00693NB||||R-VA022SC00693NB|22-693| |022|Craig County|022|Craig County|    22-673| 228187|0|0|.08|    Dead End| 712163|0|0|.2|    02/15/2018|40|T|||||||X||24|||X||||||||||||||
719846|0|R-VA022SC00694NB||||R-VA022SC00694NB|22-694| |022|Craig County|022|Craig County|    22-689| 228196|0|0|0|    Dead End|1263844|0|0|1.01|    02/15/2018|350|R|||||||X||24|||X||||||||||||||
719847|0|R-VA022SC00695NB||||R-VA022SC00695NB|22-695| |022|Craig County|022|Craig County|    22-694| 719860|0|0|0|    Dead End| 719861|0|0|.1|    02/15/2018|97|R|||||||X||24|||X||||||||||||||
719848|0|R-VA022SC00696EB||||R-VA022SC00696EB|22-696|Old Railroad Ave|022|Craig County|022|Craig County|    22-615 Craigs Creek Rd| 228048|0|0|0|    Dead End| 228242|0|0|.3|    01/03/2020|59|R|||||||X||24|||X||||||||||||||
719849|0|R-VA022SC00697EB||||R-VA022SC00697EB|22-697| |022|Craig County|022|Craig County|    22-617|1204221|0|0|0|    Dead End| 701136|0|0|.1|    02/15/2018|97|R|||||||X||24|||X||||||||||||||
787753|0|R-VA022SC00699EB||||R-VA022SC00699EB|22-699| |022|Craig County|022|Craig County|    Dead End| 734439|0|0|0|    22-609 Sand Plant Rd| 734438|0|0|.2|    01/31/2018|207|R|||||||X||24|||X||||||||||||||
719850|0|R-VA022SC01001NB||||R-VA022SC01001NB|22-1001|Boyd Ave|022|Craig County|022|Craig County|    Dead End| 228204|0|0|0|    Physical Jurisdiction Boundary: 022 Craig County / 268 Town of New Castle| 228203|0|0|.06|    11/09/2017|79|T|||||||X||24|||X||||||||||||||
719850|0|R-VA022SC01001NB||||R-VA022SC01001NB|22-1001|Boyd Ave|268|Town of New Castle|022|Craig County|    Jurisdiction Boundary: 022 Craig County| 228203|0|0|.06|    SR 42 Main Street| 228201|0|0|.17|    11/09/2017|79|T|||||||X||24|||X||||||||||||||
719851|0|R-VA022SC01002EB||||R-VA022SC01002EB|22-1002|Caldwell St|268|Town of New Castle|022|Craig County|    SR 42 Main St| 228205|0|0|0|    SR 311 Salem Ave| 228206|0|0|.17|    02/13/2018|118|R|||||||X||24|||X||||||||||||||
719852|0|R-VA022SC01003NB||||R-VA022SC01003NB|22-1003|Walnut St|268|Town of New Castle|022|Craig County|    SR 311 Salem Ave| 228207|0|0|0|    22-616 Court St| 228055|0|0|.14|    02/13/2018|431|R|||||||X||24|||X||||||||||||||
719853|0|R-VA022SC01003NB||||R-VA022SC01003NB|22-1003|Walnut St|268|Town of New Castle|022|Craig County|    22-616 Court St| 228055|0|0|.14|    NCL New Castle| 228208|0|0|.2|    02/13/2018|20|R|||||||X||24|||X||||||||||||||
405697|0|R-VA022SC01004NB|R-VA   SR00042NB|||R-VA022SC01004NB|VA 42, 22-1004|Main St|268|Town of New Castle|022|Craig County|    SR 311 Salem Ave| 228035|0|0|0|    22-616 Court St| 228037|0|0|.14|    01/01/2022|1091|G|96|1|1|0|2|0|F|.114|6 |.55|1091|G||||||||||||||
405699|0|R-VA022SC01004NB|R-VA   SR00042NB|||R-VA022SC01004NB|VA 42, 22-1004|Main St|268|Town of New Castle|022|Craig County|    22-616 Court St| 228037|0|0|.14|    | 228038|0|0|.28|    01/01/2022|736|G|96|1|1|0|2|0|F|.134|6 |.55|736|G||||||||||||||
719857|0|R-VA022SC01005EB||||R-VA022SC01005EB|22-1005|Mitchell Dr|268|Town of New Castle|022|Craig County|    Dead End| 228211|0|0|0|    SR 42 Main St| 228210|0|0|.14|    02/13/2018|40|T|||||||X||24|||X||||||||||||||
719858|0|R-VA022SC01006NB||||R-VA022SC01006NB|22-1006| |022|Craig County|022|Craig County|    22-638| 228105|0|0|0|    22-1008| 228212|0|0|.18|    02/15/2018|85|R|||||||X||24|||X||||||||||||||
719859|0|R-VA022SC01007EB||||R-VA022SC01007EB|22-1007| |022|Craig County|022|Craig County|    Dead End| 228213|0|0|0|    SR 42 Cumberland Gap Rd| 228111|0|0|.35|    02/13/2018|60|R|||||||X||24|||X||||||||||||||
719860|0|R-VA022SC01008NB||||R-VA022SC01008NB|22-1008| |022|Craig County|022|Craig County|    22-1006| 228212|0|0|0|    22-638| 228107|0|0|.12|    02/15/2018|61|R|||||||X||24|||X||||||||||||||
719861|0|R-VA022SC01009NB||||R-VA022SC01009NB|22-1009| |022|Craig County|022|Craig County|    22-1010| 228215|0|0|0|    22-638| 228109|0|0|.07|    02/15/2018|108|R|||||||X||24|||X||||||||||||||
719862|0|R-VA022SC01010EB||||R-VA022SC01010EB|22-1010| |022|Craig County|022|Craig County|    22-1009| 228215|0|0|0|    22-1011| 228216|0|0|.04|    02/15/2018|96|R|||||||X||24|||X||||||||||||||
719863|0|R-VA022SC01010EB||||R-VA022SC01010EB|22-1010| |022|Craig County|022|Craig County|    22-1011| 228216|0|0|.04|    Dead End| 228243|0|0|.07|    11/09/2017|30|T|||||||X||24|||X||||||||||||||
719864|0|R-VA022SC01011NB||||R-VA022SC01011NB|22-1011| |022|Craig County|022|Craig County|    Dead End| 228244|0|0|0|    22-1010| 228216|0|0|.06|    11/09/2017|91|T|||||||X||24|||X||||||||||||||
719865|0|R-VA022SC01012NB||||R-VA022SC01012NB|22-1012| |022|Craig County|022|Craig County|    22-1008| 228214|0|0|0|    22-638| 228106|0|0|.1|    02/15/2018|77|R|||||||X||24|||X||||||||||||||
719866|0|R-VA022SC01013EB||||R-VA022SC01013EB|22-1013| |022|Craig County|022|Craig County|    22-646 Allen St| 228136|0|0|0|    Dead End| 228245|0|0|.2|    11/09/2017|103|T|||||||X||24|||X||||||||||||||
719867|0|R-VA022SC01020NB||||R-VA022SC01020NB|22-1020| |022|Craig County|022|Craig County|    Cul-de-Sac| 704752|0|0|0|    SR 311 Craig Valley Dr| 704751|0|0|.33|    11/09/2017|89|R|||||||X||24|||X||||||||||||||
719868|0|R-VA022SC09120NB||||R-VA022SC09120NB|22-9120| |022|Craig County|022|Craig County|    22-615 Craigs Creek Rd| 228217|0|0|0|    McCleary Elem School| 228218|0|0|.15|    05/29/2014|983|R|||||||X||24|||X||||||||||||||
