sep=|
- - 2022 AADT Report for Charles City County - -
LINKID|SEQUENCENUMBER|RTE_NM|RTE_NM_2|RTE_NM_3|RTE_NM_4|Host RTE_NM|Route Label|Street Name|Physical Jurisdiction|Physical Jurisdiciton Name|Maintenance Jurisdiction|Maintenance Jurisdiciton Name|    Start Label|Start Node|Start Node Route Sequence|Star tOffset|Start Milepoint|    End Label|End Node|End Node Route Sequence|End Offset|End Milepoint|    VPDDate|AADT|AADT Quality|Passenger Vehicle|Bus|Truck 2 Axle|Truck 3 Axle|Truck 1 Trailer|Truck 2 Trailer|Class Quality|K Factor|K Factor Quality|Direction Factor|AAWDT|AAWDT Quality|AADT Dir|AADT Quality Dir|PassengerVehicle Dir|Bus Dir|Truck 2 Axle Dir|Truck 3 Axle Dir|Truck 1 Trailer Dir|Truck 2 Trailer Dir|Class Quality Dir|K Factor Dir|K Factor Quality Dir|Direction Factor Dir|AAWDT Dir|AAWDT Quality Dir
140183|0|R-VA   SR00005EB|R-VA   SR00156NB|||R-VA   SR00005EB|VA 5, VA 156|John Tyler Memorial Hwy|018|Charles City County|018|Charles City County|    Henrico County Line|  50696|0|0|14.77|    | 193147|0|0|19.11|    01/01/2022|2095|G|88|1|2|3|6|0|C|.111|6 |.53|2041|G||||||||||||||
140184|0|R-VA   SR00005EB||||R-VA   SR00005EB|VA 5|John Tyler Memorial Hwy|018|Charles City County|018|Charles City County|    SR 156 E Int| 193147|0|0|19.11|    18-609 Barnetts Rd| 193033|0|0|22.8|    01/01/2022|6796|G|92|0|1|1|4|0|F|.106|6 |.5|6628|G||||||||||||||
140185|0|R-VA   SR00005EB||||R-VA   SR00005EB|VA 5|John Tyler Memorial Hwy|018|Charles City County|018|Charles City County|    18-609 Barnetts Rd| 193033|0|0|22.8|    SR 155 Charles City CH| 193106|0|0|28.48|    01/01/2022|2579|G|92|0|1|1|4|0|C|.088|6 |.56|2523|G||||||||||||||
140186|0|R-VA   SR00005EB||||R-VA   SR00005EB|VA 5|John Tyler Memorial Hwy|018|Charles City County|018|Charles City County|    SR 155 Charles City CH| 193106|0|0|28.48|    18-632 Tyler's Mill Rd| 193090|0|0|32.29|    01/01/2022|2475|G|93|0|1|2|4|0|C|.094|6 |.56|2421|G||||||||||||||
140187|0|R-VA   SR00005EB||||R-VA   SR00005EB|VA 5|John Tyler Memorial Hwy|018|Charles City County|018|Charles City County|    18-632 Tylers Mill Rd| 193090|0|0|32.29|    |  50267|0|0|41.52|    01/01/2022|3263|G|93|1|2|1|2|0|C|.099|6 |.57|3180|G||||||||||||||
040343|0|R-VA   SR00106NB|R-VA   SR00156NB|||R-VA   SR00156NB|VA 106, VA 156| |018|Charles City County|018|Charles City County|    Prince George County Line|  50713|0|0|12.83|    E SR 5| 193147|0|0|14.14|    01/01/2022|6042|G|86|0|2|2|9|0|F|.087|6 |.51|5892|G||||||||||||||
040741|0|R-VA   SR00106NB||||R-VA   SR00106NB|VA 106|Roxbury Rd|018|Charles City County|018|Charles City County|    SR 5; SR 156 Tyler Memorial Hwy| 193147|0|0|14.14|    18-656 Bradley Rd| 193118|0|0|20.81|    01/01/2022|3455|G|78|1|2|3|14|0|C|.102|6 |.51|3366|G||||||||||||||
140320|0|R-VA   SR00106NB||||R-VA   SR00106NB|VA 106|Roxbury Rd|018|Charles City County|018|Charles City County|    18-656 Bradley Rd| 193118|0|0|20.81|    Physical Jurisdiction Boundary: 018 Charles City County / 063 New Kent County| 193116|0|0|23.94|    01/01/2022|3993|G|75|0|2|4|18|0|C|.086|6 |.51|3905|G||||||||||||||
140320|0|R-VA   SR00106NB||||R-VA   SR00106NB|VA 106|Roxbury Rd|063|New Kent County|018|Charles City County|    | 193116|0|0|23.94|    New Kent County Line|  50784|0|0|24.37|    01/01/2022|3993|G|75|0|2|4|18|0|C|.086|6 |.51|3905|G||||||||||||||
040128|0|R-VA   SR00155NB||||R-VA   SR00155NB|VA 155|Courthouse Rd|018|Charles City County|018|Charles City County|    SR 5 John Tyler Memorial Hwy| 193106|0|0|0|    | 193045|0|0|3.67|    01/01/2022|2013|G|92|1|2|2|3|0|C|.098|6 |.56|1961|G||||||||||||||
040342|0|R-VA   SR00155NB||||R-VA   SR00155NB|VA 155|Courthouse Rd|018|Charles City County|018|Charles City County|    18-612 Ruthville Rd| 193045|0|0|3.67|    18-614 Sturgeon Point Rd| 193053|0|0|5.28|    01/01/2022|2320|G|91|1|1|2|5|0|C|.097|6 |.53|2261|G||||||||||||||
040344|0|R-VA   SR00155NB||||R-VA   SR00155NB|VA 155|Courthouse Rd|018|Charles City County|018|Charles City County|    18-614 Sturgeon Point Rd| 193053|0|0|5.28|    Jurisdiction Boundary: 018 Charles City County / 063 New Kent County|  50785|0|0|6.42|    01/01/2022|4071|G|92|1|2|1|3|0|C|.096|6 |.59|3968|G||||||||||||||
040343|0|R-VA   SR00156NB|R-VA   SR00106NB|||R-VA   SR00156NB|VA 106, VA 156| |018|Charles City County|018|Charles City County|    Prince George County Line|  50713|0|0|24.58|    E SR 5| 193147|0|0|25.89|    01/01/2022|6042|G|86|0|2|2|9|0|F|.087|6 |.51|5892|G||||||||||||||
140183|0|R-VA   SR00156NB|R-VA   SR00005EB|||R-VA   SR00005EB|VA 5, VA 156|John Tyler Memorial Hwy|018|Charles City County|018|Charles City County|    Henrico County Line| 193147|0|0|27.61|    | 193147|0|0|31.95|    01/01/2022|2095|G|88|1|2|3|6|0|C|.111|6 |.53|2041|G||||||||||||||
710881|0|R-VA018SC00600EB||||R-VA018SC00600EB|18-600|Charles City Rd|018|Charles City County|018|Charles City County|    Henrico County Line| 193001|0|0|0|    18-603 Old Union Rd| 193002|0|0|.4|    01/01/2022|2334|G|95|0|1|1|2|0|C|.095|6 |.57|2273|G||||||||||||||
710882|0|R-VA018SC00600EB||||R-VA018SC00600EB|18-600|Charles City Rd|018|Charles City County|018|Charles City County|    18-603 Old Union Rd| 193002|0|0|.4|    18-622 CC Rd| 193003|0|0|2.68|    01/01/2022|694|G|94|0|1|1|2|0|C|.115|6 |.61|675|G||||||||||||||
710883|0|R-VA018SC00600EB||||R-VA018SC00600EB|18-600|Charles City Rd|018|Charles City County|018|Charles City County|    18-622 CC Rd| 193003|0|0|2.68|    SR 106 Roxbury Rd| 193004|0|0|3.64|    01/01/2022|697|G|95|0|1|1|2|0|C|.119|6 |.55|679|G||||||||||||||
710884|0|R-VA018SC00601NB||||R-VA018SC00601NB|18-601|Liberty Church Rd|018|Charles City County|018|Charles City County|    Dead End| 193006|0|0|0|    18-615 Glebe Lane| 193005|0|0|.4|    04/07/2020|38|T|||||||X||24|||X||||||||||||||
406383|0|R-VA018SC00602NB||||R-VA018SC00602NB|18-602|S Lott Cary Rd|018|Charles City County|018|Charles City County|    SR 155 Courthouse Rd| 193010|0|0|0|    18-618 Adkins Rd| 193009|0|0|2.68|    01/01/2022|1335|G|95|0|1|2|1|0|C|.107|6 |.52|1302|G||||||||||||||
406385|0|R-VA018SC00602NB||||R-VA018SC00602NB|18-602|Lott Cary Rd|018|Charles City County|018|Charles City County|    18-618 Adkins Rd| 193009|0|0|2.68|    18-630 Samaria Lane| 193008|0|0|4.86|    01/01/2022|1764|G|95|0|1|1|1|0|C|.109|6 |.56|1721|G||||||||||||||
406386|0|R-VA018SC00602NB||||R-VA018SC00602NB|18-602|Lott Cary Rd|018|Charles City County|018|Charles City County|    18-630 Samaria Lane| 193008|0|0|4.86|    18-609 Barnetts Rd| 193007|0|0|5.69|    01/01/2022|2334|G|96|0|1|1|1|0|C|.109|6 |.59|2277|G||||||||||||||
710885|0|R-VA018SC00603NB||||R-VA018SC00603NB|18-603|Old Union Rd|018|Charles City County|018|Charles City County|    18-609 Barnetts Rd| 193015|0|0|0|    SR 106 Roxbury Rd| 193150|0|0|1.96|    06/20/2017|571|R|||||||X||24|||X||||||||||||||
710886|0|R-VA018SC00603NB||||R-VA018SC00603NB|18-603|Old Union Rd|018|Charles City County|018|Charles City County|    SR 106 Roxbury Rd| 193011|0|0|1.97|    18-600 Charles City Rd| 193002|0|0|4.11|    06/20/2017|1198|R|||||||X||24|||X||||||||||||||
710887|0|R-VA018SC00604NB||||R-VA018SC00604NB|18-604|Warriner Rd|018|Charles City County|018|Charles City County|    SR 106 Roxbury Rd| 193018|0|0|0|    Henrico County Line| 193016|0|0|2.6|    06/20/2017|346|R|||||||X||24|||X||||||||||||||
710888|0|R-VA018SC00606EB||||R-VA018SC00606EB|18-606|Carters Mill Rd|018|Charles City County|018|Charles City County|    SR 5 John Tyler Mem Hwy| 193019|0|0|0|    Henrico County Line|1105084|0|0|.33|    05/04/2017|31|R|||||||X||24|||X||||||||||||||
406387|0|R-VA018SC00607EB||||R-VA018SC00607EB|18-607|Wayside Rd|018|Charles City County|018|Charles City County|    SR 5 John Tyler Mem Hwy| 193021|0|0|0|    SR 106 Roxbury Rd| 193022|0|0|.87|    01/01/2022|1164|G|97|0|1|1|0|0|C|.102|6 |.59|1133|G||||||||||||||
406388|0|R-VA018SC00607EB||||R-VA018SC00607EB|18-607|Wayside Rd|018|Charles City County|018|Charles City County|    SR 106 Roxbury Rd| 193022|0|0|.87|    18-658 Kimages Rd| 193023|0|0|1.14|    01/01/2022|1912|G|97|0|1|1|0|0|C|.097|6 |.62|1865|G||||||||||||||
406389|0|R-VA018SC00607EB||||R-VA018SC00607EB|18-607|Wayside Rd|018|Charles City County|018|Charles City County|    18-658 Kimages Rd| 193023|0|0|1.14|    18-639 The New Rd| 193024|0|0|1.71|    01/01/2022|1382|G|97|1|1|0|1|0|C|.098|6 |.61|1348|G||||||||||||||
406390|0|R-VA018SC00607EB||||R-VA018SC00607EB|18-607|Wayside Rd|018|Charles City County|018|Charles City County|    18-639 The New Rd| 193024|0|0|1.71|    18-642 Stagg Run Rd| 193026|0|0|2.78|    01/01/2022|936|G|97|1|1|0|0|0|C|.097|6 |.55|914|G||||||||||||||
406391|0|R-VA018SC00607EB||||R-VA018SC00607EB|18-607|Wayside Rd|018|Charles City County|018|Charles City County|    18-642 Stagg Run Rd| 193026|0|0|2.78|    18-609 N, Barnetts Rd| 193027|0|0|3.96|    01/01/2022|811|G|98|0|0|0|0|0|C|.111|6 |.64|790|G||||||||||||||
406392|0|R-VA018SC00607EB||||R-VA018SC00607EB|18-607|Church Lane|018|Charles City County|018|Charles City County|    18-609 S, Barnetts Rd| 193133|0|0|4.65|    18-648 New Quarter Run| 193028|0|0|6.99|    01/01/2022|536|G|95|1|1|0|1|0|C|.102|6 |.61|522|G||||||||||||||
406393|0|R-VA018SC00607EB||||R-VA018SC00607EB|18-607|Church Lane|018|Charles City County|018|Charles City County|    18-648 New Quarter Run| 193028|0|0|6.99|    18-618 Adkins Rd| 193030|0|0|7.84|    01/01/2022|623|G|97|0|0|1|1|0|C|.12|6 |.56|610|G||||||||||||||
710889|0|R-VA018SC00608EB||||R-VA018SC00608EB|18-608|Shirley Plantation|018|Charles City County|018|Charles City County|    Dead End| 193032|0|0|0|    SR 5 John Tyler Mem Hwy| 193031|0|0|1.59|    05/04/2017|229|R|||||||X||24|||X||||||||||||||
406394|0|R-VA018SC00609NB||||R-VA018SC00609NB|18-609|Barnetts Rd|018|Charles City County|018|Charles City County|    SR 5 John Tyler Mem Hwy| 193033|0|0|0|    18-637 Wyatts Lane| 193034|0|0|.46|    01/01/2022|592|G|96|0|1|0|2|0|C|.134|6 |.51|577|G||||||||||||||
406395|0|R-VA018SC00609NB||||R-VA018SC00609NB|18-609|Barnetts Rd|018|Charles City County|018|Charles City County|    18-637 Wyatts Lane| 193034|0|0|.46|    18-625 West Run Rd| 193035|0|0|1.52|    01/01/2022|601|G|97|0|0|0|1|0|C|.123|6 |.51|586|G||||||||||||||
406396|0|R-VA018SC00609NB||||R-VA018SC00609NB|18-609|Barnetts Rd|018|Charles City County|018|Charles City County|    18-625 West Run Rd| 193035|0|0|1.52|    18-607 S, Church Lane| 193133|0|0|2.22|    01/01/2022|720|G|98|0|0|0|1|0|C|.121|6 |.56|702|G||||||||||||||
406397|0|R-VA018SC00609NB||||R-VA018SC00609NB|18-609|Barnetts Rd|018|Charles City County|018|Charles City County|    18-607 S, Church Lane| 193133|0|0|2.22|    18-607 N, Wayside Rd| 193027|0|0|2.91|    01/01/2022|823|G|98|0|1|0|1|0|C|.098|6 |.56|802|G||||||||||||||
710890|0|R-VA018SC00609NB||||R-VA018SC00609NB|18-609|Barnetts Rd|018|Charles City County|018|Charles City County|    18-607 N, Wayside Rd| 193027|0|0|2.91|    18-602 Lott Cary Rd| 193007|0|0|6.42|    05/04/2017|1186|R|||||||X||24|||X||||||||||||||
406398|0|R-VA018SC00609NB||||R-VA018SC00609NB|18-609|Barnetts Rd|018|Charles City County|018|Charles City County|    18-602 Lott Cary Rd| 193007|0|0|6.42|    18-603 Old Union Rd| 193015|0|0|7.56|    01/01/2022|2523|G|96|0|1|1|1|0|C|.104|6 |.64|2461|G||||||||||||||
406399|0|R-VA018SC00609NB||||R-VA018SC00609NB|18-609|Barnetts Rd|018|Charles City County|018|Charles City County|    18-603 Old Union Rd| 193015|0|0|7.56|    18-631 Cool Hill Rd| 193040|0|0|8.45|    01/01/2022|2177|G|95|0|0|2|2|0|C|.103|6 |.6|2123|G||||||||||||||
406401|0|R-VA018SC00609NB||||R-VA018SC00609NB|18-609|Barnetts Rd|018|Charles City County|018|Charles City County|    18-631 Cool Hill Rd| 193040|0|0|8.45|    SR 106 Roxbury Rd| 193116|0|0|10.2|    01/01/2022|2776|G|94|0|1|1|3|0|C|.109|6 |.57|2708|G||||||||||||||
710891|0|R-VA018SC00610EB||||R-VA018SC00610EB|18-610|Green Oak Rd|018|Charles City County|018|Charles City County|    Dead End| 193042|0|0|0|    SR 155 Courthouse Rd| 193041|0|0|1.82|    05/25/2017|376|R|||||||X||24|||X||||||||||||||
710892|0|R-VA018SC00611NB||||R-VA018SC00611NB|18-611|Kizze Rd|018|Charles City County|018|Charles City County|    18-630 Samaria Lane| 193043|0|0|0|    Dead End| 193044|0|0|.25|    04/07/2020|86|T|||||||X||24|||X||||||||||||||
710893|0|R-VA018SC00612NB||||R-VA018SC00612NB|18-612|Ruthville Rd|018|Charles City County|018|Charles City County|    Dead End| 193049|0|0|0|    18-615 Glebe Lane| 193048|0|0|.8|    03/17/2020|150|R|||||||X||24|||X||||||||||||||
710894|0|R-VA018SC00612NB||||R-VA018SC00612NB|18-612|Ruthville Rd|018|Charles City County|018|Charles City County|    18-615 Glebe Lane| 193048|0|0|.8|    18-646 Oakwood Rd| 193046|0|0|1.77|    05/25/2017|203|R|||||||X||24|||X||||||||||||||
710895|0|R-VA018SC00612NB||||R-VA018SC00612NB|18-612|Ruthville Rd|018|Charles City County|018|Charles City County|    18-646 Oakwood Rd| 193046|0|0|1.77|    SR 155 Courthouse Rd| 193045|0|0|2.77|    05/25/2017|239|R|||||||X||24|||X||||||||||||||
710896|0|R-VA018SC00613NB||||R-VA018SC00613NB|18-613|Shady Point Rd|018|Charles City County|018|Charles City County|    Dead End|1275485|0|0|0|    1.30 MN Dead End|1275485|0|1.3|1.3|    03/17/2020|134|R|||||||X||24|||X||||||||||||||
710897|0|R-VA018SC00613NB||||R-VA018SC00613NB|18-613|Shady Point Rd|018|Charles City County|018|Charles City County|    1.30 MN Dead End|1275485|0|1.3|1.3|    18-623 Wilcox Neck Rd| 193051|0|0|3.41|    03/17/2020|272|R|||||||X||24|||X||||||||||||||
710898|0|R-VA018SC00613NB||||R-VA018SC00613NB|18-613|Shady Point Rd|018|Charles City County|018|Charles City County|    18-623 Wilcox Neck Rd| 193051|0|0|3.41|    SR 5 John Tyler Mem Hwy| 193050|0|0|6.91|    05/25/2017|321|R|||||||X||24|||X||||||||||||||
710899|0|R-VA018SC00614NB||||R-VA018SC00614NB|18-614|Sturgeon Point Rd|018|Charles City County|018|Charles City County|    Dead End| 193056|0|0|0|    SR 5 John Tyler Mem Hwy| 193055|0|0|1.33|    03/17/2020|157|R|||||||X||24|||X||||||||||||||
710900|0|R-VA018SC00614NB||||R-VA018SC00614NB|18-614|Sturgeon Point Rd|018|Charles City County|018|Charles City County|    SR 5 John Tyler Mem Hwy| 193055|0|0|1.33|    18-615 Glebe Lane| 193054|0|0|4.93|    01/01/2022|387|G|96|0|1|0|2|0|C|.126|6 |.57|378|G||||||||||||||
406402|0|R-VA018SC00614NB||||R-VA018SC00614NB|18-614|Sturgeon Point Rd|018|Charles City County|018|Charles City County|    18-615 Glebe Lane| 193054|0|0|4.93|    SR 155 Courthouse Rd| 193151|0|0|8.86|    01/01/2022|1381|G|97|0|1|1|1|0|C|.096|6 |.6|1344|G||||||||||||||
710901|0|R-VA018SC00614NB||||R-VA018SC00614NB|18-614|Sturgeon Point Rd|018|Charles City County|018|Charles City County|    SR 155 Courthouse Rd| 193053|0|0|8.87|    Dead End| 193052|0|0|9.05|    08/17/2017|76|R|||||||X||24|||X||||||||||||||
710902|0|R-VA018SC00615EB||||R-VA018SC00615EB|18-615|Glebe Lane|018|Charles City County|018|Charles City County|    SR 5 John Tyler Mem Hwy| 193057|0|0|0|    18-612 Ruthville Rd| 193048|0|0|2.2|    01/01/2022|977|G|97|0|1|0|1|0|C|.098|6 |.53|952|G||||||||||||||
710903|0|R-VA018SC00615EB||||R-VA018SC00615EB|18-615|Glebe Lane|018|Charles City County|018|Charles City County|    18-612 Ruthville Rd| 193048|0|0|2.2|    18-626 Old Elam Cemetery| 193058|0|0|3.1|    01/01/2022|940|G|94|0|1|0|4|0|C|.121|6 |.56|915|G||||||||||||||
710904|0|R-VA018SC00615EB||||R-VA018SC00615EB|18-615|Glebe Lane|018|Charles City County|018|Charles City County|    18-626 Old Elam Cemetery| 193058|0|0|3.1|    18-614 Sturgeon Point Rd| 193054|0|0|4.6|    01/01/2022|577|G|97|0|1|0|1|0|C|.105|6 |.56|562|G||||||||||||||
710905|0|R-VA018SC00615EB||||R-VA018SC00615EB|18-615|Glebe Lane|018|Charles City County|018|Charles City County|    18-614 Sturgeon Point Rd| 193054|0|0|4.6|    18-623 Wilcox Neck Rd| 193060|0|0|9.97|    01/01/2022|923|G|94|1|1|1|2|0|C|.105|6 |.52|899|G||||||||||||||
710906|0|R-VA018SC00616NB||||R-VA018SC00616NB|18-616|Adams Bridge Rd|018|Charles City County|018|Charles City County|    SR 5 John Tyler Mem Hwy| 193061|0|0|0|    Dead End| 193062|0|0|.3|    04/07/2020|10|T|||||||X||24|||X||||||||||||||
710907|0|R-VA018SC00617NB||||R-VA018SC00617NB|18-617|Monguy Rd|018|Charles City County|018|Charles City County|    SR 106 Roxbury Rd| 193063|0|0|0|    Dead End| 193064|0|0|2.1|    06/20/2017|219|R|||||||X||24|||X||||||||||||||
710908|0|R-VA018SC00618NB||||R-VA018SC00618NB|18-618|Wilcox Wharf Rd|018|Charles City County|018|Charles City County|    Dead End| 193072|0|0|0|    SR 5 E, John Tyler Mem Hwy| 193135|0|0|1.18|    05/04/2017|189|R|||||||X||24|||X||||||||||||||
710909|0|R-VA018SC00618NB||||R-VA018SC00618NB|18-618|Adkins Rd|018|Charles City County|018|Charles City County|    SR 5 W, John Tyler Mem Hwy| 193071|0|0|1.22|    18-607 Church Lane| 193030|0|0|4.62|    03/17/2020|81|R|||||||X||24|||X||||||||||||||
406403|0|R-VA018SC00618NB||||R-VA018SC00618NB|18-618|Adkins Rd|018|Charles City County|018|Charles City County|    18-607 Church Lane| 193030|0|0|4.62|    18-620 Lewis Tyler Lane| 730044|0|0|5.11|    01/01/2022|1505|G|96|0|1|2|1|0|C|.104|6 |.59|1465|G||||||||||||||
406404|0|R-VA018SC00618NB||||R-VA018SC00618NB|18-618|Adkins Rd|018|Charles City County|018|Charles City County|    18-620 Lewis Tyler Lane| 730044|0|0|5.11|    18-654 Deerfield Rd| 193067|0|0|6.52|    01/01/2022|1586|G|98|0|0|1|1|0|C|.11|6 |.59|1565|G||||||||||||||
406405|0|R-VA018SC00618NB||||R-VA018SC00618NB|18-618|Adkins Rd|018|Charles City County|018|Charles City County|    18-654 Deerfield Rd| 193067|0|0|6.52|    18-631 Cool Hill Rd| 193066|0|0|7.26|    01/01/2022|1268|G|98|0|1|1|1|0|C|.108|6 |.6|1236|G||||||||||||||
406406|0|R-VA018SC00618NB||||R-VA018SC00618NB|18-618|Adkins Rd|018|Charles City County|018|Charles City County|    18-631 Cool Hill Rd| 193066|0|0|7.26|    18-629 Alpine Rd| 193065|0|0|8.21|    01/01/2022|1373|G|97|0|1|1|1|0|C|.104|6 |.6|1338|G||||||||||||||
710910|0|R-VA018SC00619NB||||R-VA018SC00619NB|18-619|Weyanoke Rd|018|Charles City County|018|Charles City County|    Dead End| 193075|0|0|0|    18-638 Mapisco Rd| 193074|0|0|2.56|    05/25/2017|191|R|||||||X||24|||X||||||||||||||
710911|0|R-VA018SC00619NB||||R-VA018SC00619NB|18-619|Weyanoke Rd|018|Charles City County|018|Charles City County|    18-638 Mapisco Rd| 193074|0|0|2.56|    SR 5 John Tyler Mem Hwy| 193073|0|0|3.47|    05/25/2017|653|R|||||||X||24|||X||||||||||||||
710912|0|R-VA018SC00620EB||||R-VA018SC00620EB|18-620|Lewis Tyler Lane|018|Charles City County|018|Charles City County|    18-609 Barnetts Rd| 193037|0|0|0|    18-618 Adkins Rd| 730044|0|0|2.51|    06/20/2017|489|R|||||||X||24|||X||||||||||||||
710913|0|R-VA018SC00621NB||||R-VA018SC00621NB|18-621|Eagles Nest Rd|018|Charles City County|018|Charles City County|    Dead End| 193078|0|0|0|    0.50 MW Dead End| 193078|0|.5|.5|    04/07/2020|57|T|||||||X||24|||X||||||||||||||
710914|0|R-VA018SC00621NB||||R-VA018SC00621NB|18-621|Eagles Nest Rd|018|Charles City County|018|Charles City County|    0.50 MW Dead End| 193078|0|.5|.5|    18-623 Wilcox Neck Rd| 193077|0|0|2.5|    06/10/2014|65|R|||||||X||24|||X||||||||||||||
710915|0|R-VA018SC00622NB||||R-VA018SC00622NB|18-622|CC Rd|018|Charles City County|018|Charles City County|    SR 106 Roxbury Rd| 193079|0|0|0|    18-600 Charles City Rd| 193003|0|0|.98|    06/20/2017|123|R|||||||X||24|||X||||||||||||||
710916|0|R-VA018SC00623NB||||R-VA018SC00623NB|18-623|Wilcox Neck Rd|018|Charles City County|018|Charles City County|    18-613 Shady Point Rd| 193051|0|0|0|    SR 5 John Tyler Mem Hwy| 193080|0|0|2.67|    05/25/2017|306|R|||||||X||24|||X||||||||||||||
710917|0|R-VA018SC00623NB||||R-VA018SC00623NB|18-623|Wilcox Neck Rd|018|Charles City County|018|Charles City County|    SR 5 John Tyler Mem Hwy| 193080|0|0|2.67|    18-621 Eagles Nest Rd| 193077|0|0|6.84|    06/14/2011|747|R|||||||X||24|||X||||||||||||||
710918|0|R-VA018SC00623NB||||R-VA018SC00623NB|18-623|Wilcox Neck Rd|018|Charles City County|018|Charles City County|    18-621 Eagles Nest Rd| 193077|0|0|6.84|    18-615 Glebe Lane| 193060|0|0|8.03|    06/14/2011|485|R|||||||X||24|||X||||||||||||||
710919|0|R-VA018SC00623NB||||R-VA018SC00623NB|18-623|Wilcox Neck Rd|018|Charles City County|018|Charles City County|    18-615 Glebe Lane| 193060|0|0|8.03|    1.00 MN 18-615 Glebe Lane| 193060|0|1|9.03|    03/17/2020|84|R|||||||X||24|||X||||||||||||||
710920|0|R-VA018SC00623NB||||R-VA018SC00623NB|18-623|Wilcox Neck Rd|018|Charles City County|018|Charles City County|    1.00 MN 18-615 Glebe Lane| 193060|0|1|9.03|    Dead End| 193082|0|0|10.03|    03/17/2020|192|R|||||||X||24|||X||||||||||||||
710921|0|R-VA018SC00624EB||||R-VA018SC00624EB|18-624|Horseshoe Rd|018|Charles City County|018|Charles City County|    18-615 W, Glebe Lane| 193059|0|0|0|    18-615 E, Glebe Lane| 193148|0|0|3.1|    05/25/2017|82|R|||||||X||24|||X||||||||||||||
710922|0|R-VA018SC00625EB||||R-VA018SC00625EB|18-625|West Run Rd|018|Charles City County|018|Charles City County|    18-658 Kimages Rd| 193083|0|0|0|    18-609 Barnetts Rd| 193035|0|0|2.35|    05/04/2017|266|R|||||||X||24|||X||||||||||||||
710923|0|R-VA018SC00626NB||||R-VA018SC00626NB|18-626|Old Elam Cemetery|018|Charles City County|018|Charles City County|    Dead End| 193084|0|0|0|    0.50 MN Dead End| 193084|0|.5|.5|    08/17/2017|276|R|||||||X||24|||X||||||||||||||
710924|0|R-VA018SC00626NB||||R-VA018SC00626NB|18-626|Old Elam Cemetery|018|Charles City County|018|Charles City County|    0.50 MN Dead End| 193084|0|.5|.5|    18-615 Glebe Lane| 193058|0|0|1.5|    03/17/2020|261|R|||||||X||24|||X||||||||||||||
710925|0|R-VA018SC00627EB||||R-VA018SC00627EB|18-627|Old Neck Rd|018|Charles City County|018|Charles City County|    18-623 Wilcox Neck Rd| 193081|0|0|0|    Dead End| 193085|0|0|1.8|    05/25/2017|175|R|||||||X||24|||X||||||||||||||
710926|0|R-VA018SC00628NB||||R-VA018SC00628NB|18-628|Courthouse Green|018|Charles City County|018|Charles City County|    Dead End| 193087|0|0|0|    18-644 Courthouse Rd| 193086|0|0|.04|    05/25/2017|26|R|||||||X||24|||X||||||||||||||
710927|0|R-VA018SC00629EB||||R-VA018SC00629EB|18-629|Alpine Rd|018|Charles City County|018|Charles City County|    0.26 MW 18-618| 193136|0|0|0|    Dead End| 193088|0|0|.46|    04/07/2020|57|T|||||||X||24|||X||||||||||||||
710928|0|R-VA018SC00630NB||||R-VA018SC00630NB|18-630|Samaria Rd|018|Charles City County|018|Charles City County|    18-602 Lott Cary Rd| 193008|0|0|0|    18-611 Kizze Rd| 193043|0|0|.52|    06/20/2017|669|R|||||||X||24|||X||||||||||||||
710929|0|R-VA018SC00630NB||||R-VA018SC00630NB|18-630|Samaria Rd|018|Charles City County|018|Charles City County|    18-611 Kizze Rd| 193043|0|0|.52|    18-631 Cool Hill Rd| 193089|0|0|1.59|    06/20/2017|466|R|||||||X||24|||X||||||||||||||
710930|0|R-VA018SC00631NB||||R-VA018SC00631NB|18-631|Cool Hill Rd|018|Charles City County|018|Charles City County|    18-618 Adkins Rd| 193066|0|0|0|    18-630 Samaria Lane| 193089|0|0|.6|    06/20/2017|782|R|||||||X||24|||X||||||||||||||
710931|0|R-VA018SC00631NB||||R-VA018SC00631NB|18-631|Cool Hill Rd|018|Charles City County|018|Charles City County|    18-630 Samaria Lane| 193089|0|0|.6|    18-609 Barnetts Rd| 193040|0|0|3.8|    06/20/2017|427|R|||||||X||24|||X||||||||||||||
710932|0|R-VA018SC00632NB||||R-VA018SC00632NB|18-632|Tylers Mill Rd|018|Charles City County|018|Charles City County|    Dead End| 193091|0|0|0|    SR 5 John Tyler Mem Hwy| 193090|0|0|1|    03/17/2020|62|R|||||||X||24|||X||||||||||||||
710933|0|R-VA018SC00633NB||||R-VA018SC00633NB|18-633|Sterling Heights Lane|018|Charles City County|018|Charles City County|    Dead End| 193093|0|0|0|    18-640 Herring Creek Rd| 193092|0|0|.25|    05/04/2017|275|R|||||||X||24|||X||||||||||||||
710934|0|R-VA018SC00634EB||||R-VA018SC00634EB|18-634|Sterling Heights Lane|018|Charles City County|018|Charles City County|    Dead End| 193095|0|0|0|    SR 155 Courthouse Rd| 193094|0|0|.16|    08/17/2017|152|R|||||||X||24|||X||||||||||||||
710935|0|R-VA018SC00635NB||||R-VA018SC00635NB|18-635|Holy Tree Lane|018|Charles City County|018|Charles City County|    18-620 Lewis Tyler Lane| 193076|0|0|0|    Dead End| 193137|0|0|.5|    08/17/2017|305|R|||||||X||24|||X||||||||||||||
710936|0|R-VA018SC00636NB||||R-VA018SC00636NB|18-636|Shady Lane|018|Charles City County|018|Charles City County|    SR 5 John Tyler Mem Hwy| 193096|0|0|0|    Dead End| 193097|0|0|.65|    05/04/2017|191|R|||||||X||24|||X||||||||||||||
710937|0|R-VA018SC00637EB||||R-VA018SC00637EB|18-637|Wyatts Lane|018|Charles City County|018|Charles City County|    18-609 Barnetts Rd| 193034|0|0|0|    Dead End| 193098|0|0|.5|    08/17/2017|86|R|||||||X||24|||X||||||||||||||
710938|0|R-VA018SC00638NB||||R-VA018SC00638NB|18-638|Mapisco Rd|018|Charles City County|018|Charles City County|    18-619 Weyanoke Rd| 193074|0|0|0|    Dead End| 193099|0|0|.66|    05/25/2017|249|R|||||||X||24|||X||||||||||||||
710939|0|R-VA018SC00639NB||||R-VA018SC00639NB|18-639|The New Rd|018|Charles City County|018|Charles City County|    Dead End| 193100|0|0|0|    18-607 Wayside Rd| 193024|0|0|1|    05/04/2017|325|R|||||||X||24|||X||||||||||||||
710940|0|R-VA018SC00640EB||||R-VA018SC00640EB|18-640|Herring Creek Rd|018|Charles City County|018|Charles City County|    SR 5 W, John Tyler Mem Hwy| 193101|0|0|0|    18-633 Sterling Heights Lane| 193092|0|0|.06|    05/04/2017|191|R|||||||X||24|||X||||||||||||||
710941|0|R-VA018SC00640EB||||R-VA018SC00640EB|18-640|Herring Creek Rd|018|Charles City County|018|Charles City County|    18-633 Sterling Heights Lane| 193092|0|0|.06|    SR 5 E, John Tyler Mem Hwy| 193102|0|0|.16|    05/04/2017|150|R|||||||X||24|||X||||||||||||||
710942|0|R-VA018SC00641NB||||R-VA018SC00641NB|18-641|Little Elam Rd|018|Charles City County|018|Charles City County|    Dead End| 193149|0|0|0|    18-607 Church Lane| 193029|0|0|1.5|    06/20/2017|471|R|||||||X||24|||X||||||||||||||
710943|0|R-VA018SC00642NB||||R-VA018SC00642NB|18-642|Stagg Run Rd|018|Charles City County|018|Charles City County|    Dead End| 193103|0|0|0|    18-607 Wayside Rd| 193026|0|0|.73|    05/04/2017|122|R|||||||X||24|||X||||||||||||||
710944|0|R-VA018SC00643NB||||R-VA018SC00643NB|18-643|The Crossover|018|Charles City County|018|Charles City County|    18-644 Courthouse Rd| 193105|0|0|0|    SR 5 John Tyler Mem Hwy| 193104|0|0|.02|    05/25/2017|174|R|||||||X||24|||X||||||||||||||
710945|0|R-VA018SC00644EB||||R-VA018SC00644EB|18-644|Courthouse Rd|018|Charles City County|018|Charles City County|    SR 5 W, John Tyler Mem Hwy| 193146|0|0|0|    18-628 Courthouse Green| 193086|0|0|.31|    05/25/2017|806|R|||||||X||24|||X||||||||||||||
710946|0|R-VA018SC00644EB||||R-VA018SC00644EB|18-644|Courthouse Rd|018|Charles City County|018|Charles City County|    18-628 Courthouse Green| 193086|0|0|.31|    SR 5 E, John Tyler Mem Hwy| 193106|0|0|.45|    05/25/2017|338|R|||||||X||24|||X||||||||||||||
710947|0|R-VA018SC00645NB||||R-VA018SC00645NB|18-645|Chickahominy Bluff Rd|018|Charles City County|018|Charles City County|    Dead End| 193108|0|0|0|    SR 5 John Tyler Mem Hwy| 193107|0|0|.17|    06/10/2014|67|T|||||||X||24|||X||||||||||||||
710948|0|R-VA018SC00646EB||||R-VA018SC00646EB|18-646|Oakwood Rd|018|Charles City County|018|Charles City County|    18-612 Ruthville Rd| 193046|0|0|0|    Dead End| 193109|0|0|.2|    04/07/2020|38|T|||||||X||24|||X||||||||||||||
710949|0|R-VA018SC00647EB||||R-VA018SC00647EB|18-647|Indian Rd|018|Charles City County|018|Charles City County|    18-618 Adkins Rd| 193069|0|0|0|    Dead End| 193110|0|0|.43|    04/07/2020|86|T|||||||X||24|||X||||||||||||||
710950|0|R-VA018SC00648NB||||R-VA018SC00648NB|18-648|New Quarter Run|018|Charles City County|018|Charles City County|    Dead End| 193111|0|0|0|    18-607 Church Lane| 193028|0|0|.3|    04/07/2020|19|T|||||||X||24|||X||||||||||||||
710951|0|R-VA018SC00649EB||||R-VA018SC00649EB|18-649|Woodbourne Rd|018|Charles City County|018|Charles City County|    18-618 Adkins Rd| 193070|0|0|0|    Dead End| 193138|0|0|.51|    06/10/2014|60|R|||||||X||24|||X||||||||||||||
710952|0|R-VA018SC00650EB||||R-VA018SC00650EB|18-650|Cattail Rd|018|Charles City County|018|Charles City County|    SR 106 Roxbury Rd| 193112|0|0|0|    18-609 Barnetts Rd| 193038|0|0|3.2|    06/20/2017|401|R|||||||X||24|||X||||||||||||||
710953|0|R-VA018SC00651EB||||R-VA018SC00651EB|18-651|Legion Rd|018|Charles City County|018|Charles City County|    SR 155 Courthouse Rd| 193114|0|0|0|    Dead End| 193115|0|0|.2|    04/07/2020|19|T|||||||X||24|||X||||||||||||||
710954|0|R-VA018SC00652EB||||R-VA018SC00652EB|18-652|Wian Lane|018|Charles City County|018|Charles City County|    Dead End| 193117|0|0|0|    SR 106 Roxbury Rd| 193116|0|0|.31|    08/17/2017|19|R|||||||X||24|||X||||||||||||||
710955|0|R-VA018SC00653NB||||R-VA018SC00653NB|18-653|Mt Pleasants|018|Charles City County|018|Charles City County|    18-609 Barnetts Rd| 193039|0|0|0|    18-603 Old Union Rd| 193014|0|0|.12|    06/20/2017|453|R|||||||X||24|||X||||||||||||||
710956|0|R-VA018SC00654EB||||R-VA018SC00654EB|18-654|Deerfield Rd|018|Charles City County|018|Charles City County|    18-618 Adkins Rd| 193067|0|0|0|    0.40 ME 18-618 Adkins Rd| 193067|0|.4|.4|    06/20/2017|61|R|||||||X||24|||X||||||||||||||
710957|0|R-VA018SC00654EB||||R-VA018SC00654EB|18-654|Deerfield Rd|018|Charles City County|018|Charles City County|    0.40 ME 18-618 Adkins Rd| 193067|0|.4|.4|    Dead End| 193139|0|0|1|    06/20/2017|37|R|||||||X||24|||X||||||||||||||
710958|0|R-VA018SC00655NB||||R-VA018SC00655NB|18-655|Salem Run Rd|018|Charles City County|018|Charles City County|    18-650 Cattail Rd| 193113|0|0|0|    Dead End| 193140|0|0|.35|    04/07/2020|86|T|||||||X||24|||X||||||||||||||
710959|0|R-VA018SC00656EB||||R-VA018SC00656EB|18-656|Bradley Rd|018|Charles City County|018|Charles City County|    SR 106 Roxbury Rd| 193118|0|0|0|    18-603 Old Union Rd| 193012|0|0|.1|    06/20/2017|117|R|||||||X||24|||X||||||||||||||
710960|0|R-VA018SC00658NB||||R-VA018SC00658NB|18-658|Kimages Rd|018|Charles City County|018|Charles City County|    SR 5 John Tyler Mem Hwy| 193119|0|0|0|    18-607 Wayside Rd| 193023|0|0|3.1|    05/04/2017|286|R|||||||X||24|||X||||||||||||||
710961|0|R-VA018SC00659NB||||R-VA018SC00659NB|18-659|Old Ferry Rd|018|Charles City County|018|Charles City County|    Dead End| 193121|0|0|0|    SR 5 John Tyler Mem Hwy| 193120|0|0|1.01|    05/04/2017|102|R|||||||X||24|||X||||||||||||||
710962|0|R-VA018SC00660EB||||R-VA018SC00660EB|18-660|Munford Dr|018|Charles City County|018|Charles City County|    Dead End| 193123|0|0|0|    SR 155 Courthouse Rd| 193122|0|0|.32|    08/17/2017|38|R|||||||X||24|||X||||||||||||||
710963|0|R-VA018SC00661NB||||R-VA018SC00661NB|18-661|The Loop Rd|018|Charles City County|018|Charles City County|    18-604 N, Warriner Rd| 193141|0|0|0|    18-604 S, Warriner Rd| 193017|0|0|.46|    06/20/2017|166|R|||||||X||24|||X||||||||||||||
710964|0|R-VA018SC00662EB||||R-VA018SC00662EB|18-662|Community Center Rd|018|Charles City County|018|Charles City County|    18-612 Ruthville Rd| 193047|0|0|0|    Dead End| 193142|0|0|.05|    08/17/2017|152|R|||||||X||24|||X||||||||||||||
710965|0|R-VA018SC00663NB||||R-VA018SC00663NB|18-663|Harrison Park Rd|018|Charles City County|018|Charles City County|    Dead End| 193143|0|0|0|    18-607 Wayside Rd| 193025|0|0|.11|    05/04/2017|50|R|||||||X||24|||X||||||||||||||
710966|0|R-VA018SC00664NB||||R-VA018SC00664NB|18-664|Roxbury Industrial Court|018|Charles City County|018|Charles City County|    SR 106 S, Roxbury Rd| 703664|0|0|0|    SR 106 N, Roxbury Rd| 703665|0|0|.45|    03/17/2020|425|R|||||||X||24|||X||||||||||||||
710967|0|R-VA018SC00665NB||||R-VA018SC00665NB|18-665|Harrison Lake Rd|018|Charles City County|018|Charles City County|    SR 5 John Tyler Mem Hwy| 193124|0|0|0|    Dead End| 193125|0|0|.18|    04/07/2020|152|T|||||||X||24|||X||||||||||||||
710968|0|R-VA018SC00666NB||||R-VA018SC00666NB|18-666|Harrison Lake Rd|018|Charles City County|018|Charles City County|    Dead End| 193144|0|0|0|    18-603 Old Union Rd| 193013|0|0|.54|    03/17/2020|61|R|||||||X||24|||X||||||||||||||
710969|0|R-VA018SC00667EB||||R-VA018SC00667EB|18-667|Roxbury Industrial Court|018|Charles City County|018|Charles City County|    18-664 Roxbury Industrial Court| 711057|0|0|0|    Dead End| 711058|0|0|.22|    06/10/2014|602|T|||||||X||24|||X||||||||||||||
785752|0|R-VA018SC00669EB||||R-VA018SC00669EB|18-669| |018|Charles City County|018|Charles City County|    Cul-de-Sac| 729946|0|0|0|    18-631 Cool Hill Rd| 729945|0|0|.12|    08/17/2017|95|R|||||||X||24|||X||||||||||||||
710970|0|R-VA018SC00670EB||||R-VA018SC00670EB|18-670|Salem Heights Dr|018|Charles City County|018|Charles City County|    Dead End| 193145|0|0|0|    18-609 Barnetts Rd| 193036|0|0|.19|    04/07/2020|162|T|||||||X||24|||X||||||||||||||
710971|0|R-VA018SC00675NB||||R-VA018SC00675NB|18-675|Collins Run Pkwy|018|Charles City County|018|Charles City County|    Cul-de-Sac| 719364|0|0|0|    18-610 Green Oak Rd| 719363|0|0|.21|    08/17/2017|76|R|||||||X||24|||X||||||||||||||
710972|0|R-VA018SC00680EB||||R-VA018SC00680EB|18-680|Old Holley Rd|018|Charles City County|018|Charles City County|    Cul-de-Sac| 718138|0|0|0|    18-603 Old Union Rd| 718139|0|0|.42|    08/17/2017|86|R|||||||X||24|||X||||||||||||||
792301|0|R-VA018SC00685EB||||R-VA018SC00685EB|18-685|Chambers Rd|018|Charles City County|018|Charles City County|    SR 106 Roxbury Rd| 703663|0|0|0|    18-609 Barnetts Rd| 742117|0|0|1.66|    04/23/2020|1302|R|||||||X||24|||X||||||||||||||
785753|0|R-VA018SC00690EB||||R-VA018SC00690EB|18-690| |018|Charles City County|018|Charles City County|    Cul-de-Sac| 729684|0|0|0|    SR 156| 729682|0|0|.19|    08/17/2017|67|R|||||||X||24|||X||||||||||||||
785754|0|R-VA018SC00691EB||||R-VA018SC00691EB|18-691| |018|Charles City County|018|Charles City County|    SR 156| 729681|0|0|0|    Cul-de-Sac| 729683|0|0|.13|    08/17/2017|38|R|||||||X||24|||X||||||||||||||
794241|0|R-VA018SC00697EB||||R-VA018SC00697EB|18-697|Countrywoods Dr|018|Charles City County|018|Charles City County|    Dead End| 747755|0|0|0|    SR 106 Roxbury Rd| 714885|0|0|.26|    08/17/2017|105|R|||||||X||24|||X||||||||||||||
710973|0|R-VA018SC00803NB||||R-VA018SC00803NB|18-803|Perks Lane|018|Charles City County|018|Charles City County|    Dead End| 704992|0|0|0|    18-603 Old Union Rd| 704991|0|0|.5|    04/07/2020|352|T|||||||X||24|||X||||||||||||||
710974|0|R-VA018SC09088EB||||R-VA018SC09088EB|18-9088| |018|Charles City County|018|Charles City County|    18-644 Courthouse Rd| 193126|0|0|0|    0.05 ME 18-644 Courthouse Rd| 193126|0|.05|.05|    06/10/2014|189|R|||||||X||24|||X||||||||||||||
710975|0|R-VA018SC09088EB||||R-VA018SC09088EB|18-9088| |018|Charles City County|018|Charles City County|    0.05 ME 18-644| 193126|0|.05|.05|    18-643; 18-644| 193105|0|0|.11|    06/10/2014|92|R|||||||X||24|||X||||||||||||||
710976|0|R-VA018SC09089EB||||R-VA018SC09089EB|18-9089| |018|Charles City County|018|Charles City County|    18-615 Glebe Lane| 193127|0|0|0|    Charles City High School| 193128|0|0|.06|    09/09/2014|136|R|||||||X||24|||X||||||||||||||
710977|0|R-VA018SC09476NB||||R-VA018SC09476NB|18-9476|Charles City Elem Sch|018|Charles City County|018|Charles City County|    18-602 Lott Cary Rd| 193130|0|0|0|    0.02 MS 18-602 Lott Cary Rd| 193130|0|.02|.02|    02/06/2008|440|R|||||||X||24|||X||||||||||||||
710978|0|R-VA018SC09476NB||||R-VA018SC09476NB|18-9476| |018|Charles City County|018|Charles City County|    0.02 MS 18-602| 193130|0|.02|.02|    Charles City Primary School| 193129|0|0|.09|    01/01/1992|207|R|||||||X||24|||X||||||||||||||
710979|0|R-VA018SC09671NB||||R-VA018SC09671NB|18-9671| |018|Charles City County|018|Charles City County|    18-609 Barnetts Rd| 193131|0|0|0|    Charles City Elem School| 193132|0|0|.1|    09/09/2014|20|R|||||||X||24|||X||||||||||||||
