sep=|
- - 2022 AADT Report for Town of Nickelsville - -
LINKID|SEQUENCENUMBER|RTE_NM|RTE_NM_2|RTE_NM_3|RTE_NM_4|Host RTE_NM|Route Label|Street Name|Physical Jurisdiction|Physical Jurisdiciton Name|Maintenance Jurisdiction|Maintenance Jurisdiciton Name|    Start Label|Start Node|Start Node Route Sequence|Star tOffset|Start Milepoint|    End Label|End Node|End Node Route Sequence|End Offset|End Milepoint|    VPDDate|AADT|AADT Quality|Passenger Vehicle|Bus|Truck 2 Axle|Truck 3 Axle|Truck 1 Trailer|Truck 2 Trailer|Class Quality|K Factor|K Factor Quality|Direction Factor|AAWDT|AAWDT Quality|AADT Dir|AADT Quality Dir|PassengerVehicle Dir|Bus Dir|Truck 2 Axle Dir|Truck 3 Axle Dir|Truck 1 Trailer Dir|Truck 2 Trailer Dir|Class Quality Dir|K Factor Dir|K Factor Quality Dir|Direction Factor Dir|AAWDT Dir|AAWDT Quality Dir
010100|0|R-VA   SR00071EB||||R-VA   SR00071EB|VA 71|Nicklesville Hwy|271|Town of Nickelsville|084|Scott County|    | 596967|0|0|12.74|    84-682 W, Bethel Rd| 596828|0|0|13.25|    01/01/2022|2776|G|96|0|1|1|2|0|C|.097|6 |.65|2753|G||||||||||||||
010098|0|R-VA   SR00071EB||||R-VA   SR00071EB|VA 71|Nicklesville Hwy|271|Town of Nickelsville|084|Scott County|    84-682 W, Bethel Rd| 596828|0|0|13.25|    Physical Jurisdiction Boundary: 271 Town of Nickelsville / 084 Scott County| 596966|0|0|13.56|    01/01/2022|3046|G|96|0|1|1|2|0|C|.109|6 |.59|3021|G||||||||||||||
402478|0|R-VA084SC00680EB||||R-VA084SC00680EB|84-680|Twin Springs Rd|271|Town of Nickelsville|084|Scott County|    WCL Nickelsville| 596293|0|0|13.18|    SR 71| 596967|0|0|13.26|    01/01/2022|1037|G|96|1|2|0|0|0|F|.134|6 |.59|1028|G||||||||||||||
769867|0|R-VA084SC00682NB||||R-VA084SC00682NB|84-682|Dean Hollow Rd|271|Town of Nickelsville|084|Scott County|    SCL Nickelsville| 596302|0|0|3.91|    SR 71 E, Nicklesville Rd| 596303|0|0|4.26|    03/28/2022|136|R|||||||X||24|||X||||||||||||||
769868|0|R-VA084SC00682NB||||R-VA084SC00682NB|84-682|Bethel Rd|271|Town of Nickelsville|084|Scott County|    SR 71 W, Nicklesville Rd| 596828|0|0|4.34|    Physical Jurisdiction Boundary: 271 Town of Nickelsville / 084 Scott County| 596306|0|0|4.76|    03/28/2022|773|R|||||||X||24|||X||||||||||||||
769975|0|R-VA084SC00734NB||||R-VA084SC00734NB|84-734|Meade Ave|271|Town of Nickelsville|084|Scott County|    Dead End| 596405|0|0|0|    SR 71| 596404|0|0|.12|    02/01/2022|66|T|||||||X||24|||X||||||||||||||
770313|0|R-VA084SC01201NB||||R-VA084SC01201NB|84-1201|Castle St|271|Town of Nickelsville|084|Scott County|    84-1202 Second St| 596709|0|0|0|    SR 71| 596708|0|0|.06|    03/30/2022|37|R|||||||X||24|||X||||||||||||||
770314|0|R-VA084SC01202NB||||R-VA084SC01202NB|84-1202|Castle St|271|Town of Nickelsville|084|Scott County|    84-1203 Henderson St| 596710|0|0|0|    84-1201 Castle St| 596709|0|0|.02|    03/30/2022|26|R|||||||X||24|||X||||||||||||||
770315|0|R-VA084SC01203NB||||R-VA084SC01203NB|84-1203|Castle St|271|Town of Nickelsville|084|Scott County|    Dead End| 596917|0|0|0|    84-1202 Second St| 596710|0|0|.03|    02/24/2022|28|T|||||||X||24|||X||||||||||||||
770316|0|R-VA084SC01204NB||||R-VA084SC01204NB|84-1204|Kilgore St|271|Town of Nickelsville|084|Scott County|    SR 71 Nicklesville Rd| 596711|0|0|0|    Dead End| 743747|0|0|.19|    02/24/2022|217|T|||||||X||24|||X||||||||||||||
770317|0|R-VA084SC01205NB||||R-VA084SC01205NB|84-1205|Taylor St|271|Town of Nickelsville|084|Scott County|    SR 71| 596713|0|0|0|    Dead End| 596918|0|0|.39|    02/24/2022|294|T|||||||X||24|||X||||||||||||||
770318|0|R-VA084SC01206EB||||R-VA084SC01206EB|84-1206|Robinette St|271|Town of Nickelsville|084|Scott County|    84-1205 Taylor St| 596715|0|0|0|    Dead End| 596716|0|0|.12|    02/24/2022|42|T|||||||X||24|||X||||||||||||||
770319|0|R-VA084SC01207NB||||R-VA084SC01207NB|84-1207|Quillen Terrace Circle|271|Town of Nickelsville|084|Scott County|    SR 71 WEST| 596973|0|0|0|    84-1208 W, Timothy St| 704644|0|0|.1|    03/30/2022|130|R|||||||X||24|||X||||||||||||||
770320|0|R-VA084SC01207NB||||R-VA084SC01207NB|84-1207|Quillen Terrace Circle|271|Town of Nickelsville|084|Scott County|    84-1208 W, Timothy St| 704644|0|0|.1|    84-1211 Gary St| 706816|0|0|.3|    03/30/2022|46|R|||||||X||24|||X||||||||||||||
770321|0|R-VA084SC01207NB||||R-VA084SC01207NB|84-1207|Quillen Terraace Circle|271|Town of Nickelsville|084|Scott County|    84-1211 Gary St| 706816|0|0|.3|    84-1208 MID| 596919|0|0|.36|    03/30/2022|33|R|||||||X||24|||X||||||||||||||
770322|0|R-VA084SC01207NB||||R-VA084SC01207NB|84-1207|Quillen Terrace Circle|271|Town of Nickelsville|084|Scott County|    84-1208 E, Timothy St| 596718|0|0|.39|    SR 71 EAST| 596717|0|0|.45|    03/30/2022|149|R|||||||X||24|||X||||||||||||||
770323|0|R-VA084SC01208NB||||R-VA084SC01208NB|84-1208|Timothy St|271|Town of Nickelsville|084|Scott County|    84-1207 S, Quillen Terrace Circle| 704644|0|0|0|    84-1207 N, Quillen Terrace Circle| 596718|0|0|.14|    02/24/2022|93|R|||||||X||24|||X||||||||||||||
770324|0|R-VA084SC01208NB||||R-VA084SC01208NB|84-1208|Timothy St|271|Town of Nickelsville|084|Scott County|    84-1207 E, Quillen Terrace Circle| 596718|0|0|.14|    ECL Nickelsville| 715990|0|0|.19|    02/24/2022|55|R|||||||X||24|||X||||||||||||||
770325|0|R-VA084SC01209EB||||R-VA084SC01209EB|84-1209|Lamp Light Lane|271|Town of Nickelsville|084|Scott County|    Dead End| 700507|0|0|0|    84-682 Bethel Rd| 596305|0|0|.2|    02/24/2022|147|T|||||||X||24|||X||||||||||||||
770326|0|R-VA084SC01210EB||||R-VA084SC01210EB|84-1210|School St|271|Town of Nickelsville|084|Scott County|    84-682 Bethel Rd| 596304|0|0|0|    84-1205 Taylor St| 596714|0|0|.25|    02/24/2022|143|R|||||||X||24|||X||||||||||||||
770327|0|R-VA084SC01211EB||||R-VA084SC01211EB|84-1211|Gary St|271|Town of Nickelsville|084|Scott County|    84-1207 Quillen Terrace Circle; Quillen Terrace C| 706816|0|0|0|    Dead End| 706817|0|0|.07|    02/24/2022|28|T|||||||X||24|||X||||||||||||||
770328|0|R-VA084SC01212NB||||R-VA084SC01212NB|84-1212|Sally St|271|Town of Nickelsville|084|Scott County|    SR 71| 711880|0|0|0|    84-1210 School St| 711882|0|0|.05|    02/24/2022|282|R|||||||X||24|||X||||||||||||||
786791|0|R-VA084SC01213NB||||R-VA084SC01213NB|84-1213|Spartan Band Rd|271|Town of Nickelsville|084|Scott County|    Dead End| 731243|0|0|0|    SR 71| 731242|0|0|.17|    02/24/2022|133|T|||||||X||24|||X||||||||||||||
770376|0|R-VA084SC09381EB||||R-VA084SC09381EB|84-9381| |271|Town of Nickelsville|084|Scott County|    Nickelsville Elem Sch| 596756|0|0|0|    SR 71| 596755|0|0|.08|    04/21/2022|370|R|||||||X||24|||X||||||||||||||
