sep=|
- - 2022 AADT Report for Town of Bloxom - -
LINKID|SEQUENCENUMBER|RTE_NM|RTE_NM_2|RTE_NM_3|RTE_NM_4|Host RTE_NM|Route Label|Street Name|Physical Jurisdiction|Physical Jurisdiciton Name|Maintenance Jurisdiction|Maintenance Jurisdiciton Name|    Start Label|Start Node|Start Node Route Sequence|Star tOffset|Start Milepoint|    End Label|End Node|End Node Route Sequence|End Offset|End Milepoint|    VPDDate|AADT|AADT Quality|Passenger Vehicle|Bus|Truck 2 Axle|Truck 3 Axle|Truck 1 Trailer|Truck 2 Trailer|Class Quality|K Factor|K Factor Quality|Direction Factor|AAWDT|AAWDT Quality|AADT Dir|AADT Quality Dir|PassengerVehicle Dir|Bus Dir|Truck 2 Axle Dir|Truck 3 Axle Dir|Truck 1 Trailer Dir|Truck 2 Trailer Dir|Class Quality Dir|K Factor Dir|K Factor Quality Dir|Direction Factor Dir|AAWDT Dir|AAWDT Quality Dir
050007|0|R-VA   SR00187EB||||R-VA   SR00187EB|VA 187|Guilford Rd|169|Town of Bloxom|001|Accomack County|    Jurisdiction Boundary: 001 Accomack County| 106351|0|0|1.06|    SR 316 Bayside Dr| 105613|0|0|1.499|    01/01/2022|412|G|96|0|2|1|1|0|F|.111|6 |.57|414|G||||||||||||||
050231|0|R-VA   SR00187EB||||R-VA   SR00187EB|VA 187|Shoremain Dr|169|Town of Bloxom|001|Accomack County|    SR 316 Bayside Dr| 105613|0|0|1.499|    ECL Bloxom| 106350|0|0|2.1|    01/01/2022|1161|G|96|0|2|1|1|0|F|.089|6 |.55|1170|G||||||||||||||
050009|0|R-VA   SR00316NB||||R-VA   SR00316NB|VA 316|Cossatt Ave|169|Town of Bloxom|001|Accomack County|    | 106354|0|0|9.1|    SR 187 Shoremain Dr| 105613|0|0|9.49|    01/01/2022|2555|G|97|0|2|0|1|0|C|.103|6 |.57|2507|G||||||||||||||
700332|0|R-VA001SC00681EB||||R-VA001SC00681EB|01-681|Mason Rd|169|Town of Bloxom|001|Accomack County|    SR 187 Shoremain Dr| 105374|0|0|0|    SR 316 Hopeton Rd| 105375|0|0|.17|    10/10/2017|388|R|||||||X||24|||X||||||||||||||
700333|0|R-VA001SC00681EB||||R-VA001SC00681EB|01-681|Mason Rd|169|Town of Bloxom|001|Accomack County|    SR 316 Hopeton Rd| 105375|0|0|.17|    Physical Jurisdiction Boundary: 169 Town of Bloxom / 001 Accomack County| 105376|0|0|.19|    10/10/2017|436|R|||||||X||24|||X||||||||||||||
700343|0|R-VA001SC00684EB||||R-VA001SC00684EB|01-684|Guards Shore Rd|169|Town of Bloxom|001|Accomack County|    Jurisdiction Boundary: 001 Accomack County| 105388|0|0|3.52|    01-779 Mears Station Rd| 105386|0|0|3.601|    10/10/2017|419|R|||||||X||24|||X||||||||||||||
700344|0|R-VA001SC00684EB||||R-VA001SC00684EB|01-684|Mitchell Rd|169|Town of Bloxom|001|Accomack County|    01-779 Mears Station Rd| 105386|0|0|3.601|    01-687 Bethel Church Rd| 105384|0|0|3.91|    10/25/2017|681|R|||||||X||24|||X||||||||||||||
700348|0|R-VA001SC00687NB||||R-VA001SC00687NB|01-687|Bethel Church Rd|169|Town of Bloxom|001|Accomack County|    SR 187 Shoremain Dr| 105393|0|0|0|    01-684 Mitchell Rd| 105384|0|0|.02|    10/10/2017|1342|R|||||||X||24|||X||||||||||||||
700349|0|R-VA001SC00687NB||||R-VA001SC00687NB|01-687|Bethel Church Rd|169|Town of Bloxom|001|Accomack County|    01-684 Mitchell Rd| 105384|0|0|.02|    Physical Jurisdiction Boundary: 169 Town of Bloxom / 001 Accomack County| 105394|0|0|.22|    10/10/2017|333|R|||||||X||24|||X||||||||||||||
300077|0|R-VA001SC00779NB||||R-VA001SC00779NB|01-779|Mears Station Rd|169|Town of Bloxom|001|Accomack County|    SR 187;  SR 316| 105613|0|0|0|    NCL Bloxom| 105614|0|0|.39|    01/01/2022|1167|G|97|0|1|0|1|0|F|.107|6 |.51|1177|G||||||||||||||
700971|0|R-VA001SC02501NB||||R-VA001SC02501NB|01-2501|Back St|169|Town of Bloxom|001|Accomack County|    SR 187 Shoremain Dr| 106044|0|0|0|    01-684 Guards Shore Rd| 105387|0|0|.32|    10/24/2017|228|R|||||||X||24|||X||||||||||||||
700972|0|R-VA001SC02502NB||||R-VA001SC02502NB|01-2502|Hinman St|169|Town of Bloxom|001|Accomack County|    SR 187 Shoremain Dr| 106045|0|0|0|    01-2506 Liberty St| 106046|0|0|.08|    10/24/2017|87|R|||||||X||24|||X||||||||||||||
700973|0|R-VA001SC02502NB||||R-VA001SC02502NB|01-2502|Hinman St|169|Town of Bloxom|001|Accomack County|    01-2506 Liberty St| 106046|0|0|.08|    01-2504 Hearn St| 106047|0|0|.15|    10/24/2017|88|R|||||||X||24|||X||||||||||||||
700974|0|R-VA001SC02502NB||||R-VA001SC02502NB|01-2502|Hinman St|169|Town of Bloxom|001|Accomack County|    01-2504 Hearn St| 106047|0|0|.15|    01-684 Mitchell Rd| 105385|0|0|.22|    10/24/2017|76|R|||||||X||24|||X||||||||||||||
700975|0|R-VA001SC02503EB||||R-VA001SC02503EB|01-2503|Marshall St|169|Town of Bloxom|001|Accomack County|    SR 187 Shoremain Dr| 106048|0|0|0|    01-2513 Pruitt St| 106049|0|0|.067|    10/24/2017|71|R|||||||X||24|||X||||||||||||||
700976|0|R-VA001SC02503EB||||R-VA001SC02503EB|01-2503|Marshall St|169|Town of Bloxom|001|Accomack County|    01-2513 Pruitt St| 106049|0|0|.067|    SR 316 Bayside Dr| 106050|0|0|.15|    10/24/2017|196|R|||||||X||24|||X||||||||||||||
700977|0|R-VA001SC02504NB||||R-VA001SC02504NB|01-2504|Hearn St|169|Town of Bloxom|001|Accomack County|    SR 187 Shoremain Dr| 106051|0|0|0|    01-2502 Hinman St| 106047|0|0|.11|    10/24/2017|86|R|||||||X||24|||X||||||||||||||
700978|0|R-VA001SC02505NB||||R-VA001SC02505NB|01-2505|Parks St|169|Town of Bloxom|001|Accomack County|    Dead End| 106265|0|0|0|    01-2508| 106053|0|0|.1|    10/24/2017|89|R|||||||X||24|||X||||||||||||||
700979|0|R-VA001SC02505NB||||R-VA001SC02505NB|01-2505|Parks St|169|Town of Bloxom|001|Accomack County|    01-2508| 106053|0|0|.1|    SR 187 Shoremain Dr| 106052|0|0|.25|    10/24/2017|114|R|||||||X||24|||X||||||||||||||
700980|0|R-VA001SC02506EB||||R-VA001SC02506EB|01-2506|Liberty St|169|Town of Bloxom|001|Accomack County|    01-2502 Hinman St| 106046|0|0|0|    SR 187 Shoremain Dr| 106054|0|0|.08|    10/24/2017|51|R|||||||X||24|||X||||||||||||||
700981|0|R-VA001SC02507NB||||R-VA001SC02507NB|01-2507|Bull St|169|Town of Bloxom|001|Accomack County|    01-2508| 106056|0|0|0|    SR 187 Shoremain Dr| 106055|0|0|.15|    10/24/2017|188|R|||||||X||24|||X||||||||||||||
700982|0|R-VA001SC02508EB||||R-VA001SC02508EB|01-2508| |169|Town of Bloxom|001|Accomack County|    Dead End| 106266|0|0|0|    01-2507 Bull St| 106056|0|0|.02|    11/21/2017|59|R|||||||X||24|||X||||||||||||||
700983|0|R-VA001SC02508EB||||R-VA001SC02508EB|01-2508| |169|Town of Bloxom|001|Accomack County|    01-2507 Bull St| 106056|0|0|.02|    01-2505 Parks St| 106053|0|0|.06|    11/21/2017|82|R|||||||X||24|||X||||||||||||||
700984|0|R-VA001SC02509NB||||R-VA001SC02509NB|01-2509|Hall St|169|Town of Bloxom|001|Accomack County|    Dead End| 106058|0|0|0|    SR 187 Shoremain Dr| 106057|0|0|.25|    10/24/2017|36|R|||||||X||24|||X||||||||||||||
700985|0|R-VA001SC02510EB||||R-VA001SC02510EB|01-2510|Circle Dr|169|Town of Bloxom|001|Accomack County|    SR 187 Shoremain Dr| 106059|0|0|0|    01-2511 Circle Dr| 106060|0|0|.12|    10/24/2017|83|R|||||||X||24|||X||||||||||||||
700986|0|R-VA001SC02511NB||||R-VA001SC02511NB|01-2511|Circle Dr|169|Town of Bloxom|001|Accomack County|    01-2510 Circle Dr| 106060|0|0|0|    01-2512 Circle Dr| 106061|0|0|.07|    10/24/2017|48|R|||||||X||24|||X||||||||||||||
700987|0|R-VA001SC02512EB||||R-VA001SC02512EB|01-2512|Circle Dr|169|Town of Bloxom|001|Accomack County|    SR 187 Shoremain Dr| 106062|0|0|0|    01-2513 Pruitt St| 106063|0|0|.06|    10/18/2017|46|R|||||||X||24|||X||||||||||||||
700988|0|R-VA001SC02512EB||||R-VA001SC02512EB|01-2512|Circle Dr|169|Town of Bloxom|001|Accomack County|    01-2513 Pruitt St| 106063|0|0|.06|    01-2511 Circle Dr| 106061|0|0|.12|    10/18/2017|53|R|||||||X||24|||X||||||||||||||
700989|0|R-VA001SC02513NB||||R-VA001SC02513NB|01-2513|Pruitt St|169|Town of Bloxom|001|Accomack County|    01-2512 Circle Dr| 106063|0|0|0|    01-2503 Marshall St| 106049|0|0|.07|    10/18/2017|26|R|||||||X||24|||X||||||||||||||
701035|0|R-VA001SC09640NB||||R-VA001SC09640NB|01-9640| |169|Town of Bloxom|001|Accomack County|    01-684 Mitchell Rd| 106100|0|0|0|    Bloxom High School| 106101|0|0|.06|    06/05/2014|187|R|||||||X||24|||X||||||||||||||
