sep=|
- - 2022 AADT Report for Surry County - -
LINKID|SEQUENCENUMBER|RTE_NM|RTE_NM_2|RTE_NM_3|RTE_NM_4|Host RTE_NM|Route Label|Street Name|Physical Jurisdiction|Physical Jurisdiciton Name|Maintenance Jurisdiction|Maintenance Jurisdiciton Name|    Start Label|Start Node|Start Node Route Sequence|Star tOffset|Start Milepoint|    End Label|End Node|End Node Route Sequence|End Offset|End Milepoint|    VPDDate|AADT|AADT Quality|Passenger Vehicle|Bus|Truck 2 Axle|Truck 3 Axle|Truck 1 Trailer|Truck 2 Trailer|Class Quality|K Factor|K Factor Quality|Direction Factor|AAWDT|AAWDT Quality|AADT Dir|AADT Quality Dir|PassengerVehicle Dir|Bus Dir|Truck 2 Axle Dir|Truck 3 Axle Dir|Truck 1 Trailer Dir|Truck 2 Trailer Dir|Class Quality Dir|K Factor Dir|K Factor Quality Dir|Direction Factor Dir|AAWDT Dir|AAWDT Quality Dir
050359|0|R-VA   SR00010EB||||R-VA   SR00010EB|VA 10|Colonial Trail|090|Surry County|090|Surry County|    Prince George County Line|  50256|0|0|41.89|    SR 40 Spring Grove| 626137|0|0|47.34|    01/01/2022|1731|G|93|1|1|1|4|0|F|.102|6 |.51|1724|G||||||||||||||
050031|0|R-VA   SR00010EB||||R-VA   SR00010EB|VA 10|Colonial Trail|090|Surry County|090|Surry County|    SR 40 Spring Grove| 626137|0|0|47.34|    SR 31 S, Rolfe Hwy| 626253|0|0|55.24|    01/01/2022|2439|A|93|1|1|1|4|0|C|.113|1 |.59|2438|A||||||||||||||
050358|0|R-VA   SR00010EB|R-VA   SR00031NB|||R-VA   SR00010EB|VA 10, VA 31|Colonial Trail|090|Surry County|090|Surry County|    SR 31 S, Rolfe Hwy| 626253|0|0|55.24|    Physical Jurisdiction Boundary: 090 Surry County / 308 Town of Surry| 626252|0|0|55.71|    01/01/2022|5335|G|93|1|1|1|4|0|F|.106|6 |.62|5209|G||||||||||||||
050358|0|R-VA   SR00010EB|R-VA   SR00031NB|||R-VA   SR00010EB|VA 10, VA 31|Colonial Trail|308|Town of Surry|090|Surry County|    | 626252|0|0|55.71|    N SR 31| 626098|0|0|56.28|    01/01/2022|5335|G|93|1|1|1|4|0|F|.106|6 |.62|5209|G||||||||||||||
050061|0|R-VA   SR00010EB||||R-VA   SR00010EB|VA 10|Colonial Trail|308|Town of Surry|090|Surry County|    N SR 31| 626098|0|0|56.28|    Physical Jurisdiction Boundary: 308 Town of Surry / 090 Surry County| 626250|0|0|57|    01/01/2022|5689|G|93|1|1|1|4|0|F|.098|6 |.58|5554|G||||||||||||||
050061|0|R-VA   SR00010EB||||R-VA   SR00010EB|VA 10|Colonial Trail|090|Surry County|090|Surry County|    | 626250|0|0|57|    | 626076|0|0|63.02|    01/01/2022|5689|G|93|1|1|1|4|0|F|.098|6 |.58|5554|G||||||||||||||
050357|0|R-VA   SR00010EB||||R-VA   SR00010EB|VA 10|Colonial Trail|090|Surry County|090|Surry County|    90-617 Bacons Castle| 626076|0|0|63.02|    Isle of Wight County Line|  50226|0|0|66.16|    01/01/2022|4523|G|93|1|1|1|4|0|F|.097|6 |.52|4416|G||||||||||||||
050035|0|R-VA   SR00031NB||||R-VA   SR00031NB|VA 31|Rolfe Hwy|090|Surry County|090|Surry County|    Sussex County Line|  50258|0|0|3.66|    Physical Jurisdiction Boundary: 090 Surry County / 207 Town of Dendron| 626259|0|0|5.59|    01/01/2022|1713|G|93|1|1|1|3|0|C|.108|6 |.56|1681|G||||||||||||||
050035|0|R-VA   SR00031NB||||R-VA   SR00031NB|VA 31|Rolfe Hwy|207|Town of Dendron|090|Surry County|    Jurisdiction Boundary: 091 Sussex County / 090 Surry County| 626259|0|0|5.59|    90-643 James St| 626134|0|0|6.29|    01/01/2022|1713|G|93|1|1|1|3|0|C|.108|6 |.56|1681|G||||||||||||||
050360|0|R-VA   SR00031NB||||R-VA   SR00031NB|VA 31|Rolfe Hwy|207|Town of Dendron|090|Surry County|    90-643 James St| 626134|0|0|6.29|    Physical Jurisdiction Boundary: 207 Town of Dendron / 090 Surry County| 626258|0|0|7.18|    01/01/2022|1501|G|91|1|3|2|3|0|C|.106|6 |.63|1446|G||||||||||||||
050360|0|R-VA   SR00031NB||||R-VA   SR00031NB|VA 31|Rolfe Hwy|090|Surry County|090|Surry County|    | 626258|0|0|7.18|    SR 10 S, Colonial Trail| 626253|0|0|14.65|    01/01/2022|1501|G|91|1|3|2|3|0|C|.106|6 |.63|1446|G||||||||||||||
050358|0|R-VA   SR00031NB|R-VA   SR00010EB|||R-VA   SR00010EB|VA 10, VA 31|Colonial Trail|090|Surry County|090|Surry County|    SR 31 S, Rolfe Hwy| 626253|0|0|14.65|    Physical Jurisdiction Boundary: 090 Surry County / 308 Town of Surry| 626252|0|0|15.12|    01/01/2022|5335|G|93|1|1|1|4|0|F|.106|6 |.62|5209|G||||||||||||||
050358|0|R-VA   SR00031NB|R-VA   SR00010EB|||R-VA   SR00010EB|VA 10, VA 31|Colonial Trail|308|Town of Surry|090|Surry County|    | 626252|0|0|15.12|    N SR 31| 626098|0|0|15.69|    01/01/2022|5335|G|93|1|1|1|4|0|F|.106|6 |.62|5209|G||||||||||||||
050032|0|R-VA   SR00031NB||||R-VA   SR00031NB|VA 31|Rolfe Hwy|308|Town of Surry|090|Surry County|    SR 10 N, Colonial Trail| 626098|0|0|15.69|    Physical Jurisdiction Boundary: 308 Town of Surry / 090 Surry County| 626257|0|0|16.1|    01/01/2022|1972|G|97|0|1|0|0|0|C|.107|6 |.53|1900|G||||||||||||||
050032|0|R-VA   SR00031NB||||R-VA   SR00031NB|VA 31|Rolfe Hwy|090|Surry County|090|Surry County|    Jurisdiction Boundary: | 626257|0|0|16.1|    Jamestown Ferry|  50592|0|0|20.1|    01/01/2022|1972|G|97|0|1|0|0|0|C|.107|6 |.53|1900|G||||||||||||||
050361|0|R-VA   SR00040EB||||R-VA   SR00040EB|VA 40|Martin Luther King Hwy|090|Surry County|090|Surry County|    Sussex County Line|  50257|0|0|220.68|    90-611 Salisbury Rd| 626034|0|0|226.65|    01/01/2022|1014|G|88|1|2|2|6|0|C|.098|6 |.56|978|G||||||||||||||
050037|0|R-VA   SR00040EB||||R-VA   SR00040EB|VA 40|Martin Luther King Hwy|090|Surry County|090|Surry County|    90-611 Salisbury Rd| 626034|0|0|226.65|    SR 10 Spring Grove| 626137|0|0|229.69|    01/01/2022|962|G|92|1|1|2|4|0|C|.106|6 |.57|927|G||||||||||||||
775109|0|R-VA090SC00600NB||||R-VA090SC00600NB|90-600|Montpelier Rd|090|Surry County|090|Surry County|    90-602 Laurel Springs Rd| 626001|0|0|0|    Prince George County Line| 888001|0|0|1.2|    08/14/2018|166|R|||||||X||24|||X||||||||||||||
775110|0|R-VA090SC00601EB||||R-VA090SC00601EB|90-601|Laurel Rd|090|Surry County|090|Surry County|    Prince George County Line| 888002|0|0|0|    90-602 W, Laurel Springs Rd| 626002|0|0|.4|    04/11/2018|82|R|||||||X||24|||X||||||||||||||
775111|0|R-VA090SC00601EB||||R-VA090SC00601EB|90-601|Huntington Rd|090|Surry County|090|Surry County|    90-602 E, Laurel Springs Rd| 626246|0|0|.7|    90-607 Huntington Rd| 626004|0|0|4.5|    04/11/2018|172|R|||||||X||24|||X||||||||||||||
775112|0|R-VA090SC00601EB||||R-VA090SC00601EB|90-601|Huntington Rd|090|Surry County|090|Surry County|    90-607 Huntington Rd| 626004|0|0|4.5|    SR 40 S, Martin Luther King Hwy| 626005|0|0|6.3|    04/11/2018|194|R|||||||X||24|||X||||||||||||||
775113|0|R-VA090SC00601EB||||R-VA090SC00601EB|90-601|Camera Rd|090|Surry County|090|Surry County|    SR 40 N, Martin Luther King Hwy| 626247|0|0|6.87|    90-614 Three Bridge Rd| 626006|0|0|10.4|    04/11/2018|105|R|||||||X||24|||X||||||||||||||
775114|0|R-VA090SC00602EB||||R-VA090SC00602EB|90-602|Laurel Springs Rd|090|Surry County|090|Surry County|    Sussex County Line| 906001|0|0|0|    90-601 E, Huntington Rd| 626246|0|0|1.8|    04/11/2018|47|R|||||||X||24|||X||||||||||||||
775115|0|R-VA090SC00602EB||||R-VA090SC00602EB|90-602|Laurel Springs Rd|090|Surry County|090|Surry County|    90-601 E, Huntington Rd| 626246|0|0|1.8|    90-608 Oak Hill Rd| 626008|0|0|6.5|    04/11/2018|133|R|||||||X||24|||X||||||||||||||
775116|0|R-VA090SC00602EB||||R-VA090SC00602EB|90-602|Laurel Springs Rd|090|Surry County|090|Surry County|    90-608 Oak Hill Rd| 626008|0|0|6.5|    90-611 Salisbury Rd| 626007|0|0|9.6|    04/11/2018|25|R|||||||X||24|||X||||||||||||||
775117|0|R-VA090SC00603NB||||R-VA090SC00603NB|90-603|Three Bridges Rd|090|Surry County|090|Surry County|    Sussex County Line| 906002|0|0|0|    90-614 S, Three Bridge Rd| 626010|0|0|.7|    02/27/2018|39|R|||||||X||24|||X||||||||||||||
775118|0|R-VA090SC00603NB||||R-VA090SC00603NB|90-603|Three Bridges Rd|090|Surry County|090|Surry County|    90-614 S, Three Bridge Rd| 626010|0|0|.7|    90-614 N, Three Bridge Rd| 626234|0|0|1|    02/27/2018|26|R|||||||X||24|||X||||||||||||||
775119|0|R-VA090SC00603NB||||R-VA090SC00603NB|90-603|Three Bridges Rd|090|Surry County|090|Surry County|    90-614 N, Three Bridge Rd| 626234|0|0|1|    90-615 Carsley Rd| 626009|0|0|2.5|    02/27/2018|12|R|||||||X||24|||X||||||||||||||
775120|0|R-VA090SC00604NB||||R-VA090SC00604NB|90-604|Owens Grove Rd|090|Surry County|090|Surry County|    Southampton County Line| 903003|0|0|0|    90-617 E, White Marsh Rd| 626208|0|0|3|    08/14/2018|111|R|||||||X||24|||X||||||||||||||
775121|0|R-VA090SC00604NB||||R-VA090SC00604NB|90-604|Owens Grove Rd|090|Surry County|090|Surry County|    90-617 W, White Marsh Rd| 626012|0|0|3.43|    SR 31 S, Rolfe Hwy| 626211|0|0|6.365|    08/14/2018|301|R|||||||X||24|||X||||||||||||||
400101|0|R-VA090SC00604NB||||R-VA090SC00604NB|90-604|Owens Grove Rd|091|Sussex County|090|Surry County|    SR 31 N, Rolfe Hwy| 626011|0|0|6.445|    Sussex County Line| 906003|0|0|6.72|    01/01/2022|598|G|95|1|1|2|2|0|C|.109|6 |.57|587|G||||||||||||||
775122|0|R-VA090SC00605EB||||R-VA090SC00605EB|90-605|Walkers Rd|090|Surry County|090|Surry County|    90-618 Southwick Rd| 626013|0|0|0|    90-622 Runnymeade Rd| 626014|0|0|2.35|    04/03/2012|146|R|||||||X||24|||X||||||||||||||
775123|0|R-VA090SC00606NB||||R-VA090SC00606NB|90-606|Averys Mill Pond Rd|090|Surry County|090|Surry County|    90-601 Huntington Rd| 626003|0|0|0|    Dead End| 626015|0|0|.8|    04/11/2018|4|R|||||||X||24|||X||||||||||||||
775124|0|R-VA090SC00607NB||||R-VA090SC00607NB|90-607|Huntington Rd|090|Surry County|090|Surry County|    90-601 Huntington Rd| 626004|0|0|0|    90-611 Salisbury Rd| 626016|0|0|5.73|    01/01/2022|43|G|98|0|1|0|0|0|C|.188|6 |.78|43|G||||||||||||||
775125|0|R-VA090SC00608EB||||R-VA090SC00608EB|90-608|Oak Hill Rd|090|Surry County|090|Surry County|    90-602 Laurel Springs Rd| 626008|0|0|0|    SR 40 Martin Luther King Hwy| 626019|0|0|3.4|    08/14/2018|97|R|||||||X||24|||X||||||||||||||
775126|0|R-VA090SC00609NB||||R-VA090SC00609NB|90-609|River Rd|090|Surry County|090|Surry County|    90-610 Swanns Point Rd| 626028|0|0|0|    90-626 Holybush Rd| 626027|0|0|.8|    03/07/2018|81|R|||||||X||24|||X||||||||||||||
775127|0|R-VA090SC00609NB||||R-VA090SC00609NB|90-609|River Rd|090|Surry County|090|Surry County|    90-626 Holybush Rd| 626027|0|0|.8|    ECL Claremont| 626026|0|0|3.94|    03/07/2018|54|R|||||||X||24|||X||||||||||||||
785230|0|R-VA090SC00609NB||||R-VA090SC00609NB|90-609|River Rd|191|Town of Claremont|090|Surry County|    ECL Claremont| 626026|0|0|3.94|    90-1209 Dillard St| 626024|0|0|4.86|    03/07/2018|42|R|||||||X||24|||X||||||||||||||
775128|0|R-VA090SC00609NB||||R-VA090SC00609NB|90-609|River Rd|191|Town of Claremont|090|Surry County|    90-1209 Dillard St| 626024|0|0|4.86|    90-1208 Mystic Ave| 626023|0|0|4.93|    03/07/2018|34|R|||||||X||24|||X||||||||||||||
775129|0|R-VA090SC00609NB||||R-VA090SC00609NB|90-609|River Rd|191|Town of Claremont|090|Surry County|    90-1208 Mystic Ave| 626023|0|0|4.93|    90-613 Mancha Ave| 626023|0|.07|5|    03/07/2018|35|R|||||||X||24|||X||||||||||||||
775130|0|R-VA090SC00609NB||||R-VA090SC00609NB|90-609|River Rd|191|Town of Claremont|090|Surry County|    90-613 Mancha Ave| 626023|0|.07|5|    90-1212 Virginia Ave| 626021|0|0|5.07|    03/07/2018|45|R|||||||X||24|||X||||||||||||||
775131|0|R-VA090SC00609NB||||R-VA090SC00609NB|90-609|River Rd|191|Town of Claremont|090|Surry County|    90-1212 Virginia Ave| 626021|0|0|5.07|    |1273329|0|0|5.35|    03/07/2018|41|R|||||||X||24|||X||||||||||||||
775132|0|R-VA090SC00610EB||||R-VA090SC00610EB|90-610|Swanns Point Rd|090|Surry County|090|Surry County|    90-646 Spring Grove Ave| 626029|0|0|0|    90-609 River Rd| 626028|0|0|2.2|    08/14/2018|93|R|||||||X||24|||X||||||||||||||
775133|0|R-VA090SC00610EB||||R-VA090SC00610EB|90-610|Swanns Point Rd|090|Surry County|090|Surry County|    90-609 River Rd| 626028|0|0|2.2|    90-618 S, Holybush Rd| 626031|0|0|7.2|    02/27/2018|62|R|||||||X||24|||X||||||||||||||
775134|0|R-VA090SC00610EB||||R-VA090SC00610EB|90-610|Swanns Point Rd|090|Surry County|090|Surry County|    90-618 N, Holybush Rd| 626031|0|0|7.2|    Dead End| 626032|0|0|10.09|    02/27/2018|77|R|||||||X||24|||X||||||||||||||
775135|0|R-VA090SC00611NB||||R-VA090SC00611NB|90-611|Salisbury Rd|090|Surry County|090|Surry County|    90-616 Golden Hill Rd| 626036|0|0|0|    90-612 Otterdam Rd| 626035|0|0|2.41|    08/14/2018|79|R|||||||X||24|||X||||||||||||||
775136|0|R-VA090SC00611NB||||R-VA090SC00611NB|90-611|Salisbury Rd|090|Surry County|090|Surry County|    90-612 Otterdam Rd| 626035|0|0|2.41|    SR 40 Martin Luther King Hwy| 626034|0|0|5.81|    08/14/2018|143|R|||||||X||24|||X||||||||||||||
400102|0|R-VA090SC00611NB||||R-VA090SC00611NB|90-611|Salisbury Rd|090|Surry County|090|Surry County|    SR 40 Martin Luther King Hwy| 626034|0|0|5.81|    90-607 Huntington Rd| 626016|0|0|8.14|    01/01/2022|369|G|95|0|1|0|3|0|C|.094|6 |1|354|G||||||||||||||
400103|0|R-VA090SC00611NB||||R-VA090SC00611NB|90-611|Salisbury Rd|090|Surry County|090|Surry County|    90-607 Huntington Rd| 626016|0|0|8.14|    SR 10 Colonial Trail| 626033|0|0|8.91|    01/01/2022|395|G|95|0|1|0|3|0|C|.121|6 |.78|380|G||||||||||||||
775137|0|R-VA090SC00612EB||||R-VA090SC00612EB|90-612|Otterdam Rd|090|Surry County|090|Surry County|    90-607 Huntington Rd| 626018|0|0|0|    SR 40 W, Martin Luther King Hwy| 626037|0|0|2.4|    03/07/2018|60|R|||||||X||24|||X||||||||||||||
775138|0|R-VA090SC00612EB||||R-VA090SC00612EB|90-612|Otterdam Rd|090|Surry County|090|Surry County|    SR 40 E, Martin Luther King Hwy| 626248|0|0|2.47|    90-615 Carsley Rd| 626038|0|0|4.57|    03/07/2018|137|R|||||||X||24|||X||||||||||||||
775139|0|R-VA090SC00612EB||||R-VA090SC00612EB|90-612|Otterdam Rd|090|Surry County|090|Surry County|    90-615 Carsley Rd| 626038|0|0|4.57|    90-611 Salisbury Rd| 626035|0|0|6.8|    03/07/2018|92|R|||||||X||24|||X||||||||||||||
400104|0|R-VA090SC00613EB||||R-VA090SC00613EB|90-613|Cabin Point Rd|090|Surry County|090|Surry County|    SR 10 Colonial Trail| 626039|0|0|0|    Physical Jurisdiction Boundary: 090 Surry County / 191 Town of Claremont| 626041|0|0|4.12|    01/01/2022|419|G|97|1|2|0|0|0|C|.124|6 |.67|403|G||||||||||||||
400104|0|R-VA090SC00613EB||||R-VA090SC00613EB|90-613|Cabin Point Rd|191|Town of Claremont|090|Surry County|    Jurisdiction Boundary: 090 Surry County| 626041|0|0|4.12|    90-646 Spring Grove Ave| 626042|0|0|4.55|    01/01/2022|419|G|97|1|2|0|0|0|C|.124|6 |.67|403|G||||||||||||||
400105|0|R-VA090SC00613EB||||R-VA090SC00613EB|90-613|Spring Grove Rd|191|Town of Claremont|090|Surry County|    90-646 Spring Grove Ave| 626042|0|0|4.55|    90-1203 Spring Grove Rd| 626050|0|0|5.27|    01/01/2022|607|G|97|1|1|0|0|0|C|.117|6 |.66|585|G||||||||||||||
400106|0|R-VA090SC00613EB||||R-VA090SC00613EB|90-613|Mancha Ave|191|Town of Claremont|090|Surry County|    90-1203 Spring Grove Rd| 626050|0|0|5.27|    90-609 River Rd| 626022|0|0|5.38|    01/01/2022|181|G|98|1|1|0|0|0|C|.141|6 |.61|174|G||||||||||||||
775140|0|R-VA090SC00613EB||||R-VA090SC00613EB|90-613|Mancha Ave|191|Town of Claremont|090|Surry County|    90-609 River Rd| 626022|0|0|5.38|    | 626051|0|0|6.08|    03/07/2018|16|R|||||||X||24|||X||||||||||||||
775141|0|R-VA090SC00614EB||||R-VA090SC00614EB|90-614|Three Bridge Rd|090|Surry County|090|Surry County|    90-615 W, Carsley Rd| 626052|0|0|0|    90-601 Camera Rd| 626006|0|0|1.2|    02/21/2018|73|R|||||||X||24|||X||||||||||||||
775142|0|R-VA090SC00614EB||||R-VA090SC00614EB|90-614|Three Bridge Rd|090|Surry County|090|Surry County|    90-601 Camera Rd| 626006|0|0|1.2|    90-603 S, Three Bridges Rd| 626010|0|0|2.4|    02/21/2018|82|R|||||||X||24|||X||||||||||||||
775143|0|R-VA090SC00614EB||||R-VA090SC00614EB|90-614|Three Bridge Rd|090|Surry County|090|Surry County|    90-603 N, Three Bridges Rd| 626234|0|0|2.7|    90-615 E, Carsley Rd| 626233|0|0|4.28|    02/21/2018|64|R|||||||X||24|||X||||||||||||||
775144|0|R-VA090SC00614EB||||R-VA090SC00614EB|90-614|New Design Rd|090|Surry County|090|Surry County|    90-615 MID| 626232|0|0|4.421|    90-630 Mill Rd; Spatley Rd| 626054|0|0|6.33|    02/21/2018|20|R|||||||X||24|||X||||||||||||||
400107|0|R-VA090SC00615NB||||R-VA090SC00615NB|90-615|Carsley Rd|090|Surry County|090|Surry County|    SR 31 Rolfe Hwy| 626058|0|0|0|    SR 40 Martin Luther King Hwy| 626055|0|0|7.2|    01/01/2022|349|G|98|1|1|0|1|0|C|.114|6 |.53|336|G||||||||||||||
775145|0|R-VA090SC00616EB||||R-VA090SC00616EB|90-616|New Design Rd|090|Surry County|090|Surry County|    90-615 Carsley Rd| 626056|0|0|0|    90-630 E, Mill Rd| 626217|0|0|3.22|    02/21/2018|96|R|||||||X||24|||X||||||||||||||
775146|0|R-VA090SC00616EB||||R-VA090SC00616EB|90-616|New Design Rd|090|Surry County|090|Surry County|    90-630 E, Mill Rd| 626217|0|0|3.22|    90-618 Southwick Rd| 626060|0|0|4.3|    02/21/2018|92|R|||||||X||24|||X||||||||||||||
775147|0|R-VA090SC00616EB||||R-VA090SC00616EB|90-616|New Design Rd|090|Surry County|090|Surry County|    90-618 Southwick Rd| 626060|0|0|4.3|    SR 31 Rolfe Hwy| 626061|0|0|5.64|    02/21/2018|123|R|||||||X||24|||X||||||||||||||
775148|0|R-VA090SC00616EB||||R-VA090SC00616EB|90-616|Golden Hill Rd|090|Surry County|090|Surry County|    SR 31 Rolfe Hwy| 626061|0|0|5.64|    90-622 S, Runnymeade Rd| 626213|0|0|7.64|    02/21/2018|106|R|||||||X||24|||X||||||||||||||
775149|0|R-VA090SC00616EB||||R-VA090SC00616EB|90-616|Golden Hill Rd|090|Surry County|090|Surry County|    90-622 N, Runnymeade Rd| 626062|0|0|8.34|    90-626 W, Beachland Rd| 626063|0|0|10.44|    02/21/2018|111|R|||||||X||24|||X||||||||||||||
400108|0|R-VA090SC00616EB||||R-VA090SC00616EB|90-616|Golden Hill Rd|090|Surry County|090|Surry County|    90-626 S, Beachland Rd| 626215|0|0|10.48|    SR 10 Colonial Trail| 626066|0|0|13.48|    01/01/2022|329|G|96|0|1|1|2|0|C|.121|6 |.57|317|G||||||||||||||
775150|0|R-VA090SC00616EB||||R-VA090SC00616EB|90-616|Golden Hill Rd|090|Surry County|090|Surry County|    SR 10 Colonial Trail| 626066|0|0|13.48|    90-633 Chippokes Farm Rd| 626067|0|0|14.03|    02/21/2018|139|R|||||||X||24|||X||||||||||||||
400109|0|R-VA090SC00617EB||||R-VA090SC00617EB|90-617|White Marsh Rd|090|Surry County|090|Surry County|    Sussex County Line| 906004|0|0|0|    90-629 Terrapin Swamp Rd| 626069|0|0|1.57|    01/01/2022|621|G|95|0|1|1|3|0|C|.116|6 |.62|597|G||||||||||||||
400110|0|R-VA090SC00617EB||||R-VA090SC00617EB|90-617|White Marsh Rd|090|Surry County|090|Surry County|    90-629 Terrapin Swamp Rd| 626069|0|0|1.57|    90-622 W, Runnymeade Rd| 626073|0|0|7.98|    01/01/2022|326|G|94|0|2|2|2|0|C|.15|6 |.59|314|G||||||||||||||
400111|0|R-VA090SC00617EB||||R-VA090SC00617EB|90-617|White Marsh Rd|090|Surry County|090|Surry County|    90-622 W, Runnymeade Rd| 626073|0|0|7.98|    90-622 E, Berrymans Corner Rd| 626210|0|0|9.1|    01/01/2022|516|G|95|0|1|1|1|0|C|.098|6 |.57|497|G||||||||||||||
400112|0|R-VA090SC00617EB||||R-VA090SC00617EB|90-617|White Marsh Rd|090|Surry County|090|Surry County|    90-622 E, Berrymans Corner Rd| 626210|0|0|9.1|    90-626 Beechland Rd| 626075|0|0|11.83|    01/01/2022|512|G|95|0|1|1|1|0|C|.097|6 |.67|493|G||||||||||||||
775151|0|R-VA090SC00617EB||||R-VA090SC00617EB|90-617|White Marsh Rd|090|Surry County|090|Surry County|    90-626 Belleview Rd| 626075|0|0|11.83|    SR 10 Colonial Trail| 626076|0|0|17.4|    01/01/2022|256|G|97|0|1|0|2|0|C|.139|6 |.68|246|G||||||||||||||
400113|0|R-VA090SC00617EB||||R-VA090SC00617EB|90-617|Bacons Castle Terrace|090|Surry County|090|Surry County|    SR 10 Colonial Trail| 626076|0|0|17.4|    90-650 Hog Island Rd| 626078|0|0|18.75|    01/01/2022|1015|G|97|1|1|0|0|0|C|.125|6 |.79|981|G||||||||||||||
775152|0|R-VA090SC00618NB||||R-VA090SC00618NB|90-618|Southwick Rd|090|Surry County|090|Surry County|    90-621 Aberdeen Rd| 626086|0|0|0|    90-617 W, White Marsh Rd| 626071|0|0|2|    03/07/2018|41|R|||||||X||24|||X||||||||||||||
775153|0|R-VA090SC00618NB||||R-VA090SC00618NB|90-618|Southwick Rd|090|Surry County|090|Surry County|    90-617 E, White Marsh Rd| 626209|0|0|2.18|    SR 31 Rolfe Hwy| 626085|0|0|5.26|    03/07/2018|73|R|||||||X||24|||X||||||||||||||
775154|0|R-VA090SC00618NB||||R-VA090SC00618NB|90-618|Southwick Rd|090|Surry County|090|Surry County|    SR 31 Rolfe Hwy| 626085|0|0|5.26|    90-616 Golden Hill Rd| 626060|0|0|7.06|    03/07/2018|82|R|||||||X||24|||X||||||||||||||
775155|0|R-VA090SC00618NB||||R-VA090SC00618NB|90-618|Southwick Rd|090|Surry County|090|Surry County|    90-616 Golden Hill Rd| 626060|0|0|7.06|    SR 10 Colonial Trail| 626082|0|0|11.06|    03/07/2018|109|R|||||||X||24|||X||||||||||||||
775156|0|R-VA090SC00618NB||||R-VA090SC00618NB|90-618|Southwick Rd|090|Surry County|090|Surry County|    SR 10 Colonial Trail| 626082|0|0|11.06|    90-626 S, Holybush Rd| 626212|0|0|13.36|    03/07/2018|67|R|||||||X||24|||X||||||||||||||
775157|0|R-VA090SC00618NB||||R-VA090SC00618NB|90-618|Holybush Rd|090|Surry County|090|Surry County|    90-626 S, Holybush Rd| 626212|0|0|13.36|    90-626 N, Lebanon Rd| 626080|0|0|13.74|    03/07/2018|89|R|||||||X||24|||X||||||||||||||
775158|0|R-VA090SC00618NB||||R-VA090SC00618NB|90-618|Holybush Rd|090|Surry County|090|Surry County|    90-626 N, Lebanon Rd| 626080|0|0|13.74|    90-610 Swanns Point Rd| 626031|0|0|15.74|    03/07/2018|95|R|||||||X||24|||X||||||||||||||
775159|0|R-VA090SC00619EB||||R-VA090SC00619EB|90-619|Grayland Dr|090|Surry County|090|Surry County|    Dead End| 626087|0|0|0|    90-618 Southwick Rd| 626081|0|0|.34|    03/07/2018|16|R|||||||X||24|||X||||||||||||||
775160|0|R-VA090SC00620EB||||R-VA090SC00620EB|90-620|Rocky Bottom Rd|090|Surry County|090|Surry County|    90-626 Lebanon Rd| 626088|0|0|0|    SR 31 Rolfe Hwy| 626089|0|0|1.18|    03/07/2018|65|R|||||||X||24|||X||||||||||||||
775161|0|R-VA090SC00621NB||||R-VA090SC00621NB|90-621|Aberdeen Rd|090|Surry County|090|Surry County|    Southampton County Line| 903010|0|0|0|    90-618 Southwick Rd| 626086|0|0|1|    03/07/2018|59|R|||||||X||24|||X||||||||||||||
775162|0|R-VA090SC00621NB||||R-VA090SC00621NB|90-621|Aberdeen Rd|090|Surry County|090|Surry County|    90-618 Southwick Rd| 626086|0|0|1|    90-617 White Marsh Rd| 626070|0|0|2.4|    03/07/2018|83|R|||||||X||24|||X||||||||||||||
775163|0|R-VA090SC00622NB||||R-VA090SC00622NB|90-622|Aberdeen Rd|090|Surry County|090|Surry County|    Isle of Wight County Line| 859025|0|0|0|    90-623 Mill Swamp Rd| 626093|0|0|1.32|    03/07/2018|55|R|||||||X||24|||X||||||||||||||
775164|0|R-VA090SC00622NB||||R-VA090SC00622NB|90-622|Aberdeen Rd|090|Surry County|090|Surry County|    90-623 Mill Swamp Rd| 626093|0|0|1.32|    90-617 E, White Marsh Rd| 626210|0|0|1.88|    03/07/2018|69|R|||||||X||24|||X||||||||||||||
400114|0|R-VA090SC00622NB||||R-VA090SC00622NB|90-622|Runnymeade Rd|090|Surry County|090|Surry County|    90-617 W, White Marsh Rd| 626073|0|0|3|    90-605 Walkers Rd| 626014|0|0|3.84|    01/01/2022|365|G|95|1|0|0|0|0|C|.1|6 |.51|351|G||||||||||||||
400115|0|R-VA090SC00622NB||||R-VA090SC00622NB|90-622|Runnymeade Rd|090|Surry County|090|Surry County|    90-605 Walkers Rd| 626014|0|0|3.84|    90-616 S, Golden Hill Rd| 626213|0|0|5.37|    01/01/2022|276|G|98|0|1|0|1|0|C|.12|6 |.58|265|G||||||||||||||
400116|0|R-VA090SC00622NB||||R-VA090SC00622NB|90-622|Runnymeade Rd|090|Surry County|090|Surry County|    90-616 S, Golden Hill Rd| 626213|0|0|5.37|    SR 31 Rolfe Hwy| 626090|0|0|7.85|    01/01/2022|293|G|99|0|0|0|0|0|C|.132|6 |.66|283|G||||||||||||||
775165|0|R-VA090SC00623NB||||R-VA090SC00623NB|90-623|Mill Swamp Rd|090|Surry County|090|Surry County|    Isle of Wight County Line| 859026|0|0|0|    90-622 Runnymeade Rd| 626093|0|0|1|    08/15/2018|42|R|||||||X||24|||X||||||||||||||
775166|0|R-VA090SC00624EB||||R-VA090SC00624EB|90-624|Southampton Rd|090|Surry County|090|Surry County|    90-617 White Marsh Rd| 626068|0|0|0|    Southampton County Line| 903011|0|0|2.5|    08/15/2018|177|R|||||||X||24|||X||||||||||||||
775167|0|R-VA090SC00625NB||||R-VA090SC00625NB|90-625|Bellevue Rd|090|Surry County|090|Surry County|    Isle of Wight County Line| 859027|0|0|0|    90-617 White Marsh Rd| 626074|0|0|1.62|    08/15/2018|122|R|||||||X||24|||X||||||||||||||
775168|0|R-VA090SC00626NB||||R-VA090SC00626NB|90-626|Bellevue Rd|090|Surry County|090|Surry County|    Isle of Wight County Line| 859028|0|0|0|    90-617 White Marsh Rd| 626075|0|0|1.57|    08/15/2018|106|R|||||||X||24|||X||||||||||||||
775169|0|R-VA090SC00626NB||||R-VA090SC00626NB|90-626|Belleview Rd|090|Surry County|090|Surry County|    90-617 White Marsh Rd| 626075|0|0|1.57|    90-616 E, Golden Hill Rd| 626215|0|0|4.86|    08/15/2018|130|R|||||||X||24|||X||||||||||||||
400117|0|R-VA090SC00626NB||||R-VA090SC00626NB|90-626|Beachland Rd|090|Surry County|090|Surry County|    90-616 E, Golden Hill Rd| 626215|0|0|4.86|    Physical Jurisdiction Boundary: 090 Surry County / 308 Town of Surry| 626100|0|0|8.32|    01/01/2022|276|G|88|0|11|0|1|0|C|.122|6 |.63|266|G||||||||||||||
400117|0|R-VA090SC00626NB||||R-VA090SC00626NB|90-626|Beachland Rd|308|Town of Surry|090|Surry County|    | 626100|0|0|8.32|    SR 10 S, Colonial Trail| 626214|0|0|8.67|    01/01/2022|276|G|88|0|11|0|1|0|C|.122|6 |.63|266|G||||||||||||||
400118|0|R-VA090SC00626NB||||R-VA090SC00626NB|90-626|Lebanon Rd|308|Town of Surry|090|Surry County|    SR 10 N, Colonial Trail| 626098|0|0|9.07|    Physical Jurisdiction Boundary: 308 Town of Surry / 090 Surry County| 626097|0|0|9.49|    01/01/2022|1497|G|97|1|2|0|0|0|C|.102|6 |.54|1442|G||||||||||||||
400118|0|R-VA090SC00626NB||||R-VA090SC00626NB|90-626|Lebanon Rd|090|Surry County|090|Surry County|    Jurisdiction Boundary: | 626097|0|0|9.49|    90-620 Rocky Bottom Rd| 626088|0|0|10.89|    01/01/2022|1497|G|97|1|2|0|0|0|C|.102|6 |.54|1442|G||||||||||||||
400119|0|R-VA090SC00626NB||||R-VA090SC00626NB|90-626|Lebanon Rd|090|Surry County|090|Surry County|    90-620 Rocky Bottom Rd| 626088|0|0|10.89|    90-618 N, Holybush Rd| 626080|0|0|11.82|    01/01/2022|622|G|95|1|2|0|0|0|C|.12|6 |.51|599|G||||||||||||||
775170|0|R-VA090SC00626NB||||R-VA090SC00626NB|90-626|Holybush Rd|090|Surry County|090|Surry County|    90-618 S, Holybush Rd; Southwick Rd| 626212|0|0|12.2|    90-610 Swanns Point Rd| 626030|0|0|16.17|    08/15/2018|112|R|||||||X||24|||X||||||||||||||
775171|0|R-VA090SC00626NB||||R-VA090SC00626NB|90-626|Holybush Rd|090|Surry County|090|Surry County|    90-610 Swanns Point Rd| 626030|0|0|16.17|    90-609 River Rd| 626027|0|0|16.87|    08/15/2018|119|R|||||||X||24|||X||||||||||||||
775172|0|R-VA090SC00626NB||||R-VA090SC00626NB|90-626|Holybush Rd|090|Surry County|090|Surry County|    90-609 River Rd| 626027|0|0|16.87|    90-646 Spring Grove Ave| 626094|0|0|19.67|    08/15/2018|76|R|||||||X||24|||X||||||||||||||
775173|0|R-VA090SC00627NB||||R-VA090SC00627NB|90-627|Mantura Rd|090|Surry County|090|Surry County|    Isle of Wight County Line| 859029|0|0|0|    SR 10 Colonial Trail| 626103|0|0|3.1|    08/15/2018|163|R|||||||X||24|||X||||||||||||||
775174|0|R-VA090SC00627NB||||R-VA090SC00627NB|90-627|Mantura Rd|090|Surry County|090|Surry County|    SR 10 Colonial Trail| 626103|0|0|3.1|    0.68 MW SR 10| 626103|0|.68|3.78|    08/15/2018|88|R|||||||X||24|||X||||||||||||||
775175|0|R-VA090SC00627NB||||R-VA090SC00627NB|90-627|Mantura Rd|090|Surry County|090|Surry County|    0.68 MW SR 10| 626103|0|.68|3.78|    1.00 MW SR 10| 626103|0|1|4.1|    08/15/2018|64|R|||||||X||24|||X||||||||||||||
775176|0|R-VA090SC00627NB||||R-VA090SC00627NB|90-627|Mantura Rd|090|Surry County|090|Surry County|    1.00 MW SR 10| 626103|0|1|4.1|    90-628 Burnt Mill Rd| 626102|0|0|4.3|    08/15/2018|169|R|||||||X||24|||X||||||||||||||
775177|0|R-VA090SC00628NB||||R-VA090SC00628NB|90-628|Burnt Mill Rd|090|Surry County|090|Surry County|    Isle of Wight County Line| 859030|0|0|0|    90-650 Hog Island Rd| 626104|0|0|1.754|    08/15/2018|1398|R|||||||X||24|||X||||||||||||||
775178|0|R-VA090SC00628NB||||R-VA090SC00628NB|90-628|Burnt Mill Rd|090|Surry County|090|Surry County|    90-650 Hog Island Rd| 626104|0|0|1.754|    90-617 Bacons Castle Terrace| 626077|0|0|1.9|    08/15/2018|816|R|||||||X||24|||X||||||||||||||
775179|0|R-VA090SC00629EB||||R-VA090SC00629EB|90-629|Terrapin Swamp Rd|090|Surry County|090|Surry County|    Sussex County Line| 906005|0|0|0|    90-617 White Marsh Rd| 626069|0|0|1.9|    02/21/2018|129|R|||||||X||24|||X||||||||||||||
775180|0|R-VA090SC00630NB||||R-VA090SC00630NB|90-630|Spatley Rd|090|Surry County|090|Surry County|    SR 31 Rolfe Hwy| 626106|0|0|0|    90-614 New Design Rd| 626054|0|0|1.43|    08/15/2018|98|R|||||||X||24|||X||||||||||||||
775181|0|R-VA090SC00630NB||||R-VA090SC00630NB|90-630|Mill Rd|090|Surry County|090|Surry County|    90-614 New Design Rd| 626054|0|0|1.43|    90-616 E, New Design Rd| 626217|0|0|3.14|    08/15/2018|21|R|||||||X||24|||X||||||||||||||
775182|0|R-VA090SC00630NB||||R-VA090SC00630NB|90-630|Mill Rd|090|Surry County|090|Surry County|    90-616 W, New Design Rd| 626059|0|0|3.54|    90-618 Southwick Rd| 626083|0|0|6.44|    08/15/2018|82|R|||||||X||24|||X||||||||||||||
775183|0|R-VA090SC00631NB||||R-VA090SC00631NB|90-631|Green Swamp Rd|090|Surry County|090|Surry County|    90-622 Runnymeade Rd| 626092|0|0|0|    Dead End| 626107|0|0|1.31|    08/15/2018|65|R|||||||X||24|||X||||||||||||||
775184|0|R-VA090SC00632NB||||R-VA090SC00632NB|90-632|Chapel Bottom Rd|090|Surry County|090|Surry County|    90-616 Golden Hill Rd| 626065|0|0|0|    SR 10 Colonial Trail| 626108|0|0|1.59|    02/21/2018|135|R|||||||X||24|||X||||||||||||||
775185|0|R-VA090SC00633EB||||R-VA090SC00633EB|90-633|Chippokes Farm Rd|090|Surry County|090|Surry County|    SR 10 Colonial Trail| 626109|0|0|0|    90-634 W, Highgate Rd| 626110|0|0|1.8|    02/21/2018|56|R|||||||X||24|||X||||||||||||||
400120|0|R-VA090SC00633EB||||R-VA090SC00633EB|90-633|Chippokes Farm Rd|090|Surry County|090|Surry County|    90-634 W, Highgate Rd| 626110|0|0|1.8|    90-634 E, Alliance Rd| 626219|0|0|2.068|    01/01/2022|464|G|97|0|1|1|0|0|C|.161|6 |.57|447|G||||||||||||||
775186|0|R-VA090SC00633EB||||R-VA090SC00633EB|90-633|Chippokes Farm Rd|090|Surry County|090|Surry County|    90-634 E, Alliance Rd| 626219|0|0|2.068|    90-783 Plantation Rd| 626111|0|0|3.46|    02/21/2018|64|R|||||||X||24|||X||||||||||||||
775187|0|R-VA090SC00633EB||||R-VA090SC00633EB|90-633|Chippokes Farm Rd|090|Surry County|090|Surry County|    90-783 Plantation Rd| 626111|0|0|3.46|    90-658 Chippokes State Park| 626112|0|0|3.52|    02/21/2018|89|R|||||||X||24|||X||||||||||||||
775188|0|R-VA090SC00633EB||||R-VA090SC00633EB|90-633|Chippokes Farm Rd|090|Surry County|090|Surry County|    90-658 Chippokes State Park| 626112|0|0|3.52|    Dead End| 626222|0|0|3.59|    02/21/2018|92|R|||||||X||24|||X||||||||||||||
775189|0|R-VA090SC00634EB||||R-VA090SC00634EB|90-634|Alliance Rd|090|Surry County|090|Surry County|    90-626 Beachland Rd| 730067|0|0|0|    0.74 ME 90-626 Beachland Rd| 730067|0|.74|.74|    08/13/2018|7|R|||||||X||24|||X||||||||||||||
775190|0|R-VA090SC00634EB||||R-VA090SC00634EB|90-634|Alliance Rd|090|Surry County|090|Surry County|    0.74 ME 90-626 Beachland Rd| 730067|0|.74|.74|    SR 10 N, Colonial Trail| 626220|0|0|1.44|    08/13/2018|129|R|||||||X||24|||X||||||||||||||
400121|0|R-VA090SC00634EB||||R-VA090SC00634EB|90-634|Alliance Rd|090|Surry County|090|Surry County|    SR 10 Mid, Colonial Trail| 626118|0|0|1.55|    90-636 Cobham Wharf Rd| 753013|0|0|2.99|    01/01/2022|798|G|95|1|1|1|1|0|C|.119|6 |.63|769|G||||||||||||||
400122|0|R-VA090SC00634EB||||R-VA090SC00634EB|90-634|Alliance Rd|090|Surry County|090|Surry County|    90-636 Cobham Wharf Rd| 753013|0|0|2.99|    90-637 Poplar Lawn Rd| 626116|0|0|3.99|    01/01/2022|326|G|91|1|3|3|1|0|C|.127|6 |.53|313|G||||||||||||||
400123|0|R-VA090SC00634EB||||R-VA090SC00634EB|90-634|Alliance Rd|090|Surry County|090|Surry County|    90-637 Poplar Lawn Rd| 626116|0|0|3.99|    90-665 Chippokes Park Rd| 626114|0|0|5.23|    01/01/2022|522|G|97|0|1|1|0|0|C|.139|6 |.68|504|G||||||||||||||
400124|0|R-VA090SC00634EB||||R-VA090SC00634EB|90-634|Alliance Rd|090|Surry County|090|Surry County|    90-665 Chippokes Park Rd| 626114|0|0|5.23|    90-633 E, Chippokes Farm Rd| 626219|0|0|6.19|    01/01/2022|464|G|96|1|1|1|0|0|C|.153|6 |.62|446|G||||||||||||||
400125|0|R-VA090SC00634EB||||R-VA090SC00634EB|90-634|Highgate Rd|090|Surry County|090|Surry County|    90-633 W, Chippokes Farm Rd| 626110|0|0|6.458|    SR 10 E, Colonial Trail| 753899|0|0|7.53|    01/01/2022|527|G|97|0|1|0|0|0|C|.141|6 |.63|508|G||||||||||||||
775191|0|R-VA090SC00635NB||||R-VA090SC00635NB|90-635|College Run Dr|090|Surry County|090|Surry County|    SR 10 Colonial Trail| 626119|0|0|0|    Dead End| 626120|0|0|1.2|    08/13/2018|105|R|||||||X||24|||X||||||||||||||
775192|0|R-VA090SC00636NB||||R-VA090SC00636NB|90-636|Cobham Wharf Rd|090|Surry County|090|Surry County|    90-634 Alliance Rd| 753013|0|0|0|    90-637 S, Poplar Lawn Rd| 626122|0|0|1.25|    02/27/2018|117|R|||||||X||24|||X||||||||||||||
775193|0|R-VA090SC00636NB||||R-VA090SC00636NB|90-636|Cobham Wharf Rd|090|Surry County|090|Surry County|    90-637 S, Poplar Lawn Rd| 626122|0|0|1.25|    90-637 N, Pleasant Point Rd| 626228|0|0|2.05|    02/27/2018|178|R|||||||X||24|||X||||||||||||||
775194|0|R-VA090SC00636NB||||R-VA090SC00636NB|90-636|Cobham Wharf Rd|090|Surry County|090|Surry County|    90-637 N, Pleasant Point Rd| 626228|0|0|2.05|    Dead End| 626229|0|0|2.45|    02/27/2018|110|R|||||||X||24|||X||||||||||||||
775195|0|R-VA090SC00637NB||||R-VA090SC00637NB|90-637|Poplar Lawn Rd|090|Surry County|090|Surry County|    90-634 Alliance Rd| 626116|0|0|0|    90-636 S, Cobham Wharf Rd| 626122|0|0|.89|    02/27/2018|568|R|||||||X||24|||X||||||||||||||
775196|0|R-VA090SC00637NB||||R-VA090SC00637NB|90-637|Pleasant Point Rd|090|Surry County|090|Surry County|    90-636 N, Cobham Wharf Rd| 626228|0|0|1.69|    90-652 Chanco Dr| 626123|0|0|3.122|    02/27/2018|209|R|||||||X||24|||X||||||||||||||
775197|0|R-VA090SC00637NB||||R-VA090SC00637NB|90-637|Pleasant Point Rd|090|Surry County|090|Surry County|    90-652 Chanco Dr| 626123|0|0|3.122|    90-656 Short Dr| 626124|0|0|3.13|    02/27/2018|92|R|||||||X||24|||X||||||||||||||
775198|0|R-VA090SC00637NB||||R-VA090SC00637NB|90-637|Pleasant Point Rd|090|Surry County|090|Surry County|    90-656 Short Dr| 626124|0|0|3.13|    SR 31 Rolfe Hwy| 626125|0|0|3.19|    02/27/2018|97|R|||||||X||24|||X||||||||||||||
775199|0|R-VA090SC00638NB||||R-VA090SC00638NB|90-638|Timberneck Rd|090|Surry County|090|Surry County|    SR 10 Colonial Trail| 626126|0|0|0|    Dead End| 626127|0|0|1.34|    06/26/2018|115|R|||||||X||24|||X||||||||||||||
775200|0|R-VA090SC00639EB||||R-VA090SC00639EB|90-639|Freemans Pond Rd|090|Surry County|090|Surry County|    Sussex County Line| 906006|0|0|0|    Southampton County Line| 903013|0|0|.6|    06/26/2018|131|R|||||||X||24|||X||||||||||||||
775201|0|R-VA090SC00640EB||||R-VA090SC00640EB|90-640|Crosscreek Trail|090|Surry County|090|Surry County|    90-618 Holybush Rd| 626079|0|0|0|    Dead End| 626128|0|0|1.05|    06/26/2018|16|R|||||||X||24|||X||||||||||||||
775202|0|R-VA090SC00641EB||||R-VA090SC00641EB|90-641|Smith Fort Lane|090|Surry County|090|Surry County|    Dead End| 626130|0|0|0|    SR 31 Rolfe Hwy| 626129|0|0|.22|    02/27/2018|7|R|||||||X||24|||X||||||||||||||
775203|0|R-VA090SC00642EB||||R-VA090SC00642EB|90-642|Cool Spring Rd|090|Surry County|090|Surry County|    Dead End| 626133|0|0|0|    Physical Jurisdiction Boundary: 090 Surry County / 191 Town of Claremont| 626132|0|0|.68|    08/14/2018|28|R|||||||X||24|||X||||||||||||||
775203|0|R-VA090SC00642EB||||R-VA090SC00642EB|90-642|Cool Spring Rd|191|Town of Claremont|090|Surry County|    Jurisdiction Boundary: 090 Surry County| 626132|0|0|.68|    90-1206 Flying Point Bridge Rd| 626131|0|0|1.13|    08/14/2018|28|R|||||||X||24|||X||||||||||||||
775204|0|R-VA090SC00643NB||||R-VA090SC00643NB|90-643|James St|207|Town of Dendron|090|Surry County|    SR 31 Rolfe Hwy| 626134|0|0|0|    NCL Dendron| 626135|0|0|.18|    08/23/2018|253|R|||||||X||24|||X||||||||||||||
775205|0|R-VA090SC00643NB||||R-VA090SC00643NB|90-643|James St|090|Surry County|090|Surry County|    NCL Dendron| 626135|0|0|.18|    90-614 New Design Rd| 626053|0|0|2.18|    08/23/2018|83|R|||||||X||24|||X||||||||||||||
775206|0|R-VA090SC00644EB||||R-VA090SC00644EB|90-644|Moorings Rd|090|Surry County|090|Surry County|    SR 31 Rolfe Hwy| 626136|0|0|0|    90-622 Runnymeade Rd| 626091|0|0|.9|    08/23/2018|56|R|||||||X||24|||X||||||||||||||
775207|0|R-VA090SC00645EB||||R-VA090SC00645EB|90-645|Milltown Rd|090|Surry County|090|Surry County|    90-615 Carsley Rd| 626057|0|0|0|    NCL Dendron| 626135|0|0|.82|    08/23/2018|177|R|||||||X||24|||X||||||||||||||
400126|0|R-VA090SC00646NB||||R-VA090SC00646NB|90-646|Swanns Point Rd/Spring Grove Rd|090|Surry County|090|Surry County|    SR 10 Colonial Trail| 626137|0|0|0|    90-610 Swanns Point Rd| 626029|0|0|.429|    01/01/2022|888|G|94|1|2|1|2|0|C|.111|6 |.57|856|G||||||||||||||
400127|0|R-VA090SC00646NB||||R-VA090SC00646NB|90-646|Spring Grove Ave|090|Surry County|090|Surry County|    90-610 Swanns Point Rd| 626029|0|0|.429|    Physical Jurisdiction Boundary: 090 Surry County / 191 Town of Claremont| 626138|0|0|3.74|    01/01/2022|492|G|94|1|1|1|3|0|C|.115|6 |.57|474|G||||||||||||||
400127|0|R-VA090SC00646NB||||R-VA090SC00646NB|90-646|Spring Grove Ave|191|Town of Claremont|090|Surry County|    | 626138|0|0|3.74|    90-613 Spring Grove Rd; Cabin Point Rd| 626042|0|0|3.94|    01/01/2022|492|G|94|1|1|1|3|0|C|.115|6 |.57|474|G||||||||||||||
775208|0|R-VA090SC00647EB||||R-VA090SC00647EB|90-647|Cypress Swamp Lane|090|Surry County|090|Surry County|    SR 40 Martin Luther King Hwy| 626139|0|0|0|    Dead End| 626140|0|0|2.2|    03/07/2018|67|R|||||||X||24|||X||||||||||||||
775209|0|R-VA090SC00648EB||||R-VA090SC00648EB|90-648|Gilpark Rd|090|Surry County|090|Surry County|    90-618 Southwick Rd| 626084|0|0|0|    SR 31 Rolfe Hwy| 626141|0|0|2.22|    08/23/2018|257|R|||||||X||24|||X||||||||||||||
775210|0|R-VA090SC00649EB||||R-VA090SC00649EB|90-649|River View Dr|090|Surry County|090|Surry County|    Dead End| 626143|0|0|0|    SR 31 Rolfe Hwy| 626142|0|0|.45|    08/23/2018|287|R|||||||X||24|||X||||||||||||||
775211|0|R-VA090SC00650NB||||R-VA090SC00650NB|90-650|Mount Ray Dr|090|Surry County|090|Surry County|    Dead End| 626144|0|0|0|    SR 10 Colonial Trail| 626145|0|0|1.2|    08/14/2018|837|R|||||||X||24|||X||||||||||||||
400128|0|R-VA090SC00650NB||||R-VA090SC00650NB|90-650|Hog Island Rd|090|Surry County|090|Surry County|    SR 10 Colonial Trail| 626145|0|0|1.2|    90-617 Bacons Castle Terrace| 626078|0|0|2.6|    01/01/2022|557|G|90|0|1|1|7|0|C|.218|6 |.87|537|G||||||||||||||
400129|0|R-VA090SC00650NB||||R-VA090SC00650NB|90-650|Hog Island Rd|090|Surry County|090|Surry County|    90-617 Bacons Castle Terrace| 626078|0|0|2.6|    Dead End| 626146|0|0|7.35|    01/01/2022|1836|G|98|0|0|0|1|0|C|.271|6 |.9|1769|G||||||||||||||
775212|0|R-VA090SC00651NB||||R-VA090SC00651NB|90-651|Gravel Pit Dr|090|Surry County|090|Surry County|    Dead End| 626147|0|0|0|    90-626 Holybush Rd| 626095|0|0|.35|    08/23/2018|27|R|||||||X||24|||X||||||||||||||
775213|0|R-VA090SC00652EB||||R-VA090SC00652EB|90-652|Chanco Dr|090|Surry County|090|Surry County|    90-637 Pleasant Point Rd| 626123|0|0|0|    Dead End| 626148|0|0|.13|    02/27/2018|64|R|||||||X||24|||X||||||||||||||
775214|0|R-VA090SC00653EB||||R-VA090SC00653EB|90-653|Edgar Lane|090|Surry County|090|Surry County|    90-616 Golden Hill Rd| 626064|0|0|0|    Dead End| 626218|0|0|.6|    08/23/2018|212|R|||||||X||24|||X||||||||||||||
775215|0|R-VA090SC00654NB||||R-VA090SC00654NB|90-654|Flying Point Rd|090|Surry County|090|Surry County|    90-613 Cabin Point Rd| 626040|0|0|0|    Dead End| 626235|0|0|1.2|    08/23/2018|40|R|||||||X||24|||X||||||||||||||
775216|0|R-VA090SC00655NB||||R-VA090SC00655NB|90-655|Saints Rd|090|Surry County|090|Surry County|    90-617 White Marsh Rd| 626072|0|0|0|    Dead End| 626216|0|0|.6|    03/07/2018|112|R|||||||X||24|||X||||||||||||||
775217|0|R-VA090SC00656NB||||R-VA090SC00656NB|90-656|Short Dr|090|Surry County|090|Surry County|    90-637 Pleasant Point Rd| 626124|0|0|0|    SR 31 Rolfe Hwy| 626149|0|0|.04|    08/16/2018|716|R|||||||X||24|||X||||||||||||||
775218|0|R-VA090SC00657EB||||R-VA090SC00657EB|90-657|Chestnut Farm Circle|090|Surry County|090|Surry County|    90-634 Alliance Rd| 626115|0|0|0|    Dead End| 626150|0|0|.24|    08/16/2018|52|R|||||||X||24|||X||||||||||||||
775219|0|R-VA090SC00658EB||||R-VA090SC00658EB|90-658|(Chippokes State Park)|090|Surry County|090|Surry County|    Line D| 626155|0|0|0|    Line A| 626153|0|0|.02|    08/16/2018|37|R|||||||X||24|||X||||||||||||||
775221|0|R-VA090SC00658EB||||R-VA090SC00658EB|90-658|(Chippokes State Park)|090|Surry County|090|Surry County|    Line E| 626154|0|0|.02|    Line A SOUTH| 626152|0|0|.13|    08/16/2018|21|R|||||||X||24|||X||||||||||||||
775222|0|R-VA090SC00658EB||||R-VA090SC00658EB|90-658|(Chippokes State Park)|090|Surry County|090|Surry County|    Line A| 626225|0|0|.13|    Loop NORTH| 626151|0|0|.21|    08/16/2018|4|R|||||||X||24|||X||||||||||||||
775223|0|R-VA090SC00658EB||||R-VA090SC00658EB|90-658|(Chippokes State Park)|090|Surry County|090|Surry County|    Dead End| 626224|0|0|.21|    End Line D| 626153|1|0|.49|    08/16/2018|26|R|||||||X||24|||X||||||||||||||
775225|0|R-VA090SC00658EB||||R-VA090SC00658EB|90-658|(Chippokes State Park)|090|Surry County|090|Surry County|    Begin Line E| 626154|1|.02|.49|    Begin Line D| 626153|1|.06|.55|    08/16/2018|16|R|||||||X||24|||X||||||||||||||
775226|0|R-VA090SC00658EB||||R-VA090SC00658EB|90-658|(Chippokes State Park)|090|Surry County|090|Surry County|    Begin Line D| 626153|1|.06|.55|    90-633 Chippokes Farm Rd| 626112|0|0|.59|    08/16/2018|13|R|||||||X||24|||X||||||||||||||
775227|0|R-VA090SC00658EB||||R-VA090SC00658EB|90-658|(Chippokes State Park)|090|Surry County|090|Surry County|    90-633 Chippokes Farm Rd| 626112|0|0|.59|    Begin Line F| 626112|0|.04|.63|    08/16/2018|8|R|||||||X||24|||X||||||||||||||
775228|0|R-VA090SC00658EB||||R-VA090SC00658EB|90-658|(Chippokes State Park)|090|Surry County|090|Surry County|    Begin Line F| 626112|0|.04|.63|    Dead End| 626223|0|0|.73|    08/16/2018|11|R|||||||X||24|||X||||||||||||||
775229|0|R-VA090SC00659EB||||R-VA090SC00659EB|90-659|Marina Rd|090|Surry County|090|Surry County|    Cul-de-Sac| 710367|0|0|0|    SR 31 Rolfe Hwy| 626156|0|0|.61|    02/27/2018|189|R|||||||X||24|||X||||||||||||||
775230|0|R-VA090SC00660NB||||R-VA090SC00660NB|90-660|Goodson Path|090|Surry County|090|Surry County|    SR 10 Colonial Trail| 626158|0|0|0|    Dead End| 626159|0|0|.3|    08/15/2018|216|R|||||||X||24|||X||||||||||||||
775231|0|R-VA090SC00661EB||||R-VA090SC00661EB|90-661|Pineview Rd|090|Surry County|090|Surry County|    SR 40 Martin Luther King Hwy| 626160|0|0|0|    Dead End| 626161|0|0|.08|    08/15/2018|147|R|||||||X||24|||X||||||||||||||
775232|0|R-VA090SC00662EB||||R-VA090SC00662EB|90-662|Melville Dr|090|Surry County|090|Surry County|    Dead End| 626230|0|0|0|    90-634 Alliance Rd| 753012|0|0|.65|    02/27/2018|132|R|||||||X||24|||X||||||||||||||
775233|0|R-VA090SC00663EB||||R-VA090SC00663EB|90-663|Tower Dr|090|Surry County|090|Surry County|    Dead End| 626164|0|0|0|    90-663 East Leg| 626163|0|0|.21|    03/07/2018|3|R|||||||X||24|||X||||||||||||||
775234|0|R-VA090SC00663EB||||R-VA090SC00663EB|90-663|Tower Dr|090|Surry County|090|Surry County|    Dead End| 626163|0|0|.21|    SR 31 Rolfe Hwy| 626162|0|0|.38|    03/07/2018|10|R|||||||X||24|||X||||||||||||||
775235|0|R-VA090SC00665NB||||R-VA090SC00665NB|90-665|Chippokes Park Rd|090|Surry County|090|Surry County|    90-634 Alliance Rd| 626114|0|0|0|    90-783 Plantation Rd| 626165|0|0|.58|    03/07/2018|60|R|||||||X||24|||X||||||||||||||
775236|0|R-VA090SC00665NB||||R-VA090SC00665NB|90-665|Chippokes Park Rd|090|Surry County|090|Surry County|    90-783 Plantation Rd| 626165|0|0|.58|    Dead End| 626227|0|0|.77|    03/07/2018|67|R|||||||X||24|||X||||||||||||||
775237|0|R-VA090SC00666NB||||R-VA090SC00666NB|90-666|Elberon Heights Rd|090|Surry County|090|Surry County|    Cul-de-Sac| 626167|0|0|0|    SR 31 Rolfe Hwy| 626166|0|0|.12|    03/07/2018|89|R|||||||X||24|||X||||||||||||||
775238|0|R-VA090SC00670EB||||R-VA090SC00670EB|90-670|Surry Village Dr|090|Surry County|090|Surry County|    Dead End| 626231|0|0|0|    90-626 Lebanon Rd| 626096|0|0|.1|    02/21/2018|896|R|||||||X||24|||X||||||||||||||
775239|0|R-VA090SC00674NB||||R-VA090SC00674NB|90-674|Spring Water Dr|090|Surry County|090|Surry County|    SR 40 Martin Luther King Hwy| 626262|0|0|0|    Dead End| 717963|0|0|.18|    08/15/2018|58|R|||||||X||24|||X||||||||||||||
797679|0|R-VA090SC00680NB||||R-VA090SC00680NB|90-680|Commerce Dr|090|Surry County|090|Surry County|    Cul-de-Sac| 752892|0|0|0|    SR 10 Colonial Trail| 626158|0|0|.4|    02/21/2018|296|R|||||||X||24|||X||||||||||||||
775240|0|R-VA090SC00684NB||||R-VA090SC00684NB|90-684|Mullet Dr|090|Surry County|090|Surry County|    Isle of Wight County Line| 859034|0|0|0|    Dead End| 626168|0|0|.35|    02/21/2018|137|R|||||||X||24|||X||||||||||||||
775241|0|R-VA090SC00700EB||||R-VA090SC00700EB|90-700|Rolfe Court|090|Surry County|090|Surry County|    SR 31 Rolfe Hwy| 702858|0|0|0|    SR 31 Rolfe Hwy| 702859|0|0|.27|    02/21/2018|57|R|||||||X||24|||X||||||||||||||
775242|0|R-VA090SC00783EB||||R-VA090SC00783EB|90-783|Plantation Rd|090|Surry County|090|Surry County|    90-665 Chippokes Park Rd| 626165|0|0|0|    Dead End| 626226|0|0|1.4|    02/21/2018|42|R|||||||X||24|||X||||||||||||||
775243|0|R-VA090SC01001NB||||R-VA090SC01001NB|90-1001|Bank St|308|Town of Surry|090|Surry County|    90-626 Beachland Rd| 626099|0|0|0|    90-1002 School St| 626170|0|0|.11|    02/21/2018|332|R|||||||X||24|||X||||||||||||||
775244|0|R-VA090SC01001NB||||R-VA090SC01001NB|90-1001|Bank St|308|Town of Surry|090|Surry County|    90-1002 School St| 626170|0|0|.11|    SR 10 Colonial Trail| 626169|0|0|.43|    02/21/2018|173|R|||||||X||24|||X||||||||||||||
775245|0|R-VA090SC01002EB||||R-VA090SC01002EB|90-1002|School St|308|Town of Surry|090|Surry County|    SR 10 Colonial Trail| 626171|0|0|0|    90-1001 Bank St| 626170|0|0|.14|    02/21/2018|112|R|||||||X||24|||X||||||||||||||
775246|0|R-VA090SC01002EB||||R-VA090SC01002EB|90-1002|School St|308|Town of Surry|090|Surry County|    90-1001 Bank St| 626170|0|0|.14|    Dead End| 626173|0|0|.37|    02/21/2018|32|R|||||||X||24|||X||||||||||||||
775247|0|R-VA090SC01003NB||||R-VA090SC01003NB|90-1003|Church St|308|Town of Surry|090|Surry County|    90-1002 School St| 626172|0|0|0|    90-1004 Oak St| 626174|0|0|.14|    02/21/2018|94|R|||||||X||24|||X||||||||||||||
775248|0|R-VA090SC01003NB||||R-VA090SC01003NB|90-1003|Church St|308|Town of Surry|090|Surry County|    90-1004 Oak St| 626174|0|0|.14|    90-1005 Academy St| 626175|0|0|.21|    02/21/2018|136|R|||||||X||24|||X||||||||||||||
775249|0|R-VA090SC01003NB||||R-VA090SC01003NB|90-1003|Church St|308|Town of Surry|090|Surry County|    90-1005 Academy St| 626175|0|0|.21|    SR 10 Colonial Trail| 626176|0|0|.28|    02/21/2018|159|R|||||||X||24|||X||||||||||||||
775250|0|R-VA090SC01004EB||||R-VA090SC01004EB|90-1004|Oak St|308|Town of Surry|090|Surry County|    SR 10 Colonial Trail| 626177|0|0|0|    90-1003 Church St| 626174|0|0|.03|    02/21/2018|113|R|||||||X||24|||X||||||||||||||
796365|0|R-VA090SC01006EB||||R-VA090SC01006EB|90-1006|Connie Dr|308|Town of Surry|090|Surry County|    SR 10 Colonial Trail| 750407|0|0|0|    Cul-de-Sac| 750408|0|0|.09|    02/21/2018|134|R|||||||X||24|||X||||||||||||||
775252|0|R-VA090SC01010NB||||R-VA090SC01010NB|90-1010|Enos Farm Dr|090|Surry County|090|Surry County|    SR 10 Colonial Trail| 626254|0|0|0|    Cul-de-Sac| 717962|0|0|.41|    02/21/2018|137|R|||||||X||24|||X||||||||||||||
797680|0|R-VA090SC01020NB||||R-VA090SC01020NB|90-1020|Blue Heron Dr|090|Surry County|090|Surry County|    SR 31 Rolfe Hwy| 752963|0|0|0|    Dead End| 752964|0|0|.55|    02/27/2018|179|R|||||||X||24|||X||||||||||||||
797681|0|R-VA090SC01021EB||||R-VA090SC01021EB|90-1021|Stanley Ct|090|Surry County|090|Surry County|    90-1020 Blue Heron Dr| 752965|0|0|0|    Dead End| 752967|0|0|.2|    02/27/2018|62|R|||||||X||24|||X||||||||||||||
797682|0|R-VA090SC01022EB||||R-VA090SC01022EB|90-1022|Cecelia Ct|090|Surry County|090|Surry County|    Dead End| 752969|0|0|0|    90-1020 Blue Heron Dr| 752965|0|0|.13|    02/27/2018|18|R|||||||X||24|||X||||||||||||||
797683|0|R-VA090SC01023EB||||R-VA090SC01023EB|90-1023|Beverly Ct|090|Surry County|090|Surry County|    Dead End| 752968|0|0|0|    90-1020 Blue Heron Dr| 752966|0|0|.19|    02/27/2018|82|R|||||||X||24|||X||||||||||||||
798727|0|R-VA090SC01030EB||||R-VA090SC01030EB|90-1030| |090|Surry County|090|Surry County|    90-634 Highgate Rd| 753901|0|0|0|    Dead End| 753903|0|0|.1|    10/29/2018|26|R|||||||X||24|||X||||||||||||||
798728|0|R-VA090SC01035EB||||R-VA090SC01035EB|90-1035|Tappahanna Hundred|090|Surry County|090|Surry County|    Cul-de-Sac| 753530|0|0|0|    SR 31 Rolfe Hwy| 626256|0|0|.62|    02/27/2018|36|R|||||||X||24|||X||||||||||||||
775253|0|R-VA090SC01101NB||||R-VA090SC01101NB|90-1101|First Church St|207|Town of Dendron|090|Surry County|    SR 31 Rolfe Hwy| 626179|0|0|0|    90-1107 Liberty St| 626180|0|0|.2|    02/21/2018|124|R|||||||X||24|||X||||||||||||||
775254|0|R-VA090SC01102NB||||R-VA090SC01102NB|90-1102|Faison St|207|Town of Dendron|090|Surry County|    SR 31 Rolfe Hwy| 626181|0|0|0|    90-1107 Liberty St| 626182|0|0|.2|    02/21/2018|112|R|||||||X||24|||X||||||||||||||
775255|0|R-VA090SC01103NB||||R-VA090SC01103NB|90-1103|Devany St|207|Town of Dendron|090|Surry County|    90-1106 Railroad Ave| 626184|0|0|0|    SR 31 Rolfe Hwy| 626183|0|0|.1|    02/21/2018|38|R|||||||X||24|||X||||||||||||||
775256|0|R-VA090SC01104NB||||R-VA090SC01104NB|90-1104|Park Ave|207|Town of Dendron|090|Surry County|    Dead End| 626187|0|0|0|    90-1106 Railroad Ave| 626186|0|0|.15|    02/21/2018|48|R|||||||X||24|||X||||||||||||||
775257|0|R-VA090SC01104NB||||R-VA090SC01104NB|90-1104|Park Ave|207|Town of Dendron|090|Surry County|    90-1106 Railroad Ave| 626186|0|0|.15|    SR 31 Rolfe Hwy| 626185|0|0|.3|    02/21/2018|159|R|||||||X||24|||X||||||||||||||
775258|0|R-VA090SC01105NB||||R-VA090SC01105NB|90-1105|Smith St|207|Town of Dendron|090|Surry County|    90-1106 Railroad Ave| 626189|0|0|0|    SR 31; 90-9401| 626188|0|0|.2|    02/21/2018|218|R|||||||X||24|||X||||||||||||||
775259|0|R-VA090SC01106EB||||R-VA090SC01106EB|90-1106|Railroad Ave|207|Town of Dendron|090|Surry County|    WCL Dendron| 626190|0|0|0|    90-1105 Smith St| 626189|0|0|.35|    02/21/2018|118|R|||||||X||24|||X||||||||||||||
775260|0|R-VA090SC01106EB||||R-VA090SC01106EB|90-1106|Railroad Ave|207|Town of Dendron|090|Surry County|    90-1105 Smith St| 626189|0|0|.35|    90-1104 Park Ave| 626186|0|0|.867|    02/21/2018|123|R|||||||X||24|||X||||||||||||||
775261|0|R-VA090SC01106EB||||R-VA090SC01106EB|90-1106|Railroad Ave|207|Town of Dendron|090|Surry County|    90-1104 Park Ave| 626186|0|0|.867|    90-1103 Devany St| 626184|0|0|1.02|    02/21/2018|81|R|||||||X||24|||X||||||||||||||
775262|0|R-VA090SC01107EB||||R-VA090SC01107EB|90-1107|Liberty St|207|Town of Dendron|090|Surry County|    SR 31 Rolfe Hwy| 626191|0|0|0|    90-1101 First Church St| 626180|0|0|.25|    02/21/2018|118|R|||||||X||24|||X||||||||||||||
775263|0|R-VA090SC01107EB||||R-VA090SC01107EB|90-1107|Liberty St|207|Town of Dendron|090|Surry County|    90-1101 First Church St| 626180|0|0|.25|    90-1102 Faison St| 626182|0|0|.4|    02/21/2018|111|R|||||||X||24|||X||||||||||||||
775264|0|R-VA090SC01107EB||||R-VA090SC01107EB|90-1107|Liberty St|207|Town of Dendron|090|Surry County|    90-1102 Faison St| 626182|0|0|.4|    90-630 Spatley Rd| 626105|0|0|.9|    02/21/2018|78|R|||||||X||24|||X||||||||||||||
775265|0|R-VA090SC01108NB||||R-VA090SC01108NB|90-1108|Bradley St|207|Town of Dendron|090|Surry County|    SR 31 Rolfe Hwy| 626192|0|0|0|    Dead End| 626193|0|0|.03|    02/21/2018|62|R|||||||X||24|||X||||||||||||||
775266|0|R-VA090SC01201NB||||R-VA090SC01201NB|90-1201|Old Church St|191|Town of Claremont|090|Surry County|    SCL Claremont| 626195|0|0|0|    90-1215 Pennsylvania Ave| 626194|0|0|.1|    02/21/2018|78|R|||||||X||24|||X||||||||||||||
775267|0|R-VA090SC01201NB||||R-VA090SC01201NB|90-1201|Old Church St|191|Town of Claremont|090|Surry County|    90-1215 Pennsylvania Ave| 626194|0|0|.1|    90-613 Spring Grove Rd| 626043|0|0|.32|    02/21/2018|137|R|||||||X||24|||X||||||||||||||
775268|0|R-VA090SC01202EB||||R-VA090SC01202EB|90-1202|Villa Rd|191|Town of Claremont|090|Surry County|    90-613 Mancha Ave| 626051|0|0|0|    Dead End| 626236|0|0|.44|    03/07/2018|138|R|||||||X||24|||X||||||||||||||
775269|0|R-VA090SC01203EB||||R-VA090SC01203EB|90-1203|Spring Grove Rd|191|Town of Claremont|090|Surry County|    90-1207 Cool Spring Rd| 626198|0|0|0|    90-1216 Montclare Rd| 626197|0|0|.46|    03/07/2018|136|R|||||||X||24|||X||||||||||||||
775270|0|R-VA090SC01203EB||||R-VA090SC01203EB|90-1203|Spring Grove Rd|191|Town of Claremont|090|Surry County|    90-1216 Montclare Rd| 626197|0|0|.46|    90-609 River Rd| 626020|0|0|.5|    03/07/2018|96|R|||||||X||24|||X||||||||||||||
775271|0|R-VA090SC01203EB||||R-VA090SC01203EB|90-1203|Spring Grove Rd|191|Town of Claremont|090|Surry County|    90-609 River Rd| 626020|0|0|.5|    90-613 Mancha Ave; Spring Grove Rd| 626050|0|0|.64|    03/07/2018|145|R|||||||X||24|||X||||||||||||||
775272|0|R-VA090SC01204NB||||R-VA090SC01204NB|90-1204|Sloope Point Rd|191|Town of Claremont|090|Surry County|    90-609 River Rd| 626025|0|0|0|    Dead End| 717950|0|0|.23|    03/07/2018|98|R|||||||X||24|||X||||||||||||||
775273|0|R-VA090SC01205EB||||R-VA090SC01205EB|90-1205|Bethany Ave|191|Town of Claremont|090|Surry County|    Dead End| 626238|0|0|0|    90-613 Spring Grove Rd| 626045|0|0|.31|    03/07/2018|127|R|||||||X||24|||X||||||||||||||
775274|0|R-VA090SC01206EB||||R-VA090SC01206EB|90-1206|Flying Point Bridge Rd|191|Town of Claremont|090|Surry County|    Dead End| 626199|0|0|0|    90-642; 90-1207 Cool Spring Rd| 626131|0|0|.75|    02/22/2018|65|R|||||||X||24|||X||||||||||||||
775275|0|R-VA090SC01207EB||||R-VA090SC01207EB|90-1207|Cool Spring Rd|191|Town of Claremont|090|Surry County|    90-642; 90-1206 Flying Point Rd| 626131|0|0|0|    90-1203 Spring Grove Rd| 626198|0|0|.3|    02/22/2018|67|R|||||||X||24|||X||||||||||||||
775276|0|R-VA090SC01208EB||||R-VA090SC01208EB|90-1208|Mystic Ave|191|Town of Claremont|090|Surry County|    90-613 Spring Grove Rd| 626049|0|0|0|    90-609 River Rd| 626023|0|0|.1|    02/22/2018|155|R|||||||X||24|||X||||||||||||||
775277|0|R-VA090SC01209EB||||R-VA090SC01209EB|90-1209|Dillard St|191|Town of Claremont|090|Surry County|    90-613 Spring Grove Rd| 626048|0|0|0|    90-609 River Rd| 626024|0|0|.1|    02/22/2018|167|R|||||||X||24|||X||||||||||||||
775278|0|R-VA090SC01210EB||||R-VA090SC01210EB|90-1210|Atlantic Ave|191|Town of Claremont|090|Surry County|    Dead End| 626239|0|0|0|    90-1214 Roysue St| 626200|0|0|.09|    02/22/2018|8|R|||||||X||24|||X||||||||||||||
775279|0|R-VA090SC01210EB||||R-VA090SC01210EB|90-1210|Atlantic Ave|191|Town of Claremont|090|Surry County|    90-1214 Roysue St| 626200|0|0|.09|    90-613 Spring Grove Rd| 626046|0|0|.17|    02/22/2018|45|R|||||||X||24|||X||||||||||||||
775280|0|R-VA090SC01211EB||||R-VA090SC01211EB|90-1211|Aldrich Ave|191|Town of Claremont|090|Surry County|    Dead End| 626240|0|0|0|    0.10 ME Dead End| 626240|0|.1|.1|    02/22/2018|22|R|||||||X||24|||X||||||||||||||
775281|0|R-VA090SC01211EB||||R-VA090SC01211EB|90-1211|Aldrich Ave|191|Town of Claremont|090|Surry County|    0.10 ME Dead End| 626240|0|.1|.1|    90-1214 Roysue St| 626201|0|0|.27|    02/22/2018|42|R|||||||X||24|||X||||||||||||||
775282|0|R-VA090SC01211EB||||R-VA090SC01211EB|90-1211|Aldrich Ave|191|Town of Claremont|090|Surry County|    90-1214 Roysue St| 626201|0|0|.27|    90-613 Spring Grove Rd| 626047|0|0|.35|    02/22/2018|71|R|||||||X||24|||X||||||||||||||
775283|0|R-VA090SC01212EB||||R-VA090SC01212EB|90-1212|Virginia Ave|191|Town of Claremont|090|Surry County|    90-609 River Rd| 626021|0|0|0|    Dead End| 626241|0|0|.35|    02/22/2018|186|R|||||||X||24|||X||||||||||||||
775284|0|R-VA090SC01213EB||||R-VA090SC01213EB|90-1213|Minnesota Ave|191|Town of Claremont|090|Surry County|    0.11 MW 90-613 Spring Grove Rd| 626242|0|0|0|    90-613 Spring Grove Rd| 626044|0|0|.11|    02/22/2018|53|R|||||||X||24|||X||||||||||||||
775285|0|R-VA090SC01213EB||||R-VA090SC01213EB|90-1213|Minnesota Ave|191|Town of Claremont|090|Surry County|    90-613 Spring Grove Rd| 626044|0|0|.11|    Dead End| 626243|0|0|.31|    02/22/2018|31|R|||||||X||24|||X||||||||||||||
775286|0|R-VA090SC01214NB||||R-VA090SC01214NB|90-1214|Roysue St|191|Town of Claremont|090|Surry County|    90-1210 Atlantic Ave| 626200|0|0|0|    90-1211 Aldrich Ave| 626201|0|0|.05|    02/22/2018|12|R|||||||X||24|||X||||||||||||||
775287|0|R-VA090SC01215EB||||R-VA090SC01215EB|90-1215|Pennsylvania Ave|191|Town of Claremont|090|Surry County|    90-1201 Old Church St| 626194|0|0|0|    Dead End| 626244|0|0|.36|    02/22/2018|65|R|||||||X||24|||X||||||||||||||
775288|0|R-VA090SC01216EB||||R-VA090SC01216EB|90-1216|Montclare Rd|191|Town of Claremont|090|Surry County|    90-1203 Spring Grove Rd| 626197|0|0|0|    Dead End| 626202|0|0|.25|    02/22/2018|53|R|||||||X||24|||X||||||||||||||
775289|0|R-VA090SC01217EB||||R-VA090SC01217EB|90-1217|Eagle Bluff Rd|191|Town of Claremont|090|Surry County|    90-1204 Sloope Point Rd| 717950|0|0|0|    Dead End| 721818|0|0|.3|    03/07/2018|56|R|||||||X||24|||X||||||||||||||
775290|0|R-VA090SC01220NB||||R-VA090SC01220NB|90-1220|Villa Rd|191|Town of Claremont|090|Surry County|    90-1202 Villa Rd| 626196|0|0|0|    Dead End| 626245|0|0|.03|    03/07/2018|73|R|||||||X||24|||X||||||||||||||
775291|0|R-VA090SC09401NB||||R-VA090SC09401NB|90-9401| |207|Town of Dendron|090|Surry County|    SR 31 Rolfe Hwy| 626203|0|0|0|    L P Jackson School| 626188|0|0|.15|    03/07/2018|8|R|||||||X||24|||X||||||||||||||
775292|0|R-VA090SC09404EB||||R-VA090SC09404EB|90-9404| |090|Surry County|090|Surry County|    Surry High School| 626205|0|0|0|    90-618 Southwick Rd| 626204|0|0|.21|    03/07/2018|259|R|||||||X||24|||X||||||||||||||
