sep=|
- - 2022 AADT Report for Town of Purcellville - -
LINKID|SEQUENCENUMBER|RTE_NM|RTE_NM_2|RTE_NM_3|RTE_NM_4|Host RTE_NM|Route Label|Street Name|Physical Jurisdiction|Physical Jurisdiciton Name|Maintenance Jurisdiction|Maintenance Jurisdiciton Name|    Start Label|Start Node|Start Node Route Sequence|Star tOffset|Start Milepoint|    End Label|End Node|End Node Route Sequence|End Offset|End Milepoint|    VPDDate|AADT|AADT Quality|Passenger Vehicle|Bus|Truck 2 Axle|Truck 3 Axle|Truck 1 Trailer|Truck 2 Trailer|Class Quality|K Factor|K Factor Quality|Direction Factor|AAWDT|AAWDT Quality|AADT Dir|AADT Quality Dir|PassengerVehicle Dir|Bus Dir|Truck 2 Axle Dir|Truck 3 Axle Dir|Truck 1 Trailer Dir|Truck 2 Trailer Dir|Class Quality Dir|K Factor Dir|K Factor Quality Dir|Direction Factor Dir|AAWDT Dir|AAWDT Quality Dir
796847|0|R-VA   FR00962NB||||R-VA   FR00962NB|FR 962|Hirst Rd|286|Town of Purcellville|053|Loudoun County|    SR 287 Berlin Tpke| 703620|0|0|0|    SCL Purcellville| 736624|0|0|1.05|    01/01/2022|9753|G|95|1|2|1|1|0|C|.094|6 |.54|10319|G||||||||||||||
090281|0|R-VA   SR00007EB||||R-VA   SR00007EB|VA 7|Harry Flood Byrd Hwy|286|Town of Purcellville|053|Loudoun County|    | 736608|0|0|26.13|    Physical Jurisdiction Boundary: 286 Town of Purcellville / 053 Loudoun County| 736609|0|0|27.07|    01/01/2022|38567|G|96|1|1|1|2|0|F|.096|6 |.79|43118|G||||||||||||||
190143|0|R-VA   SR00007EBBUS003||||R-VA   SR00007EBBUS003|BUS VA 7|Loudoun Street East|286|Town of Purcellville|053|Loudoun County|    | 736612|0|0|2.78|    SR 287 Berlin Tpke| 429738|0|0|4.84|    01/01/2022|11622|G|97|0|1|1|0|0|C|.107|6 |.61|12293|G||||||||||||||
190144|0|R-VA   SR00007EBBUS003||||R-VA   SR00007EBBUS003|BUS VA 7|Colonial Highway|286|Town of Purcellville|053|Loudoun County|    SR 287 Berlin Tpke| 429738|0|0|4.84|    Physical Jurisdiction Boundary: 286 Town of Purcellville / 053 Loudoun County| 744728|0|0|4.91|    01/01/2022|8512|G|97|0|1|1|0|0|F|.096|6 |.59|9004|G||||||||||||||
090007|0|R-VA   SR00287NB||||R-VA   SR00287NB|VA 287|Berlin Tpke|286|Town of Purcellville|053|Loudoun County|    Bus SR 7| 429738|0|0|0|    Physical Jurisdiction Boundary: 286 Town of Purcellville / 053 Loudoun County| 736621|0|0|.55|    01/01/2022|6130|G|95|1|2|1|1|0|C|.092|6 |.53|6015|G||||||||||||||
750970|0|S-VA053PR E E ST||||S-VA053PR E E ST|E E St|East E St|286|Town of Purcellville|286|Town of Purcellville|    286-6, 20th St| 428050|0|0|0|    286-15, East G St| 429206|0|0|.27|    01/01/2022|758|G|||||||X|.124|6 |.83|758|G||||||||||||||
200574|0|S-VA053PR WASHINGTON & OLD DOMINION TRL||||S-VA053PR WASHINGTON & OLD DOMINION TRL|Washington & Old Dominion Trl|Washington and Old Dominion Trail|286|Town of Purcellville|   ||    Physical Jurisdiction Boundary: 053 Loudoun County|1273413|0|0|21.87|    53-690 21st St|1273380|0|0|23.39|    01/01/2022||X|||||||X||24|||X||||||||||||||
749806|0|S-VA286PR 20TH ST S||||S-VA286PR 20TH ST S|20th St S|20th St|286|Town of Purcellville|286|Town of Purcellville|    Bus SR 7 W, Main St| 428052|0|0|0|    53-1608, E St| 428050|0|0|.34|    01/01/2022|2112|G|96|2|1|0|0|0|F|.12|6 |.54|2240|G||||||||||||||
749805|0|S-VA286PR 20TH ST S||||S-VA286PR 20TH ST S|20th St S|20th St|286|Town of Purcellville|286|Town of Purcellville|    53-1608, E St| 428050|0|0|.34|    53-1610, A St| 428049|0|0|.67|    01/01/2022|2518|G|96|2|1|0|0|0|C|.126|6 |.63|2671|G||||||||||||||
793637|0|S-VA286PR 20TH ST S||||S-VA286PR 20TH ST S|20th St S|Telegraph Springs Rd|286|Town of Purcellville|286|Town of Purcellville|    53-1610, A St| 428049|0|0|.67|    SCL Purcellville| 744740|0|0|1.15|    01/01/2022|1910|G|97|1|1|1|0|0|C|.097|6 |.5|2022|G||||||||||||||
750974|0|S-VA286PR A ST||||S-VA286PR A ST|A St|East A St|286|Town of Purcellville|286|Town of Purcellville|    286-6, 20th St; Telegraph Springs Rd| 428049|0|0|.63|    53-722 Lincoln Rd, SCL Purcellville| 428461|0|0|1.13|    01/01/2022|5023|G|97|1|1|1|0|0|C|.102|6 |.56|5316|G||||||||||||||
793158|0|S-VA286PR ASHLEIGH RD||||S-VA286PR ASHLEIGH RD|Ashleigh Rd|Ashleigh Rd|286|Town of Purcellville|286|Town of Purcellville|    286-26 N Nichols Place| 743248|0|0|0|    21st St| 743247|0|0|.16|    01/01/2022|1157|G|||||||X|.13|6 |.83|1157|G||||||||||||||
793153|0|S-VA286PR BOLLINGBROOK CT||||S-VA286PR BOLLINGBROOK CT|Bollingbrook Ct|Bolingbrook Court|286|Town of Purcellville|286|Town of Purcellville|    286-26 Glenmeade Circle| 743258|0|0|0|    Cul-de-Sac| 743259|0|0|.05|    01/01/2011|55|T|||||||X||24|||X||||||||||||||
793150|0|S-VA286PR BURNLEIGH CT||||S-VA286PR BURNLEIGH CT|Burnleigh Ct|Burnleigh Court|286|Town of Purcellville|286|Town of Purcellville|    286-26 Glenmeade Circle| 743257|0|0|0|    Cul-de-Sac| 743261|0|0|.08|    01/01/2011|90|T|||||||X||24|||X||||||||||||||
798886|0|S-VA286PR COUNTRY CLUB DR||||S-VA286PR COUNTRY CLUB DR|Country Club Dr|W. Country Club Dr|286|Town of Purcellville|286|Town of Purcellville|    N Nichols Place| 429652|0|0|0|    Cul-de-Sac| 429201|0|0|.279|    01/01/2022|62|G|||||||X|.199|6 |.53|62|G||||||||||||||
750965|0|S-VA286PR COUNTRY CLUB DR||||S-VA286PR COUNTRY CLUB DR|Country Club Dr|W Country Club Dr|286|Town of Purcellville|286|Town of Purcellville|    286-26 Glenmeade Circle| 429201|0|0|.279|    286-9, 33rd St N| 429651|0|0|.372|    01/01/2022|170|G|||||||X|.164|6 |.59|170|G||||||||||||||
751046|0|S-VA286PR D ST||||S-VA286PR D ST|D St|East D St|286|Town of Purcellville|286|Town of Purcellville|    286-6, 20th St| 713800|0|0|0|    Cul-de-Sac| 713801|0|0|.25|    01/01/2022|71|G|||||||X|.125|6 |.56|71|G||||||||||||||
793159|0|S-VA286PR DRESDEN CT||||S-VA286PR DRESDEN CT|Dresden Ct|Dresden Court|286|Town of Purcellville|286|Town of Purcellville|    286-29 Ashleigh Rd| 743249|0|0|0|    Cul-de-Sac| 743250|0|0|.04|    01/01/2011|40|T|||||||X||24|||X||||||||||||||
793156|0|S-VA286PR DUNRIDGE CT||||S-VA286PR DUNRIDGE CT|Dunridge Ct|Dunridge Court|286|Town of Purcellville|286|Town of Purcellville|    286-26 Glenmeade Circle| 743252|0|0|0|    Cul-de-Sac| 743255|0|0|.05|    01/01/2011|50|T|||||||X||24|||X||||||||||||||
750969|0|S-VA286PR G ST||||S-VA286PR G ST|G St|East G St|286|Town of Purcellville|286|Town of Purcellville|    286-6, 20th St| 428051|0|0|0|    286-8, Maple Ave S| 428460|0|0|.6|    01/01/2022|320|G|||||||X|.136|6 |.75|320|G||||||||||||||
795928|0|S-VA286PR GLENMEADE CIR||||S-VA286PR GLENMEADE CIR|Glenmeade Cir|N Nichols Place|286|Town of Purcellville|286|Town of Purcellville|    W Country Club Dr| 743251|0|0|.038|    286-29 Ashleigh Rd| 743248|0|0|.056|    01/01/2022|284|G|||||||X|.106|6 |.56|284|G||||||||||||||
795927|0|S-VA286PR GLENMEADE CIR||||S-VA286PR GLENMEADE CIR|Glenmeade Cir|Glenmeade Circle|286|Town of Purcellville|286|Town of Purcellville|    286-29 Ashleigh Rd| 743248|0|0|.056|    286-27 Kinloch Ct; 286-28 Dunridge Court| 743252|0|0|.104|    01/01/2022|435|G|||||||X|.107|6 |.65|435|G||||||||||||||
793154|0|S-VA286PR GLENMEADE CIR||||S-VA286PR GLENMEADE CIR|Glenmeade Cir|Glenmeade Circle|286|Town of Purcellville|286|Town of Purcellville|    286-27 Kinloch Ct; 286-28 Dunridge Ct| 743252|0|0|.104|    286-34 Rockburn Ct| 743253|0|0|.164|    01/01/2022|367|G|||||||X|.118|6 |.63|367|G||||||||||||||
795929|0|S-VA286PR GLENMEADE CIR||||S-VA286PR GLENMEADE CIR|Glenmeade Cir|Glenmeade Circle|286|Town of Purcellville|286|Town of Purcellville|    286-34 Rockburn Ct| 743253|0|0|.164|    286-22 Heronwood Ct; 286-21 Burnleigh Ct| 743257|0|0|.23|    09/14/2009|302|R|||||||X||24|||X||||||||||||||
795930|0|S-VA286PR GLENMEADE CIR||||S-VA286PR GLENMEADE CIR|Glenmeade Cir|Glenmeade Circle|286|Town of Purcellville|286|Town of Purcellville|    286-22 Heronwood Ct; 286-21 Burnleigh Ct| 743257|0|0|.23|    286-24 Bolingbrook Ct; 286-23 Oakleigh Ct| 743258|0|0|.305|    01/01/2022|384|G|||||||X|.187|6 |.61|384|G||||||||||||||
795931|0|S-VA286PR GLENMEADE CIR||||S-VA286PR GLENMEADE CIR|Glenmeade Cir|Glenmeade Circle|286|Town of Purcellville|286|Town of Purcellville|    286-24 Bolingbrook Ct; 286-23 Oakleigh Ct| 743258|0|0|.305|    286-11, W Country Club Dr| 429651|0|0|.42|    01/01/2022|117|G|||||||X|.152|6 |.59|117|G||||||||||||||
301466|0|S-VA286PR HATCHER AVE||||S-VA286PR HATCHER AVE|Hatcher Ave|Hatcher Ave|286|Town of Purcellville|286|Town of Purcellville|    Bus SR 7 E, Main St| 429598|0|0|0|    NCL Purcellville| 744735|0|0|.75|    01/01/2022|4589|G|94|2|3|1|1|0|F|.091|6 |.51|4868|G||||||||||||||
793151|0|S-VA286PR HERONWOOD CT||||S-VA286PR HERONWOOD CT|Heronwood Ct|Heronwood Court|286|Town of Purcellville|286|Town of Purcellville|    286-26 Glenmeade Circle| 743257|0|0|0|    Cul-de-Sac| 743262|0|0|.12|    01/01/2011|95|T|||||||X||24|||X||||||||||||||
796616|0|S-VA286PR HIRST RD||||S-VA286PR HIRST RD|Hirst Rd|Hirst Rd|286|Town of Purcellville|286|Town of Purcellville|    Hillsboro Rd, NCL Purcellville| 703617|0|0|0|    FR-962, SCL Purcellville| 736624|0|0|.72|    01/01/2022|5005|G|95|1|2|1|1|0|C|.099|6 |.7|5294|G||||||||||||||
793155|0|S-VA286PR KINLOCH CT||||S-VA286PR KINLOCH CT|Kinloch Ct|Kinloch Court|286|Town of Purcellville|286|Town of Purcellville|    286-26 Glenmeade Circle| 743252|0|0|0|    Cul-de-Sac| 743254|0|0|.07|    01/01/2011|55|T|||||||X||24|||X||||||||||||||
751045|0|S-VA286PR LOUDOUN VALLEY DR||||S-VA286PR LOUDOUN VALLEY DR|Loudoun Valley Dr|Loudoun Valley Dr|286|Town of Purcellville|286|Town of Purcellville|    286-6, Hatcher Ave| 711816|0|0|0|    King James St| 711817|0|0|.288|    01/01/2022|275|G|||||||X|.16|6 |.58|275|G||||||||||||||
751033|0|S-VA286PR N 16TH ST||||S-VA286PR N 16TH ST|N 16th St|N 16th St|286|Town of Purcellville|286|Town of Purcellville|    Bus SR 7, Main St E| 429260|0|0|0|    Cul-de-Sac| 429261|0|0|.07|    03/22/2011|1424|R|||||||X||24|||X||||||||||||||
301622|0|S-VA286PR N 21ST ST||||S-VA286PR N 21ST ST|N 21st St|21st St|286|Town of Purcellville|286|Town of Purcellville|    Bus SR 7| 429202|0|0|0|    286-7 Hillsboro Rd, 23rd St| 428348|0|0|.122|    01/01/2022|1576|G|93|1|2|0|0|0|C|.119|6 |.77|1668|G||||||||||||||
301539|0|S-VA286PR N 21ST ST||||S-VA286PR N 21ST ST|N 21st St|Hillsboro Rd|286|Town of Purcellville|286|Town of Purcellville|    53-1604, 21st St| 428348|0|0|.122|    NCL Purcellville (pre-update)|1003162|0|0|.779|    01/01/2022|3791|G|94|2|1|3|0|0|F|.107|6 |.54|4012|G||||||||||||||
750013|0|S-VA286PR N 23RD ST||||S-VA286PR N 23RD ST|N 23rd St|23rd St, Hillsboro Rd|286|Town of Purcellville|286|Town of Purcellville|    Bus SR 7 E, W Main St| 428347|0|0|0|    286-12, 21st St| 428348|0|0|.13|    01/01/2022|4048|G|94|2|1|3|0|0|F|.104|6 |.71|4285|G||||||||||||||
750963|0|S-VA286PR N 33RD ST||||S-VA286PR N 33RD ST|N 33rd St|33rd St N|286|Town of Purcellville|286|Town of Purcellville|    Bus SR 7 Main St W| 429199|0|0|0|    286-11 Country Club Dr W| 429201|0|0|.18|    01/01/2022|1238|G|||||||X|.144|6 |.75|1238|G||||||||||||||
750098|0|S-VA286PR N MAPLE AVE||||S-VA286PR N MAPLE AVE|N Maple Ave||286|Town of Purcellville|286|Town of Purcellville|    Bus SR 7, W Main St| 428458|0|0|0|    286-32 Loudoun Valley High School| 429471|0|0|.45|    01/01/2022|4645|G|98|0|1|1|0|0|C|.127|6 |.57|4913|G||||||||||||||
750099|0|S-VA286PR N MAPLE AVE||||S-VA286PR N MAPLE AVE|N Maple Ave|Maple Ave N|286|Town of Purcellville|286|Town of Purcellville|    286-32 Loudoun Valley High School| 429471|0|0|.45|    FR-962 Hirst Rd| 703619|0|0|.72|    01/01/2022|4373|G|97|1|1|1|0|0|C|.109|6 |.58|4627|G||||||||||||||
750968|0|S-VA286PR NURSERY||||S-VA286PR NURSERY|Nursery|Nursery Ave S|286|Town of Purcellville|286|Town of Purcellville|    Bus SR 7, Main St E| 429205|0|0|0|    286-7 Silcott Springs Rd| 428346|0|0|.65|    01/01/2022|1380|G|95|3|1|0|0|0|C|.106|6 |.57|1380|G||||||||||||||
793152|0|S-VA286PR OAKLEIGH CT||||S-VA286PR OAKLEIGH CT|Oakleigh Ct|Oakleigh Court|286|Town of Purcellville|286|Town of Purcellville|    286-26 Glenmeade Circle| 743258|0|0|0|    Cul-de-Sac| 743260|0|0|.07|    01/01/2011|65|T|||||||X||24|||X||||||||||||||
793157|0|S-VA286PR ROCKBURN CT||||S-VA286PR ROCKBURN CT|Rockburn Ct|Rockburn Ct|286|Town of Purcellville|286|Town of Purcellville|    286-26 Glenmeade Circle| 743253|0|0|0|    Cul-de-Sac| 743256|0|0|.08|    01/01/2011|65|T|||||||X||24|||X||||||||||||||
795926|0|S-VA286PR S 12TH ST||||S-VA286PR S 12TH ST|S 12th St|South 12th St|286|Town of Purcellville|286|Town of Purcellville|    Bus SR 7 Main St| 429207|0|0|0|    286-15, East G St| 429206|0|0|.28|    01/01/2022|1000|G|||||||X|.101|6 |.64|1000|G||||||||||||||
751465|0|S-VA286PR S 15TH ST||||S-VA286PR S 15TH ST|S 15th St|15th St|286|Town of Purcellville|286|Town of Purcellville|    53-1610 East A St| 429448|0|0|.05|    Dead End| 429447|0|0|.2|    03/21/2011|45|R|||||||X||24|||X||||||||||||||
796617|0|S-VA286PR S 32ND ST||||S-VA286PR S 32ND ST|S 32nd St|S 32nd St|286|Town of Purcellville|286|Town of Purcellville|    Bus SR 7, W Main St| 429624|0|0|0|    286-14, S Nursery St| 428346|0|0|.434|    01/01/2022|2489|G|95|1|2|1|0|0|C|.095|6 |.55|2654|G||||||||||||||
301538|1|S-VA286PR S 32ND ST||||S-VA286PR S 32ND ST|S 32nd St||286|Town of Purcellville|286|Town of Purcellville|    286-14, S Nursery St| 428346|0|0|.434|    53-690 Silcott Springs Rd; SCL Purcellville| 751424|0|0|1.04|    01/01/2022|5247|G|94|2|3|1|1|0|F|.095|6 |.53|5116|G||||||||||||||
750973|0|S-VA286PR S 9TH ST||||S-VA286PR S 9TH ST|S 9th St|9th St S|286|Town of Purcellville|286|Town of Purcellville|    SR 7 Main St E| 429208|0|0|0|    286-8 Maple Ave S| 428459|0|0|.36|    01/01/2022|853|G|||||||X|.101|6 |.65|853|G||||||||||||||
785149|0|S-VA286PR S MAPLE AVE||||S-VA286PR S MAPLE AVE|S Maple Ave|Maple Ave S|286|Town of Purcellville|286|Town of Purcellville|    Bus SR 7, W Main St| 428458|0|0|0|    | 428461|0|0|.65|    01/01/2022|3529|G|98|0|1|0|0|0|C|.116|6 |.53|3732|G||||||||||||||
750967|0|S-VA286PR S ORCHARD DR||||S-VA286PR S ORCHARD DR|S Orchard Dr|Orchard Dr|286|Town of Purcellville|286|Town of Purcellville|    Bus SR 7 Main St W| 429203|0|0|0|    286-14 Nursery Ave S| 429204|0|0|.41|    01/01/2022|350|G|||||||X|.136|6 |.62|350|G||||||||||||||
750964|0|S-VA286PR W HOLLY LN||||S-VA286PR W HOLLY LN|W Holly Ln|Holly Lane|286|Town of Purcellville|286|Town of Purcellville|    286-9, 33rd St N| 429200|0|0|0|    Dead End| 429650|0|0|.07|    01/01/2011|50|T|||||||X||24|||X||||||||||||||
