sep=|
- - 2022 AADT Report for Town of Clifton - -
LINKID|SEQUENCENUMBER|RTE_NM|RTE_NM_2|RTE_NM_3|RTE_NM_4|Host RTE_NM|Route Label|Street Name|Physical Jurisdiction|Physical Jurisdiciton Name|Maintenance Jurisdiction|Maintenance Jurisdiciton Name|    Start Label|Start Node|Start Node Route Sequence|Star tOffset|Start Milepoint|    End Label|End Node|End Node Route Sequence|End Offset|End Milepoint|    VPDDate|AADT|AADT Quality|Passenger Vehicle|Bus|Truck 2 Axle|Truck 3 Axle|Truck 1 Trailer|Truck 2 Trailer|Class Quality|K Factor|K Factor Quality|Direction Factor|AAWDT|AAWDT Quality|AADT Dir|AADT Quality Dir|PassengerVehicle Dir|Bus Dir|Truck 2 Axle Dir|Truck 3 Axle Dir|Truck 1 Trailer Dir|Truck 2 Trailer Dir|Class Quality Dir|K Factor Dir|K Factor Quality Dir|Direction Factor Dir|AAWDT Dir|AAWDT Quality Dir
721771|0|R-VA029SC00641EB||||R-VA029SC00641EB|29-641|Kincheloe Rd|194|Town of Clifton|029|Fairfax County|    | 263736|0|0|2.843|    29-645 S, Main St| 276948|0|0|3.09|    06/01/2011|1588|R|||||||X||24|||X||||||||||||||
401020|0|R-VA029SC00641EB||||R-VA029SC00641EB|29-641|Chapel Rd|194|Town of Clifton|029|Fairfax County|    29-645 N, Main St| 263725|0|0|3.15|    Physical Jurisdiction Boundary: 194 Town of Clifton / 029 Fairfax County| 263731|0|0|3.4|    01/01/2022|1035|G|96|1|1|1|0|0|C|.106|6 |.71|1092|G||||||||||||||
406711|0|R-VA029SC00645EB||||R-VA029SC00645EB|29-645|Main St|194|Town of Clifton|029|Fairfax County|    NCL Clifton| 263879|0|0|10.14|    29-641 Kincheloe Rd; School St| 276948|0|0|10.53|    01/01/2022|9032|G|95|1|2|1|1|0|F|.103|6 |.75|9524|G||||||||||||||
401069|0|R-VA029SC00645EB||||R-VA029SC00645EB|29-645|School St; Clifton Rd|194|Town of Clifton|029|Fairfax County|    29-641 Kincheloe Rd| 276948|0|0|10.53|    SCL Clifton| 263873|0|0|10.78|    01/01/2022|6916|G|95|1|2|1|1|0|F|.103|6 |.75|7293|G||||||||||||||
724772|0|R-VA029SC02001NB||||R-VA029SC02001NB|29-2001|Water St|194|Town of Clifton|029|Fairfax County|    29-2002 School St| 267546|0|0|0|    29-641 Chapel Rd| 263732|0|0|.06|    09/17/2019|215|R|||||||X||24|||X||||||||||||||
724773|0|R-VA029SC02002EB||||R-VA029SC02002EB|29-2002|School St|194|Town of Clifton|029|Fairfax County|    29-645; 29-2003 Clifton Rd| 263874|0|0|0|    29-2001 Water St| 267546|0|0|.12|    10/21/2003|154|R|||||||X||24|||X||||||||||||||
790930|0|R-VA029SC02002EB||||R-VA029SC02002EB|29-2002|Water St|194|Town of Clifton|029|Fairfax County|    29-2001; School St| 267546|0|0|.12|    Cul-de-Sac| 738947|0|0|.28|    10/07/2014|85|T|||||||X||24|||X||||||||||||||
724774|0|R-VA029SC02003NB||||R-VA029SC02003NB|29-2003|Pendelton Ave|194|Town of Clifton|029|Fairfax County|    29-645; 29-2002 School St| 263874|0|0|0|    29-641 Chapel Rd| 263733|0|0|.05|    01/01/2022|218|G|||||||X|.153|6 |.97|218|G||||||||||||||
724775|0|R-VA029SC02004EB||||R-VA029SC02004EB|29-2004|Chapel St|194|Town of Clifton|029|Fairfax County|    WCL Clifton| 267547|0|0|0|    29-645 Main St| 263875|0|0|.25|    09/17/2019|78|R|||||||X||24|||X||||||||||||||
724776|0|R-VA029SC02005EB||||R-VA029SC02005EB|29-2005|Richard Lane|194|Town of Clifton|029|Fairfax County|    Dead End| 267548|0|0|0|    29-645 Main St| 263876|0|0|.05|    10/21/2003|161|R|||||||X||24|||X||||||||||||||
724777|0|R-VA029SC02006EB||||R-VA029SC02006EB|29-2006|Chestnut St|194|Town of Clifton|029|Fairfax County|    WCL Clifton| 267549|0|0|0|    29-641 Kincheloe Rd| 263734|0|0|.25|    10/21/2003|218|R|||||||X||24|||X||||||||||||||
724778|0|R-VA029SC02007NB||||R-VA029SC02007NB|29-2007|Dell Ave|194|Town of Clifton|029|Fairfax County|    SCL Clifton| 267550|0|0|0|    0.03 MN of SCL| 267550|0|.03|.03|    03/10/2009|61|R|||||||X||24|||X||||||||||||||
724779|0|R-VA029SC02007NB||||R-VA029SC02007NB|29-2007|Dell Ave|194|Town of Clifton|029|Fairfax County|    0.03 MN OF SCL| 267550|0|.03|.03|    29-641 Kincheloe Rd| 263735|0|0|.13|    10/21/2003|154|R|||||||X||24|||X||||||||||||||
401584|0|R-VA029SC05590NB||||R-VA029SC05590NB|29-5590|Newman Rd|194|Town of Clifton|029|Fairfax County|    29-645 Clifton Rd| 263878|0|0|0|    Physical Jurisdiction Boundary: 194 Town of Clifton / 029 Fairfax County| 273039|0|0|.17|    01/01/2022|1333|G|96|1|1|1|0|0|C|.118|6 |.81|1406|G||||||||||||||
732208|0|R-VA029SC05591EB||||R-VA029SC05591EB|29-5591|Clifton Creek Dr|194|Town of Clifton|029|Fairfax County|    WCL Clifton| 273040|0|0|.13|    0.20 ME OF WCL| 273040|0|.2|.33|    03/10/2009|107|R|||||||X||24|||X||||||||||||||
732209|0|R-VA029SC05591EB||||R-VA029SC05591EB|29-5591|Clifton Creek Dr|194|Town of Clifton|029|Fairfax County|    0.20 ME OF WCL| 273040|0|.2|.33|    29-645 Main St| 263877|0|0|.43|    10/22/2019|188|R|||||||X||24|||X||||||||||||||
794421|0|R-VA029SC10112EB||||R-VA029SC10112EB|29-10112| |194|Town of Clifton|029|Fairfax County|    Cul-de-Sac| 747276|0|0|0|    29-641 Kincheloe Rd| 747277|0|0|.15|    07/08/2015|55|T|||||||X||24|||X||||||||||||||
