sep=|
- - 2022 AADT Report for Town of Dungannon - -
LINKID|SEQUENCENUMBER|RTE_NM|RTE_NM_2|RTE_NM_3|RTE_NM_4|Host RTE_NM|Route Label|Street Name|Physical Jurisdiction|Physical Jurisdiciton Name|Maintenance Jurisdiction|Maintenance Jurisdiciton Name|    Start Label|Start Node|Start Node Route Sequence|Star tOffset|Start Milepoint|    End Label|End Node|End Node Route Sequence|End Offset|End Milepoint|    VPDDate|AADT|AADT Quality|Passenger Vehicle|Bus|Truck 2 Axle|Truck 3 Axle|Truck 1 Trailer|Truck 2 Trailer|Class Quality|K Factor|K Factor Quality|Direction Factor|AAWDT|AAWDT Quality|AADT Dir|AADT Quality Dir|PassengerVehicle Dir|Bus Dir|Truck 2 Axle Dir|Truck 3 Axle Dir|Truck 1 Trailer Dir|Truck 2 Trailer Dir|Class Quality Dir|K Factor Dir|K Factor Quality Dir|Direction Factor Dir|AAWDT Dir|AAWDT Quality Dir
010303|0|R-VA   SR00065EB|R-VA   SR00072NB|||R-VA   SR00065EB|VA 65, VA 72| |213|Town of Dungannon|084|Scott County|    | 596931|0|0|22.51|    84-1009 Jefferson St| 596665|0|0|22.83|    01/01/2022|1176|G|97|0|1|0|1|0|C|.114|6 |.56|1165|G||||||||||||||
010540|0|R-VA   SR00065EB|R-VA   SR00072NB|||R-VA   SR00065EB|VA 65, VA 72|Veterans Memorial Hwy|213|Town of Dungannon|084|Scott County|    84-1009 Jefferson St| 596665|0|0|22.83|    SR 72 E, Hanging Rock Pkwy| 596934|0|0|23.11|    01/01/2022|1601|G|97|0|1|0|1|0|F|.112|6 |.52|1585|G||||||||||||||
010302|0|R-VA   SR00065EB||||R-VA   SR00065EB|VA 65|Sinking Creek Hwy|213|Town of Dungannon|084|Scott County|    SR 72 E, Vetrans Mem Hay| 596934|0|0|23.11|    Physical Jurisdiction Boundary: 213 Town of Dungannon / 084 Scott County| 596930|0|0|23.32|    01/01/2022|1173|G|95|0|2|1|1|0|C|.113|6 |.55|1162|G||||||||||||||
010303|0|R-VA   SR00072NB|R-VA   SR00065EB|||R-VA   SR00065EB|VA 65, VA 72| |213|Town of Dungannon|084|Scott County|    | 596931|0|0|18.87|    84-1009 Jefferson St| 596665|0|0|19.19|    01/01/2022|1176|G|97|0|1|0|1|0|C|.114|6 |.56|1165|G||||||||||||||
010540|0|R-VA   SR00072NB|R-VA   SR00065EB|||R-VA   SR00065EB|VA 65, VA 72|Veterans Memorial Hwy|213|Town of Dungannon|084|Scott County|    84-1009 Jefferson St| 596665|0|0|19.19|    SR 72 E, Hanging Rock Pkwy| 596934|0|0|19.47|    01/01/2022|1601|G|97|0|1|0|1|0|F|.112|6 |.52|1585|G||||||||||||||
010308|0|R-VA   SR00072NB||||R-VA   SR00072NB|VA 72|Hanging Rock Pkwy|213|Town of Dungannon|084|Scott County|    SR 65 Sinking Creek Hwy; Veterans Memorial Hwy| 596934|0|0|19.47|    Physical Jurisdiction Boundary: 213 Town of Dungannon / 084 Scott County| 596969|0|0|19.76|    01/01/2022|859|G|97|0|1|0|0|0|C|.104|6 |.53|851|G||||||||||||||
770239|0|R-VA084SC01001NB||||R-VA084SC01001NB|84-1001|Monroe St|213|Town of Dungannon|084|Scott County|    Dead End| 596902|0|0|0|    SR 65| 596644|0|0|.14|    02/24/2022|105|T|||||||X||24|||X||||||||||||||
770240|0|R-VA084SC01001NB||||R-VA084SC01001NB|84-1001|Monroe St|213|Town of Dungannon|084|Scott County|    SR 65| 596644|0|0|.14|    84-1012 Nancy Robinson St| 596642|0|0|.28|    03/16/2022|201|R|||||||X||24|||X||||||||||||||
770241|0|R-VA084SC01001NB||||R-VA084SC01001NB|84-1001|Monroe St|213|Town of Dungannon|084|Scott County|    84-1012 Nancy Robinson St| 596642|0|0|.28|    0.01 MN 84-1012 Nancy Robinson St| 596642|0|.01|.29|    04/13/2022|79|R|||||||X||24|||X||||||||||||||
770242|0|R-VA084SC01001NB||||R-VA084SC01001NB|84-1001|Monroe St|213|Town of Dungannon|084|Scott County|    0.01 MN 84-1012 Nancy Robinson St| 596642|0|.01|.29|    84-1002 Sixth Ave| 596641|0|0|.34|    04/13/2022|71|R|||||||X||24|||X||||||||||||||
770243|0|R-VA084SC01002NB||||R-VA084SC01002NB|84-1002|Sixth Ave|213|Town of Dungannon|084|Scott County|    84-1001 Monroe St| 596641|0|0|0|    84-1008 Phoenix St| 596646|0|0|.07|    04/13/2022|76|R|||||||X||24|||X||||||||||||||
770244|0|R-VA084SC01002NB||||R-VA084SC01002NB|84-1002|Sixth Ave|213|Town of Dungannon|084|Scott County|    84-1008 Phoenix St| 596646|0|0|.07|    84-1009 Jefferson St| 596647|0|0|.16|    04/13/2022|125|R|||||||X||24|||X||||||||||||||
770245|0|R-VA084SC01002NB||||R-VA084SC01002NB|84-1002|Sixth Ave|213|Town of Dungannon|084|Scott County|    84-1009 Jefferson St| 596647|0|0|.16|    | 596650|0|0|.31|    04/13/2022|132|R|||||||X||24|||X||||||||||||||
770246|0|R-VA084SC01003NB||||R-VA084SC01003NB|84-1003|Sandy Shore St|213|Town of Dungannon|084|Scott County|    Dead End| 596903|0|0|0|    84-1019 Wilder St| 596651|0|0|.12|    02/24/2022|45|T|||||||X||24|||X||||||||||||||
770247|0|R-VA084SC01004NB||||R-VA084SC01004NB|84-1004|5th Ave|213|Town of Dungannon|084|Scott County|    SR 72 Hanging Rock Pkwy| 596652|0|0|0|    84-9721 5th Ave| 596761|0|0|.05|    04/13/2022|155|R|||||||X||24|||X||||||||||||||
770248|0|R-VA084SC01005NB||||R-VA084SC01005NB|84-1005|Dublin St|213|Town of Dungannon|084|Scott County|    84-1018 Dublin St| 596653|0|0|0|    84-1006 Wilder St| 596654|0|0|.1|    04/13/2022|200|R|||||||X||24|||X||||||||||||||
770249|0|R-VA084SC01006NB||||R-VA084SC01006NB|84-1006|Wilder St|213|Town of Dungannon|084|Scott County|    84-1005 Dublin St| 596654|0|0|0|    | 596656|0|0|.1|    04/21/2022|309|R|||||||X||24|||X||||||||||||||
770250|0|R-VA084SC01007NB||||R-VA084SC01007NB|84-1007|Fourth Ave|213|Town of Dungannon|084|Scott County|    84-1015 Sarsfield St| 596663|0|0|0|    84-1001 Monroe St| 596643|0|0|.1|    04/13/2022|27|R|||||||X||24|||X||||||||||||||
770251|0|R-VA084SC01007NB||||R-VA084SC01007NB|84-1007|Sarsfield St|213|Town of Dungannon|084|Scott County|    84-1001 Monroe St| 596643|0|0|.1|    SR 65 Veterans Mem Hwy| 596658|0|0|.41|    04/13/2022|144|R|||||||X||24|||X||||||||||||||
770252|0|R-VA084SC01007NB||||R-VA084SC01007NB|84-1007|Westport Ave|213|Town of Dungannon|084|Scott County|    SR 65 Veterans Mem Hwy| 596658|0|0|.41|    0.02 MS SR 65| 596669|0|0|.43|    04/13/2022|26|R|||||||X||24|||X||||||||||||||
770253|0|R-VA084SC01007NB||||R-VA084SC01007NB|84-1007|Westport Ave|213|Town of Dungannon|084|Scott County|    0.02 MS SR 65| 596657|0|0|.43|    Dead End| 596904|0|0|.52|    02/24/2022|45|T|||||||X||24|||X||||||||||||||
770254|0|R-VA084SC01008NB||||R-VA084SC01008NB|84-1008|Phoenix St|213|Town of Dungannon|084|Scott County|    84-1007 Sarsfield St| 596661|0|0|0|    84-1002 Sixth Ave| 596646|0|0|.13|    04/13/2022|58|R|||||||X||24|||X||||||||||||||
770255|0|R-VA084SC01008NB||||R-VA084SC01008NB|84-1008|Phoenix St|213|Town of Dungannon|084|Scott County|    84-1002 Sixth Ave| 596646|0|0|.13|    Dead End| 596905|0|0|.22|    02/24/2022|60|T|||||||X||24|||X||||||||||||||
770256|0|R-VA084SC01009EB||||R-VA084SC01009EB|84-1009|Jefferson St|213|Town of Dungannon|084|Scott County|    84-1002 Sixth Ave| 596647|0|0|0|    SR 65 Veterans Mem Hwy| 596665|0|0|.18|    04/13/2022|81|R|||||||X||24|||X||||||||||||||
770257|0|R-VA084SC01009EB||||R-VA084SC01009EB|84-1009|Jefferson St|213|Town of Dungannon|084|Scott County|    SR 65 Veterans Mem Hwy| 596665|0|0|.18|    Dead End| 596664|0|0|.21|    02/24/2022|175|T|||||||X||24|||X||||||||||||||
770258|0|R-VA084SC01010EB||||R-VA084SC01010EB|84-1010|Seventh Ave|213|Town of Dungannon|084|Scott County|    SR 72; 84-1014|1224670|0|0|0|    84-1002 Sixth Ave| 596649|0|0|.11|    04/13/2022|28|R|||||||X||24|||X||||||||||||||
770259|0|R-VA084SC01010EB||||R-VA084SC01010EB|84-1010|Washington St|213|Town of Dungannon|084|Scott County|    84-1002 Sixth Ave|1224499|0|0|.12|    84-1007 Sarsfield St| 596659|0|0|.23|    04/13/2022|20|R|||||||X||24|||X||||||||||||||
770260|0|R-VA084SC01010EB||||R-VA084SC01010EB|84-1010|Washington St|213|Town of Dungannon|084|Scott County|    84-1007 Sarsfield St|1224486|0|0|.24|    SR 65 Veterans Mem Hwy| 596666|0|0|.29|    04/13/2022|88|R|||||||X||24|||X||||||||||||||
770261|0|R-VA084SC01011NB||||R-VA084SC01011NB|84-1011|Madison St|213|Town of Dungannon|084|Scott County|    Dead End| 596906|0|0|0|    SR 65| 596668|0|0|.09|    02/24/2022|45|T|||||||X||24|||X||||||||||||||
770262|0|R-VA084SC01011NB||||R-VA084SC01011NB|84-1011|Madison St|213|Town of Dungannon|084|Scott County|    SR 65| 596668|0|0|.09|    84-1007 Sarsfield St| 596662|0|0|.14|    04/13/2022|32|R|||||||X||24|||X||||||||||||||
770263|0|R-VA084SC01012EB||||R-VA084SC01012EB|84-1012|Nancy Robinson St|213|Town of Dungannon|084|Scott County|    WCL Dungannon| 596671|0|0|0|    84-1001 Monroe St| 596642|0|0|.15|    04/13/2022|163|R|||||||X||24|||X||||||||||||||
770264|0|R-VA084SC01013NB||||R-VA084SC01013NB|84-1013|Tyrone St|213|Town of Dungannon|084|Scott County|    Dead End| 596907|0|0|0|    84-1002 Sixth Ave| 596648|0|0|.08|    02/24/2022|45|T|||||||X||24|||X||||||||||||||
770265|0|R-VA084SC01014EB||||R-VA084SC01014EB|84-1014|Emmit St|213|Town of Dungannon|084|Scott County|    Dead End| 596672|0|0|0|    SR 72 Hanging Rock Pkwy| 596667|0|0|.05|    02/24/2022|15|T|||||||X||24|||X||||||||||||||
770266|0|R-VA084SC01015NB||||R-VA084SC01015NB|84-1015|Sarsfield St|213|Town of Dungannon|084|Scott County|    84-1016 Second Ave| 596674|0|0|0|    84-1007 Fourth Ave| 596663|0|0|.13|    04/13/2022|21|R|||||||X||24|||X||||||||||||||
770267|0|R-VA084SC01016EB||||R-VA084SC01016EB|84-1016|Second Ave|213|Town of Dungannon|084|Scott County|    84-1015 Sarsfield St| 596674|0|0|0|    84-1011 Madison St| 596670|0|0|.16|    04/13/2022|44|R|||||||X||24|||X||||||||||||||
770268|0|R-VA084SC01017EB||||R-VA084SC01017EB|84-1017|Ohio St|213|Town of Dungannon|084|Scott County|    SR 65| 596675|0|0|0|    Dead End| 596676|0|0|.06|    02/24/2022|165|T|||||||X||24|||X||||||||||||||
770269|0|R-VA084SC01018EB||||R-VA084SC01018EB|84-1018|Waterford St|213|Town of Dungannon|084|Scott County|    Dead End| 596908|0|0|0|    84-1019 Wilder St| 596677|0|0|.1|    02/24/2022|30|T|||||||X||24|||X||||||||||||||
770270|0|R-VA084SC01018EB||||R-VA084SC01018EB|84-1018|Dublin St|213|Town of Dungannon|084|Scott County|    84-1019 Wilder St| 596677|0|0|.1|    84-1005 Dublin St| 596653|0|0|.28|    04/13/2022|167|R|||||||X||24|||X||||||||||||||
770271|0|R-VA084SC01019NB||||R-VA084SC01019NB|84-1019|Wilder St|213|Town of Dungannon|084|Scott County|    Dead End| 596909|0|0|0|    84-1003 Sandy Shore St| 596651|0|0|.053|    02/24/2022|65|T|||||||X||24|||X||||||||||||||
770272|0|R-VA084SC01019NB||||R-VA084SC01019NB|84-1019|Wilder St|213|Town of Dungannon|084|Scott County|    84-1003 Sandy Shore St| 596651|0|0|.053|    84-1018 Dublin St; Waterford St| 596677|0|0|.09|    04/13/2022|104|R|||||||X||24|||X||||||||||||||
770379|0|R-VA084SC09721NB||||R-VA084SC09721NB|84-9721|5th Ave|213|Town of Dungannon|084|Scott County|    SR 72 Hanging Rock Pkwy| 596762|0|0|0|    Dungannon Elem Sch| 596761|0|0|.13|    04/21/2022|241|R|||||||X||24|||X||||||||||||||
