sep=|
- - 2022 AADT Report for Town of Bowling Green - -
LINKID|SEQUENCENUMBER|RTE_NM|RTE_NM_2|RTE_NM_3|RTE_NM_4|Host RTE_NM|Route Label|Street Name|Physical Jurisdiction|Physical Jurisdiciton Name|Maintenance Jurisdiction|Maintenance Jurisdiciton Name|    Start Label|Start Node|Start Node Route Sequence|Star tOffset|Start Milepoint|    End Label|End Node|End Node Route Sequence|End Offset|End Milepoint|    VPDDate|AADT|AADT Quality|Passenger Vehicle|Bus|Truck 2 Axle|Truck 3 Axle|Truck 1 Trailer|Truck 2 Trailer|Class Quality|K Factor|K Factor Quality|Direction Factor|AAWDT|AAWDT Quality|AADT Dir|AADT Quality Dir|PassengerVehicle Dir|Bus Dir|Truck 2 Axle Dir|Truck 3 Axle Dir|Truck 1 Trailer Dir|Truck 2 Trailer Dir|Class Quality Dir|K Factor Dir|K Factor Quality Dir|Direction Factor Dir|AAWDT Dir|AAWDT Quality Dir
060102|0|R-VA   SR00002NB|R-VA   US00301NB|||R-VA   US00301NB|US 301, VA 2|Richmond Tpke|171|Town of Bowling Green|016|Caroline County|    | 722965|0|0|32.54|    | 734077|0|0|32.9|    01/01/2022|5256|G|91|1|1|2|5|0|F|.092|6 |.6|5164|G||||||||||||||
060378|0|R-VA   SR00002NB|R-VA   US00301NBBUS001|||R-VA   US00301NBBUS001|BUS US 301, VA 2|Main St|171|Town of Bowling Green|016|Caroline County|    US 301| 183635|0|0|32.9|    SCL Bowling Green| 183638|0|0|33.12|    01/01/2022|4856|F|96|0|1|1|2|0|F|.095|6 |.52|4756|F||||||||||||||
060377|0|R-VA   SR00002NB|R-VA   US00301NBBUS001|||R-VA   US00301NBBUS001|BUS US 301, VA 2|Main St|171|Town of Bowling Green|016|Caroline County|    SCL Bowling Green| 183638|0|0|33.12|    Bus SR 207| 183599|0|0|33.86|    01/01/2022|4735|F|96|0|1|1|2|0|C|.097|6 |.55|4638|F||||||||||||||
160092|0|R-VA   SR00002NB||||R-VA   SR00002NB|VA 2|Main St|171|Town of Bowling Green|016|Caroline County|    Bus US 301, Bus SR 207| 183599|0|0|33.86|    Physical Jurisdiction Boundary: 171 Town of Bowling Green / 016 Caroline County| 722964|0|0|34.25|    01/01/2022|6074|F|95|0|1|2|2|0|F|.082|6 |.52|5949|F||||||||||||||
160081|0|R-VA   SR00207NBBUS001||||R-VA   SR00207NBBUS001|BUS VA 207|W Broaddus Ave|171|Town of Bowling Green|016|Caroline County|    WCL Bowling Green| 722963|0|0|.54|    Bus US 301, SR 2 Main St| 183599|0|0|1.27|    01/01/2022|4244|F|96|0|2|1|1|0|C|.094|6 |.53|4156|F||||||||||||||
060102|0|R-VA   US00301NB|R-VA   SR00002NB|||R-VA   US00301NB|US 301, VA 2|Richmond Tpke|171|Town of Bowling Green|016|Caroline County|    | 722965|0|0|112.3|    | 734077|0|0|112.66|    01/01/2022|5256|G|91|1|1|2|5|0|F|.092|6 |.6|5164|G||||||||||||||
060186|0|R-VA   US00301NB||||R-VA   US00301NB|US 301|Richmond Tpke|171|Town of Bowling Green|016|Caroline County|    SR 207| 734077|0|0|112.66|    Bus US 301, Bus SR 207 Broaddus Ave| 744054|0|0|113.67|    01/01/2022|8614|G|92|1|1|1|6|0|F|.094|6 |.52|8375|G||||||||||||||
060185|0|R-VA   US00301NB||||R-VA   US00301NB|US 301|A P Hill Blvd|171|Town of Bowling Green|016|Caroline County|    Bus US 301, Bus SR 207 Broaddus Ave| 744054|0|0|113.67|    NCL Bowling Green; 16-608 Lakewood Rd| 183061|0|0|114.65|    01/01/2022|9815|G|92|1|1|1|6|0|F|.094|6 |.51|9543|G||||||||||||||
060378|0|R-VA   US00301NBBUS001|R-VA   SR00002NB|||R-VA   US00301NBBUS001|BUS US 301, VA 2|Main St|171|Town of Bowling Green|016|Caroline County|    US 301| 183635|0|0|0|    SCL Bowling Green| 183638|0|0|.22|    01/01/2022|4856|F|96|0|1|1|2|0|F|.095|6 |.52|4756|F||||||||||||||
060377|0|R-VA   US00301NBBUS001|R-VA   SR00002NB|||R-VA   US00301NBBUS001|BUS US 301, VA 2|Main St|171|Town of Bowling Green|016|Caroline County|    SCL Bowling Green| 183638|0|0|.22|    Bus SR 207| 183599|0|0|.96|    01/01/2022|4735|F|96|0|1|1|2|0|C|.097|6 |.55|4638|F||||||||||||||
060376|0|R-VA   US00301NBBUS001||||R-VA   US00301NBBUS001|BUS US 301|E Broaddus Ave|171|Town of Bowling Green|016|Caroline County|    SR 2 Main St| 183599|0|0|.96|    ECL Bowling Green| 183637|0|0|1.23|    01/01/2022|3022|G|96|0|1|1|2|0|F|.09|6 |.65|2972|G||||||||||||||
060375|0|R-VA   US00301NBBUS001||||R-VA   US00301NBBUS001|BUS US 301|E Broaddus Ave|171|Town of Bowling Green|016|Caroline County|    ECL Bowling Green| 183637|0|0|1.23|    US 301 North of Bowling Green| 744054|0|0|1.5|    01/01/2022|2436|G|97|1|1|1|1|0|C|.096|6 |.67|2395|G||||||||||||||
404432|0|R-VA016SC00605EB||||R-VA016SC00605EB|16-605|Paige Rd|171|Town of Bowling Green|016|Caroline County|    | 727944|0|0|11.4|    SR 2 Main St| 183045|0|0|11.44|    01/01/2022|692|F|95|1|1|1|2|0|C|.114|6 |.63|676|F||||||||||||||
709644|0|R-VA016SC00608NB||||R-VA016SC00608NB|16-608|Lakewood Rd|171|Town of Bowling Green|016|Caroline County|    | 727947|0|0|3.7|    US 301 E, A P Hill Blvd| 183061|0|0|3.71|    09/25/2019|483|R|||||||X||24|||X||||||||||||||
709645|0|R-VA016SC00608NB||||R-VA016SC00608NB|16-608|Lakewood Rd|171|Town of Bowling Green|016|Caroline County|    US 301 E, A P Hill Blvd| 183061|0|0|3.71|    Physical Jurisdiction Boundary: 171 Town of Bowling Green / 016 Caroline County| 727945|0|0|4.15|    09/25/2019|105|R|||||||X||24|||X||||||||||||||
709645|0|R-VA016SC00608NB||||R-VA016SC00608NB|16-608|Lakewood Rd|171|Town of Bowling Green|016|Caroline County|    | 727946|0|0|4.99|    US 301 BUS WEST| 183063|0|0|5.34|    09/25/2019|105|R|||||||X||24|||X||||||||||||||
709665|0|R-VA016SC00619EB||||R-VA016SC00619EB|16-619|Milford St|171|Town of Bowling Green|016|Caroline County|    WCL Bowling Green| 727943|0|0|.37|    Bus US 301| 183100|0|0|.92|    01/01/2022|974|F|99|1|0|0|0|0|C|.103|6 |.52|953|F||||||||||||||
404441|0|R-VA016SC00619EB||||R-VA016SC00619EB|16-619|Chase St|171|Town of Bowling Green|016|Caroline County|    Bus US 301| 183100|0|0|.92|    16-1205 Ennis St| 183098|0|0|.98|    01/01/2022|977|F|99|0|1|0|0|0|C|.087|6 |.53|956|F||||||||||||||
404442|0|R-VA016SC00619EB||||R-VA016SC00619EB|16-619|Chase St|171|Town of Bowling Green|016|Caroline County|    16-1205 Ennis St| 183098|0|0|.98|    US 301 Richmond Tpke| 183095|0|0|1.26|    01/01/2022|608|F|99|0|1|0|0|0|C|.1|6 |.57|595|F||||||||||||||
709935|0|R-VA016SC01201EB||||R-VA016SC01201EB|16-1201|Maury Ave|171|Town of Bowling Green|016|Caroline County|    16-1216 Elliotte Dr| 183428|0|0|0|    Bus US 301| 183431|0|0|.48|    09/23/2019|455|R|||||||X||24|||X||||||||||||||
709936|0|R-VA016SC01202NB||||R-VA016SC01202NB|16-1202|Anderson Ave|171|Town of Bowling Green|016|Caroline County|    16-619 Mildford St| 183104|0|0|0|    SR 207 Broaddus Ave| 183433|0|0|.21|    09/23/2019|1031|R|||||||X||24|||X||||||||||||||
709937|0|R-VA016SC01202NB||||R-VA016SC01202NB|16-1202|Anderson Ave|171|Town of Bowling Green|016|Caroline County|    SR 207 Broaddus Ave| 183433|0|0|.21|    WCL Bowling Green| 183432|0|0|.29|    09/23/2019|154|R|||||||X||24|||X||||||||||||||
709938|0|R-VA016SC01203EB||||R-VA016SC01203EB|16-1203|Davis Ct|171|Town of Bowling Green|016|Caroline County|    Bus US 301| 183435|0|0|0|    Dead End| 183436|0|0|.1|    09/23/2019|820|T|||||||X||24|||X||||||||||||||
709939|0|R-VA016SC01204EB||||R-VA016SC01204EB|16-1204|Courthouse Lane|171|Town of Bowling Green|016|Caroline County|    Bus US 301| 717688|0|0|0|    16-1205 Ennis St| 183437|0|0|.056|    09/23/2019|1107|R|||||||X||24|||X||||||||||||||
709940|0|R-VA016SC01204EB||||R-VA016SC01204EB|16-1204|Courthouse Lane|171|Town of Bowling Green|016|Caroline County|    16-1205 Ennis St| 183437|0|0|.056|    16-1229 Travis St| 183439|0|0|.108|    09/23/2019|1054|R|||||||X||24|||X||||||||||||||
709941|0|R-VA016SC01204EB||||R-VA016SC01204EB|16-1204|Courthouse Lane|171|Town of Bowling Green|016|Caroline County|    16-1229 Travis St| 183439|0|0|.108|    US 301; FR-813| 183441|0|0|.27|    09/23/2019|564|R|||||||X||24|||X||||||||||||||
709942|0|R-VA016SC01205NB||||R-VA016SC01205NB|16-1205|Ennis St|171|Town of Bowling Green|016|Caroline County|    16-619 Chase St| 183098|0|0|0|    16-1204 Courthouse Lane| 183437|0|0|.1|    09/23/2019|417|R|||||||X||24|||X||||||||||||||
709943|0|R-VA016SC01206NB||||R-VA016SC01206NB|16-1206|Butler St|171|Town of Bowling Green|016|Caroline County|    16-619 Chase St| 183097|0|0|0|    16-1204 Courthouse Lane| 183438|0|0|.11|    09/23/2019|433|R|||||||X||24|||X||||||||||||||
709944|0|R-VA016SC01207EB||||R-VA016SC01207EB|16-1207|Cary St|171|Town of Bowling Green|016|Caroline County|    SCL Bowling Green| 183443|0|0|0|    Bus US 301| 183442|0|0|.07|    09/23/2019|195|R|||||||X||24|||X||||||||||||||
709945|0|R-VA016SC01208NB||||R-VA016SC01208NB|16-1208|Hoomes Circle|171|Town of Bowling Green|016|Caroline County|    16-1211 S, Hoomes Circle| 183584|0|0|0|    SCL Bowling Green| 183443|0|0|.07|    09/23/2019|33|R|||||||X||24|||X||||||||||||||
709946|0|R-VA016SC01208NB||||R-VA016SC01208NB|16-1208|Hoomes Circle|171|Town of Bowling Green|016|Caroline County|    SCL Bowling Green| 183443|0|0|.07|    16-1211 N, Hoomes Circle| 183444|0|0|.1|    09/23/2019|52|R|||||||X||24|||X||||||||||||||
709947|0|R-VA016SC01209NB||||R-VA016SC01209NB|16-1209|Coghill St|171|Town of Bowling Green|016|Caroline County|    16-619 Milford St| 183101|0|0|0|    Dead End| 183445|0|0|.13|    09/23/2019|75|T|||||||X||24|||X||||||||||||||
709948|0|R-VA016SC01210NB||||R-VA016SC01210NB|16-1210|Martin St|171|Town of Bowling Green|016|Caroline County|    16-619 Milford St| 183102|0|0|0|    SR 207 Broaddus Ave| 183446|0|0|.26|    09/23/2019|156|R|||||||X||24|||X||||||||||||||
709949|0|R-VA016SC01211NB||||R-VA016SC01211NB|16-1211|Hoomes Circle|171|Town of Bowling Green|016|Caroline County|    16-1208 Hoomes Circle| 183584|0|0|0|    16-1212 Alsop Lane| 183448|0|0|.119|    09/23/2019|30|R|||||||X||24|||X||||||||||||||
709950|0|R-VA016SC01211NB||||R-VA016SC01211NB|16-1211|Hoomes Circle|171|Town of Bowling Green|016|Caroline County|    16-1212 Alsop Lane| 183448|0|0|.119|    16-1208 Hoomes Circle| 183444|0|0|.2|    09/23/2019|20|R|||||||X||24|||X||||||||||||||
709952|0|R-VA016SC01212EB||||R-VA016SC01212EB|16-1212|Alsop Lane|171|Town of Bowling Green|016|Caroline County|    Dead End| 183449|0|0|0|    16-1211 Hoomes Circle| 183448|0|0|.08|    09/23/2019|20|T|||||||X||24|||X||||||||||||||
709953|0|R-VA016SC01213EB||||R-VA016SC01213EB|16-1213|Sunset Dr|171|Town of Bowling Green|016|Caroline County|    Dead End| 183451|0|0|0|    Bus US 301| 183450|0|0|.12|    09/23/2019|70|T|||||||X||24|||X||||||||||||||
709954|0|R-VA016SC01214NB||||R-VA016SC01214NB|16-1214|County St|171|Town of Bowling Green|016|Caroline County|    16-619 Chase St| 183099|0|0|0|    Dead End| 183585|0|0|.04|    09/24/2019|200|T|||||||X||24|||X||||||||||||||
709955|0|R-VA016SC01215NB||||R-VA016SC01215NB|16-1215|White St|171|Town of Bowling Green|016|Caroline County|    16-1201 Maury St| 183429|0|0|0|    16-619 Milford St| 183103|0|0|.09|    09/25/2019|336|R|||||||X||24|||X||||||||||||||
709957|0|R-VA016SC01216NB||||R-VA016SC01216NB|16-1216|Elliotte Dr|171|Town of Bowling Green|016|Caroline County|    Dead End| 183453|0|0|0|    16-1201 Maury St| 183428|0|0|.03|    09/23/2019|30|T|||||||X||24|||X||||||||||||||
709958|0|R-VA016SC01216NB||||R-VA016SC01216NB|16-1216|Elliotte Dr|171|Town of Bowling Green|016|Caroline County|    16-1201 Maury St| 183428|0|0|.03|    16-619 Milford St| 183106|0|0|.07|    09/25/2019|161|R|||||||X||24|||X||||||||||||||
709959|0|R-VA016SC01217EB||||R-VA016SC01217EB|16-1217|Oak Ridge St|171|Town of Bowling Green|016|Caroline County|    Bus US 301| 183456|0|0|0|    16-1229 Travis St| 183454|0|0|.19|    09/25/2019|151|R|||||||X||24|||X||||||||||||||
709964|0|R-VA016SC01220EB||||R-VA016SC01220EB|16-1220|Lafayette Ave|171|Town of Bowling Green|016|Caroline County|    Bus US 301| 183461|0|0|0|    Cul-de-Sac| 727954|0|0|.26|    09/17/2019|125|T|||||||X||24|||X||||||||||||||
709965|0|R-VA016SC01221EB||||R-VA016SC01221EB|16-1221|Dorsey St|171|Town of Bowling Green|016|Caroline County|    Dead End| 183464|0|0|0|    Bus US 301| 183463|0|0|.12|    09/17/2019|120|T|||||||X||24|||X||||||||||||||
709966|0|R-VA016SC01222NB||||R-VA016SC01222NB|16-1222|Lee St|171|Town of Bowling Green|016|Caroline County|    16-1202 Anderson Ave| 183434|0|0|0|    SR 207 Broaddus Ave| 183465|0|0|.18|    04/30/2019|133|R|||||||X||24|||X||||||||||||||
709971|0|R-VA016SC01227EB||||R-VA016SC01227EB|16-1227|Gill St|171|Town of Bowling Green|016|Caroline County|    Bus US 301| 183468|0|0|0|    Cul-de-Sac| 727953|0|0|.21|    09/17/2019|120|T|||||||X||24|||X||||||||||||||
709972|0|R-VA016SC01228EB||||R-VA016SC01228EB|16-1228|Cedar Lane|171|Town of Bowling Green|016|Caroline County|    16-1229 Travis St| 183470|0|0|0|    ECL Bowling Green| 183471|0|0|.05|    09/17/2019|49|R|||||||X||24|||X||||||||||||||
709973|0|R-VA016SC01229NB||||R-VA016SC01229NB|16-1229|Travis St|171|Town of Bowling Green|016|Caroline County|    16-1204 Court House Lane| 183439|0|0|0|    Bus US 301| 183473|0|0|.39|    09/17/2019|255|R|||||||X||24|||X||||||||||||||
709975|0|R-VA016SC01231EB||||R-VA016SC01231EB|16-1231|Virginia Ave|171|Town of Bowling Green|016|Caroline County|    16-1217 Oak Ridge St| 183455|0|0|0|    16-1229 Travis St| 183472|0|0|.16|    09/17/2019|79|R|||||||X||24|||X||||||||||||||
709976|0|R-VA016SC01231EB||||R-VA016SC01231EB|16-1231|Virginia Ave|171|Town of Bowling Green|016|Caroline County|    16-1229 Travis St| 183472|0|0|.16|    Dead End| 183474|0|0|.43|    04/18/2019|90|T|||||||X||24|||X||||||||||||||
709987|0|R-VA016SC01240NB||||R-VA016SC01240NB|16-1240|Wagon Wheel Rd|171|Town of Bowling Green|016|Caroline County|    | 727949|0|0|.301|    US 301, A P Hill Blvd| 183482|0|0|.33|    09/23/2019|159|R|||||||X||24|||X||||||||||||||
789990|0|R-VA016SC01250NB||||R-VA016SC01250NB|16-1250|Meadow Lane|171|Town of Bowling Green|016|Caroline County|    Cul-de-Sac| 738030|0|0|0|    16-619 Chase St| 737951|0|0|.18|    09/23/2019|376|T|||||||X||24|||X||||||||||||||
789991|0|R-VA016SC01251EB||||R-VA016SC01251EB|16-1251|Roper Dr|171|Town of Bowling Green|016|Caroline County|    16-1250 Meadow Lane| 738031|0|0|0|    End of Loop| 738032|1|0|.37|    09/23/2019|221|R|||||||X||24|||X||||||||||||||
791356|0|R-VA016SC01252NB||||R-VA016SC01252NB|16-1252|Dickinson Dr|171|Town of Bowling Green|016|Caroline County|    Dead End| 740600|0|0|0|    16-1250 Meadow Lane| 740599|0|0|.2|    09/23/2019|101|T|||||||X||24|||X||||||||||||||
