sep=|
- - 2022 AADT Report for Clover - -
LINKID|SEQUENCENUMBER|RTE_NM|RTE_NM_2|RTE_NM_3|RTE_NM_4|Host RTE_NM|Route Label|Street Name|Physical Jurisdiction|Physical Jurisdiciton Name|Maintenance Jurisdiction|Maintenance Jurisdiciton Name|    Start Label|Start Node|Start Node Route Sequence|Star tOffset|Start Milepoint|    End Label|End Node|End Node Route Sequence|End Offset|End Milepoint|    VPDDate|AADT|AADT Quality|Passenger Vehicle|Bus|Truck 2 Axle|Truck 3 Axle|Truck 1 Trailer|Truck 2 Trailer|Class Quality|K Factor|K Factor Quality|Direction Factor|AAWDT|AAWDT Quality|AADT Dir|AADT Quality Dir|PassengerVehicle Dir|Bus Dir|Truck 2 Axle Dir|Truck 3 Axle Dir|Truck 1 Trailer Dir|Truck 2 Trailer Dir|Class Quality Dir|K Factor Dir|K Factor Quality Dir|Direction Factor Dir|AAWDT Dir|AAWDT Quality Dir
406199|0|R-VA041SC00716EB||||R-VA041SC00716EB|41-716|Mosely Ferry Rd|197|Clover|041|Halifax County|    SCL Clover| 368408|0|0|21.22|    SR 92; 41-1004, S Main St| 368409|0|0|21.39|    01/01/2022|833|G|87|1|2|2|5|0|C|.109|6 |.59|816|G||||||||||||||
406207|0|R-VA041SC00746NB||||R-VA041SC00746NB|41-746|Mt Laurel Rd|197|Clover|041|Halifax County|    SR 92; 41-1001 S Main st| 368485|0|0|0|    WCL Clover| 368482|0|0|.48|    01/01/2022|1031|G|87|1|2|1|4|0|C|.116|6 |.6|1011|G||||||||||||||
