sep=|
- - 2022 AADT Report for Town of Virgilina - -
LINKID|SEQUENCENUMBER|RTE_NM|RTE_NM_2|RTE_NM_3|RTE_NM_4|Host RTE_NM|Route Label|Street Name|Physical Jurisdiction|Physical Jurisdiciton Name|Maintenance Jurisdiction|Maintenance Jurisdiciton Name|    Start Label|Start Node|Start Node Route Sequence|Star tOffset|Start Milepoint|    End Label|End Node|End Node Route Sequence|End Offset|End Milepoint|    VPDDate|AADT|AADT Quality|Passenger Vehicle|Bus|Truck 2 Axle|Truck 3 Axle|Truck 1 Trailer|Truck 2 Trailer|Class Quality|K Factor|K Factor Quality|Direction Factor|AAWDT|AAWDT Quality|AADT Dir|AADT Quality Dir|PassengerVehicle Dir|Bus Dir|Truck 2 Axle Dir|Truck 3 Axle Dir|Truck 1 Trailer Dir|Truck 2 Trailer Dir|Class Quality Dir|K Factor Dir|K Factor Quality Dir|Direction Factor Dir|AAWDT Dir|AAWDT Quality Dir
030451|0|R-VA   SR00049NB||||R-VA   SR00049NB|VA 49|Florence Ave|318|Town of Virgilina|041|Halifax County|    North Carolina State Line|  50774|0|0|0|    SR 96 Seventh St| 368450|0|0|.13|    01/01/2022|1975|G|83|0|2|1|12|0|C|.102|6 |.55|1938|G||||||||||||||
030108|0|R-VA   SR00049NB||||R-VA   SR00049NB|VA 49|Seventh St|318|Town of Virgilina|041|Halifax County|    SR 96 Florence Ave| 368450|0|0|.13|    Physical Jurisdiction Boundary: 318 Town of Virgilina / 041 Halifax County| 369004|0|0|.6|    01/01/2022|911|G|80|1|2|1|16|0|C|.104|6 |.55|915|G||||||||||||||
030352|0|R-VA   SR00096EB||||R-VA   SR00096EB|VA 96|Virgilina Rd|318|Town of Virgilina|041|Halifax County|    Jurisdiction Boundary: 041 Halifax County| 369009|0|0|7.11|    N SR 49| 368450|0|0|7.7|    01/01/2022|1781|G|81|1|2|2|13|0|C|.106|6 |.58|1747|G||||||||||||||
406202|0|R-VA041SC00734NB||||R-VA041SC00734NB|41-734|Florence Ave|318|Town of Virgilina|041|Halifax County|    SR 49; SR 96 Seventh St| 368450|0|0|0|    NCL Virgilina| 368446|0|0|.384|    01/01/2022|1035|G|93|1|2|1|3|0|C|.111|6 |.59|1014|G||||||||||||||
743331|0|R-VA041SC01201EB||||R-VA041SC01201EB|41-1201|Tenth St|318|Town of Virgilina|041|Halifax County|    41-1205 Carolina St| 368729|0|0|0|    41-734 Florence Ave| 368447|0|0|.1|    10/10/2017|91|R|||||||X||24|||X||||||||||||||
743332|0|R-VA041SC01201EB||||R-VA041SC01201EB|41-1201|Tenth St|318|Town of Virgilina|041|Halifax County|    41-734 Florence Ave| 368447|0|0|.1|    Dead End| 368730|0|0|.23|    10/10/2017|52|R|||||||X||24|||X||||||||||||||
743333|0|R-VA041SC01202EB||||R-VA041SC01202EB|41-1202|Ninth St|318|Town of Virgilina|041|Halifax County|    41-1205 Carolina St| 368731|0|0|0|    41-734 Florence Ave| 368448|0|0|.1|    10/10/2017|71|R|||||||X||24|||X||||||||||||||
743334|0|R-VA041SC01202EB||||R-VA041SC01202EB|41-1202|Ninth St|318|Town of Virgilina|041|Halifax County|    41-734 Florence Ave| 368448|0|0|.1|    41-1209 Colorado St| 368732|0|0|.19|    10/10/2017|69|R|||||||X||24|||X||||||||||||||
743335|0|R-VA041SC01202EB||||R-VA041SC01202EB|41-1202|Ninth St|318|Town of Virgilina|041|Halifax County|    41-1209 Colorado St| 368732|0|0|.19|    0.01 ME 41-1209 Colorado St| 368732|0|.01|.2|    10/10/2017|64|R|||||||X||24|||X||||||||||||||
743336|0|R-VA041SC01202EB||||R-VA041SC01202EB|41-1202|Ninth St|318|Town of Virgilina|041|Halifax County|    Colorado St| 368732|0|.01|.2|    Dead End| 368929|0|0|.31|    10/10/2017|71|R|||||||X||24|||X||||||||||||||
743337|0|R-VA041SC01203EB||||R-VA041SC01203EB|41-1203|Eighth St|318|Town of Virgilina|041|Halifax County|    41-1207 Alabama St| 368733|0|0|0|    41-1205 Carolina St| 368734|0|0|.07|    09/15/2020|11|R|||||||X||24|||X||||||||||||||
743338|0|R-VA041SC01203EB||||R-VA041SC01203EB|41-1203|Eighth St|318|Town of Virgilina|041|Halifax County|    41-1205 Carolina St| 368734|0|0|.07|    41-1208 Ohio St| 368737|0|0|.43|    10/10/2017|111|R|||||||X||24|||X||||||||||||||
743339|0|R-VA041SC01204EB||||R-VA041SC01204EB|41-1204|Sixth St|318|Town of Virgilina|041|Halifax County|    41-1205 Carolina St|1217979|0|0|0|    SR 49 Florence Ave|1217978|0|0|.09|    09/15/2020|25|R|||||||X||24|||X||||||||||||||
743340|0|R-VA041SC01205NB||||R-VA041SC01205NB|41-1205|Carolina St|318|Town of Virgilina|041|Halifax County|    North Carolina State Line| 368741|0|0|0|    SR 96| 368740|0|0|.16|    09/15/2020|68|R|||||||X||24|||X||||||||||||||
743341|0|R-VA041SC01205NB||||R-VA041SC01205NB|41-1205|Carolina St|318|Town of Virgilina|041|Halifax County|    SR 96| 368740|0|0|.16|    41-1201 Tenth St| 368729|0|0|.44|    09/15/2020|74|R|||||||X||24|||X||||||||||||||
743342|0|R-VA041SC01206NB||||R-VA041SC01206NB|41-1206|Nevada St|318|Town of Virgilina|041|Halifax County|    SR 49 Seventh St| 368742|0|0|0|    41-1203 Eighth St| 368736|0|0|.1|    09/15/2020|26|R|||||||X||24|||X||||||||||||||
743343|0|R-VA041SC01207NB||||R-VA041SC01207NB|41-1207|Alabama St|318|Town of Virgilina|041|Halifax County|    SR 96| 368743|0|0|0|    41-1203 Eighth St| 368733|0|0|.09|    09/15/2020|9|R|||||||X||24|||X||||||||||||||
743344|0|R-VA041SC01208NB||||R-VA041SC01208NB|41-1208|Ohio St|318|Town of Virgilina|041|Halifax County|    41-1203 Eighth St| 368737|0|0|0|    SR 49 Seventh St| 368744|0|0|.1|    10/10/2017|55|R|||||||X||24|||X||||||||||||||
743345|0|R-VA041SC01209NB||||R-VA041SC01209NB|41-1209|Colorado St|318|Town of Virgilina|041|Halifax County|    SR 49 Seventh St| 368745|0|0|0|    41-1203 Eighth St| 368735|0|0|.09|    10/10/2017|70|R|||||||X||24|||X||||||||||||||
743346|0|R-VA041SC01209NB||||R-VA041SC01209NB|41-1209|Colorado St|318|Town of Virgilina|041|Halifax County|    41-1203 Eighth St| 368735|0|0|.09|    41-1202 Ninth St| 368732|0|0|.19|    10/10/2017|43|R|||||||X||24|||X||||||||||||||
743347|0|R-VA041SC01210NB||||R-VA041SC01210NB|41-1210|Tennessee St|318|Town of Virgilina|041|Halifax County|    Dead End| 368747|0|0|0|    SR 96| 368746|0|0|.09|    09/15/2020|19|R|||||||X||24|||X||||||||||||||
