sep=|
- - 2022 AADT Report for City of Emporia - -
LINKID|SEQUENCENUMBER|RTE_NM|RTE_NM_2|RTE_NM_3|RTE_NM_4|Host RTE_NM|Route Label|Street Name|Physical Jurisdiction|Physical Jurisdiciton Name|Maintenance Jurisdiction|Maintenance Jurisdiciton Name|    Start Label|Start Node|Start Node Route Sequence|Star tOffset|Start Milepoint|    End Label|End Node|End Node Route Sequence|End Offset|End Milepoint|    VPDDate|AADT|AADT Quality|Passenger Vehicle|Bus|Truck 2 Axle|Truck 3 Axle|Truck 1 Trailer|Truck 2 Trailer|Class Quality|K Factor|K Factor Quality|Direction Factor|AAWDT|AAWDT Quality|AADT Dir|AADT Quality Dir|PassengerVehicle Dir|Bus Dir|Truck 2 Axle Dir|Truck 3 Axle Dir|Truck 1 Trailer Dir|Truck 2 Trailer Dir|Class Quality Dir|K Factor Dir|K Factor Quality Dir|Direction Factor Dir|AAWDT Dir|AAWDT Quality Dir
780379|0|R-VA   FR00131NB||||R-VA   FR00131NB|FR 131|Clover Leaf Dr|109|City of Emporia|109|City of Emporia|    US 58; Bus US 58| 363303|0|0|0|    |1027337|0|0|.128|    02/02/2017|222|R|||||||X||24|||X||||||||||||||
780379|0|R-VA   FR00131NB||||R-VA   FR00131NB|FR 131|Clover Leaf Dr|109|City of Emporia|040|Greensville County|    Jurisdiction Boundary: 109 City of Emporia|1027337|0|0|.128|    Maintenance Jurisdiction Boundary: 040 Greensville County / 109 City of Emporia| 729292|0|0|.17|    02/02/2017|222|R|||||||X||24|||X||||||||||||||
780379|0|R-VA   FR00131NB||||R-VA   FR00131NB|FR 131|Clover Leaf Dr|109|City of Emporia|109|City of Emporia|    Jurisdiction Boundary: 109 City of Emporia| 729292|0|0|.17|    Maintenance Jurisdiction Boundary: 109 City of Emporia / 040 Greensville County| 729297|0|0|.313|    02/02/2017|222|R|||||||X||24|||X||||||||||||||
780379|0|R-VA   FR00131NB||||R-VA   FR00131NB|FR 131|Clover Leaf Dr|109|City of Emporia|040|Greensville County|    Jurisdiction Boundary: 109 City of Emporia| 729297|0|0|.313|    Physical Jurisdiction Boundary: 109 City of Emporia / 040 Greensville County|1286501|0|0|.6|    02/02/2017|222|R|||||||X||24|||X||||||||||||||
780881|0|R-VA   FR00963EB||||R-VA   FR00963EB|FR 963| |109|City of Emporia|040|Greensville County|    Bus US 58| 363312|0|0|0|    Dead End| 363375|0|0|.04|    02/02/2017|12|R|||||||X||24|||X||||||||||||||
780882|0|R-VA   FR00964NB||||R-VA   FR00964NB|FR 964| |109|City of Emporia|040|Greensville County|    US 58; Bus US 58| 363298|0|0|0|    Dead End| 363376|0|0|.07|    02/02/2017|9|R|||||||X||24|||X||||||||||||||
780883|0|R-VA   FR00965EB||||R-VA   FR00965EB|FR 965| |109|City of Emporia|040|Greensville County|    Reese St| 363377|0|0|0|    Dead End| 363378|0|0|.31|    02/02/2017|5|R|||||||X||24|||X||||||||||||||
050238|0|R-VA   IS00095NB||||R-VA   IS00095NB|I-95| |109|City of Emporia|040|Greensville County|    | 363320|0|0|9.95|    Physical Jurisdiction Boundary: 040 Greensville County / 109 City of Emporia| 363321|0|0|11|    01/01/2022|45461|A|80|1|1|1|16|0|F|.119|1 |.52|40435|A|22776|A|80|1|1|1|17|0|F|.126|1 |1|20235|A
050587|0|R-VA   IS00095NB||||R-VA   IS00095NB|I-95| |109|City of Emporia|040|Greensville County|    US 58| 363321|0|0|11|    Physical Jurisdiction Boundary: 109 City of Emporia / 040 Greensville County| 363325|0|0|11.62|    01/01/2022|38328|A|82|1|1|1|15|0|F|.122|1 |.62|33994|A|19401|A|80|1|1|1|17|0|F|.131|1 |1|17217|A
789260|0|R-VA   IS00095NB      RMP011.00A||||R-VA   IS00095NB      RMP011.00A|I-95  NB EXIT 11A|Ramp|109|City of Emporia|040|Greensville County|    I-95 North| 363321|0|0|0|    I-95 North Exit 11A Ramp split| 735939|0|0|.13|    01/01/2022|3934|F|||||||X|.074|6 |1|4178|F||||||||||||||
789261|0|R-VA   IS00095NB      RMP011.00B||||R-VA   IS00095NB      RMP011.00B|I-95  NB EXIT 11B|Ramp|109|City of Emporia|040|Greensville County|    I-95 North| 363323|0|0|0|    US 58 West|1094311|0|0|.12|    01/01/2022|966|F|||||||X|.111|6 |1|1027|F||||||||||||||
150007|0|R-VA   IS00095SB||||R-VA   IS00095SB|I-95| |109|City of Emporia|040|Greensville County|    | 363333|0|0|10.03|    US 58| 363337|0|0|11.27|    01/01/2022|45461|A|80|1|1|1|16|0|F|.119|1 |.52|40435|A|22685|A|81|1|1|1|16|0|F|.129|1 |1|20200|A
150089|0|R-VA   IS00095SB||||R-VA   IS00095SB|I-95| |109|City of Emporia|040|Greensville County|    US 58| 363337|0|0|11.27|    Physical Jurisdiction Boundary: 109 City of Emporia / 040 Greensville County| 363338|0|0|11.62|    01/01/2022|38328|A|82|1|1|1|15|0|F|.122|1 |.62|33994|A|18927|A|84|1|1|1|14|0|F|.134|1 |1|16777|A
789355|0|R-VA   IS00095SB      RMP011.00A||||R-VA   IS00095SB      RMP011.00A|I-95  SB EXIT 11A|Ramp|109|City of Emporia|040|Greensville County|    I-95 South| 363335|0|0|0|    US 58 East| 363307|0|0|.13|    01/01/2022|1144|F|||||||X|.131|6 |1|1215|F||||||||||||||
789356|0|R-VA   IS00095SB      RMP011.00B||||R-VA   IS00095SB      RMP011.00B|I-95  SB EXIT 11B|Ramp|109|City of Emporia|040|Greensville County|    I-95 South| 363337|0|0|0|    US 58 W, West Atlantic St|1094309|0|0|.18|    01/01/2022|1448|F|||||||X|.132|6 |1|1538|F||||||||||||||
626037|0|R-VA   US00058EB||||R-VA   US00058EB|US 58|West Atlantic St|109|City of Emporia|040|Greensville County|    | 363436|0|0|411.05|    Purdy Rd| 363435|0|0|411.44|    01/01/2022|12440|G|78|1|1|1|18|1|F|.088|6 |.52|12529|G||||||||||||||
626038|0|R-VA   US00058EB||||R-VA   US00058EB|US 58|West Atlantic St|109|City of Emporia|040|Greensville County|    Purdy Rd| 363435|0|0|411.44|    I-95| 363308|0|0|411.57|    01/01/2022|19228|G|78|1|1|1|18|1|F|.088|6 |.54|19364|G||||||||||||||
626001|0|R-VA   US00058EB||||R-VA   US00058EB|US 58| |109|City of Emporia|040|Greensville County|    I-95| 363308|0|0|411.57|    | 363301|0|0|412.49|    01/01/2022|17873|G|77|0|1|1|19|1|F|.076|6 |.55|16757|G||||||||||||||
626002|0|R-VA   US00058EB||||R-VA   US00058EB|US 58| |109|City of Emporia|040|Greensville County|    US 301 Main St| 363301|0|0|412.49|    Reese St| 363300|0|0|413.13|    01/01/2022|15705|G|77|0|1|1|19|1|F|.073|6 |.54|14725|G||||||||||||||
626003|0|R-VA   US00058EB||||R-VA   US00058EB|US 58| |109|City of Emporia|040|Greensville County|    Reese St| 363300|0|0|413.13|    Davis St| 363299|0|0|413.62|    01/01/2022|14954|G|77|0|1|1|19|1|F|.075|6 |.53|14021|G||||||||||||||
626004|0|R-VA   US00058EB||||R-VA   US00058EB|US 58| |109|City of Emporia|040|Greensville County|    Davis St| 363299|0|0|413.62|    | 363298|0|0|414.27|    01/01/2022|13261|G|77|0|1|1|19|1|F|.072|6 |.53|12433|G||||||||||||||
626005|0|R-VA   US00058EB||||R-VA   US00058EB|US 58| |109|City of Emporia|040|Greensville County|    East Atlantic St| 363298|0|0|414.27|    ECL Emporia| 363297|0|0|414.67|    01/01/2022|15473|G|77|0|1|1|19|1|F|.075|6 |.52|14506|G||||||||||||||
789678|0|R-VA   US00058EB      RMP411.00A||||R-VA   US00058EB      RMP411.00A|US 58  EB EXIT 411A|Ramp|109|City of Emporia|040|Greensville County|    US 58 E, West Atlantic St| 363308|0|0|0|    I-95 South| 363334|0|0|.18|    01/01/2022|1645|F|||||||X|.075|6 |1|1747|F||||||||||||||
789679|0|R-VA   US00058EB      RMP411.00B||||R-VA   US00058EB      RMP411.00B|US 58  EB EXIT 411B|Ramp|109|City of Emporia|040|Greensville County|    US 58 East| 363306|0|0|0|    I-95 North| 363322|0|0|.13|    01/01/2022|845|F|||||||X|.124|6 |1|898|F||||||||||||||
626006|0|R-VA   US00058EBBUS003||||R-VA   US00058EBBUS003|BUS US 58|Market Dr|109|City of Emporia|040|Greensville County|    US 58 West Intersection| 363303|0|0|0|    West Atlantic St| 363440|0|0|.21|    01/01/2022|12738|G|98|0|1|0|1|0|C|.089|6 |.52|13624|G||||||||||||||
626039|0|R-VA   US00058EBBUS003||||R-VA   US00058EBBUS003|BUS US 58|West Atlantic St|109|City of Emporia|040|Greensville County|    US 58 Connector| 363440|0|0|.21|    North Main Street| 363313|0|0|.65|    01/01/2022|11587|G|98|0|1|0|0|0|C|.088|6 |.62|12392|G||||||||||||||
626011|0|R-VA   US00058EBBUS003||||R-VA   US00058EBBUS003|BUS US 58|East Atlantic St|109|City of Emporia|040|Greensville County|    North Main Street| 363313|0|0|.65|    Reese St| 718540|0|0|.9|    01/01/2022|3960|G|88|0|1|1|9|0|F|.102|6 |.61|4236|G||||||||||||||
626012|0|R-VA   US00058EBBUS003||||R-VA   US00058EBBUS003|BUS US 58|East Atlantic St|109|City of Emporia|040|Greensville County|    Reese St| 718540|0|0|.9|    US 58 East Intersection| 363298|0|0|2.1|    01/01/2022|1955|G|88|0|1|1|9|0|C|.096|6 |.55|2091|G||||||||||||||
789680|0|R-VA   US00058WB      RMP411.00A||||R-VA   US00058WB      RMP411.00A|US 58  WB EXIT 411A|Ramp|109|City of Emporia|040|Greensville County|    US 58 West|1094310|0|0|0|    I-95 South| 363336|0|0|.14|    01/01/2022|3916|F|||||||X|.082|6 |1|4159|F||||||||||||||
789681|0|R-VA   US00058WB      RMP411.00B||||R-VA   US00058WB      RMP411.00B|US 58  WB EXIT 411B|Ramp|109|City of Emporia|040|Greensville County|    US 58 West| 363304|0|0|0|    I-95 North| 363324|0|0|.18|    01/01/2022|963|F|||||||X|.087|6 |1|1023|F||||||||||||||
626028|0|R-VA   US00301NB||||R-VA   US00301NB|US 301|South Main St|109|City of Emporia|109|City of Emporia|    SCL Emporia| 363360|0|0|9.1|    Low Ground Rd| 363357|0|0|9.55|    01/01/2022|7025|G|95|0|1|1|3|0|C|.092|6 |.54|7514|G||||||||||||||
626029|0|R-VA   US00301NB||||R-VA   US00301NB|US 301|South Main St|109|City of Emporia|109|City of Emporia|    Low Ground Rd| 363357|0|0|9.55|    Jefferson St| 363356|0|0|9.79|    01/01/2022|9494|G|95|0|1|1|3|0|F|.089|6 |.59|10148|G||||||||||||||
626030|0|R-VA   US00301NB||||R-VA   US00301NB|US 301|South Main St|109|City of Emporia|109|City of Emporia|    Jefferson St| 363356|0|0|9.79|    Brunswick Ave| 363355|0|0|10.15|    01/01/2022|10235|G|95|0|1|1|3|0|F|.089|6 |.61|10939|G||||||||||||||
626031|0|R-VA   US00301NB||||R-VA   US00301NB|US 301|South Main St|109|City of Emporia|109|City of Emporia|    Brunswick Ave| 363355|0|0|10.15|    Valley St| 363410|0|0|10.64|    01/01/2022|15174|G|95|0|1|0|1|0|C|.093|6 |.58|16218|G||||||||||||||
626032|0|R-VA   US00301NB||||R-VA   US00301NB|US 301|South Main St|109|City of Emporia|109|City of Emporia|    Valley St| 363410|0|0|10.64|    Atlantic Ave| 363313|0|0|10.84|    01/01/2022|14390|G|95|0|1|0|1|0|F|.091|6 |.56|15381|G||||||||||||||
626022|0|R-VA   US00301NB||||R-VA   US00301NB|US 301|North Main St|109|City of Emporia|109|City of Emporia|    Atlantic Ave| 363313|0|0|10.84|    US 58| 363348|0|0|11.58|    01/01/2022|9209|G|95|0|1|0|1|0|F|.094|6 |.56|9850|G||||||||||||||
626023|0|R-VA   US00301NB||||R-VA   US00301NB|US 301|North Main St|109|City of Emporia|109|City of Emporia|    US 58| 363348|0|0|11.58|    Halifax St| 363344|0|0|11.92|    01/01/2022|9403|G|97|0|1|1|1|0|F|.107|6 |.67|9970|G||||||||||||||
626024|0|R-VA   US00301NB||||R-VA   US00301NB|US 301|North Main St|109|City of Emporia|109|City of Emporia|    Halifax St| 363344|0|0|11.92|    NCL Emporia| 363343|0|0|12.08|    01/01/2022|8875|G|97|0|1|1|1|0|F|.101|6 |.59|9411|G||||||||||||||
742693|0|R-VA040SC00689NB||||R-VA040SC00689NB|40-689|Old Halifax Rd|109|City of Emporia|040|Greensville County|    Jurisdiction Boundary: 040 Greensville County|1027279|0|0|.472|    Physical Jurisdiction Boundary: 040 Greensville County / 109 City of Emporia| 363202|0|0|.52|    01/05/2017|118|R|||||||X||24|||X||||||||||||||
783015|0|S-VA109PR ATLANTIC ST W||||S-VA109PR ATLANTIC ST W|Atlantic St W|W Atlantic Ave|109|City of Emporia|109|City of Emporia|    Bus US 58| 363440|0|0|.435|    Dead End near Florida Ave| 724181|0|0|.675|    01/01/2022|634|G|96|1|1|1|0|0|F|.094|6 |.84|678|G||||||||||||||
626007|0|S-VA109PR BELFIELD DR||||S-VA109PR BELFIELD DR|Belfield Dr|Belfield Dr|109|City of Emporia|109|City of Emporia|    West Atlantic St| 363431|0|0|0|    Weaver Ave| 363433|0|0|.17|    01/01/2022|2268|G|99|0|0|0|0|0|F|.103|6 |.7|2408|G||||||||||||||
300112|1|S-VA109PR BRINK RD||||S-VA109PR BRINK RD|Brink Rd|Brink Rd|109|City of Emporia|109|City of Emporia|    SCL Emporia| 363102|0|0|0|    US 301 Main St| 363359|0|0|.151|    01/01/2022|2624|G|94|0|1|1|3|0|C|.097|6 |.63|2555|G||||||||||||||
626008|0|S-VA109PR BRUNSWICK AVE||||S-VA109PR BRUNSWICK AVE|Brunswick Ave|Brunswick Ave|109|City of Emporia|109|City of Emporia|    US 301 South Main St| 363355|0|0|0|    Brunswick Ave Ext; Church St. (pre-update)|1253135|0|0|.68|    01/01/2022|4594|G|96|0|1|1|1|0|C|.098|6 |.56|4914|G||||||||||||||
626009|0|S-VA109PR CHURCH ST||||S-VA109PR CHURCH ST|Church St|Church St|109|City of Emporia|109|City of Emporia|    Brunswick Ave Ext.| 363391|0|0|.621|    WCL Emporia|1181082|0|0|.74|    01/01/2022|4485|G|98|0|0|0|0|0|F|.085|6 |.67|4796|G||||||||||||||
626010|0|S-VA109PR DAVIS ST||||S-VA109PR DAVIS ST|Davis St|Davis St|109|City of Emporia|109|City of Emporia|    East Atlantic St| 363418|0|0|0|    | 363390|0|0|1.31|    01/01/2022|1862|G|98|0|1|1|0|0|C|.11|6 |.62|1982|G||||||||||||||
626013|0|S-VA109PR GREENSVILLE AVE||||S-VA109PR GREENSVILLE AVE|Greensville Ave|Greenville Ave|109|City of Emporia|109|City of Emporia|    Tillar St| 363381|0|0|0|    South Main St| 363379|0|0|.16|    01/01/2022|427|G|96|1|1|1|1|0|C|.107|6 |.61|453|G||||||||||||||
626014|0|S-VA109PR HALIFAX ST||||S-VA109PR HALIFAX ST|Halifax St|Halifax St|109|City of Emporia|109|City of Emporia|    Southampton St| 363413|0|0|0|    US 58 East Atlantic St| 363421|0|0|.21|    01/01/2022|1701|G|94|1|1|1|0|0|C|.093|6 |.64|1811|G||||||||||||||
626015|0|S-VA109PR HALIFAX ST||||S-VA109PR HALIFAX ST|Halifax St|Halifax St|109|City of Emporia|109|City of Emporia|    US 58 East Atlantic St| 363421|0|0|.21|    Ruffin St| 363423|0|0|.542|    01/01/2022|2185|G|98|0|0|0|0|0|C|.095|6 |.6|2325|G||||||||||||||
626017|0|S-VA109PR HALIFAX ST||||S-VA109PR HALIFAX ST|Halifax St|Halifax St|109|City of Emporia|109|City of Emporia|    Ruffin St| 363423|0|0|.542|    US 301 North Main St| 363344|0|0|1.37|    01/01/2022|1183|G|99|0|0|0|0|0|C|.104|6 |.62|1258|G||||||||||||||
626018|0|S-VA109PR HICKSFORD AVE||||S-VA109PR HICKSFORD AVE|Hicksford Ave|Hicksford Ave|109|City of Emporia|109|City of Emporia|    South Main St| 363355|0|0|0|    Lee St| 363403|0|0|.38|    01/01/2022|2919|G|98|0|0|0|0|0|C|.112|6 |.5|3123|G||||||||||||||
626019|0|S-VA109PR LAUREL ST||||S-VA109PR LAUREL ST|Laurel St|Laurel St|109|City of Emporia|109|City of Emporia|    South Main St| 363357|0|0|0|    Laurel Woods Dr|1026889|0|0|.55|    01/01/2022|485|G|99|0|0|0|0|0|C|.117|6 |.63|515|G||||||||||||||
626020|0|S-VA109PR LEE ST||||S-VA109PR LEE ST|Lee St|Lee St|109|City of Emporia|109|City of Emporia|    Hicksford Ave| 363404|0|0|.09|    Southampton St| 363409|0|0|.38|    01/01/2022|1885|G|98|0|0|0|0|0|C|.112|6 |.64|2017|G||||||||||||||
626021|0|S-VA109PR LOW GROUND RD||||S-VA109PR LOW GROUND RD|Low Ground Rd|Low Ground Rd|109|City of Emporia|109|City of Emporia|    South Main St| 363357|0|0|0|    SCL Emporia; 40-730|1027072|0|0|.42|    01/01/2022|2554|G|98|0|0|1|0|0|C|.095|6 |.6|2713|G||||||||||||||
626025|0|S-VA109PR PURDY RD||||S-VA109PR PURDY RD|Purdy Rd|Purdy Rd|109|City of Emporia|109|City of Emporia|    West Atlantic St|1026924|0|0|0|    Satterfield Dr| 716422|0|0|.51|    01/01/2022|3311|G|92|0|1|1|5|0|C|.09|6 |.51|3526|G||||||||||||||
781630|0|S-VA109PR PURDY RD||||S-VA109PR PURDY RD|Purdy Rd|Purdy Rd|109|City of Emporia|109|City of Emporia|    Satterfield Dr| 716422|0|0|.51|    NCL Emporia| 716394|0|0|.64|    01/01/2022|1536|G|95|0|1|2|3|0|C|.101|6 |.55|1635|G||||||||||||||
788274|0|S-VA109PR REESE ST||||S-VA109PR REESE ST|Reese St|Reese St|109|City of Emporia|109|City of Emporia|    109-3804 Southampton St| 363414|0|0|.08|    Bus US 58| 718540|0|0|.21|    01/01/2022|602|G|97|0|1|0|0|0|C|.106|6 |.66|642|G||||||||||||||
787398|0|S-VA109PR REESE ST||||S-VA109PR REESE ST|Reese St|Reese St|109|City of Emporia|109|City of Emporia|    Bus US 58| 718540|0|0|.21|    US 58 Bypass| 718542|0|0|1.05|    01/01/2022|1409|G|98|0|1|1|0|0|C|.085|6 |.52|1496|G||||||||||||||
781632|0|S-VA109PR REESE ST||||S-VA109PR REESE ST|Reese St|Reese St|109|City of Emporia|109|City of Emporia|    US 58 Bypass| 718542|0|0|1.05|    Sunnyside Rd| 718548|0|0|1.61|    01/01/2022|991|G|92|0|1|2|4|0|C|.099|6 |.52|1055|G||||||||||||||
626033|0|S-VA109PR SOUTHAMPTON ST||||S-VA109PR SOUTHAMPTON ST|Southampton St|Southampton St|109|City of Emporia|109|City of Emporia|    Halifax St| 716512|0|0|0|    Lee St| 363409|0|0|.28|    01/01/2021|1267|G|||||||X|.101|6 |.59||X||||||||||||||
626034|0|S-VA109PR SOUTHAMPTON ST||||S-VA109PR SOUTHAMPTON ST|Southampton St|Southampton St|109|City of Emporia|109|City of Emporia|    Lee St| 363409|0|0|.28|    East Atlantic St| 363417|0|0|.46|    01/01/2022|1955|G|97|0|1|0|0|0|C|.097|6 |.58|2080|G||||||||||||||
626036|0|S-VA109PR VALLEY ST||||S-VA109PR VALLEY ST|Valley St|Valley St|109|City of Emporia|109|City of Emporia|    Halifax St| 716512|0|0|0|    North Main St| 363410|0|0|.14|    01/01/2021|1036|G|||||||X|.121|6 |.62||X||||||||||||||
201200|0|S-VA109PR WALNUT DR||||S-VA109PR WALNUT DR|Walnut Dr||109|City of Emporia|109|City of Emporia|    Wiggins Rd|1027343|0|0|0|    40-664 Walnut Dr|1027471|0|0|.37|    ||X||||||||||||||||||||||||||
626040|0|S-VA109PR WEAVER AVE||||S-VA109PR WEAVER AVE|Weaver Ave|Weaver Ave|109|City of Emporia|109|City of Emporia|    Belfield Dr| 363434|0|0|0|    Jurisdiction Boundary: 109 City of Emporia / |1026996|0|0|.32|    01/01/2022|1938|G|97|0|1|0|0|0|C|.111|6 |.61|2057|G||||||||||||||
781631|0|S-VA109PR WEST END DR||||S-VA109PR WEST END DR|West End Dr|West End Dr|109|City of Emporia|109|City of Emporia|    US 58| 716421|0|0|.24|    109-2 Purdy Rd| 363436|0|0|.66|    01/01/2022|411|G|97|0|1|0|0|0|C|.14|6 |.67|438|G||||||||||||||
