sep=|
- - 2022 AADT Report for Town of Lovettsville - -
LINKID|SEQUENCENUMBER|RTE_NM|RTE_NM_2|RTE_NM_3|RTE_NM_4|Host RTE_NM|Route Label|Street Name|Physical Jurisdiction|Physical Jurisdiciton Name|Maintenance Jurisdiction|Maintenance Jurisdiciton Name|    Start Label|Start Node|Start Node Route Sequence|Star tOffset|Start Milepoint|    End Label|End Node|End Node Route Sequence|End Offset|End Milepoint|    VPDDate|AADT|AADT Quality|Passenger Vehicle|Bus|Truck 2 Axle|Truck 3 Axle|Truck 1 Trailer|Truck 2 Trailer|Class Quality|K Factor|K Factor Quality|Direction Factor|AAWDT|AAWDT Quality|AADT Dir|AADT Quality Dir|PassengerVehicle Dir|Bus Dir|Truck 2 Axle Dir|Truck 3 Axle Dir|Truck 1 Trailer Dir|Truck 2 Trailer Dir|Class Quality Dir|K Factor Dir|K Factor Quality Dir|Direction Factor Dir|AAWDT Dir|AAWDT Quality Dir
090003|0|R-VA   SR00287NB||||R-VA   SR00287NB|VA 287|Berlin Tpke|255|Town of Lovettsville|053|Loudoun County|    | 429796|0|0|9.5|    | 755220|0|0|10.27|    01/01/2022|6399|G|96|0|1|2|1|0|F|.078|6 |.72|6426|G||||||||||||||
090077|0|R-VA   SR00287NB||||R-VA   SR00287NB|VA 287|Berlin Tpke|255|Town of Lovettsville|053|Loudoun County|    SR 287 Par; Town Center Dr| 755220|0|0|10.27|    53-673 S, East Broad Way| 755221|0|0|10.33|    01/01/2022|5666|G|96|0|1|2|1|0|F|.105|6 |1|5995|G||||||||||||||
090071|0|R-VA   SR00287NB||||R-VA   SR00287NB|VA 287|Berlin Tpke|255|Town of Lovettsville|053|Loudoun County|    53-673 S, East Broad Way| 755221|0|0|10.33|    | 755222|0|0|10.38|    01/01/2022|6399|N|96|0|1|2|1|0|F|.078|6 |.72|6426|N||||||||||||||
090025|0|R-VA   SR00287NB||||R-VA   SR00287NB|VA 287|Berlin Tpke|255|Town of Lovettsville|053|Loudoun County|    SR 287 Par; 53-673 N, West Broad Way| 755222|0|0|10.38|    Physical Jurisdiction Boundary: 255 Town of Lovettsville / 053 Loudoun County| 429795|0|0|10.96|    01/01/2022|7454|G|96|0|1|2|1|0|C|.102|6 |.64|7886|G||||||||||||||
798791|0|R-VA   SR00287PA001||||R-VA   SR00287PA001|VA 287|Berlin Tpke|255|Town of Lovettsville|053|Loudoun County|    SR 287; 53-1388 S, Town Center Dr| 755220|0|0|0|    53-1388 N, Town Center Dr| 755223|0|0|.05|    01/01/2022|5773|G|93|1|2|2|1|0|F|.095|6 |1|5662|G||||||||||||||
798882|0|R-VA   SR00287PA001||||R-VA   SR00287PA001|VA 287|Berlin Tpke|255|Town of Lovettsville|053|Loudoun County|    53-1388 N, Town Center Dr| 755223|0|0|.05|    SR 287 N ; 53-673 Broad Way| 755222|0|0|.11|    01/01/2022|5706|G|93|1|2|2|1|0|C|.092|6 |1|5596|G||||||||||||||
301529|0|R-VA053SC00672EB||||R-VA053SC00672EB|53-672|Lovettsville Rd|255|Town of Lovettsville|053|Loudoun County|    53-673 Broad Way East| 428294|0|0|0|    Physical Jurisdiction Boundary: 255 Town of Lovettsville / 053 Loudoun County| 428293|0|0|.08|    01/01/2022|2502|G|95|1|2|1|1|0|C|.094|6 |.56|2647|G||||||||||||||
301533|0|R-VA053SC00673EB||||R-VA053SC00673EB|53-673|Irish Corner Rd|255|Town of Lovettsville|053|Loudoun County|    | 428303|0|0|3.35|    SR 287 Berlin Tpke| 755222|0|0|3.65|    01/01/2022|1932|G|95|1|1|1|1|0|C|.099|6 |.55|1895|G||||||||||||||
301534|0|R-VA053SC00673EB||||R-VA053SC00673EB|53-673|Broad Way E|255|Town of Lovettsville|053|Loudoun County|    SR 287 Berlin Tpke| 755221|0|0|3.7|    53-796 Loudoun St| 428299|0|0|3.88|    01/01/2022|3853|G|97|1|1|1|1|0|C|.098|6 |.62|4077|G||||||||||||||
301535|0|R-VA053SC00673EB||||R-VA053SC00673EB|53-673|Broad Way East|255|Town of Lovettsville|053|Loudoun County|    53-796 Loudoun St| 428299|0|0|3.88|    53-1503 Locust St| 428298|0|0|3.95|    01/01/2022|3697|G|97|1|1|1|1|0|F|.102|6 |.61|3912|G||||||||||||||
301536|0|R-VA053SC00673EB||||R-VA053SC00673EB|53-673|Broad Way East|255|Town of Lovettsville|053|Loudoun County|    53-1503 Locust St| 428298|0|0|3.95|    53-672 SCL Lovettsville| 428294|0|0|4.2|    01/01/2022|4221|G|97|1|1|1|1|0|F|.096|6 |.59|4467|G||||||||||||||
749978|0|R-VA053SC00675EB||||R-VA053SC00675EB|53-675|Church St S|255|Town of Lovettsville|053|Loudoun County|    WCL Lovettsville| 428311|0|0|1.07|    53-1648 Milhoven Dr| 428312|0|0|1.194|    01/27/2014|165|R|||||||X||24|||X||||||||||||||
749979|0|R-VA053SC00675EB||||R-VA053SC00675EB|53-675|Church St S|255|Town of Lovettsville|053|Loudoun County|    53-1648 Milhoven Dr| 428312|0|0|1.194|    53-1644 Fox Meadow Dr| 706576|0|0|1.35|    11/12/2020|379|R|||||||X||24|||X||||||||||||||
749980|0|R-VA053SC00675EB||||R-VA053SC00675EB|53-675|Church St S|255|Town of Lovettsville|053|Loudoun County|    53-1644 Fox Meadow Dr| 706576|0|0|1.35|    53-3202 Hammond St|1089647|0|0|1.52|    12/08/2014|567|R|||||||X||24|||X||||||||||||||
750220|0|R-VA053SC00796NB||||R-VA053SC00796NB|53-796|Loudoun St|255|Town of Lovettsville|053|Loudoun County|    SR 287 Berlin Tpke| 428569|0|0|0|    53-673 Broadway East| 428299|0|0|.66|    01/01/2022|1888|G|96|1|1|0|0|0|C|.091|6 |.54|1999|G||||||||||||||
750316|0|R-VA053SC00855EB||||R-VA053SC00855EB|53-855|Quarter Branch Rd|255|Town of Lovettsville|053|Loudoun County|    SR 287 Berlin Tpke| 428650|0|0|0|    NCL Lovettsville| 428651|0|0|.17|    01/27/2014|394|R|||||||X||24|||X||||||||||||||
802975|0|R-VA053SC01079EB||||R-VA053SC01079EB|53-1079|Germanna Dr|255|Town of Lovettsville|053|Loudoun County|    SR 287 Berlin Tpke| 734088|0|0|0|    Cul-de-Sac| 755877|0|0|.09|    01/24/2014|65|T|||||||X||24|||X||||||||||||||
796443|0|R-VA053SC01380EB||||R-VA053SC01380EB|53-1380|Lovett Dr|255|Town of Lovettsville|053|Loudoun County|    SR 287 Berlin Tpke| 750626|0|0|0|    Houser Dr| 755067|0|0|.22|    09/21/2009|422|R|||||||X||24|||X||||||||||||||
796444|0|R-VA053SC01381NB||||R-VA053SC01381NB|53-1381|Potterfield Dr|255|Town of Lovettsville|053|Loudoun County|    53-1382 Tritapoe Pl|1000064|0|0|0|    53-1391 Lange Dr|1000065|0|0|.44|    09/21/2009|199|R|||||||X||24|||X||||||||||||||
796445|0|R-VA053SC01382NB||||R-VA053SC01382NB|53-1382|Tritapoe Pl|255|Town of Lovettsville|053|Loudoun County|    Cul-de-Sac|1000071|0|0|0|    53-1380 Lovett Dr| 750633|0|0|.34|    09/21/2009|163|R|||||||X||24|||X||||||||||||||
796446|0|R-VA053SC01383EB||||R-VA053SC01383EB|53-1383|Stocks St|255|Town of Lovettsville|053|Loudoun County|    53-1381 Potterfield Dr| 750630|0|0|0|    53-1382 Tritapoe Pl|1000088|0|0|.25|    09/21/2009|75|R|||||||X||24|||X||||||||||||||
797067|0|R-VA053SC01386EB||||R-VA053SC01386EB|53-1386|Copper Run St|255|Town of Lovettsville|053|Loudoun County|    53-673 Broad Way| 751439|0|0|0|    53-1387 Tilgham Pl| 751440|0|0|.35|    05/17/2010|305|R|||||||X||24|||X||||||||||||||
797068|0|R-VA053SC01387NB||||R-VA053SC01387NB|53-1387|Tilgham Pl|255|Town of Lovettsville|053|Loudoun County|    SR 287 Berlin Tpke| 751438|0|0|0|    53-1386 Copper Run St|1001250|0|0|.27|    06/10/2010|273|R|||||||X||24|||X||||||||||||||
798406|0|R-VA053SC01388NB||||R-VA053SC01388NB|53-1388|Town Center Dr|255|Town of Lovettsville|053|Loudoun County|    53-1501 Church St| 755224|0|0|0|    SR 287 Berlin Tpke| 755220|0|0|.04|    11/12/2020|278|R|||||||X||24|||X||||||||||||||
798407|0|R-VA053SC01388NB||||R-VA053SC01388NB|53-1388|Town Center Dr|255|Town of Lovettsville|053|Loudoun County|    SR 287 Berlin Tpke| 755223|0|0|.09|    Dead End|1089652|0|0|.35|    11/12/2020|287|R|||||||X||24|||X||||||||||||||
750783|0|R-VA053SC01501EB||||R-VA053SC01501EB|53-1501|Church St|255|Town of Lovettsville|053|Loudoun County|    SR 287 Berlin Tpke| 755219|0|0|0|    Physical Jurisdiction Boundary: 255 Town of Lovettsville / 053 Loudoun County| 428301|0|0|.13|    01/27/2014|953|R|||||||X||24|||X||||||||||||||
750784|0|R-VA053SC01502NB||||R-VA053SC01502NB|53-1502|Pennsylvania Ave|255|Town of Lovettsville|053|Loudoun County|    53-1503 Locust St| 429048|0|0|0|    53-1501 Church St| 429047|0|0|.22|    11/12/2020|204|R|||||||X||24|||X||||||||||||||
750785|0|R-VA053SC01503EB||||R-VA053SC01503EB|53-1503|Locust St|255|Town of Lovettsville|053|Loudoun County|    53-796 Loudoun St| 428570|0|0|0|    53-673 Broad Way| 428298|0|0|.18|    11/12/2020|792|R|||||||X||24|||X||||||||||||||
750786|0|R-VA053SC01504EB||||R-VA053SC01504EB|53-1504|Redbud Lane|255|Town of Lovettsville|053|Loudoun County|    53-1505 Redbud Lane| 429050|0|0|0|    SR 287 Berlin Tpke| 429049|0|0|.13|    02/06/2014|94|R|||||||X||24|||X||||||||||||||
750787|0|R-VA053SC01505NB||||R-VA053SC01505NB|53-1505|Redbud Lane|255|Town of Lovettsville|053|Loudoun County|    Dead End| 429634|0|0|0|    53-1504 Redbud Lane| 429050|0|0|.09|    01/24/2014|30|T|||||||X||24|||X||||||||||||||
750938|0|R-VA053SC01590EB||||R-VA053SC01590EB|53-1590|Park Place|255|Town of Lovettsville|053|Loudoun County|    53-673 Broad Way East| 428297|0|0|0|    Cul-de-Sac| 429178|0|0|.15|    01/27/2014|400|R|||||||X||24|||X||||||||||||||
751031|0|R-VA053SC01644NB||||R-VA053SC01644NB|53-1644|Fox Meadow Dr|255|Town of Lovettsville|053|Loudoun County|    53-675 Church St S| 706576|0|0|0|    Physical Jurisdiction Boundary: 255 Town of Lovettsville / 053 Loudoun County|1264745|0|0|.19|    06/10/2010|118|R|||||||X||24|||X||||||||||||||
751032|0|R-VA053SC01645EB||||R-VA053SC01645EB|53-1645|N Light St|255|Town of Lovettsville|053|Loudoun County|    53-673 Broad Way East| 428300|0|0|0|    Cul-de-Sac| 429259|0|0|.09|    01/27/2014|414|R|||||||X||24|||X||||||||||||||
751034|0|R-VA053SC01647NB||||R-VA053SC01647NB|53-1647|Woodbriar Dr|255|Town of Lovettsville|053|Loudoun County|    Cul-de-Sac| 711815|0|0|0|    53-1644 Fox Meadow Dr| 706577|0|0|.04|    12/17/2013|35|T|||||||X||24|||X||||||||||||||
751035|0|R-VA053SC01647NB||||R-VA053SC01647NB|53-1647|Woodbriar Dr|255|Town of Lovettsville|053|Loudoun County|    53-1644 Fox Meadow Dr| 706577|0|0|.04|    53-1656 Oakfield Dr|1089649|0|0|.16|    06/10/2010|63|R|||||||X||24|||X||||||||||||||
751036|0|R-VA053SC01648NB||||R-VA053SC01648NB|53-1648|Milhoven Dr|255|Town of Lovettsville|053|Loudoun County|    53-675 Church St S; Fry Farm Rd| 428312|0|0|0|    53-1649 Mills Court| 429262|0|0|.06|    06/10/2010|130|R|||||||X||24|||X||||||||||||||
751037|0|R-VA053SC01649EB||||R-VA053SC01649EB|53-1649|Mills Court|255|Town of Lovettsville|053|Loudoun County|    Cul-de-Sac| 429635|0|0|0|    53-1648 Milhoven Dr| 429262|0|0|.04|    12/17/2013|65|T|||||||X||24|||X||||||||||||||
751038|0|R-VA053SC01649EB||||R-VA053SC01649EB|53-1649|Mills Court|255|Town of Lovettsville|053|Loudoun County|    53-1648 Milhoven Dr| 429262|0|0|.04|    Cul-de-Sac| 429263|0|0|.09|    12/17/2013|75|T|||||||X||24|||X||||||||||||||
751041|0|R-VA053SC01656NB||||R-VA053SC01656NB|53-1656|Oakfield Dr|255|Town of Lovettsville|053|Loudoun County|    53-1647 Woodbriar Dr| 706578|0|0|0|    Dead End|1179325|0|0|.12|    01/06/2021|49|R|||||||X||24|||X||||||||||||||
751461|0|R-VA053SC09236NB||||R-VA053SC09236NB|53-9236|Lovettesville Elementary School|255|Town of Lovettsville|053|Loudoun County|    53-796 Loudoun St S| 429440|0|0|0|    53-796 Loudoun St S| 429441|0|0|.1|    12/08/2014|230|R|||||||X||24|||X||||||||||||||
