sep=|
- - 2022 AADT Report for Essex County - -
LINKID|SEQUENCENUMBER|RTE_NM|RTE_NM_2|RTE_NM_3|RTE_NM_4|Host RTE_NM|Route Label|Street Name|Physical Jurisdiction|Physical Jurisdiciton Name|Maintenance Jurisdiction|Maintenance Jurisdiciton Name|    Start Label|Start Node|Start Node Route Sequence|Star tOffset|Start Milepoint|    End Label|End Node|End Node Route Sequence|End Offset|End Milepoint|    VPDDate|AADT|AADT Quality|Passenger Vehicle|Bus|Truck 2 Axle|Truck 3 Axle|Truck 1 Trailer|Truck 2 Trailer|Class Quality|K Factor|K Factor Quality|Direction Factor|AAWDT|AAWDT Quality|AADT Dir|AADT Quality Dir|PassengerVehicle Dir|Bus Dir|Truck 2 Axle Dir|Truck 3 Axle Dir|Truck 1 Trailer Dir|Truck 2 Trailer Dir|Class Quality Dir|K Factor Dir|K Factor Quality Dir|Direction Factor Dir|AAWDT Dir|AAWDT Quality Dir
060194|0|R-VA   US00017NB||||R-VA   US00017NB|US 17|Tidewater Trail|028|Essex County|028|Essex County|    Middlesex County Line|  50068|0|0|110.74|    28-684 Center Cross| 258204|0|0|115.43|    01/01/2022|4496|G|97|0|1|0|1|0|F|.083|6 |.54|4773|G||||||||||||||
060106|0|R-VA   US00017NB||||R-VA   US00017NB|US 17|Tidewater Trail|028|Essex County|028|Essex County|    28-684 Center Cross| 258204|0|0|115.43|    | 258037|0|0|121.07|    01/01/2022|4707|G|97|0|1|0|1|0|F|.079|6 |.56|4997|G||||||||||||||
060193|0|R-VA   US00017NB||||R-VA   US00017NB|US 17|Tidewater Trail|028|Essex County|028|Essex County|    28-609 Essex Mill Rd| 258037|0|0|121.07|    US 360 Brays Fork| 258410|0|0|124.1|    01/01/2022|6979|G|97|0|1|0|1|0|F|.08|6 |.57|7408|G||||||||||||||
060134|0|R-VA   US00017NB|R-VA   US00360EB|||R-VA   US00017NB|US 17, US 360|Tappahannock Blvd|028|Essex County|028|Essex County|    US 360 Brays Fork| 258410|0|0|124.1|    Physical Jurisdiction Boundary: 028 Essex County / 310 Town of Tappahannock| 258409|0|0|124.3|    01/01/2022|21115|G|92|0|1|1|5|0|F|.082|6 |.51|18656|G||||||||||||||
060134|0|R-VA   US00017NB|R-VA   US00360EB|||R-VA   US00017NB|US 17, US 360|Tappahannock Blvd|310|Town of Tappahannock|028|Essex County|    | 258409|0|0|124.3|    | 258297|0|0|126.54|    01/01/2022|21115|G|92|0|1|1|5|0|F|.082|6 |.51|18656|G||||||||||||||
060104|0|R-VA   US00017NB||||R-VA   US00017NB|US 17| |310|Town of Tappahannock|028|Essex County|    US 360 Tappahannock| 258297|0|0|126.54|    Physical Jurisdiction Boundary: 310 Town of Tappahannock / 028 Essex County| 258407|0|0|127.16|    01/01/2022|6755|A|92|0|1|1|5|0|C|.139|1 |.57|6170|A||||||||||||||
060104|0|R-VA   US00017NB||||R-VA   US00017NB|US 17| |028|Essex County|028|Essex County|    | 258407|0|0|127.16|    28-703 Gwynnfield Rd| 258226|0|0|129.69|    01/01/2022|6755|A|92|0|1|1|5|0|C|.139|1 |.57|6170|A||||||||||||||
060192|0|R-VA   US00017NB||||R-VA   US00017NB|US 17|Tidewater Trail|028|Essex County|028|Essex County|    28-703 Gwynnfield Rd| 258226|0|0|129.69|    28-624 Caret| 258096|0|0|133.4|    01/01/2022|6294|G|92|0|1|1|5|0|F|.08|6 |.5|5561|G||||||||||||||
060191|0|R-VA   US00017NB||||R-VA   US00017NB|US 17|Tidewater Trail|028|Essex County|028|Essex County|    28-624 Caret| 258096|0|0|133.4|    | 258131|0|0|142.75|    01/01/2022|5108|G|92|0|1|1|5|0|F|.082|6 |.56|4514|G||||||||||||||
060190|0|R-VA   US00017NB||||R-VA   US00017NB|US 17|Tidewater Trail|028|Essex County|028|Essex County|    28-635 Rose Mount Rd| 258131|0|0|142.75|    Caroline County Line|  50060|0|0|147.2|    01/01/2022|5270|G|92|0|1|1|5|0|F|.082|6 |.69|4656|G||||||||||||||
803871|0|R-VA   US00017UK      RMP124.00A||||R-VA   US00017UK      RMP124.00A|US 17  EXIT 124A|Ramp|028|Essex County|028|Essex County|    US-00017(B)/RAMP FROM US 360| 715661|0|0|0|    US-00360(B)/28-00708(R)/US-00360-E184A(L)/RAM|1053178|0|0|.05|    01/01/2022|542|F|||||||X||24||542|F||||||||||||||
060196|0|R-VA   US00360EB||||R-VA   US00360EB|US 360|Richmond Hwy|028|Essex County|028|Essex County|    King & Queen County Line|  50067|0|0|176.78|    28-620 Dunbrooke Rd; Powcan Rd| 258084|0|0|177.23|    01/01/2022|9809|G|92|1|1|2|4|0|F|.091|6 |.57|9875|G||||||||||||||
060195|0|R-VA   US00360EB||||R-VA   US00360EB|US 360|Richmond Hwy|028|Essex County|028|Essex County|    28-620 Dunbrooke Rd; Powcan Rd| 258084|0|0|177.23|    W US 17| 258410|0|0|183.64|    01/01/2022|11015|G|92|1|1|2|4|0|F|.094|6 |.56|10871|G||||||||||||||
060134|0|R-VA   US00360EB|R-VA   US00017NB|||R-VA   US00017NB|US 17, US 360|Tappahannock Blvd|028|Essex County|028|Essex County|    US 360 Brays Fork| 258410|0|0|183.64|    Physical Jurisdiction Boundary: 028 Essex County / 310 Town of Tappahannock| 258409|0|0|183.84|    01/01/2022|21115|G|92|0|1|1|5|0|F|.082|6 |.51|18656|G||||||||||||||
060134|0|R-VA   US00360EB|R-VA   US00017NB|||R-VA   US00017NB|US 17, US 360|Tappahannock Blvd|310|Town of Tappahannock|028|Essex County|    | 258409|0|0|183.84|    | 258297|0|0|186.08|    01/01/2022|21115|G|92|0|1|1|5|0|F|.082|6 |.51|18656|G||||||||||||||
060136|0|R-VA   US00360EB||||R-VA   US00360EB|US 360|Queen St|310|Town of Tappahannock|028|Essex County|    E US 17| 258297|0|0|186.08|    Richmond County Line|  50069|0|0|186.33|    01/01/2022|12718|G|94|1|1|1|3|0|F|.081|6 |.56|13207|G||||||||||||||
721448|0|R-VA028SC00600EB||||R-VA028SC00600EB|28-600|Sadler Hill Rd|028|Essex County|028|Essex County|    Dead End| 258003|0|0|0|    US 17 Tidewater Trail| 258002|0|0|.6|    07/08/2020|24|R|||||||X||24|||X||||||||||||||
721449|0|R-VA028SC00600EB||||R-VA028SC00600EB|28-600|Butylo Rd|028|Essex County|028|Essex County|    US 17 Tidewater Trail| 258002|0|0|.6|    Middlesex County Line| 832001|0|0|3.11|    05/23/2017|248|R|||||||X||24|||X||||||||||||||
721450|0|R-VA028SC00601EB||||R-VA028SC00601EB|28-601|Mt Prospect Rd|028|Essex County|028|Essex County|    US 17 Tidewater Trail|1092773|0|0|0|    Dead End| 258007|0|0|2.27|    07/08/2020|345|R|||||||X||24|||X||||||||||||||
721451|0|R-VA028SC00602NB||||R-VA028SC00602NB|28-602|Colnbrook Rd|028|Essex County|028|Essex County|    US 17 Tidewater Trail| 258010|0|0|0|    28-719 Yorkers Swamp| 258009|0|0|.65|    07/08/2020|9|R|||||||X||24|||X||||||||||||||
721452|0|R-VA028SC00602NB||||R-VA028SC00602NB|28-602|Colnbrook Rd|028|Essex County|028|Essex County|    28-719 Yorkers Swamp| 258009|0|0|.65|    US 17 N, Tidewater Trail| 258008|0|0|.71|    05/23/2017|74|R|||||||X||24|||X||||||||||||||
721453|0|R-VA028SC00602NB||||R-VA028SC00602NB|28-602|Ashdale Rd|028|Essex County|028|Essex County|    US 17 N, Tidewater Trail| 258008|0|0|.71|    28-644 Wildwood Rd| 258012|0|0|2.36|    05/23/2017|215|R|||||||X||24|||X||||||||||||||
721454|0|R-VA028SC00602NB||||R-VA028SC00602NB|28-602|Ashdale Rd|028|Essex County|028|Essex County|    28-644 Wildwood Rd| 258012|0|0|2.36|    28-684 Bowlers Rd| 258014|0|0|3.71|    05/23/2017|456|R|||||||X||24|||X||||||||||||||
721455|0|R-VA028SC00603NB||||R-VA028SC00603NB|28-603|Monte Verde Rd|028|Essex County|028|Essex County|    28-602 Ashdale Rd| 258013|0|0|0|    28-684 Bowlers Rd| 258016|0|0|.82|    07/08/2020|28|R|||||||X||24|||X||||||||||||||
721456|0|R-VA028SC00604NB||||R-VA028SC00604NB|28-604|Byrds Bridge Rd|028|Essex County|028|Essex County|    King & Queen County Line| 832002|0|0|0|    28-719 Yorkers Swamp| 258019|0|0|1.2|    01/01/2021|237|G|||||||X|.09|6 |.64||X||||||||||||||
721457|0|R-VA028SC00604NB||||R-VA028SC00604NB|28-604|Byrds Bridge Rd|028|Essex County|028|Essex County|    28-719 Yorkers Swamp| 258019|0|0|1.2|    28-684 Howerton Rd| 258017|0|0|2.4|    05/23/2017|210|R|||||||X||24|||X||||||||||||||
721458|0|R-VA028SC00605EB||||R-VA028SC00605EB|28-605|White Marsh Rd|028|Essex County|028|Essex County|    28-684 W, Howerton Rd| 258020|0|0|0|    28-684 E, Howerton Rd| 258376|0|0|1.1|    05/23/2017|31|R|||||||X||24|||X||||||||||||||
302110|0|R-VA028SC00606NB||||R-VA028SC00606NB|28-606|Fairfield Lane|028|Essex County|028|Essex County|    28-607 Muddy Gut Rd| 258022|0|0|0|    US 17 Tidewater Trail| 258028|0|0|2.39|    01/01/2022|466|G|98|0|0|0|0|0|C|.103|6 |.76|460|G||||||||||||||
721459|0|R-VA028SC00606NB||||R-VA028SC00606NB|28-606|Wares Mill Rd|028|Essex County|028|Essex County|    US 17 Tidewater Trail| 258028|0|0|2.39|    Dead End| 258029|0|0|3.78|    07/08/2020|43|R|||||||X||24|||X||||||||||||||
721460|0|R-VA028SC00607EB||||R-VA028SC00607EB|28-607|Jones Bridge Rd|028|Essex County|028|Essex County|    King & Queen County Line| 832003|0|0|0|    28-612 S, Bestland Rd| 258030|0|0|1.2|    07/16/2020|36|R|||||||X||24|||X||||||||||||||
721461|0|R-VA028SC00607EB||||R-VA028SC00607EB|28-607|Cheaneys Bridge Rd|028|Essex County|028|Essex County|    28-612 N, Bestland Rd| 258355|0|0|1.7|    28-684 W, Howerton Rd| 258031|0|0|4.43|    07/16/2020|108|R|||||||X||24|||X||||||||||||||
721462|0|R-VA028SC00607EB||||R-VA028SC00607EB|28-607|Upright Rd|028|Essex County|028|Essex County|    28-684 E, Howerton Rd| 258356|0|0|4.5|    US 17 S, Tidewater Trail| 258033|0|0|6.91|    07/16/2020|179|R|||||||X||24|||X||||||||||||||
302111|0|R-VA028SC00607EB||||R-VA028SC00607EB|28-607|Muddy Gut Rd|028|Essex County|028|Essex County|    US 17 N, Tidewater Trail| 258357|0|0|7.15|    28-606 Fairfield Lane| 258022|0|0|8.27|    01/01/2022|345|G|96|1|0|0|2|0|C|.108|6 |.57|339|G||||||||||||||
721463|0|R-VA028SC00607EB||||R-VA028SC00607EB|28-607|Muddy Gut Rd|028|Essex County|028|Essex County|    28-606 Fairfield Lane| 258022|0|0|8.27|    Dead End| 258035|0|0|9.47|    07/07/2020|137|R|||||||X||24|||X||||||||||||||
721464|0|R-VA028SC00608EB||||R-VA028SC00608EB|28-608|Bareford Mill Rd|028|Essex County|028|Essex County|    Dead End| 258036|0|0|0|    28-607 Upright Rd| 258032|0|0|.3|    09/22/2017|50|T|||||||X||24|||X||||||||||||||
302112|0|R-VA028SC00609EB||||R-VA028SC00609EB|28-609|Essex Mill Rd|028|Essex County|028|Essex County|    28-612 Brizendine Lane; Essex Mill Rd| 258039|0|0|0|    US 17 Tidewater Trail| 258037|0|0|3.89|    01/01/2022|737|G|98|0|0|0|1|0|C|.128|6 |.53|725|G||||||||||||||
721465|0|R-VA028SC00610EB||||R-VA028SC00610EB|28-610|Boston Rd|028|Essex County|028|Essex County|    28-684 Howerton Rd| 258041|0|0|0|    US 17 Tidewater Trail| 258040|0|0|3.18|    05/23/2017|38|R|||||||X||24|||X||||||||||||||
721466|0|R-VA028SC00611EB||||R-VA028SC00611EB|28-611|Johnville Rd|028|Essex County|028|Essex County|    28-684 Howerton Rd| 258042|0|0|0|    US 17 Tidewater Trail| 258044|0|0|3.27|    05/23/2017|475|R|||||||X||24|||X||||||||||||||
302113|0|R-VA028SC00611EB||||R-VA028SC00611EB|28-611|Wares Wharf Rd|028|Essex County|028|Essex County|    US 17 Tidewater Trail| 258044|0|0|3.27|    28-616 River Stretch Rd| 258048|0|0|4.88|    01/01/2022|835|G|97|0|1|0|1|0|C|.103|6 |.51|821|G||||||||||||||
721467|0|R-VA028SC00611EB||||R-VA028SC00611EB|28-611|Wares Wharf Rd|028|Essex County|028|Essex County|    28-616 River Stretch Rd| 258048|0|0|4.88|    Dead End| 258050|0|0|6.37|    05/23/2017|144|R|||||||X||24|||X||||||||||||||
721468|0|R-VA028SC00612NB||||R-VA028SC00612NB|28-612|Bestland Rd|028|Essex County|028|Essex County|    King & Queen County Line| 832004|0|0|0|    28-607 N, Cheaneys Bridge Rd| 258355|0|0|2.03|    01/01/2022|257|G|93|1|2|1|2|0|C|.155|6 |.61|252|G||||||||||||||
721469|0|R-VA028SC00612NB||||R-VA028SC00612NB|28-612|Bestland Rd|028|Essex County|028|Essex County|    28-607 N, Cheaneys Bridge Rd| 258355|0|0|2.03|    28-684 Howerton Rd| 258051|0|0|3.82|    01/01/2022|370|G|96|1|0|1|1|0|C|.119|6 |.6|365|G||||||||||||||
302114|0|R-VA028SC00612NB||||R-VA028SC00612NB|28-612|Essex Mill Rd|028|Essex County|028|Essex County|    28-684 Howerton Rd| 258051|0|0|3.82|    28-609 Essex Mill Rd| 258039|0|0|4.16|    01/01/2022|590|G|97|0|1|0|1|0|C|.1|6 |.6|583|G||||||||||||||
721470|0|R-VA028SC00612NB||||R-VA028SC00612NB|28-612|Brizendine Lane|028|Essex County|028|Essex County|    28-609 Essex Mill Rd| 258039|0|0|4.16|    Dead End| 258052|0|0|5.28|    05/23/2017|74|R|||||||X||24|||X||||||||||||||
721471|0|R-VA028SC00613NB||||R-VA028SC00613NB|28-613|River Oaks Rd|028|Essex County|028|Essex County|    28-656 South Hill Banks Dr| 258053|0|0|0|    Dead End| 258358|0|0|.59|    07/07/2020|115|R|||||||X||24|||X||||||||||||||
721472|0|R-VA028SC00614NB||||R-VA028SC00614NB|28-614|Arlington Lodge Rd|028|Essex County|028|Essex County|    28-684 Howerton Rd| 258054|0|0|0|    US 360 Richmond Hwy|1092794|0|0|.18|    07/14/2020|752|R|||||||X||24|||X||||||||||||||
721473|0|R-VA028SC00615EB||||R-VA028SC00615EB|28-615|Mussel Swamp Rd|028|Essex County|028|Essex County|    28-691 Gordons Mill Rd| 258056|0|0|0|    28-609 Essex Mill Rd| 258038|0|0|2.81|    07/14/2020|282|R|||||||X||24|||X||||||||||||||
302115|0|R-VA028SC00616NB||||R-VA028SC00616NB|28-616|River Stretch Rd|028|Essex County|028|Essex County|    28-611 Wares Wharf Rd| 258048|0|0|0|    28-646 Fort Lowry Lane| 258059|0|0|.8|    01/01/2022|450|G|94|0|2|0|2|0|C|.13|6 |.54|443|G||||||||||||||
721474|0|R-VA028SC00616NB||||R-VA028SC00616NB|28-616|River Stretch Rd/ Grandview Dr|028|Essex County|028|Essex County|    28-646 Fort Lowry Lane| 258059|0|0|.8|    Dead End| 258061|0|0|2.55|    05/23/2017|176|R|||||||X||24|||X||||||||||||||
302116|0|R-VA028SC00617EB||||R-VA028SC00617EB|28-617|Richmond Beach Rd|310|Town of Tappahannock|028|Essex County|    US 17| 258311|0|0|0|    ECL Tappahannock| 258063|0|0|.19|    01/01/2022|949|G|98|0|0|2|0|0|C|.094|6 |.51|934|G||||||||||||||
302117|0|R-VA028SC00617EB||||R-VA028SC00617EB|28-617|Richmond Beach Rd|028|Essex County|028|Essex County|    ECL Tappahannock| 258063|0|0|.19|    28-697 Riverdale Rd| 258066|0|0|1.2|    01/01/2022|773|G|98|0|0|2|0|0|F|.111|6 |.55|794|G||||||||||||||
302118|0|R-VA028SC00617EB||||R-VA028SC00617EB|28-617|Island Farm Rd|028|Essex County|028|Essex County|    28-697 Riverdale Rd| 258066|0|0|1.2|    Dead End| 258359|0|0|2.35|    01/01/2022|50|G|93|0|1|3|0|0|C|.184|6 |.57|50|G||||||||||||||
302119|0|R-VA028SC00618EB||||R-VA028SC00618EB|28-618|Scotts Mill Rd|028|Essex County|028|Essex County|    28-619 Kino Rd; Sunnyside Rd| 258067|0|0|0|    28-659 Desha Rd| 258068|0|0|1.39|    01/01/2022|1339|G|97|1|0|2|1|0|C|.101|6 |.54|1322|G||||||||||||||
721475|0|R-VA028SC00618EB||||R-VA028SC00618EB|28-618|Scotts Mill Rd|028|Essex County|028|Essex County|    28-659 Desha Rd| 258068|0|0|1.39|    28-627 Mt Landing Rd| 258069|0|0|3.22|    01/01/2022|805|G|94|1|1|3|1|0|C|.096|6 |.54|794|G||||||||||||||
302120|0|R-VA028SC00619EB||||R-VA028SC00619EB|28-619|Sunnyside Rd|028|Essex County|028|Essex County|    King & Queen County Line| 832005|0|0|0|    28-620 W, Lewis Level Rd| 258071|0|0|2.84|    01/01/2022|664|G|96|1|0|1|1|0|C|.124|6 |.65|655|G||||||||||||||
302121|0|R-VA028SC00619EB||||R-VA028SC00619EB|28-619|Sunnyside Rd|028|Essex County|028|Essex County|    28-620 W, Lewis Level Rd| 258071|0|0|2.84|    28-618 Scotts Mill Rd| 258067|0|0|5.09|    01/01/2022|1646|G|97|0|1|1|1|0|C|.113|6 |.58|1626|G||||||||||||||
302122|0|R-VA028SC00619EB||||R-VA028SC00619EB|28-619|Kino Rd|028|Essex County|028|Essex County|    28-618 Scotts Mill Rd| 258067|0|0|5.09|    US 360 Richmond Hwy| 258074|0|0|7.87|    01/01/2022|2551|G|97|0|1|1|1|0|C|.102|6 |.61|2519|G||||||||||||||
302123|0|R-VA028SC00620NB||||R-VA028SC00620NB|28-620|Powcan Rd|028|Essex County|028|Essex County|    King & Queen County Line| 832006|0|0|0|    US 360 W, Richmond Hwy| 258084|0|0|2.43|    01/01/2022|885|G|88|1|1|1|9|0|C|.11|6 |.63|874|G||||||||||||||
302124|0|R-VA028SC00620NB||||R-VA028SC00620NB|28-620|Dunbrooke Rd|028|Essex County|028|Essex County|    US 360 E, Richmond Hwy| 258084|0|0|2.43|    28-642 Purkins Rd| 258082|0|0|5.27|    01/01/2022|514|G|96|1|1|0|1|0|C|.12|6 |.65|505|G||||||||||||||
302125|0|R-VA028SC00620NB||||R-VA028SC00620NB|28-620|Dunbrooke Rd|028|Essex County|028|Essex County|    28-642 Purkins Rd| 258082|0|0|5.27|    28-619 S, Sunnyside Rd| 258360|0|0|7.88|    01/01/2022|832|G|92|1|2|1|4|0|C|.101|6 |.51|814|G||||||||||||||
721476|0|R-VA028SC00620NB||||R-VA028SC00620NB|28-620|Lewis Level Rd|028|Essex County|028|Essex County|    28-619 W, Sunnyside Rd| 258071|0|0|8.66|    28-676 Lewis Level Rd| 258077|0|0|9.76|    05/24/2017|106|R|||||||X||24|||X||||||||||||||
721477|0|R-VA028SC00620NB||||R-VA028SC00620NB|28-620|Cheatwood Mill Rd|028|Essex County|028|Essex County|    28-676 Lewis Level Rd| 258077|0|0|9.76|    28-626 Bloomsbury Lane| 258076|0|0|11.16|    05/24/2017|106|R|||||||X||24|||X||||||||||||||
721478|0|R-VA028SC00620NB||||R-VA028SC00620NB|28-620|Cheatwood Mill Rd|028|Essex County|028|Essex County|    28-626 Bloomsbury Lane| 258076|0|0|11.16|    28-665 Rexburg Loop| 258075|0|0|11.96|    05/24/2017|103|R|||||||X||24|||X||||||||||||||
302126|0|R-VA028SC00621NB||||R-VA028SC00621NB|28-621|Midway Rd|028|Essex County|028|Essex County|    US 360 Richmond Hwy| 832007|0|0|0|    28-622 Latanes Mill Rd; Faucetts Rd| 258088|0|0|1|    01/01/2022|252|G|96|0|2|0|1|0|C|.177|6 |.59|248|G||||||||||||||
302127|0|R-VA028SC00622NB||||R-VA028SC00622NB|28-622|Faucetts Rd|028|Essex County|028|Essex County|    King & Queen County Line|1249943|0|0|0|    28-621 Midway Rd| 258088|0|0|.68|    01/01/2022|467|G|96|1|0|2|1|0|C|.088|6 |.7|461|G||||||||||||||
302128|0|R-VA028SC00622NB||||R-VA028SC00622NB|28-622|Latanes Mill Rd|028|Essex County|028|Essex County|    28-621 Midway Rd| 258088|0|0|.68|    28-623 Beulah Church Rd| 258089|0|0|2.6|    01/01/2022|502|G|95|1|2|1|1|0|C|.121|6 |.54|493|G||||||||||||||
302129|0|R-VA028SC00622NB||||R-VA028SC00622NB|28-622|Faucetts Rd|028|Essex County|028|Essex County|    28-623 Beulah Church Rd| 258089|0|0|2.6|    28-647 Hailes Bridge Rd| 258090|0|0|3.65|    01/01/2022|430|G|94|1|1|0|3|0|C|.118|6 |.6|421|G||||||||||||||
302130|0|R-VA028SC00622NB||||R-VA028SC00622NB|28-622|Latanes Mill Rd|028|Essex County|028|Essex County|    28-647 Hailes Bridge Rd| 258090|0|0|3.65|    28-620 Dunbrooke Rd| 258080|0|0|3.85|    01/01/2022|430|G|93|1|1|1|4|0|C|.12|6 |.58|421|G||||||||||||||
721479|0|R-VA028SC00623EB||||R-VA028SC00623EB|28-623|Beulah Church Rd|028|Essex County|028|Essex County|    King & Queen County Line| 832009|0|0|0|    28-650 E, Smithfield School Rd| 258091|0|0|.9|    07/16/2020|14|R|||||||X||24|||X||||||||||||||
721480|0|R-VA028SC00623EB||||R-VA028SC00623EB|28-623|Beulah Church Rd|028|Essex County|028|Essex County|    28-650 E, Smithfield School Rd| 258091|0|0|.9|    28-622 Latanes Mill Rd| 258089|0|0|3.1|    07/16/2020|45|R|||||||X||24|||X||||||||||||||
302131|0|R-VA028SC00624EB||||R-VA028SC00624EB|28-624|Essex Church Rd|028|Essex County|028|Essex County|    28-631 Lloyds Rd| 258092|0|0|0|    28-629 Battery Rd; 28-630| 258093|0|0|.8|    01/01/2022|430|G|97|1|0|0|1|0|C|.117|6 |.68|423|G||||||||||||||
302132|0|R-VA028SC00624EB||||R-VA028SC00624EB|28-624|Essex Church Rd|028|Essex County|028|Essex County|    28-629 Battery Rd; 28-630| 258093|0|0|.8|    US 17 N, Tidewater Trail| 258096|0|0|3.87|    01/01/2022|410|G|97|1|0|1|1|0|C|.108|6 |.58|403|G||||||||||||||
721481|0|R-VA028SC00624EB||||R-VA028SC00624EB|28-624|Old Courthouse Rd|028|Essex County|028|Essex County|    US 17 N, Tidewater Trail| 258096|0|0|3.87|    0.05 ME US 17| 258096|0|.05|3.92|    05/24/2017|49|R|||||||X||24|||X||||||||||||||
721482|0|R-VA028SC00624EB||||R-VA028SC00624EB|28-624|Old Courthouse Rd|028|Essex County|028|Essex County|    0.05 ME US 17| 258096|0|.05|3.92|    0.72 ME US 17| 258096|0|.72|4.59|    05/24/2017|32|R|||||||X||24|||X||||||||||||||
721483|0|R-VA028SC00624EB||||R-VA028SC00624EB|28-624|Old Courthouse Rd|028|Essex County|028|Essex County|    0.72 ME US 17| 258096|0|.72|4.59|    US 17 S, Tidewater Trail| 258097|0|0|4.67|    05/24/2017|27|R|||||||X||24|||X||||||||||||||
721484|0|R-VA028SC00625EB||||R-VA028SC00625EB|28-625|Supply Rd|028|Essex County|028|Essex County|    Caroline County Line| 817013|0|0|0|    US 17 Tidewater Trail| 258098|0|0|3.68|    07/16/2020|343|R|||||||X||24|||X||||||||||||||
721485|0|R-VA028SC00626EB||||R-VA028SC00626EB|28-626|Bloomsbury Lane|028|Essex County|028|Essex County|    Dead End| 258102|0|0|0|    28-620 Cheatwood Mill Rd| 258076|0|0|1.12|    07/16/2020|13|R|||||||X||24|||X||||||||||||||
302133|0|R-VA028SC00627EB||||R-VA028SC00627EB|28-627|Mt Landing Rd|028|Essex County|028|Essex County|    Caroline County Line| 817016|0|0|0|    28-629 Battery Rd| 258113|0|0|1.67|    01/01/2022|451|G|92|1|1|1|4|0|C|.091|6 |.65|444|G||||||||||||||
302134|0|R-VA028SC00627EB||||R-VA028SC00627EB|28-627|Mt Landing Rd|028|Essex County|028|Essex County|    28-629 Battery Rd| 258113|0|0|1.67|    28-665 W, Rexburg Loop| 258372|0|0|5.19|    01/01/2022|406|G|92|1|0|1|4|0|C|.082|6 |.5|401|G||||||||||||||
302135|0|R-VA028SC00627EB||||R-VA028SC00627EB|28-627|Mt Landing Rd|028|Essex County|028|Essex County|    28-665 W, Rexburg Loop| 258372|0|0|5.19|    28-717 Crittendens Mill Rd| 258109|0|0|7.36|    01/01/2022|1045|G|91|1|1|1|2|0|C|.094|6 |.56|1027|G||||||||||||||
302136|0|R-VA028SC00627EB||||R-VA028SC00627EB|28-627|Mt Landing Rd|028|Essex County|028|Essex County|    28-717 Crittendens Mill Rd| 258109|0|0|7.36|    28-618 Scotts Mill Rd| 258069|0|0|11.33|    01/01/2022|897|G|94|1|1|1|3|0|C|.121|6 |.55|882|G||||||||||||||
302137|0|R-VA028SC00627EB||||R-VA028SC00627EB|28-627|Mt Landing Rd|028|Essex County|028|Essex County|    28-618 Scotts Mill Rd| 258069|0|0|11.33|    NCL Tappahannock| 258107|0|0|12.32|    01/01/2022|1712|G|94|0|1|2|3|0|C|.113|6 |.64|1684|G||||||||||||||
302138|0|R-VA028SC00627EB||||R-VA028SC00627EB|28-627|Airport Rd|310|Town of Tappahannock|028|Essex County|    NCL Tappahannock| 258107|0|0|12.32|    US 17| 258103|0|0|13.94|    01/01/2022|3298|G|93|0|0|1|5|0|C|.103|6 |.6|3246|G||||||||||||||
721486|0|R-VA028SC00628NB||||R-VA028SC00628NB|28-628|Fernlea Rd|028|Essex County|028|Essex County|    28-627 Mt Landing Rd| 258112|0|0|0|    28-629 Battery Rd| 258114|0|0|1.7|    05/24/2017|517|R|||||||X||24|||X||||||||||||||
302139|0|R-VA028SC00629EB||||R-VA028SC00629EB|28-629|Battery Rd|028|Essex County|028|Essex County|    28-627 Mt Landing Rd| 258113|0|0|0|    28-624 Essex Church Rd| 258093|0|0|3.6|    01/01/2022|347|G|98|0|0|0|1|0|C|.117|6 |.68|341|G||||||||||||||
721487|0|R-VA028SC00630EB||||R-VA028SC00630EB|28-630|Bull Neck Rd|028|Essex County|028|Essex County|    16-635 Battery Rd| 817015|0|0|0|    28-624 Essex Church Rd| 258093|0|0|4.29|    07/16/2020|141|R|||||||X||24|||X||||||||||||||
721488|0|R-VA028SC00631EB||||R-VA028SC00631EB|28-631|Lloyds Rd|028|Essex County|028|Essex County|    28-635 Elevon Rd| 258118|0|0|0|    28-624 Essex Church Rd| 258092|0|0|3.8|    07/16/2020|232|R|||||||X||24|||X||||||||||||||
302140|0|R-VA028SC00631EB||||R-VA028SC00631EB|28-631|Lloyds Rd|028|Essex County|028|Essex County|    28-624 Essex Church Rd| 258092|0|0|3.8|    US 17 Tidewater Trail| 258119|0|0|5.2|    01/01/2022|806|G|96|1|1|1|2|0|C|.13|6 |.66|793|G||||||||||||||
721489|0|R-VA028SC00631EB||||R-VA028SC00631EB|28-631|Daingerfield Landing|028|Essex County|028|Essex County|    US 17 Tidewater Trail| 258119|0|0|5.2|    Dead End| 258121|0|0|8.9|    07/16/2020|173|R|||||||X||24|||X||||||||||||||
721490|0|R-VA028SC00632EB||||R-VA028SC00632EB|28-632|Level Town Rd|028|Essex County|028|Essex County|    US 17 Tidewater Trail|1092811|0|0|0|    Dead End|1271310|0|0|4.01|    05/24/2017|102|R|||||||X||24|||X||||||||||||||
721491|0|R-VA028SC00633NB||||R-VA028SC00633NB|28-633|Hunters Hill Rd|028|Essex County|028|Essex County|    US 17 Tidewater Trail| 258124|0|0|0|    Dead End| 739359|0|0|.27|    07/10/2017|60|T|||||||X||24|||X||||||||||||||
721494|0|R-VA028SC00634EB||||R-VA028SC00634EB|28-634|Lebanon Church Rd|028|Essex County|028|Essex County|    28-684 Howerton Rd| 258125|0|0|0|    Dead End| 258126|0|0|.05|    07/16/2020|10|R|||||||X||24|||X||||||||||||||
721495|0|R-VA028SC00635NB||||R-VA028SC00635NB|28-635|Elevon Rd|028|Essex County|028|Essex County|    16-630 Sparta Rd| 817015|0|0|0|    | 258363|0|0|5.78|    07/16/2020|203|R|||||||X||24|||X||||||||||||||
302141|0|R-VA028SC00635NB||||R-VA028SC00635NB|28-635|Rose Mount Rd|028|Essex County|028|Essex County|    28-637 N, Occupacia Rd; Flustle Rd| 258363|0|0|5.78|    US 17 Tidewater Trail| 258131|0|0|8.63|    01/01/2022|430|G|92|0|0|1|7|0|C|.108|6 |.72|424|G||||||||||||||
721496|0|R-VA028SC00635NB||||R-VA028SC00635NB|28-635|Loretto Rd|028|Essex County|028|Essex County|    US 17 Tidewater Trail| 258131|0|0|8.63|    Dead End| 740577|0|0|8.74|    07/07/2020|5|R|||||||X||24|||X||||||||||||||
721497|0|R-VA028SC00636EB||||R-VA028SC00636EB|28-636|Bethlehem Rd|028|Essex County|028|Essex County|    Caroline County Line| 817017|0|0|0|    28-635 Elevon Rd| 258127|0|0|1.2|    05/30/2017|47|R|||||||X||24|||X||||||||||||||
721498|0|R-VA028SC00637EB||||R-VA028SC00637EB|28-637|Hustle Rd|028|Essex County|028|Essex County|    Caroline County Line| 817018|0|0|0|    28-639 W, Pedro Pitts Rd| 258134|0|0|2.9|    05/30/2017|154|R|||||||X||24|||X||||||||||||||
721499|0|R-VA028SC00637EB||||R-VA028SC00637EB|28-637|Hustle Rd|028|Essex County|028|Essex County|    28-639 W, Pedro Pitts Rd| 258134|0|0|2.9|    28-639 E, Laurel Springs Rd| 258364|0|0|3.3|    01/01/2022|265|G|97|1|1|0|0|0|C|.152|6 |.53|262|G||||||||||||||
302142|0|R-VA028SC00637EB||||R-VA028SC00637EB|28-637|Hustle Rd|028|Essex County|028|Essex County|    28-639 E, Laurel Springs Rd| 258364|0|0|3.3|    Jurisdiction Boundary: 028 Essex County / | 258128|0|0|4.8|    01/01/2022|237|G|97|0|1|1|0|0|C|.153|6 |.57|235|G||||||||||||||
302143|0|R-VA028SC00637EB||||R-VA028SC00637EB|28-637|Occupacia Rd|028|Essex County|028|Essex County|    28-635 E, Rose Mount Rd| 258363|0|0|4.89|    US 17 S, Tidewater Trail| 258137|0|0|8.88|    01/01/2022|411|G|99|1|0|0|0|0|C|.109|6 |.6|406|G||||||||||||||
721500|0|R-VA028SC00637EB||||R-VA028SC00637EB|28-637|Laytons Landing Rd|028|Essex County|028|Essex County|    US 17 N, Tidewater Trail| 258365|0|0|10.48|    Dead End| 258139|0|0|12.68|    05/30/2017|93|R|||||||X||24|||X||||||||||||||
721501|0|R-VA028SC00638NB||||R-VA028SC00638NB|28-638|Wheatland Rd|028|Essex County|028|Essex County|    US 17 Tidewater Trail|1092814|0|0|0|    Dead End| 258140|0|0|1|    05/30/2017|35|R|||||||X||24|||X||||||||||||||
721502|0|R-VA028SC00639EB||||R-VA028SC00639EB|28-639|Walnut Shade Rd|028|Essex County|028|Essex County|    28-625 Supply Rd| 258101|0|0|0|    28-640 W, Clarkes Store Rd| 258366|0|0|2.49|    05/30/2017|74|R|||||||X||24|||X||||||||||||||
721503|0|R-VA028SC00639EB||||R-VA028SC00639EB|28-639|Ullainee Rd|028|Essex County|028|Essex County|    28-640 W, Clarkes Store Rd| 258366|0|0|2.49|    28-640 E, Ullainee Rd| 258142|0|0|3.69|    05/30/2017|123|R|||||||X||24|||X||||||||||||||
721504|0|R-VA028SC00639EB||||R-VA028SC00639EB|28-639|Pedro Pitts Rd|028|Essex County|028|Essex County|    28-640 E, Ullainee Rd| 258142|0|0|3.69|    28-637 W, Hustle Rd| 258134|0|0|4.69|    05/30/2017|168|R|||||||X||24|||X||||||||||||||
721505|0|R-VA028SC00639EB||||R-VA028SC00639EB|28-639|Laurel Springs Rd|028|Essex County|028|Essex County|    28-637 E, Flustle Rd; Hustle Rd| 258364|0|0|5.09|    28-635 Rose Mount Rd| 258130|0|0|6.79|    05/30/2017|78|R|||||||X||24|||X||||||||||||||
721506|0|R-VA028SC00640EB||||R-VA028SC00640EB|28-640|Ullainee Rd|028|Essex County|028|Essex County|    28-637 Hustle Rd| 258133|0|0|0|    28-639 Walnut Shade Rd| 258366|0|0|1.3|    07/16/2020|51|R|||||||X||24|||X||||||||||||||
721507|0|R-VA028SC00640EB||||R-VA028SC00640EB|28-640|Clarkes Store Rd|028|Essex County|028|Essex County|    28-639 Pedro Pitts Rd; Ullainee Rd| 258142|0|0|2.5|    US 17 Tidewater Trail| 258144|0|0|5.51|    07/16/2020|201|R|||||||X||24|||X||||||||||||||
721508|0|R-VA028SC00641EB||||R-VA028SC00641EB|28-641|Quarter Hill Rd|028|Essex County|028|Essex County|    28-625 Supply Rd| 258100|0|0|0|    US 17 Tidewater Trail| 258145|0|0|3.17|    05/30/2017|75|R|||||||X||24|||X||||||||||||||
721509|0|R-VA028SC00642EB||||R-VA028SC00642EB|28-642|Purkins Rd|028|Essex County|028|Essex County|    28-620 Dunbrooke Rd| 258082|0|0|0|    Dead End| 258146|0|0|1.26|    07/16/2020|244|R|||||||X||24|||X||||||||||||||
721510|0|R-VA028SC00643NB||||R-VA028SC00643NB|28-643|Battery Rd|028|Essex County|028|Essex County|    28-629 Battery Rd| 258117|0|0|0|    28-624 Essex Church Rd| 258094|0|0|.1|    05/30/2017|105|R|||||||X||24|||X||||||||||||||
721511|0|R-VA028SC00644EB||||R-VA028SC00644EB|28-644|Wildwood Rd|028|Essex County|028|Essex County|    28-602 Ashdale Rd| 258012|0|0|0|    28-656 South Hill Banks Dr| 258147|0|0|.58|    07/07/2020|396|R|||||||X||24|||X||||||||||||||
721512|0|R-VA028SC00644EB||||R-VA028SC00644EB|28-644|Wildwood Rd|028|Essex County|028|Essex County|    28-656 South Hill Banks Dr| 258147|0|0|.58|    Dead End| 258148|0|0|1.38|    07/07/2020|59|R|||||||X||24|||X||||||||||||||
721513|0|R-VA028SC00645EB||||R-VA028SC00645EB|28-645|Ashland Rd|028|Essex County|028|Essex County|    28-606 Fairfield Lane| 258024|0|0|0|    Dead End| 258149|0|0|1.16|    07/07/2020|376|R|||||||X||24|||X||||||||||||||
721514|0|R-VA028SC00646EB||||R-VA028SC00646EB|28-646|Fort Lowry Lane|028|Essex County|028|Essex County|    28-616 River Stretch Rd; Grandview Dr| 258059|0|0|0|    28-666 Shellfield Rd| 258151|0|0|.54|    05/30/2017|64|R|||||||X||24|||X||||||||||||||
721515|0|R-VA028SC00646EB||||R-VA028SC00646EB|28-646|Fort Lowry Lane|028|Essex County|028|Essex County|    28-666 Shellfield Rd| 258151|0|0|.54|    Dead End| 258152|0|0|1.05|    05/30/2017|32|R|||||||X||24|||X||||||||||||||
721516|0|R-VA028SC00647EB||||R-VA028SC00647EB|28-647|Hailes Bridge Rd|028|Essex County|028|Essex County|    28-622 Latanes Mill Rd| 258090|0|0|0|    28-620 Dunbrooke Rd| 258081|0|0|.2|    05/30/2017|36|R|||||||X||24|||X||||||||||||||
721517|0|R-VA028SC00648NB||||R-VA028SC00648NB|28-648|Old Howerton Rd|028|Essex County|028|Essex County|    28-684 Howerton Rd| 258153|0|0|0|    Dead End|1130700|0|0|.2|    07/07/2020|60|R|||||||X||24|||X||||||||||||||
721518|0|R-VA028SC00649EB||||R-VA028SC00649EB|28-649| |028|Essex County|028|Essex County|    28-684 Howerton Rd| 258155|0|0|0|    28-604 Byrds Bridge Rd| 258018|0|0|.1|    07/07/2020|85|R|||||||X||24|||X||||||||||||||
721519|0|R-VA028SC00650NB||||R-VA028SC00650NB|28-650|Smithfield School Rd|028|Essex County|028|Essex County|    King & Queen County Line| 832010|0|0|0|    28-623 E, Beulah Church Rd| 258091|0|0|1.9|    01/01/2022|243|G|98|1|1|0|0|0|C|.142|6 |.54|243|G||||||||||||||
721520|0|R-VA028SC00650NB||||R-VA028SC00650NB|28-650|Hickory Hill Rd|028|Essex County|028|Essex County|    28-623 W, Beulah Church Rd| 258361|0|0|2|    28-619 Sunnyside Rd| 258070|0|0|4.06|    07/16/2020|329|R|||||||X||24|||X||||||||||||||
721521|0|R-VA028SC00651NB||||R-VA028SC00651NB|28-651|Rockingham Rd|028|Essex County|028|Essex County|    0.40 MS 28- 607| 258368|0|0|0|    28-607 Muddy Gut Rd| 258034|0|0|.4|    07/07/2020|279|R|||||||X||24|||X||||||||||||||
721522|0|R-VA028SC00651NB||||R-VA028SC00651NB|28-651|Norton Point Rd|028|Essex County|028|Essex County|    28-607 Muddy Gut Rd| 258034|0|0|.4|    0.26 MN 28-607| 258367|0|0|.66|    05/30/2017|35|R|||||||X||24|||X||||||||||||||
721523|0|R-VA028SC00652EB||||R-VA028SC00652EB|28-652|Eastern View Rd|028|Essex County|028|Essex County|    US 17 Tidewater Trail|1092779|0|0|0|    Dead End| 258157|0|0|1.4|    07/07/2020|193|R|||||||X||24|||X||||||||||||||
721524|0|R-VA028SC00653EB||||R-VA028SC00653EB|28-653|Tuscarora Rd|028|Essex County|028|Essex County|    28-606 Fairfield Lane| 258026|0|0|0|    28-694 Boaters Way| 258158|0|0|.89|    05/30/2017|152|R|||||||X||24|||X||||||||||||||
721525|0|R-VA028SC00653EB||||R-VA028SC00653EB|28-653|Tuscarora Rd|028|Essex County|028|Essex County|    28-694 Boaters Way| 258158|0|0|.89|    Dead End| 258159|0|0|1.27|    07/10/2017|170|T|||||||X||24|||X||||||||||||||
721526|0|R-VA028SC00654NB||||R-VA028SC00654NB|28-654|Rectory Rd|028|Essex County|028|Essex County|    Dead End| 258162|0|0|0|    0.40 MS Dead End| 258162|0|.4|.4|    07/07/2020|50|R|||||||X||24|||X||||||||||||||
721527|0|R-VA028SC00654NB||||R-VA028SC00654NB|28-654|Rectory Rd|028|Essex County|028|Essex County|    0.40 MS Dead End| 258162|0|.4|.4|    US 17 Tidewater Trail| 258161|0|0|.46|    07/07/2020|50|R|||||||X||24|||X||||||||||||||
721528|0|R-VA028SC00654NB||||R-VA028SC00654NB|28-654|Belle Meade Rd|028|Essex County|028|Essex County|    US 17 Tidewater Trail| 258161|0|0|.46|    Dead End| 258160|0|0|2.06|    07/16/2020|22|R|||||||X||24|||X||||||||||||||
721529|0|R-VA028SC00655NB||||R-VA028SC00655NB|28-655|Vineyard Rd|028|Essex County|028|Essex County|    Dead End| 258163|0|0|0|    28-611 Johnville Rd| 742669|0|0|.31|    07/07/2020|30|R|||||||X||24|||X||||||||||||||
721530|0|R-VA028SC00656EB||||R-VA028SC00656EB|28-656|South Hill Banks Dr|028|Essex County|028|Essex County|    28-644 Wildwood Rd| 258147|0|0|0|    28-613 River Oaks Rd| 258053|0|0|.9|    05/30/2017|236|R|||||||X||24|||X||||||||||||||
721531|0|R-VA028SC00656EB||||R-VA028SC00656EB|28-656|South Hill Banks Dr|028|Essex County|028|Essex County|    28-613 River Oaks Rd| 258053|0|0|.9|    0.35 ME 28-613| 258369|0|0|1.25|    05/30/2017|118|R|||||||X||24|||X||||||||||||||
721532|0|R-VA028SC00657EB||||R-VA028SC00657EB|28-657|Marsh St|310|Town of Tappahannock|028|Essex County|    Dead End| 258373|0|0|0|    28-1029 N, Rouzie Dr| 258168|0|0|.28|    07/10/2017|353|T|||||||X||24|||X||||||||||||||
721533|0|R-VA028SC00657EB||||R-VA028SC00657EB|28-657|Marsh St|310|Town of Tappahannock|028|Essex County|    28-1029 N, Rouzie Dr| 258168|0|0|.28|    0.24 MW 28-1019 Markham Terrace| 258349|0|0|.52|    06/06/2017|1551|R|||||||X||24|||X||||||||||||||
302144|0|R-VA028SC00657EB||||R-VA028SC00657EB|28-657|Marsh St|310|Town of Tappahannock|028|Essex County|    0.24 MW 28-1019 Markham Terrace| 258349|0|0|.52|    US 17| 258166|0|0|.88|    01/01/2022|1288|G|97|1|1|1|0|0|C|.096|6 |.52|1267|G||||||||||||||
721534|0|R-VA028SC00657EB||||R-VA028SC00657EB|28-657|Marsh St|310|Town of Tappahannock|028|Essex County|    US 17| 258166|0|0|.88|    28-1004 Water Lane| 258164|0|0|1.02|    01/01/2022|288|G|86|0|1|4|3|0|C|.12|6 |.69|283|G||||||||||||||
721535|0|R-VA028SC00657EB||||R-VA028SC00657EB|28-657|Marsh St|310|Town of Tappahannock|028|Essex County|    28-1004 Water Lane| 258164|0|0|1.02|    Dead End| 258370|0|0|1.1|    10/04/2011|33|R|||||||X||24|||X||||||||||||||
721536|0|R-VA028SC00658NB||||R-VA028SC00658NB|28-658|Popoman Swamp Rd|028|Essex County|028|Essex County|    28-637 Occupacia Rd| 258136|0|0|0|    Dead End| 258169|0|0|1|    06/06/2017|50|R|||||||X||24|||X||||||||||||||
302146|0|R-VA028SC00659NB||||R-VA028SC00659NB|28-659|Desha Rd|310|Town of Tappahannock|028|Essex County|    28-627 Airport Rd| 258106|0|0|0|    Physical Jurisdiction Boundary: 310 Town of Tappahannock / 028 Essex County| 258170|0|0|.53|    01/01/2022|707|G|98|0|1|0|0|0|C|.104|6 |.57|698|G||||||||||||||
302146|0|R-VA028SC00659NB||||R-VA028SC00659NB|28-659|Desha Rd|028|Essex County|028|Essex County|    Jurisdiction Boundary: | 258170|0|0|.53|    28-618 Scotts Mill Rd| 258068|0|0|3.19|    01/01/2022|707|G|98|0|1|0|0|0|C|.104|6 |.57|698|G||||||||||||||
721537|0|R-VA028SC00659NB||||R-VA028SC00659NB|28-659|Desha Rd|028|Essex County|028|Essex County|    28-618 Scotts Mill Rd| 258068|0|0|3.19|    Dead End| 258172|0|0|3.49|    01/01/2022|42|G|95|0|0|3|1|0|C|.189|6 |.71|41|G||||||||||||||
721538|0|R-VA028SC00660NB||||R-VA028SC00660NB|28-660|Southland Farm Rd|028|Essex County|028|Essex County|    Dead End| 258174|0|0|0|    28-684 Bowlers Rd| 258173|0|0|1.1|    07/07/2020|210|R|||||||X||24|||X||||||||||||||
721539|0|R-VA028SC00661EB||||R-VA028SC00661EB|28-661|Kendalls Rd|028|Essex County|028|Essex County|    28-637 Laytons Landing Rd| 258138|0|0|0|    Dead End| 258175|0|0|3.45|    06/06/2017|44|R|||||||X||24|||X||||||||||||||
721540|0|R-VA028SC00662EB||||R-VA028SC00662EB|28-662|Harris Hill Rd|028|Essex County|028|Essex County|    US 17 Tidewater Trail|1092789|0|0|0|    28-611 Wares Wharf Rd| 258047|0|0|2.95|    06/06/2017|243|R|||||||X||24|||X||||||||||||||
721541|0|R-VA028SC00663NB||||R-VA028SC00663NB|28-663|Ferry Landing Rd|028|Essex County|028|Essex County|    Dead End| 258180|0|0|0|    US 17 Tidewater Trail| 258179|0|0|.2|    08/19/2020|40|R|||||||X||24|||X||||||||||||||
721542|0|R-VA028SC00664EB||||R-VA028SC00664EB|28-664|Rappahannock Beach Dr|028|Essex County|028|Essex County|    Dead End| 258374|0|0|0|    28-670 Broadhurst Rd| 258181|0|0|.25|    09/22/2011|77|R|||||||X||24|||X||||||||||||||
721543|0|R-VA028SC00665EB||||R-VA028SC00665EB|28-665|Rexburg Loop|028|Essex County|028|Essex County|    28-627 W, Mt Landing Rd| 258372|0|0|0|    28-627 E, Mt Landing Rd| 258111|0|0|.62|    07/16/2020|74|R|||||||X||24|||X||||||||||||||
721544|0|R-VA028SC00666NB||||R-VA028SC00666NB|28-666|Shellfield Rd|028|Essex County|028|Essex County|    Dead End| 258182|0|0|0|    28-646 Fort Lowry Lane| 258151|0|0|.5|    09/12/2011|58|R|||||||X||24|||X||||||||||||||
721545|0|R-VA028SC00667NB||||R-VA028SC00667NB|28-667|Whare Rd|028|Essex County|028|Essex County|    Dead End| 258184|0|0|0|    28-684 Bowlers Rd| 258183|0|0|.3|    09/12/2011|55|R|||||||X||24|||X||||||||||||||
721546|0|R-VA028SC00668EB||||R-VA028SC00668EB|28-668|Glebe Landing Rd|028|Essex County|028|Essex County|    28-602 Ashdale Rd| 258011|0|0|0|    Dead End| 258185|0|0|1.45|    07/07/2020|131|R|||||||X||24|||X||||||||||||||
721547|0|R-VA028SC00669EB||||R-VA028SC00669EB|28-669|Foggs Loop|028|Essex County|028|Essex County|    28-627 Mt Landing Rd| 258375|0|0|0|    28-627 Mt Landing Rd| 258110|0|0|.25|    07/16/2020|32|R|||||||X||24|||X||||||||||||||
721548|0|R-VA028SC00670NB||||R-VA028SC00670NB|28-670|Broadhurst Rd|028|Essex County|028|Essex County|    US 17 Tidewater Trail|1092803|0|0|0|    28-664 Rappahannock Beach Dr| 258181|0|0|.55|    06/06/2017|131|R|||||||X||24|||X||||||||||||||
721549|0|R-VA028SC00670NB||||R-VA028SC00670NB|28-670|Broadhurst Rd|028|Essex County|028|Essex County|    28-664 Rappahannock Beach Dr| 258181|0|0|.55|    Dead End| 258187|0|0|.6|    09/22/2011|11|R|||||||X||24|||X||||||||||||||
721550|0|R-VA028SC00671NB||||R-VA028SC00671NB|28-671|Church Hill Rd|028|Essex County|028|Essex County|    Dead End| 258188|0|0|0|    28-659 Desha Rd| 258171|0|0|.4|    07/07/2020|230|R|||||||X||24|||X||||||||||||||
721551|0|R-VA028SC00672NB||||R-VA028SC00672NB|28-672|Cloverdale Rd|028|Essex County|028|Essex County|    28-600 Butylo Rd| 258001|0|0|0|    Dead End| 258189|0|0|.6|    07/07/2020|45|R|||||||X||24|||X||||||||||||||
721552|0|R-VA028SC00673NB||||R-VA028SC00673NB|28-673|Poplar Grove Rd|028|Essex County|028|Essex County|    Dead End| 258190|0|0|0|    28-605 White Marsh Rd| 258021|0|0|.61|    07/16/2020|74|R|||||||X||24|||X||||||||||||||
721553|0|R-VA028SC00674NB||||R-VA028SC00674NB|28-674|Marl Bank Rd|028|Essex County|028|Essex County|    US 17 Tidewater Trail|1092820|0|0|0|    Dead End| 258192|0|0|1.41|    07/16/2020|25|R|||||||X||24|||X||||||||||||||
721554|0|R-VA028SC00675EB||||R-VA028SC00675EB|28-675|Carpenter Rest Rd|028|Essex County|028|Essex County|    28-639 Walnut Shade Rd| 258143|0|0|0|    Dead End| 258193|0|0|1|    07/16/2020|91|R|||||||X||24|||X||||||||||||||
721555|0|R-VA028SC00676EB||||R-VA028SC00676EB|28-676|Lewis Level Rd|028|Essex County|028|Essex County|    28-620 Cheatwood Mill Rd; Lewis Level Rd| 258077|0|0|0|    Dead End| 258194|0|0|.25|    10/31/2011|48|R|||||||X||24|||X||||||||||||||
721556|0|R-VA028SC00677EB||||R-VA028SC00677EB|28-677|Shady Lane|028|Essex County|028|Essex County|    28-606 Fairfield Lane| 258023|0|0|0|    Dead End| 258195|0|0|1.05|    06/06/2017|57|R|||||||X||24|||X||||||||||||||
721557|0|R-VA028SC00678NB||||R-VA028SC00678NB|28-678|Clydeside Rd|028|Essex County|028|Essex County|    28-662 Harris Hill Rd| 258177|0|0|0|    Dead End| 258196|0|0|.3|    07/14/2020|10|R|||||||X||24|||X||||||||||||||
721558|0|R-VA028SC00679NB||||R-VA028SC00679NB|28-679|Belmont Rd|028|Essex County|028|Essex County|    Dead End| 258197|0|0|0|    28-624 Essex Church Rd| 258095|0|0|.25|    07/07/2020|50|R|||||||X||24|||X||||||||||||||
721559|0|R-VA028SC00680EB||||R-VA028SC00680EB|28-680|River Place|028|Essex County|028|Essex County|    28-616 River Stretch Rd; Grandview Dr| 258060|0|0|0|    0.30 ME 28- 616| 258060|0|.3|.3|    07/14/2020|68|R|||||||X||24|||X||||||||||||||
721560|0|R-VA028SC00680EB||||R-VA028SC00680EB|28-680|River Place|028|Essex County|028|Essex County|    0.30 ME 28-616| 258060|0|.3|.3|    Dead End| 258198|0|0|.66|    07/14/2020|20|R|||||||X||24|||X||||||||||||||
721561|0|R-VA028SC00681NB||||R-VA028SC00681NB|28-681|Spindle Shop Rd|028|Essex County|028|Essex County|    US 17 Tidewater Trail| 258199|0|0|0|    US 17 Tidewater Trail| 258200|0|0|.61|    06/06/2017|12|R|||||||X||24|||X||||||||||||||
721562|0|R-VA028SC00682NB||||R-VA028SC00682NB|28-682|Gibsons Rd|028|Essex County|028|Essex County|    Dead End| 258202|0|0|0|    28-719 Yorkers Swamp| 258201|0|0|.55|    07/07/2020|40|R|||||||X||24|||X||||||||||||||
721563|0|R-VA028SC00683EB||||R-VA028SC00683EB|28-683|Fountain Run Rd|028|Essex County|028|Essex County|    Dead End| 258203|0|0|0|    28-620 Dunbrooke Rd| 258079|0|0|.55|    07/16/2020|81|R|||||||X||24|||X||||||||||||||
302147|0|R-VA028SC00684EB||||R-VA028SC00684EB|28-684|Howerton Rd|028|Essex County|028|Essex County|    28-620 Powcan Rd| 258085|0|0|0|    28-614 Arlington Lodge Rd| 258054|0|0|.24|    01/01/2022|2372|G|91|0|1|3|3|0|C|.101|6 |.61|2341|G||||||||||||||
302148|0|R-VA028SC00684EB||||R-VA028SC00684EB|28-684|Howerton Rd|028|Essex County|028|Essex County|    28-614 Arlington Lodge Rd| 258054|0|0|.24|    28-612 Essex Mill Rd; Bestland Rd| 258051|0|0|2.93|    01/01/2022|2493|G|92|0|1|3|3|0|C|.102|6 |.61|2461|G||||||||||||||
302150|0|R-VA028SC00684EB||||R-VA028SC00684EB|28-684|Howerton Rd|028|Essex County|028|Essex County|    28-612 Essex Mill Rd; Bestland Rd| 258051|0|0|2.93|    28-611 Johnville Rd| 258042|0|0|4.54|    01/01/2022|1818|G|91|1|1|3|3|0|C|.096|6 |.54|1794|G||||||||||||||
302151|0|R-VA028SC00684EB||||R-VA028SC00684EB|28-684|Howerton Rd|028|Essex County|028|Essex County|    28-611 Johnville Rd| 258042|0|0|4.54|    28-610 Boston Rd| 258041|0|0|5.22|    01/01/2022|1455|G|89|1|1|4|5|0|C|.09|6 |.55|1436|G||||||||||||||
302152|0|R-VA028SC00684EB||||R-VA028SC00684EB|28-684|Howerton Rd|028|Essex County|028|Essex County|    28-610 Boston Rd| 258041|0|0|5.22|    28-607 W, Cheaneys Bridge Rd| 258031|0|0|6.58|    01/01/2022|1437|G|88|1|1|4|5|0|C|.091|6 |.56|1418|G||||||||||||||
302154|0|R-VA028SC00684EB||||R-VA028SC00684EB|28-684|Howerton Rd|028|Essex County|028|Essex County|    28-607 W, Cheaneys Bridge Rd| 258031|0|0|6.58|    28-607 E, Upright Rd| 258356|0|0|6.65|    01/01/2022|1533|G|87|1|1|5|5|0|C|.089|6 |.53|1514|G||||||||||||||
302155|0|R-VA028SC00684EB||||R-VA028SC00684EB|28-684|Howerton Rd|028|Essex County|028|Essex County|    28-607 E, Upright Rd| 258356|0|0|6.65|    28-605 W, White Marsh Rd| 258020|0|0|7.47|    01/01/2022|1346|G|88|1|1|4|5|0|C|.087|6 |.57|1328|G||||||||||||||
302156|0|R-VA028SC00684EB||||R-VA028SC00684EB|28-684|Howerton Rd|028|Essex County|028|Essex County|    28-605 W, White Marsh Rd| 258020|0|0|7.47|    US 17 Tidewater Trail| 258204|0|0|10.11|    01/01/2022|1403|G|88|1|2|4|5|0|C|.088|6 |.53|1385|G||||||||||||||
302157|0|R-VA028SC00684EB||||R-VA028SC00684EB|28-684|Bowlers Rd|028|Essex County|028|Essex County|    US 17 Tidewater Trail| 258204|0|0|10.11|    28-713 Cottage Rd| 258205|0|0|12.14|    01/01/2022|274|G|95|1|1|2|1|0|C|.14|6 |.59|270|G||||||||||||||
721564|0|R-VA028SC00684EB||||R-VA028SC00684EB|28-684|Bowlers Rd|028|Essex County|028|Essex County|    28-713 Cottage Rd| 258205|0|0|12.14|    Dead End| 258206|0|0|12.3|    07/11/2017|20|T|||||||X||24|||X||||||||||||||
721565|0|R-VA028SC00685EB||||R-VA028SC00685EB|28-685|River Landing Rd|028|Essex County|028|Essex County|    28-606 Fairfield Lane| 258025|0|0|0|    Dead End| 258207|0|0|.95|    06/06/2017|22|R|||||||X||24|||X||||||||||||||
721566|0|R-VA028SC00686NB||||R-VA028SC00686NB|28-686|Old Wagon Rd|028|Essex County|028|Essex County|    28-662 Harris Hill Rd| 258178|0|0|0|    Dead End| 258208|0|0|.3|    07/14/2020|10|R|||||||X||24|||X||||||||||||||
721567|0|R-VA028SC00687NB||||R-VA028SC00687NB|28-687|The Level|028|Essex County|028|Essex County|    Dead End| 258209|0|0|0|    28-629 Battery Rd| 258116|0|0|.45|    07/11/2017|140|T|||||||X||24|||X||||||||||||||
721568|0|R-VA028SC00688NB||||R-VA028SC00688NB|28-688|Fortune Lane|028|Essex County|028|Essex County|    Dead End| 258210|0|0|0|    28-637 Occupacia Rd| 258135|0|0|.38|    07/11/2017|60|T|||||||X||24|||X||||||||||||||
721569|0|R-VA028SC00689NB||||R-VA028SC00689NB|28-689|Goldberry Lane|028|Essex County|028|Essex County|    US 17 Tidewater Trail|1092805|0|0|0|    Dead End| 258212|0|0|.95|    07/16/2020|88|R|||||||X||24|||X||||||||||||||
721570|0|R-VA028SC00690EB||||R-VA028SC00690EB|28-690|Box Factory Lane|028|Essex County|028|Essex County|    28-603 Monte Verde Rd| 258015|0|0|0|    Dead End| 258213|0|0|.15|    07/07/2020|30|R|||||||X||24|||X||||||||||||||
721571|0|R-VA028SC00691NB||||R-VA028SC00691NB|28-691|Gordons Mill Rd|028|Essex County|028|Essex County|    US 360 N, Richmond Hwy|1092793|0|0|0|    28-615 Mussel Swamp Rd| 258056|0|0|.4|    06/06/2017|190|R|||||||X||24|||X||||||||||||||
721572|0|R-VA028SC00691NB||||R-VA028SC00691NB|28-691|Gordons Mill Rd|028|Essex County|028|Essex County|    28-615 Mussel Swamp Rd| 258056|0|0|.4|    US 360 S, Richmond Hwy| 258214|0|0|1.55|    06/06/2017|242|R|||||||X||24|||X||||||||||||||
721573|0|R-VA028SC00692NB||||R-VA028SC00692NB|28-692|Comemans Island Rd|028|Essex County|028|Essex County|    28-617 Richmond Beach Rd| 258065|0|0|0|    Dead End| 258216|0|0|.74|    06/06/2017|93|R|||||||X||24|||X||||||||||||||
721574|0|R-VA028SC00693EB||||R-VA028SC00693EB|28-693|Lane Dr|028|Essex County|028|Essex County|    Dead End| 258217|0|0|0|    28-620 Dunbrooke Rd| 258083|0|0|.47|    07/07/2020|40|R|||||||X||24|||X||||||||||||||
721575|0|R-VA028SC00694EB||||R-VA028SC00694EB|28-694|Boaters Way|028|Essex County|028|Essex County|    28-653 Tuscarora Rd| 258158|0|0|0|    Dead End| 258218|0|0|.25|    07/11/2017|160|T|||||||X||24|||X||||||||||||||
721576|0|R-VA028SC00695NB||||R-VA028SC00695NB|28-695|Bell Lane|028|Essex County|028|Essex County|    28-615 Mussel Swamp Rd| 258057|0|0|0|    Dead End| 258219|0|0|.45|    07/11/2017|140|T|||||||X||24|||X||||||||||||||
721577|0|R-VA028SC00696EB||||R-VA028SC00696EB|28-696|Richardson Rd|028|Essex County|028|Essex County|    28-635 Rose Mount Rd| 258129|0|0|0|    Dead End| 258377|0|0|.25|    07/11/2017|100|T|||||||X||24|||X||||||||||||||
721578|0|R-VA028SC00697EB||||R-VA028SC00697EB|28-697|Riverdale Rd|028|Essex County|028|Essex County|    28-617 Island Farm Rd; Richmond Beach Rd| 258066|0|0|0|    Dead End| 258378|0|0|.61|    06/06/2017|147|R|||||||X||24|||X||||||||||||||
721579|0|R-VA028SC00698NB||||R-VA028SC00698NB|28-698|White Oak Rd|310|Town of Tappahannock|028|Essex County|    US 17 SOUTH|1092796|0|0|0|    28-1036 Ball St| 258221|0|0|.35|    06/06/2017|2113|R|||||||X||24|||X||||||||||||||
721580|0|R-VA028SC00698NB||||R-VA028SC00698NB|28-698|Hobbs Hole Dr|310|Town of Tappahannock|028|Essex County|    28-1036 Ball St| 258221|0|0|.35|    US 17|1092797|0|0|.94|    06/06/2017|2517|R|||||||X||24|||X||||||||||||||
721581|0|R-VA028SC00699NB||||R-VA028SC00699NB|28-699|The Hook Rd|028|Essex County|028|Essex County|    28-625 Supply Rd| 258099|0|0|0|    Dead End| 258379|0|0|.37|    07/11/2017|100|T|||||||X||24|||X||||||||||||||
721582|0|R-VA028SC00700EB||||R-VA028SC00700EB|28-700|Commerce Rd|310|Town of Tappahannock|028|Essex County|    28-627 Airport Rd; 28-723| 258105|0|0|0|    Dead End| 258223|0|0|.07|    08/18/2020|268|R|||||||X||24|||X||||||||||||||
721583|0|R-VA028SC00701EB||||R-VA028SC00701EB|28-701|Oak Hill Rd|028|Essex County|028|Essex County|    Dead End| 258380|0|0|0|    28-620 Dunbrooke Rd| 258078|0|0|.2|    07/07/2020|40|R|||||||X||24|||X||||||||||||||
721584|0|R-VA028SC00702EB||||R-VA028SC00702EB|28-702|Benton Point Rd|028|Essex County|028|Essex County|    US 17 Tidewater Trail|1092800|0|0|0|    Dead End| 258225|0|0|.4|    07/11/2017|90|T|||||||X||24|||X||||||||||||||
721585|0|R-VA028SC00703NB||||R-VA028SC00703NB|28-703|Gwynnfield Rd|028|Essex County|028|Essex County|    US 17 Tidewater Trail|1092802|0|0|0|    28-1204 Bruce Rd| 258227|0|0|1.05|    06/06/2017|816|R|||||||X||24|||X||||||||||||||
721586|0|R-VA028SC00703NB||||R-VA028SC00703NB|28-703|Gwynnfield Rd|028|Essex County|028|Essex County|    28-1204 Bruce Rd| 258227|0|0|1.05|    28-1201 Banbury Rd| 258228|0|0|1.13|    06/06/2017|404|R|||||||X||24|||X||||||||||||||
721587|0|R-VA028SC00704NB||||R-VA028SC00704NB|28-704|Poorhouse Rd|028|Essex County|028|Essex County|    Dead End| 258381|0|0|0|    28-619 Kino Rd| 258073|0|0|.8|    06/06/2017|249|R|||||||X||24|||X||||||||||||||
721588|0|R-VA028SC00705EB||||R-VA028SC00705EB|28-705|Essex Gardens|310|Town of Tappahannock|028|Essex County|    Dead End| 744589|0|0|0|    28-627 Airport Rd| 258104|0|0|.12|    07/11/2017|100|T|||||||X||24|||X||||||||||||||
721589|0|R-VA028SC00706EB||||R-VA028SC00706EB|28-706|Industrial Rd|310|Town of Tappahannock|028|Essex County|    28-659 Desha Rd| 258106|0|0|0|    Dead End| 258383|0|0|.3|    08/18/2020|110|R|||||||X||24|||X||||||||||||||
721590|0|R-VA028SC00707EB||||R-VA028SC00707EB|28-707|Miller Tavern Rd|028|Essex County|028|Essex County|    US 360 Richmond Hwy|1092715|0|0|0|    28-620 Powcan Rd| 258086|0|0|.19|    07/14/2020|44|R|||||||X||24|||X||||||||||||||
721591|0|R-VA028SC00708NB||||R-VA028SC00708NB|28-708|Hospital Rd|028|Essex County|028|Essex County|    US 360 Richmond Hwy| 258231|0|0|0|    Dead End| 258232|0|0|.53|    06/07/2017|2591|R|||||||X||24|||X||||||||||||||
721592|0|R-VA028SC00709EB||||R-VA028SC00709EB|28-709|Clover Lane|028|Essex County|028|Essex County|    US 17 Tidewater Trail| 258233|0|0|0|    28-720 Montague Rd| 258234|0|0|.03|    07/07/2020|69|R|||||||X||24|||X||||||||||||||
721593|0|R-VA028SC00710EB||||R-VA028SC00710EB|28-710|Woods Town Rd|028|Essex County|028|Essex County|    Dead End| 258236|0|0|0|    US 17 Tidewater Trail| 258235|0|0|.07|    04/28/2014|60|T|||||||X||24|||X||||||||||||||
721594|0|R-VA028SC00711NB||||R-VA028SC00711NB|28-711|Sunnyside Lane|028|Essex County|028|Essex County|    28-611 Wares Wharf Rd| 258049|0|0|0|    28-646 Fort Lowry Lane| 258150|0|0|.71|    06/07/2017|41|R|||||||X||24|||X||||||||||||||
721595|0|R-VA028SC00712NB||||R-VA028SC00712NB|28-712|Laurel Park Rd|028|Essex County|028|Essex County|    US 17 Tidewater Trail|1092804|0|0|0|    Dead End| 258238|0|0|.45|    07/11/2017|120|T|||||||X||24|||X||||||||||||||
721596|0|R-VA028SC00713NB||||R-VA028SC00713NB|28-713|Cottage Rd|028|Essex County|028|Essex County|    28-684 Bowlers Rd| 258205|0|0|0|    Dead End| 258384|0|0|.5|    07/11/2017|150|T|||||||X||24|||X||||||||||||||
721597|0|R-VA028SC00714EB||||R-VA028SC00714EB|28-714|Oneal Rd|028|Essex County|028|Essex County|    Dead End| 258240|0|0|0|    US 17 Tidewater Trail| 258239|0|0|.15|    07/07/2020|60|R|||||||X||24|||X||||||||||||||
721598|0|R-VA028SC00715NB||||R-VA028SC00715NB|28-715|Berry Hill Rd|028|Essex County|028|Essex County|    Dead End| 258242|0|0|0|    US 17 Tidewater Trail| 258241|0|0|1.2|    06/07/2017|294|R|||||||X||24|||X||||||||||||||
302158|0|R-VA028SC00716NB||||R-VA028SC00716NB|28-716|Warings Mill Rd|028|Essex County|028|Essex County|    28-627 Mt Landing Rd| 258108|0|0|0|    US 17 Tidewater Trail| 258243|0|0|2.13|    01/01/2022|278|G|98|0|0|1|0|0|C|.132|6 |.71|274|G||||||||||||||
721599|0|R-VA028SC00717NB||||R-VA028SC00717NB|28-717|Oakland Rd|028|Essex County|028|Essex County|    Dead End| 700493|0|0|0|    28-619 Sunnyside Rd| 258072|0|0|1.04|    06/07/2017|114|R|||||||X||24|||X||||||||||||||
721600|0|R-VA028SC00717NB||||R-VA028SC00717NB|28-717|Crittendens Mill Rd|028|Essex County|028|Essex County|    28-619 Sunnyside Rd| 258072|0|0|1.04|    28-627 Mt Landing Rd| 258109|0|0|3.84|    01/01/2022|504|G|98|0|0|0|1|0|C|.104|6 |.62|496|G||||||||||||||
721601|0|R-VA028SC00718EB||||R-VA028SC00718EB|28-718|Forest Grove Rd|028|Essex County|028|Essex County|    US 17 W, Tidewater Trail| 258245|0|0|0|    US 17 E, Tidewater Trail| 258244|0|0|.9|    07/07/2020|5|R|||||||X||24|||X||||||||||||||
721602|0|R-VA028SC00719NB||||R-VA028SC00719NB|28-719|Yorkers Swamp|028|Essex County|028|Essex County|    28-602 Colnbrook Rd| 258009|0|0|0|    28-604 Byrds Bridge Rd| 258019|0|0|1.74|    07/07/2020|51|R|||||||X||24|||X||||||||||||||
721603|0|R-VA028SC00720NB||||R-VA028SC00720NB|28-720|Montague Rd|028|Essex County|028|Essex County|    Dead End| 258385|0|0|0|    28-709 Clover Lane| 258234|0|0|.04|    07/07/2020|10|R|||||||X||24|||X||||||||||||||
721604|0|R-VA028SC00720NB||||R-VA028SC00720NB|28-720|Montague Rd|028|Essex County|028|Essex County|    28-709 Clover Lane| 258234|0|0|.04|    0.91 MN 28-709| 258234|0|.91|.95|    07/07/2020|10|R|||||||X||24|||X||||||||||||||
721605|0|R-VA028SC00720NB||||R-VA028SC00720NB|28-720|Montague Rd|028|Essex County|028|Essex County|    0.91 MN 28-709| 258234|0|.91|.95|    28-601 Mt Prospect Rd| 258005|0|0|1.04|    07/07/2020|31|R|||||||X||24|||X||||||||||||||
721606|0|R-VA028SC00721NB||||R-VA028SC00721NB|28-721|Hickman Rd|028|Essex County|028|Essex County|    Dead End| 258386|0|0|0|    28-629 Battery Rd| 258115|0|0|.46|    07/07/2020|100|R|||||||X||24|||X||||||||||||||
721607|0|R-VA028SC00722NB||||R-VA028SC00722NB|28-722|Sheepside Rd|028|Essex County|028|Essex County|    28-601 Mt Prospect Rd| 258006|0|0|0|    Dead End| 258387|0|0|.52|    07/07/2020|89|R|||||||X||24|||X||||||||||||||
721608|0|R-VA028SC00723NB||||R-VA028SC00723NB|28-723|Mill Rd|310|Town of Tappahannock|028|Essex County|    28-706 Industrial Rd| 258229|0|0|0|    28-700 Commerce Rd| 258105|0|0|.4|    08/18/2020|313|R|||||||X||24|||X||||||||||||||
721609|0|R-VA028SC00724NB||||R-VA028SC00724NB|28-724|St Mathews Church Rd|028|Essex County|028|Essex County|    28-631 Daingerfield Landing| 258120|0|0|0|    0.05 MN 28-631| 258120|0|.05|.05|    07/16/2020|54|R|||||||X||24|||X||||||||||||||
721610|0|R-VA028SC00724NB||||R-VA028SC00724NB|28-724|St Mathews Church Rd|028|Essex County|028|Essex County|    0.05 MN 28-631| 258120|0|.05|.05|    US 17 Tidewater Trl|1092809|0|0|.29|    07/14/2020|40|R|||||||X||24|||X||||||||||||||
721611|0|R-VA028SC00725EB||||R-VA028SC00725EB|28-725|Winston Rd|310|Town of Tappahannock|028|Essex County|    US 17|1092798|0|0|0|    Physical Jurisdiction Boundary: 310 Town of Tappahannock / 028 Essex County| 258249|0|0|.29|    07/14/2020|3369|R|||||||X||24|||X||||||||||||||
721611|0|R-VA028SC00725EB||||R-VA028SC00725EB|28-725|Winston Rd|028|Essex County|028|Essex County|    Jurisdiction Boundary: | 258249|0|0|.29|    28-1035 Pond View St| 258250|0|0|.33|    07/14/2020|3369|R|||||||X||24|||X||||||||||||||
721612|0|R-VA028SC00726EB||||R-VA028SC00726EB|28-726|Deep Landing Rd|028|Essex County|028|Essex County|    28-615 Mussel Swamp Rd| 258058|0|0|0|    Cul-de-Sac| 258251|0|0|.84|    06/07/2017|152|R|||||||X||24|||X||||||||||||||
721613|0|R-VA028SC00727EB||||R-VA028SC00727EB|28-727|Laurel Level Rd|028|Essex County|028|Essex County|    28-611 Wares Wharf Rd| 258046|0|0|0|    Dead End| 258388|0|0|.25|    07/12/2017|110|T|||||||X||24|||X||||||||||||||
785783|0|R-VA028SC00729NB||||R-VA028SC00729NB|28-729| |310|Town of Tappahannock|028|Essex County|    Dead End| 729809|0|0|0|    28-617 Richmond Beach Rd| 729807|0|0|.03|    09/20/2011|829|R|||||||X||24|||X||||||||||||||
795622|0|R-VA028SC00730NB||||R-VA028SC00730NB|28-730|Aviation Rd|028|Essex County|028|Essex County|    Dead End| 748974|0|0|0|    US 360 Richmond Hwy| 748973|0|0|.28|    07/12/2017|70|T|||||||X||24|||X||||||||||||||
721614|0|R-VA028SC01001NB||||R-VA028SC01001NB|28-1001|Cross St|310|Town of Tappahannock|028|Essex County|    28-1006 Virginia St| 258255|0|0|0|    28-1003 Duke St| 258254|0|0|.05|    07/14/2020|140|R|||||||X||24|||X||||||||||||||
721615|0|R-VA028SC01001NB||||R-VA028SC01001NB|28-1001|Cross St|310|Town of Tappahannock|028|Essex County|    28-1003 Duke St| 258254|0|0|.05|    US 360 Queen St| 258252|0|0|.16|    07/14/2020|903|R|||||||X||24|||X||||||||||||||
721616|0|R-VA028SC01001NB||||R-VA028SC01001NB|28-1001|Cross St|310|Town of Tappahannock|028|Essex County|    US 360 Queen St| 258252|0|0|.16|    28-657 Marsh St| 258165|0|0|.22|    07/14/2020|283|R|||||||X||24|||X||||||||||||||
721617|0|R-VA028SC01001NB||||R-VA028SC01001NB|28-1001|Cross St|310|Town of Tappahannock|028|Essex County|    28-657 Marsh St| 258165|0|0|.22|    US 17 N Church Ln| 258303|0|0|.32|    07/14/2020|50|R|||||||X||24|||X||||||||||||||
721618|0|R-VA028SC01002EB||||R-VA028SC01002EB|28-1002|Dock St|310|Town of Tappahannock|028|Essex County|    US 17| 258256|0|0|0|    Dead End| 258257|0|0|.1|    07/14/2020|300|R|||||||X||24|||X||||||||||||||
721619|0|R-VA028SC01003NB||||R-VA028SC01003NB|28-1003|Essex St|310|Town of Tappahannock|028|Essex County|    US 17; 28-1023| 258266|0|0|0|    28-1010 Daingerfield St| 258263|0|0|.2|    08/18/2020|1215|R|||||||X||24|||X||||||||||||||
721620|0|R-VA028SC01003NB||||R-VA028SC01003NB|28-1003|Essex St|310|Town of Tappahannock|028|Essex County|    28-1010 Daingerfield St| 258263|0|0|.2|    28-1020 Cralle St| 258261|0|0|.29|    08/18/2020|654|R|||||||X||24|||X||||||||||||||
721621|0|R-VA028SC01003NB||||R-VA028SC01003NB|28-1003|Duke St|310|Town of Tappahannock|028|Essex County|    28-1020 Cralle St| 258261|0|0|.29|    US 17 NORTH| 258259|0|0|.48|    08/18/2020|289|R|||||||X||24|||X||||||||||||||
721622|0|R-VA028SC01003NB||||R-VA028SC01003NB|28-1003|Duke St|310|Town of Tappahannock|028|Essex County|    US 17 NORTH| 258259|0|0|.48|    28-1004 Water Lane| 258258|0|0|.62|    08/18/2020|398|R|||||||X||24|||X||||||||||||||
721623|0|R-VA028SC01003NB||||R-VA028SC01003NB|28-1003|Duke St|310|Town of Tappahannock|028|Essex County|    28-1004 Water Lane| 258258|0|0|.62|    Dead End| 258413|0|0|.68|    08/18/2020|117|R|||||||X||24|||X||||||||||||||
721624|0|R-VA028SC01004NB||||R-VA028SC01004NB|28-1004|Water Lane|310|Town of Tappahannock|028|Essex County|    Dead End| 713627|0|0|0|    28-1011 Jeanette Dr| 258272|0|0|.03|    07/14/2020|40|R|||||||X||24|||X||||||||||||||
721625|0|R-VA028SC01004NB||||R-VA028SC01004NB|28-1004|Water Lane|310|Town of Tappahannock|028|Essex County|    28-1011 Jeanette Dr| 258272|0|0|.03|    28-1008 Wright St| 258271|0|0|.15|    07/14/2020|208|R|||||||X||24|||X||||||||||||||
721626|0|R-VA028SC01004NB||||R-VA028SC01004NB|28-1004|Water Lane|310|Town of Tappahannock|028|Essex County|    28-1008 Wright St| 258271|0|0|.15|    US 360 Queen St| 258267|0|0|.49|    01/01/2022|1813|G|98|0|1|0|0|0|C|.104|6 |.56|1783|G||||||||||||||
785900|0|R-VA028SC01004NB||||R-VA028SC01004NB|28-1004|Water Lane|310|Town of Tappahannock|028|Essex County|    US 360 Queen St| 258267|0|0|.49|    28-657 Marsh St| 258164|0|0|.55|    01/01/2022|237|G|92|0|1|1|1|0|C|.104|6 |.56|233|G||||||||||||||
721627|0|R-VA028SC01004NB||||R-VA028SC01004NB|28-1004|Water Lane|310|Town of Tappahannock|028|Essex County|    28-657 Marsh St| 258164|0|0|.55|    Dead End| 258390|0|0|.68|    07/14/2020|70|R|||||||X||24|||X||||||||||||||
721628|0|R-VA028SC01005EB||||R-VA028SC01005EB|28-1005|Faulconer Circle Court|310|Town of Tappahannock|028|Essex County|    Dead End| 258392|0|0|0|    28-1006 Waller Pl & Virginia St; Falconer Circle| 258275|0|0|.04|    07/14/2020|30|R|||||||X||24|||X||||||||||||||
721629|0|R-VA028SC01005EB||||R-VA028SC01005EB|28-1005|Prince St|310|Town of Tappahannock|028|Essex County|    28-1006 Waller Pl & Virginia St; Falconer Circle| 258275|0|0|.04|    US 17| 258274|0|0|.2|    07/14/2020|605|R|||||||X||24|||X||||||||||||||
721630|0|R-VA028SC01005EB||||R-VA028SC01005EB|28-1005|Prince St|310|Town of Tappahannock|028|Essex County|    US 17| 258274|0|0|.2|    28-1004 Water Lane| 258268|0|0|.34|    07/14/2020|757|R|||||||X||24|||X||||||||||||||
721631|0|R-VA028SC01005EB||||R-VA028SC01005EB|28-1005|Prince St|310|Town of Tappahannock|028|Essex County|    28-1004 Water Lane| 258268|0|0|.34|    28-1013 Newbill Dr| 258273|0|0|.44|    07/14/2020|463|R|||||||X||24|||X||||||||||||||
721632|0|R-VA028SC01005EB||||R-VA028SC01005EB|28-1005|Prince St|310|Town of Tappahannock|028|Essex County|    28-1013 Newbill Dr| 258273|0|0|.44|    Dead End| 258391|0|0|.46|    07/14/2020|230|R|||||||X||24|||X||||||||||||||
721633|0|R-VA028SC01006EB||||R-VA028SC01006EB|28-1006|Falconer Circle|310|Town of Tappahannock|028|Essex County|    End Loop| 258277|0|0|0|    28-1005 Prince St| 258275|0|0|.23|    07/14/2020|145|R|||||||X||24|||X||||||||||||||
721634|0|R-VA028SC01006EB||||R-VA028SC01006EB|28-1006|Waller Pl & Virginia St|310|Town of Tappahannock|028|Essex County|    28-1005 Prince St| 258275|0|0|.23|    US 17| 258276|0|0|.47|    07/14/2020|208|R|||||||X||24|||X||||||||||||||
721635|0|R-VA028SC01006EB||||R-VA028SC01006EB|28-1006|Virginia St|310|Town of Tappahannock|028|Essex County|    US 17| 258276|0|0|.47|    28-1004 Water Lane| 258269|0|0|.61|    07/14/2020|163|R|||||||X||24|||X||||||||||||||
721636|0|R-VA028SC01007EB||||R-VA028SC01007EB|28-1007|Earl St|310|Town of Tappahannock|028|Essex County|    28-1003 Essex St| 258262|0|0|0|    US 17| 258280|0|0|.14|    06/07/2017|178|R|||||||X||24|||X||||||||||||||
721637|0|R-VA028SC01007EB||||R-VA028SC01007EB|28-1007|Earl St|310|Town of Tappahannock|028|Essex County|    US 17| 258280|0|0|.14|    28-1004 Water Lane| 258270|0|0|.31|    06/07/2017|335|R|||||||X||24|||X||||||||||||||
721638|0|R-VA028SC01008EB||||R-VA028SC01008EB|28-1008|Wright St|310|Town of Tappahannock|028|Essex County|    US 17| 258281|0|0|0|    28-1022 Charlotte St| 258282|0|0|.07|    01/01/2022|2491|G|94|0|1|1|1|0|C|.109|6 |.61|2450|G||||||||||||||
721639|0|R-VA028SC01008EB||||R-VA028SC01008EB|28-1008|Wright St|310|Town of Tappahannock|028|Essex County|    28-1022 Charlotte St| 258282|0|0|.07|    28-1004 Water Lane| 258271|0|0|.2|    01/01/2022|1691|G|98|0|1|0|0|0|C|.102|6 |.69|1664|G||||||||||||||
721640|0|R-VA028SC01009NB||||R-VA028SC01009NB|28-1009|Ware Ave|310|Town of Tappahannock|028|Essex County|    28-1010 Daingerfield St| 258284|0|0|0|    28-1027 Tanyard Dr| 258285|0|0|.14|    06/07/2017|308|R|||||||X||24|||X||||||||||||||
721641|0|R-VA028SC01010EB||||R-VA028SC01010EB|28-1010|Daingerfield St|310|Town of Tappahannock|028|Essex County|    Dead End| 258393|0|0|0|    28-1009 Ware Ave| 258284|0|0|.17|    07/11/2017|280|T|||||||X||24|||X||||||||||||||
721642|0|R-VA028SC01010EB||||R-VA028SC01010EB|28-1010|Daingerfield St|310|Town of Tappahannock|028|Essex County|    28-1009 Ware Ave| 258284|0|0|.17|    28-1020 Cralle St; 28-1025| 258289|0|0|.2|    06/07/2017|693|R|||||||X||24|||X||||||||||||||
721643|0|R-VA028SC01010EB||||R-VA028SC01010EB|28-1010|Daingerfield St|310|Town of Tappahannock|028|Essex County|    28-1020 Cralle St; 28-1025| 258289|0|0|.2|    28-1016 Pegtram Lane| 258287|0|0|.3|    06/07/2017|675|R|||||||X||24|||X||||||||||||||
721644|0|R-VA028SC01010EB||||R-VA028SC01010EB|28-1010|Daingerfield St|310|Town of Tappahannock|028|Essex County|    28-1016 Pegtram Lane| 258287|0|0|.3|    US 17| 258286|0|0|.53|    06/07/2017|841|R|||||||X||24|||X||||||||||||||
721645|0|R-VA028SC01011EB||||R-VA028SC01011EB|28-1011|Jeanette Dr|310|Town of Tappahannock|028|Essex County|    US 17| 258291|0|0|0|    28-1012 Tom Williams Dr| 258292|0|0|.07|    06/07/2017|248|R|||||||X||24|||X||||||||||||||
721646|0|R-VA028SC01011EB||||R-VA028SC01011EB|28-1011|Jeanette Dr|310|Town of Tappahannock|028|Essex County|    28-1012 Tom Williams Dr| 258292|0|0|.07|    28-1004 Water Lane| 258272|0|0|.3|    06/07/2017|144|R|||||||X||24|||X||||||||||||||
721647|0|R-VA028SC01012EB||||R-VA028SC01012EB|28-1012|Tom Williams Dr|310|Town of Tappahannock|028|Essex County|    28-1011 Jeanette Dr| 258292|0|0|0|    28-1021 Della St| 258295|0|0|.08|    06/07/2017|116|R|||||||X||24|||X||||||||||||||
721648|0|R-VA028SC01013NB||||R-VA028SC01013NB|28-1013|Newbill Dr|310|Town of Tappahannock|028|Essex County|    28-1005 Prince St| 258273|0|0|0|    US 360 Queen St| 258296|0|0|.14|    06/07/2017|164|R|||||||X||24|||X||||||||||||||
721649|0|R-VA028SC01014EB||||R-VA028SC01014EB|28-1014|Queen St|310|Town of Tappahannock|028|Essex County|    Dead End| 258298|0|0|0|    US 17| 258297|0|0|.07|    07/14/2020|390|R|||||||X||24|||X||||||||||||||
721650|0|R-VA028SC01015EB||||R-VA028SC01015EB|28-1015|Lewis St|310|Town of Tappahannock|028|Essex County|    28-1010 Daingerfield St| 258288|0|0|0|    28-1003 Essex St| 258265|0|0|.28|    07/14/2020|141|R|||||||X||24|||X||||||||||||||
721651|0|R-VA028SC01016NB||||R-VA028SC01016NB|28-1016|Pegtram Lane|310|Town of Tappahannock|028|Essex County|    Dead End| 258394|0|0|0|    28-1020 Cralle St| 258302|0|0|.23|    07/14/2020|70|R|||||||X||24|||X||||||||||||||
721652|0|R-VA028SC01017EB||||R-VA028SC01017EB|28-1017|Deshields St|310|Town of Tappahannock|028|Essex County|    Dead End| 258395|0|0|0|    28-1015 Lewis St| 258300|0|0|.03|    07/14/2020|30|R|||||||X||24|||X||||||||||||||
721653|0|R-VA028SC01017EB||||R-VA028SC01017EB|28-1017|Deshields St|310|Town of Tappahannock|028|Essex County|    28-1015 Lewis St| 258300|0|0|.03|    28-1003 Essex St| 258264|0|0|.22|    07/14/2020|367|R|||||||X||24|||X||||||||||||||
721654|0|R-VA028SC01018EB||||R-VA028SC01018EB|28-1018|Parker Place|310|Town of Tappahannock|028|Essex County|    Dead End| 258304|0|0|0|    US 17| 258303|0|0|.11|    07/14/2020|90|R|||||||X||24|||X||||||||||||||
721655|0|R-VA028SC01019EB||||R-VA028SC01019EB|28-1019|Moore St|310|Town of Tappahannock|028|Essex County|    0.04 MN 28-657| 258397|0|0|0|    28-657 Marsh St| 258167|0|0|.04|    07/14/2020|87|R|||||||X||24|||X||||||||||||||
721656|0|R-VA028SC01019EB||||R-VA028SC01019EB|28-1019|Moore St|310|Town of Tappahannock|028|Essex County|    28-657 Marsh St| 258167|0|0|.04|    0.10 MS 28-657 Marsh St| 258396|0|0|.14|    07/14/2020|493|R|||||||X||24|||X||||||||||||||
721657|0|R-VA028SC01020NB||||R-VA028SC01020NB|28-1020|Cralle St|310|Town of Tappahannock|028|Essex County|    28-1010 Daingerfield St| 258289|0|0|0|    28-1003 Duke St; Essex St| 258261|0|0|.26|    06/07/2017|445|R|||||||X||24|||X||||||||||||||
721658|0|R-VA028SC01021NB||||R-VA028SC01021NB|28-1021|Della St|310|Town of Tappahannock|028|Essex County|    28-1011 Jeanette Dr| 258293|0|0|0|    28-1007 Earl St| 258278|0|0|.17|    06/07/2017|187|R|||||||X||24|||X||||||||||||||
721659|0|R-VA028SC01022NB||||R-VA028SC01022NB|28-1022|Charlotte St|310|Town of Tappahannock|028|Essex County|    28-1012 Tom Williams Dr| 258294|0|0|0|    28-1008 Wright St| 258282|0|0|.07|    06/07/2017|343|R|||||||X||24|||X||||||||||||||
721660|0|R-VA028SC01022NB||||R-VA028SC01022NB|28-1022|Charlotte St|310|Town of Tappahannock|028|Essex County|    28-1008 Wright St| 258282|0|0|.07|    28-1007 Earl St| 258279|0|0|.17|    06/07/2017|503|R|||||||X||24|||X||||||||||||||
721661|0|R-VA028SC01023EB||||R-VA028SC01023EB|28-1023|Warner St|310|Town of Tappahannock|028|Essex County|    Dead End| 258394|0|0|0|    US 17; 28-1003 Essex St| 258266|0|0|.08|    07/14/2020|125|R|||||||X||24|||X||||||||||||||
721662|0|R-VA028SC01024EB||||R-VA028SC01024EB|28-1024|(Cemetery Entrance)|310|Town of Tappahannock|028|Essex County|    Dead End| 258307|0|0|0|    US 17| 258306|0|0|.06|    06/16/2014|25|R|||||||X||24|||X||||||||||||||
721663|0|R-VA028SC01025NB||||R-VA028SC01025NB|28-1025|Hoskins Creek Dr|310|Town of Tappahannock|028|Essex County|    Dead End| 258308|0|0|0|    28-1010 Daingerfield St| 258289|0|0|.04|    07/14/2020|40|R|||||||X||24|||X||||||||||||||
721664|0|R-VA028SC01026NB||||R-VA028SC01026NB|28-1026|Derby Lane|310|Town of Tappahannock|028|Essex County|    28-1010 Daingerfield St| 258290|0|0|0|    28-1027 Tanyard Dr| 258310|0|0|.13|    06/07/2017|204|R|||||||X||24|||X||||||||||||||
721665|0|R-VA028SC01027EB||||R-VA028SC01027EB|28-1027|Tanyard Dr|310|Town of Tappahannock|028|Essex County|    Dead End| 258398|0|0|0|    28-1009 Ware Ave| 258285|0|0|.14|    07/12/2017|220|T|||||||X||24|||X||||||||||||||
721666|0|R-VA028SC01028EB||||R-VA028SC01028EB|28-1028|Clanton Dr|310|Town of Tappahannock|028|Essex County|    Dead End| 258399|0|0|0|    28-1026 Derby Lane| 258309|0|0|.11|    07/12/2017|100|T|||||||X||24|||X||||||||||||||
721667|0|R-VA028SC01029NB||||R-VA028SC01029NB|28-1029|Rouzie Dr|310|Town of Tappahannock|028|Essex County|    28-657 S, Marsh St| 258371|0|0|0|    28-657 N, Marsh St| 258168|0|0|.19|    07/14/2020|75|R|||||||X||24|||X||||||||||||||
721668|0|R-VA028SC01030EB||||R-VA028SC01030EB|28-1030|Granary Rd|310|Town of Tappahannock|028|Essex County|    28-617 Richmond Beach Rd| 729808|0|0|0|    Dead End| 258312|0|0|.11|    07/12/2017|1340|T|||||||X||24|||X||||||||||||||
721669|0|R-VA028SC01031NB||||R-VA028SC01031NB|28-1031|Sycamore St|310|Town of Tappahannock|028|Essex County|    US 17| 258313|0|0|0|    28-1032 Elm St| 258314|0|0|.11|    06/13/2017|921|R|||||||X||24|||X||||||||||||||
721670|0|R-VA028SC01031NB||||R-VA028SC01031NB|28-1031|Sycamore St|310|Town of Tappahannock|028|Essex County|    28-1032 Elm St| 258314|0|0|.11|    Dead End| 258400|0|0|.52|    07/12/2017|670|T|||||||X||24|||X||||||||||||||
721671|0|R-VA028SC01032EB||||R-VA028SC01032EB|28-1032|Elm St|310|Town of Tappahannock|028|Essex County|    28-1031 Sycamore St| 258314|0|0|0|    US 17| 258315|0|0|.18|    07/16/2020|177|R|||||||X||24|||X||||||||||||||
721672|0|R-VA028SC01033NB||||R-VA028SC01033NB|28-1033|East Circle Dr|028|Essex County|028|Essex County|    Cul-de-Sac| 258316|0|0|0|    28-617 Richmond Beach Rd| 258064|0|0|.09|    07/12/2017|50|T|||||||X||24|||X||||||||||||||
721673|0|R-VA028SC01034NB||||R-VA028SC01034NB|28-1034|Fellowship Court|028|Essex County|028|Essex County|    28-1035 Pond View St| 258317|0|0|0|    Cul-de-Sac| 258318|0|0|.05|    07/12/2017|20|T|||||||X||24|||X||||||||||||||
721674|0|R-VA028SC01035NB||||R-VA028SC01035NB|28-1035|Pond View St|028|Essex County|028|Essex County|    28-725 Winston Rd| 258250|0|0|0|    28-1034 Fellowship Court| 258317|0|0|.16|    06/13/2017|60|R|||||||X||24|||X||||||||||||||
721675|0|R-VA028SC01035NB||||R-VA028SC01035NB|28-1035|Pond View St|028|Essex County|028|Essex County|    28-1034 Fellowship Court| 258317|0|0|.16|    Cul-de-Sac| 258319|0|0|.27|    07/12/2017|10|T|||||||X||24|||X||||||||||||||
721676|0|R-VA028SC01036EB||||R-VA028SC01036EB|28-1036|Ball St|310|Town of Tappahannock|028|Essex County|    US 17|1039320|0|0|0|    28-698 Hobbs Hole Dr; White Oak Rd| 258221|0|0|.11|    07/14/2020|2857|R|||||||X||24|||X||||||||||||||
721677|0|R-VA028SC01037NB||||R-VA028SC01037NB|28-1037|Old Creek Lake Dr|310|Town of Tappahannock|028|Essex County|    28-725 Winston Rd| 258248|0|0|0|    28-1038 Dillard St| 258321|0|0|.11|    07/14/2020|728|R|||||||X||24|||X||||||||||||||
721678|0|R-VA028SC01037NB||||R-VA028SC01037NB|28-1037|Old Creek Lake Dr|310|Town of Tappahannock|028|Essex County|    28-1038 Dillard St| 258321|0|0|.11|    Begin Loop| 258322|0|0|.25|    07/14/2020|197|R|||||||X||24|||X||||||||||||||
721679|0|R-VA028SC01037NB||||R-VA028SC01037NB|28-1037|Old Creek Lake Dr|310|Town of Tappahannock|028|Essex County|    Begin Loop| 258322|0|0|.25|    28-1039 Cooke St| 258323|0|0|.31|    07/14/2020|48|R|||||||X||24|||X||||||||||||||
721681|0|R-VA028SC01038EB||||R-VA028SC01038EB|28-1038|Dillard St|310|Town of Tappahannock|028|Essex County|    28-1037 Old Creek Lake Dr| 258321|0|0|0|    Cul-de-Sac| 258324|0|0|.07|    06/18/2014|60|T|||||||X||24|||X||||||||||||||
721682|0|R-VA028SC01039NB||||R-VA028SC01039NB|28-1039|Cooke St|310|Town of Tappahannock|028|Essex County|    28-1037 Old Creek Lake Dr| 258323|0|0|0|    Cul-de-Sac| 258325|0|0|.05|    06/18/2014|40|T|||||||X||24|||X||||||||||||||
721683|0|R-VA028SC01040EB||||R-VA028SC01040EB|28-1040|Miller Dr|028|Essex County|028|Essex County|    28-620 Powcan Rd| 258087|0|0|0|    28-1041 Cherokee Rd| 258326|0|0|.09|    07/14/2020|374|R|||||||X||24|||X||||||||||||||
721684|0|R-VA028SC01041NB||||R-VA028SC01041NB|28-1041|Cherokee Rd|028|Essex County|028|Essex County|    Dead End| 258402|0|0|0|    28-1040 Miller Dr| 258326|0|0|.09|    06/23/2014|70|R|||||||X||24|||X||||||||||||||
721685|0|R-VA028SC01041NB||||R-VA028SC01041NB|28-1041|Apache Rd|028|Essex County|028|Essex County|    28-1040 Miller Dr| 258326|0|0|.09|    Cul-de-Sac| 258327|0|0|.17|    06/23/2014|90|R|||||||X||24|||X||||||||||||||
783789|0|R-VA028SC01042EB||||R-VA028SC01042EB|28-1042|Heron Point Rd|310|Town of Tappahannock|028|Essex County|    Cul-de-Sac| 726800|0|0|0|    28-1031 Sycamore St| 726799|0|0|.27|    07/14/2020|145|R|||||||X||24|||X||||||||||||||
783790|0|R-VA028SC01043NB||||R-VA028SC01043NB|28-1043|Point Court|310|Town of Tappahannock|028|Essex County|    Cul-de-Sac| 726802|0|0|0|    28-1042 Heron Point Rd| 726801|0|0|.04|    07/14/2020|10|R|||||||X||24|||X||||||||||||||
721686|0|R-VA028SC01045NB||||R-VA028SC01045NB|28-1045|Hoskins Dr|310|Town of Tappahannock|028|Essex County|    28-1031 S, Sycamore St| 702251|0|0|0|    28-1046 Ridgecrest Court| 702252|0|0|.19|    07/14/2020|298|R|||||||X||24|||X||||||||||||||
721687|0|R-VA028SC01045NB||||R-VA028SC01045NB|28-1045|Hoskins Dr|310|Town of Tappahannock|028|Essex County|    28-1046 Ridgecrest Court| 702252|0|0|.19|    28-1031 N, Sycamore St| 705811|0|0|.37|    07/14/2020|276|R|||||||X||24|||X||||||||||||||
721688|0|R-VA028SC01046NB||||R-VA028SC01046NB|28-1046|Ridgecrest Court|310|Town of Tappahannock|028|Essex County|    28-1045 Hoskins Dr| 702252|0|0|0|    Cul-de-Sac| 705812|0|0|.06|    06/18/2014|80|T|||||||X||24|||X||||||||||||||
721689|0|R-VA028SC01050NB||||R-VA028SC01050NB|28-1050|King St|310|Town of Tappahannock|028|Essex County|    28-627 Airport Rd| 708409|0|0|0|    Cul-de-Sac| 708411|0|0|.1|    07/12/2017|400|T|||||||X||24|||X||||||||||||||
721690|0|R-VA028SC01051NB||||R-VA028SC01051NB|28-1051|Davis St|310|Town of Tappahannock|028|Essex County|    28-627 Airport Rd| 708410|0|0|0|    Cul-de-Sac| 710858|0|0|.21|    07/12/2017|580|T|||||||X||24|||X||||||||||||||
721691|0|R-VA028SC01052NB||||R-VA028SC01052NB|28-1052| |310|Town of Tappahannock|028|Essex County|    Cul-de-Sac| 708427|0|0|0|    28-1051 Davis St| 708420|0|0|.04|    09/22/2017|80|T|||||||X||24|||X||||||||||||||
721692|0|R-VA028SC01060EB||||R-VA028SC01060EB|28-1060|Cold Cheer Dr|028|Essex County|028|Essex County|    28-617 Richmond Beach Rd| 721658|0|0|0|    28-1061 Rosemary Court| 721660|0|0|.42|    06/13/2017|410|R|||||||X||24|||X||||||||||||||
721693|0|R-VA028SC01060EB||||R-VA028SC01060EB|28-1060|Cold Cheer Dr|028|Essex County|028|Essex County|    28-1061 Rosemary Court| 721660|0|0|.42|    28-1062; 28-1063 W, Piscataway Dr| 721661|0|0|.82|    06/13/2017|296|R|||||||X||24|||X||||||||||||||
721694|0|R-VA028SC01060EB||||R-VA028SC01060EB|28-1060|Cold Cheer Dr|028|Essex County|028|Essex County|    28-1063 W; 10-1062 Piscataway Dr;| 721661|0|0|.82|    28-1063 E, Piscataway Dr| 721662|0|0|1.04|    06/13/2017|240|R|||||||X||24|||X||||||||||||||
721695|0|R-VA028SC01061EB||||R-VA028SC01061EB|28-1061|Rosemary Court|028|Essex County|028|Essex County|    28-1060 Cold Cheer Dr| 721660|0|0|0|    Cul-de-Sac| 721666|0|0|.12|    07/12/2017|70|T|||||||X||24|||X||||||||||||||
721696|0|R-VA028SC01062NB||||R-VA028SC01062NB|28-1062|Piscataway Dr|028|Essex County|028|Essex County|    28-1060 W, Cold Cheer Dr| 721661|0|0|0|    Cul-de-Sac| 721668|0|0|.09|    07/12/2017|30|T|||||||X||24|||X||||||||||||||
721697|0|R-VA028SC01063EB||||R-VA028SC01063EB|28-1063|Piscataway Dr|028|Essex County|028|Essex County|    28-1060 W, Cold Cheer Dr| 721661|0|0|0|    28-1060 E, Cold Cheer Dr| 721662|0|0|.18|    06/13/2017|173|R|||||||X||24|||X||||||||||||||
721698|0|R-VA028SC01063EB||||R-VA028SC01063EB|28-1063|Piscataway Dr|028|Essex County|028|Essex County|    28-1060 E, Cold Cheer Dr| 721662|0|0|.18|    Cul-de-Sac| 721669|0|0|.32|    07/12/2017|50|T|||||||X||24|||X||||||||||||||
782308|0|R-VA028SC01064NB||||R-VA028SC01064NB|28-1064|Thomas Lane|028|Essex County|028|Essex County|    Cul-de-Sac| 724542|0|0|0|    28-1063 Piscataway Dr| 724541|0|0|.15|    07/12/2017|80|T|||||||X||24|||X||||||||||||||
782309|0|R-VA028SC01065EB||||R-VA028SC01065EB|28-1065|Cold Cheer Point Dr|028|Essex County|028|Essex County|    Cul-de-Sac| 724544|0|0|0|    28-1064 Thomas Lane| 724543|0|0|.07|    06/23/2014|2|T|||||||X||24|||X||||||||||||||
794110|0|R-VA028SC01065EB||||R-VA028SC01065EB|28-1065|Cold Cheer Point Dr|028|Essex County|028|Essex County|    28-1064 Thomas Lane| 724543|0|0|.07|    Cul-de-Sac| 724545|0|0|.23|    07/14/2020|35|R|||||||X||24|||X||||||||||||||
793797|0|R-VA028SC01069EB||||R-VA028SC01069EB|28-1069|Henley Fork Dr|028|Essex County|028|Essex County|    28-619 Kino Rd| 745757|0|0|0|    Dead End| 745758|0|0|.45|    07/07/2020|210|R|||||||X||24|||X||||||||||||||
783791|0|R-VA028SC01070NB||||R-VA028SC01070NB|28-1070|Meadow Dr|028|Essex County|028|Essex County|    28-619 Kino Rd| 726797|0|0|0|    Dead End| 726798|0|0|.79|    04/28/2014|316|R|||||||X||24|||X||||||||||||||
795245|0|R-VA028SC01075NB||||R-VA028SC01075NB|28-1075|Hobbs Hole Dr|028|Essex County|028|Essex County|    28-1078 Goodrich St| 746573|0|0|0|    Physical Jurisdiction Boundary: 028 Essex County / 310 Town of Tappahannock| 744591|0|0|.38|    07/14/2020|862|R|||||||X||24|||X||||||||||||||
795245|0|R-VA028SC01075NB||||R-VA028SC01075NB|28-1075|Hobbs Hole Dr|310|Town of Tappahannock|028|Essex County|    Jurisdiction Boundary: 028 Essex County| 744591|0|0|.38|    28-698 Hobbs Hole Dr| 744590|0|0|.45|    07/14/2020|862|R|||||||X||24|||X||||||||||||||
794362|0|R-VA028SC01076EB||||R-VA028SC01076EB|28-1076|Meghan Anne St|028|Essex County|028|Essex County|    28-1075 Hobbs Hole Dr| 746574|0|0|0|    28-1077 Mitchells Lane| 746575|0|0|.09|    07/14/2020|159|R|||||||X||24|||X||||||||||||||
794363|0|R-VA028SC01077NB||||R-VA028SC01077NB|28-1077|Mitchells Lane|028|Essex County|028|Essex County|    Cul-de-Sac| 746576|0|0|0|    28-1076 Meghan Anne St| 746575|0|0|.08|    07/14/2020|20|R|||||||X||24|||X||||||||||||||
794364|0|R-VA028SC01077NB||||R-VA028SC01077NB|28-1077|Mitchells Lane|028|Essex County|028|Essex County|    28-1076 Meghan Anne St| 746575|0|0|.08|    Cul-de-Sac| 746577|0|0|.15|    07/14/2020|40|R|||||||X||24|||X||||||||||||||
794365|0|R-VA028SC01078EB||||R-VA028SC01078EB|28-1078|Goodrich St|028|Essex County|028|Essex County|    28-1079 Noels Place| 746583|0|0|0|    28-1075 Hobbs Hole Dr| 746573|0|0|.08|    07/14/2020|253|R|||||||X||24|||X||||||||||||||
794366|0|R-VA028SC01079NB||||R-VA028SC01079NB|28-1079|Noels Place|028|Essex County|028|Essex County|    Cul-de-Sac| 746589|0|0|0|    28-1078 Goodrich St| 746583|0|0|.04|    07/14/2020|40|R|||||||X||24|||X||||||||||||||
794367|0|R-VA028SC01079NB||||R-VA028SC01079NB|28-1079|Noels Place|028|Essex County|028|Essex County|    28-1078 Goodrich St| 746583|0|0|.04|    Cul-de-Sac| 746591|0|0|.11|    07/14/2020|70|R|||||||X||24|||X||||||||||||||
794368|0|R-VA028SC01085NB||||R-VA028SC01085NB|28-1085|Pond Dr|028|Essex County|028|Essex County|    28-684 Howerton Rd| 747386|0|0|0|    Cul-de-Sac| 747387|0|0|.39|    07/07/2020|185|R|||||||X||24|||X||||||||||||||
721699|0|R-VA028SC01101EB||||R-VA028SC01101EB|28-1101|Dunnsville Rd|028|Essex County|028|Essex County|    US 17 W, Tidewater Trail|1092786|0|0|0|    28-611 Wares Wharf Rd| 258045|0|0|.27|    07/16/2020|31|R|||||||X||24|||X||||||||||||||
721700|0|R-VA028SC01101EB||||R-VA028SC01101EB|28-1101|Dunnsville Rd|028|Essex County|028|Essex County|    28-611 Wares Wharf Rd| 258045|0|0|.27|    US 17 E, Tidewater Trail| 258328|0|0|.41|    07/16/2020|130|R|||||||X||24|||X||||||||||||||
721701|0|R-VA028SC01102EB||||R-VA028SC01102EB|28-1102|Ephesus Church Rd|028|Essex County|028|Essex County|    US 17 W, Tidewater Trail| 258331|0|0|0|    US 17 E, Tidewater Trail|1092784|0|0|.55|    07/07/2020|26|R|||||||X||24|||X||||||||||||||
721702|0|R-VA028SC01103NB||||R-VA028SC01103NB|28-1103|Ben Lomond Rd|028|Essex County|028|Essex County|    US 17 Tidewater Trail|1092783|0|0|0|    0.70 MNE US 17| 258332|0|.7|.71|    07/07/2020|61|R|||||||X||24|||X||||||||||||||
721703|0|R-VA028SC01103NB||||R-VA028SC01103NB|28-1103|Ben Lomond Rd|028|Essex County|028|Essex County|    0.70 MNE US 17| 258332|0|.7|.71|    28-606 Fairfield Lane| 258027|0|0|.72|    07/07/2020|38|R|||||||X||24|||X||||||||||||||
786182|0|R-VA028SC01105NB||||R-VA028SC01105NB|28-1105|Claymor Oaks|028|Essex County|028|Essex County|    Dead End| 731452|0|0|0|    28-611 Johnville Rd| 731451|0|0|.16|    07/12/2017|70|T|||||||X||24|||X||||||||||||||
795623|0|R-VA028SC01110NB||||R-VA028SC01110NB|28-1110|Old Howerton Rd|028|Essex County|028|Essex County|    28-648 Old Howerton Rd| 749185|0|0|0|    Dead End| 749186|0|0|.03|    07/12/2017|100|T|||||||X||24|||X||||||||||||||
721704|0|R-VA028SC01201EB||||R-VA028SC01201EB|28-1201|W Banbury Rd|028|Essex County|028|Essex County|    28-1202 W, W Gwynnfield Rd| 258333|0|0|0|    28-1202 E, W Gwynnfield Rd| 258403|0|0|.19|    06/14/2017|97|R|||||||X||24|||X||||||||||||||
721705|0|R-VA028SC01201EB||||R-VA028SC01201EB|28-1201|W Banbury Rd|028|Essex County|028|Essex County|    28-1202 E, W Gwynnfield Rd| 258403|0|0|.19|    28-703 Gwynnfield Rd| 258228|0|0|.22|    06/14/2017|241|R|||||||X||24|||X||||||||||||||
721706|0|R-VA028SC01201EB||||R-VA028SC01201EB|28-1201|E Banbury Rd|028|Essex County|028|Essex County|    28-703 Gwynnfield Rd| 258228|0|0|.22|    28-1203 W, E Gwynnfield Rd| 258334|0|0|.25|    06/14/2017|667|R|||||||X||24|||X||||||||||||||
721707|0|R-VA028SC01201EB||||R-VA028SC01201EB|28-1201|E Banbury Rd|028|Essex County|028|Essex County|    28-1203 W, E Gwynnfield Rd| 258334|0|0|.25|    28-1203 E, Mary Fox Rd; E Gwynnfield Rd| 258404|0|0|.67|    06/14/2017|127|R|||||||X||24|||X||||||||||||||
721708|0|R-VA028SC01202EB||||R-VA028SC01202EB|28-1202|W Gwynnfield Rd|028|Essex County|028|Essex County|    28-1201 W, W Banbury Rd| 258333|0|0|0|    28-1201 E, W Banbury Rd| 258403|0|0|.31|    06/14/2017|106|R|||||||X||24|||X||||||||||||||
721709|0|R-VA028SC01203EB||||R-VA028SC01203EB|28-1203|E Gwynnfield Rd|028|Essex County|028|Essex County|    28-1201 W, E Banbury Rd| 258334|0|0|0|    28-1201 E, E Banbury Rd| 258404|0|0|.49|    07/16/2020|194|R|||||||X||24|||X||||||||||||||
721710|0|R-VA028SC01203EB||||R-VA028SC01203EB|28-1203|Mary Fox Rd|028|Essex County|028|Essex County|    28-1201 E, E Banbury Rd| 258404|0|0|.49|    28-1204 Bruce Rd| 258335|0|0|.56|    07/16/2020|103|R|||||||X||24|||X||||||||||||||
721711|0|R-VA028SC01203EB||||R-VA028SC01203EB|28-1203|Mary Fox Rd|028|Essex County|028|Essex County|    28-1204 Bruce Rd| 258335|0|0|.56|    28-1206 Brian Place| 258336|0|0|.62|    07/16/2020|125|R|||||||X||24|||X||||||||||||||
721712|0|R-VA028SC01203EB||||R-VA028SC01203EB|28-1203|Mary Fox Rd|028|Essex County|028|Essex County|    28-1206 Brian Place| 258336|0|0|.62|    28-1205 Revelle Rd| 258337|0|0|.75|    07/16/2020|61|R|||||||X||24|||X||||||||||||||
721713|0|R-VA028SC01204EB||||R-VA028SC01204EB|28-1204|Bruce Rd|028|Essex County|028|Essex County|    28-703 Gwynnfield Rd| 258227|0|0|0|    28-1203 Mary Fox Rd| 258335|0|0|.45|    06/14/2017|332|R|||||||X||24|||X||||||||||||||
721714|0|R-VA028SC01205NB||||R-VA028SC01205NB|28-1205|Revelle Rd|028|Essex County|028|Essex County|    28-1203 Mary Fox Rd| 258337|0|0|0|    28-1206 Brian Place| 258339|0|0|.18|    07/16/2020|71|R|||||||X||24|||X||||||||||||||
721715|0|R-VA028SC01205NB||||R-VA028SC01205NB|28-1205|Revelle Rd|028|Essex County|028|Essex County|    28-1206 Brian Place| 258339|0|0|.18|    28-1204 Bruce Rd| 258338|0|0|.24|    07/16/2020|219|R|||||||X||24|||X||||||||||||||
721716|0|R-VA028SC01206EB||||R-VA028SC01206EB|28-1206|Brian Place|028|Essex County|028|Essex County|    28-1205 Revelle Rd| 258339|0|0|0|    28-1203 Mary Fox Rd| 258336|0|0|.1|    07/16/2020|117|R|||||||X||24|||X||||||||||||||
721717|0|R-VA028SC01210NB||||R-VA028SC01210NB|28-1210|Daingerfield Rd|028|Essex County|028|Essex County|    US 17 NORTH|1092799|0|0|0|    US 17 SOUTH| 258340|0|0|.51|    06/14/2017|56|R|||||||X||24|||X||||||||||||||
721718|0|R-VA028SC01215NB||||R-VA028SC01215NB|28-1215|Maryfield Rd|   ||028|Essex County|    US 17|1092801|0|0|0|    Physical Jurisdiction Boundary: 028 Essex County| 258342|0|0|.02|    06/14/2017|168|R|||||||X||24|||X||||||||||||||
721718|0|R-VA028SC01215NB||||R-VA028SC01215NB|28-1215|Maryfield Rd|028|Essex County|028|Essex County|    Maintenance Jurisdiction Boundary: 028 Essex County| 258342|0|0|.02|    28-1216 Maryfield Rd| 258343|0|0|.1|    06/14/2017|168|R|||||||X||24|||X||||||||||||||
721719|0|R-VA028SC01216EB||||R-VA028SC01216EB|28-1216|Maryfield Rd|028|Essex County|028|Essex County|    28-1215 Maryfield Rd| 258343|0|0|0|    28-1217 Youhill Dr| 258344|0|0|.32|    06/14/2017|114|R|||||||X||24|||X||||||||||||||
721720|0|R-VA028SC01217EB||||R-VA028SC01217EB|28-1217|Youhill Dr|028|Essex County|028|Essex County|    28-1216 Maryfield Rd| 258344|0|0|0|    Cul-de-Sac| 258346|0|0|.19|    07/12/2017|170|T|||||||X||24|||X||||||||||||||
721721|0|R-VA028SC01218NB||||R-VA028SC01218NB|28-1218|Lawrence Place|028|Essex County|028|Essex County|    Cul-de-Sac| 258347|0|0|0|    28-1217 Youhill Dr| 258345|0|0|.13|    06/23/2014|60|T|||||||X||24|||X||||||||||||||
721723|0|R-VA028SC09124EB||||R-VA028SC09124EB|28-9124|Essex High School|310|Town of Tappahannock|028|Essex County|    28-627 Airport Rd|1244776|0|0|0|    0.10 MS 28-627|1244778|0|0|.1|    06/30/2008|25|R|||||||X||24|||X||||||||||||||
721725|0|R-VA028SC09125EB||||R-VA028SC09125EB|28-9125|Elementary School St|310|Town of Tappahannock|028|Essex County|    US 17| 258354|0|0|0|    End of Loop|1244772|1|0|.15|    06/16/2014|67|R|||||||X||24|||X||||||||||||||
