sep=|
- - 2022 AADT Report for Town of Mount Crawford - -
LINKID|SEQUENCENUMBER|RTE_NM|RTE_NM_2|RTE_NM_3|RTE_NM_4|Host RTE_NM|Route Label|Street Name|Physical Jurisdiction|Physical Jurisdiciton Name|Maintenance Jurisdiction|Maintenance Jurisdiciton Name|    Start Label|Start Node|Start Node Route Sequence|Star tOffset|Start Milepoint|    End Label|End Node|End Node Route Sequence|End Offset|End Milepoint|    VPDDate|AADT|AADT Quality|Passenger Vehicle|Bus|Truck 2 Axle|Truck 3 Axle|Truck 1 Trailer|Truck 2 Trailer|Class Quality|K Factor|K Factor Quality|Direction Factor|AAWDT|AAWDT Quality|AADT Dir|AADT Quality Dir|PassengerVehicle Dir|Bus Dir|Truck 2 Axle Dir|Truck 3 Axle Dir|Truck 1 Trailer Dir|Truck 2 Trailer Dir|Class Quality Dir|K Factor Dir|K Factor Quality Dir|Direction Factor Dir|AAWDT Dir|AAWDT Quality Dir
080584|0|R-VA   US00011NB||||R-VA   US00011NB|US 11|Lee Highway|264|Town of Mount Crawford|082|Rockingham County|    Jurisdiction Boundary: 007 Augusta County / 082 Rockingham County| 587571|0|0|254.71|    Physical Jurisdiction Boundary: 082 Rockingham County / 264 Town of Mount Crawford| 587567|0|0|255.63|    01/01/2022|6828|G|95|0|1|1|2|0|C|.119|6 |.51|6801|G||||||||||||||
080439|0|R-VA   US00011NB||||R-VA   US00011NB|US 11|Lee Highway|264|Town of Mount Crawford|082|Rockingham County|    82-919 Parsons Court| 587567|0|0|255.63|    Physical Jurisdiction Boundary: 264 Town of Mount Crawford / 082 Rockingham County| 700860|0|0|255.83|    01/01/2022|12216|G|95|0|1|1|2|0|F|.104|6 |.62|13283|G||||||||||||||
402824|0|R-VA082SC00867EB||||R-VA082SC00867EB|82-867|Old Bridgewater Rd|264|Town of Mount Crawford|082|Rockingham County|    WCL Mt Crawford| 586735|0|0|.54|    US 11 Lee Highway| 586737|0|0|.91|    01/01/2022|768|G|97|1|1|0|0|0|C|.126|6 |.66|835|G||||||||||||||
402825|0|R-VA082SC00867EB||||R-VA082SC00867EB|82-867|North River Rd|264|Town of Mount Crawford|082|Rockingham County|    US 11 Lee Highway| 586737|0|0|.91|    ECL Mt Crawford| 586738|0|0|1.11|    01/01/2022|975|G|84|2|6|1|5|0|C|.112|6 |.58|1060|G||||||||||||||
768662|0|R-VA082SC00918NB||||R-VA082SC00918NB|82-918|Mill St|264|Town of Mount Crawford|082|Rockingham County|    US 11 Lee Highway| 586768|0|0|0|    82-867 North River Rd| 586736|0|0|.25|    06/23/2015|90|R|||||||X||24|||X||||||||||||||
768663|0|R-VA082SC00919EB||||R-VA082SC00919EB|82-919|Parsons Court|264|Town of Mount Crawford|082|Rockingham County|    US 11 Lee Highway| 587567|0|0|0|    ECL Mt Crawford| 587696|0|0|.05|    06/23/2015|78|R|||||||X||24|||X||||||||||||||
768664|0|R-VA082SC00919EB||||R-VA082SC00919EB|82-919|Parsons Court|264|Town of Mount Crawford|082|Rockingham County|    ECL Mt Crawford| 587696|0|0|.05|    Dead End| 720595|0|0|.08|    12/08/2021|44|R|||||||X||24|||X||||||||||||||
786757|0|R-VA082SC01023EB||||R-VA082SC01023EB|82-1023|Angler Landing|264|Town of Mount Crawford|082|Rockingham County|    82-1024 Transom Court| 732873|0|0|0|    82-867 North River Rd| 732872|0|0|.06|    03/12/2021|95|R|||||||X||24|||X||||||||||||||
786758|0|R-VA082SC01024NB||||R-VA082SC01024NB|82-1024|Transom Court|264|Town of Mount Crawford|082|Rockingham County|    Cul-de-Sac| 732874|0|0|0|    Cul-de-Sac| 732875|0|0|.1|    03/12/2021|80|T|||||||X||24|||X||||||||||||||
793402|0|R-VA082SC01063EB||||R-VA082SC01063EB|82-1063|Cantermill Ln|264|Town of Mount Crawford|082|Rockingham County|    Cul-de-Sac| 744773|0|0|0|    US 11| 744775|0|0|.28|    12/08/2021|362|R|||||||X||24|||X||||||||||||||
793403|0|R-VA082SC01064NB||||R-VA082SC01064NB|82-1064|Bridlebit Ln|264|Town of Mount Crawford|082|Rockingham County|    Cul-de-Sac| 744776|0|0|0|    82-1063 Cantermill Ln| 744774|0|0|.18|    03/12/2021|105|T|||||||X||24|||X||||||||||||||
