sep=|
- - 2022 AADT Report for Town of Clinchport - -
LINKID|SEQUENCENUMBER|RTE_NM|RTE_NM_2|RTE_NM_3|RTE_NM_4|Host RTE_NM|Route Label|Street Name|Physical Jurisdiction|Physical Jurisdiciton Name|Maintenance Jurisdiction|Maintenance Jurisdiciton Name|    Start Label|Start Node|Start Node Route Sequence|Star tOffset|Start Milepoint|    End Label|End Node|End Node Route Sequence|End Offset|End Milepoint|    VPDDate|AADT|AADT Quality|Passenger Vehicle|Bus|Truck 2 Axle|Truck 3 Axle|Truck 1 Trailer|Truck 2 Trailer|Class Quality|K Factor|K Factor Quality|Direction Factor|AAWDT|AAWDT Quality|AADT Dir|AADT Quality Dir|PassengerVehicle Dir|Bus Dir|Truck 2 Axle Dir|Truck 3 Axle Dir|Truck 1 Trailer Dir|Truck 2 Trailer Dir|Class Quality Dir|K Factor Dir|K Factor Quality Dir|Direction Factor Dir|AAWDT Dir|AAWDT Quality Dir
010096|0|R-VA   SR00065EB||||R-VA   SR00065EB|VA 65|Clynch River Hwy|195|Town of Clinchport|084|Scott County|    Jurisdiction Boundary: 084 Scott County| 596933|0|0|.04|    Physical Jurisdiction Boundary: 195 Town of Clinchport / 084 Scott County| 596932|0|0|1.5|    01/01/2022|1429|G|95|1|3|0|1|0|C|.128|6 |.54|1416|G||||||||||||||
770015|0|R-VA084SC00761NB||||R-VA084SC00761NB|84-761|Dewey Ave|195|Town of Clinchport|084|Scott County|    84-837 Bridge St| 596448|0|0|0|    SR 65| 596447|0|0|.06|    04/11/2022|36|R|||||||X||24|||X||||||||||||||
770030|0|R-VA084SC00770EB||||R-VA084SC00770EB|84-770|Mustang St|195|Town of Clinchport|084|Scott County|    84-794 Mustang St| 596480|0|0|0|    Dead End; Gap| 596971|0|0|.57|    04/11/2022|20|R|||||||X||24|||X||||||||||||||
770031|0|R-VA084SC00770EB||||R-VA084SC00770EB|84-770|Mustang St|195|Town of Clinchport|084|Scott County|    Dead End; Gap| 596560|0|0|.57|    SR 65| 596483|0|0|.76|    02/01/2022|30|T|||||||X||24|||X||||||||||||||
770057|0|R-VA084SC00794NB||||R-VA084SC00794NB|84-794|Mustang St|195|Town of Clinchport|084|Scott County|    SR 65| 596514|0|0|0|    84-770 Mustang St| 596480|0|0|.19|    04/11/2022|26|R|||||||X||24|||X||||||||||||||
770058|0|R-VA084SC00794NB||||R-VA084SC00794NB|84-794|Mustang St|195|Town of Clinchport|084|Scott County|    84-770 Mustang St| 596480|0|0|.19|    Dead End| 596850|0|0|.23|    02/01/2022|35|T|||||||X||24|||X||||||||||||||
770100|0|R-VA084SC00833NB||||R-VA084SC00833NB|84-833|Flara Ave|195|Town of Clinchport|084|Scott County|    SR 65| 596559|0|0|0|    84-770 Mustang St| 596971|0|0|.02|    04/11/2022|6|R|||||||X||24|||X||||||||||||||
770101|0|R-VA084SC00834NB||||R-VA084SC00834NB|84-834|Calvin Ave|195|Town of Clinchport|084|Scott County|    SR 65| 596561|0|0|0|    84-770 Mustang St| 596481|0|0|.02|    04/11/2022|12|R|||||||X||24|||X||||||||||||||
770102|0|R-VA084SC00834NB||||R-VA084SC00834NB|84-834|Calvin Ave|195|Town of Clinchport|084|Scott County|    84-770 Mustang St| 596481|0|0|.02|    Dead End| 596863|0|0|.05|    02/01/2022|30|T|||||||X||24|||X||||||||||||||
770105|0|R-VA084SC00837NB||||R-VA084SC00837NB|84-837|Bridge St|195|Town of Clinchport|084|Scott County|    SR 65 EAST| 596567|0|0|0|    0.05 MW SR 65| 596567|0|.05|.05|    04/11/2022|71|R|||||||X||24|||X||||||||||||||
770106|0|R-VA084SC00837NB||||R-VA084SC00837NB|84-837|Bridge St|195|Town of Clinchport|084|Scott County|    0.05 MW SR 65| 596567|0|.05|.05|    84-761 Dewey Ave| 596448|0|0|.14|    04/11/2022|55|R|||||||X||24|||X||||||||||||||
770107|0|R-VA084SC00837NB||||R-VA084SC00837NB|84-837|Bridge St|195|Town of Clinchport|084|Scott County|    84-761 Dewey Ave| 596448|0|0|.14|    SR 65 WEST| 596566|0|0|.2|    04/11/2022|90|R|||||||X||24|||X||||||||||||||
770159|0|R-VA084SC00883NB||||R-VA084SC00883NB|84-883|Dugout Lane|195|Town of Clinchport|084|Scott County|    SR 65| 596610|0|0|0|    Dead End| 596611|0|0|.16|    02/01/2022|15|T|||||||X||24|||X||||||||||||||
786788|0|R-VA084SC00957NB||||R-VA084SC00957NB|84-957|Mullins Dr|195|Town of Clinchport|084|Scott County|    84-770 Mustang St| 732459|0|0|0|    Dead End| 732460|0|0|.04|    02/24/2022|15|T|||||||X||24|||X||||||||||||||
