sep=|
- - 2022 AADT Report for Town of Dublin - -
LINKID|SEQUENCENUMBER|RTE_NM|RTE_NM_2|RTE_NM_3|RTE_NM_4|Host RTE_NM|Route Label|Street Name|Physical Jurisdiction|Physical Jurisdiciton Name|Maintenance Jurisdiction|Maintenance Jurisdiciton Name|    Start Label|Start Node|Start Node Route Sequence|Star tOffset|Start Milepoint|    End Label|End Node|End Node Route Sequence|End Offset|End Milepoint|    VPDDate|AADT|AADT Quality|Passenger Vehicle|Bus|Truck 2 Axle|Truck 3 Axle|Truck 1 Trailer|Truck 2 Trailer|Class Quality|K Factor|K Factor Quality|Direction Factor|AAWDT|AAWDT Quality|AADT Dir|AADT Quality Dir|PassengerVehicle Dir|Bus Dir|Truck 2 Axle Dir|Truck 3 Axle Dir|Truck 1 Trailer Dir|Truck 2 Trailer Dir|Class Quality Dir|K Factor Dir|K Factor Quality Dir|Direction Factor Dir|AAWDT Dir|AAWDT Quality Dir
020386|0|R-VA   SR00100NB||||R-VA   SR00100NB|VA 100|Cleburne Blvd|210|Town of Dublin|210|Town of Dublin|    77-682 Newbern Rd| 556284|0|0|27.97|    US 11 Dublin| 556886|0|0|28.69|    01/01/2022|17125|G|93|1|1|1|4|0|F|.094|6 |.54|18181|G||||||||||||||
020425|0|R-VA   SR00100NB||||R-VA   SR00100NB|VA 100|Clebone Rd|210|Town of Dublin|210|Town of Dublin|    US 11 Dublin| 556886|0|0|28.69|    | 556877|0|0|29.17|    01/01/2022|6006|G|93|1|1|1|4|0|F|.095|6 |.55|6454|G||||||||||||||
803471|0|R-VA   SR00100UK      RMP029.00A||||R-VA   SR00100UK      RMP029.00A|VA 100  EXIT 29A|Ramp|210|Town of Dublin|210|Town of Dublin|    SR-00100(B)/RAMP TO US 11| 556884|0|0|0|    US-00011(B)/RAMP FROM RT 100| 556802|0|0|.11|    01/01/2022|2704|F|||||||X|.088|6 |1|2704|F||||||||||||||
803472|0|R-VA   SR00100UK      RMP029.00B||||R-VA   SR00100UK      RMP029.00B|VA 100  EXIT 29B|Ramp|210|Town of Dublin|210|Town of Dublin|    SR-00100(B)/RAMP TO US 11| 556889|0|0|0|    US-00011(B)/RAMP FROM RT 100| 556804|0|0|.14|    01/01/2022|3483|F|||||||X|.106|6 |1|3483|F||||||||||||||
020379|0|R-VA   US00011NB||||R-VA   US00011NB|US 11|Lee Highway|210|Town of Dublin|210|Town of Dublin|    |1212754|0|0|100.3|    | 556803|0|0|100.51|    01/01/2022|12343|G|98|0|1|0|0|0|F|.099|6 |.57|13118|G||||||||||||||
020378|0|R-VA   US00011NB||||R-VA   US00011NB|US 11|Broad St|210|Town of Dublin|210|Town of Dublin|    SR 100 Cleburne Ave| 556803|0|0|100.51|    Jurisdiction Boundary: 210 Town of Dublin / 077 Pulaski County| 556138|0|0|101.42|    01/01/2022|13774|G|96|0|1|1|2|0|F|.091|6 |.56|15157|G||||||||||||||
803818|0|R-VA   US00011NB      RMP100.00A||||R-VA   US00011NB      RMP100.00A|US 11  NB EXIT 100A|Ramp|210|Town of Dublin|210|Town of Dublin|    US-00011(B)/RAMP TO RT 100| 556805|0|0|0|    SR-00100(B)/RAMP FROM US 11| 556885|0|0|.07|    01/01/2022|1610|F|||||||X|.138|6 |1|1610|F||||||||||||||
803823|0|R-VA   US00011SB      RMP100.00A||||R-VA   US00011SB      RMP100.00A|US 11  SB EXIT 100A|Ramp|210|Town of Dublin|210|Town of Dublin|    US-00011(B)/RAMP TO RT 100| 557008|0|0|0|    SR-00100(B)/RAMP FROM US 11| 556887|0|0|.12|    01/01/2022|3055|F|||||||X|.099|6 |1|3055|F||||||||||||||
803824|0|R-VA   US00011SB      RMP100.00B||||R-VA   US00011SB      RMP100.00B|US 11  SB EXIT 100B|Ramp|210|Town of Dublin|210|Town of Dublin|    US-00011(B)/RAMP TO RT 100| 556803|0|0|0|    SR-00100(B)/RAMP FROM US 11| 556890|0|0|.07|    01/01/2022|1585|F|||||||X|.138|6 |1|1585|F||||||||||||||
764909|0|S-VA077PR BLACK AVE||||S-VA077PR BLACK AVE|Black Ave||210|Town of Dublin|210|Town of Dublin|    77-1005 Maple St| 556454|0|0|0|    Dead End (pre-update)|1213939|0|0|.105|    01/23/2018|43|R|||||||X||24|||X||||||||||||||
764870|0|S-VA210PR 2ND ST||||S-VA210PR 2ND ST|2nd St||210|Town of Dublin|210|Town of Dublin|    77-1004 Trinkle Ave| 556449|0|0|0|    77-746 Old Giles Rd| 556393|0|0|.09|    04/09/2014|200|R|||||||X||24|||X||||||||||||||
764840|0|S-VA210PR 3RD ST||||S-VA210PR 3RD ST|3rd St||210|Town of Dublin|210|Town of Dublin|    Dead End| 556457|0|0|0|    77-1004 Trinkle Ave| 556448|0|0|.15|    01/23/2018|60|R|||||||X||24|||X||||||||||||||
764841|0|S-VA210PR 3RD ST||||S-VA210PR 3RD ST|3rd St||210|Town of Dublin|210|Town of Dublin|    77-1004 Trinkle Ave| 556448|0|0|.15|    77-746 Old Giles Rd| 556392|0|0|.23|    01/23/2018|766|R|||||||X||24|||X||||||||||||||
764833|0|S-VA210PR 4TH ST||||S-VA210PR 4TH ST|4th St||210|Town of Dublin|210|Town of Dublin|    SR 100 Clebone Rd (pre-update)|1090104|0|0|0|    77-1002 Oakwood Ave| 556444|0|0|.06|    01/23/2018|839|R|||||||X||24|||X||||||||||||||
764834|0|S-VA210PR 4TH ST||||S-VA210PR 4TH ST|4th St||210|Town of Dublin|210|Town of Dublin|    77-1002 Oakwood Ave| 556444|0|0|.06|    77-1004 Trinkle Ave| 556445|0|0|.18|    04/09/2014|651|R|||||||X||24|||X||||||||||||||
764828|0|S-VA210PR 5TH ST||||S-VA210PR 5TH ST|5th St||210|Town of Dublin|210|Town of Dublin|    77-1002 Oakwood Ave| 556442|0|0|0|    77-1004 W, Trinkle Ave| 556763|0|0|.12|    04/09/2014|272|R|||||||X||24|||X||||||||||||||
764829|0|S-VA210PR 5TH ST||||S-VA210PR 5TH ST|5th St||210|Town of Dublin|210|Town of Dublin|    77-1004 W, South Ave| 556763|0|0|.12|    77-1004 E, Trinkle Ave| 556441|0|0|.13|    04/09/2014|313|R|||||||X||24|||X||||||||||||||
764830|0|S-VA210PR 5TH ST||||S-VA210PR 5TH ST|5th St||210|Town of Dublin|210|Town of Dublin|    77-1004 E, Trinkle Ave| 556441|0|0|.13|    77-746 Old Giles Rd| 556391|0|0|.23|    01/23/2018|351|R|||||||X||24|||X||||||||||||||
764862|0|S-VA210PR 6TH ST||||S-VA210PR 6TH ST|6th St||210|Town of Dublin|210|Town of Dublin|    77-1002 Oakwood Ave| 556443|0|0|0|    77-1004 Trinkle Ave| 556447|0|0|.14|    04/09/2014|183|R|||||||X||24|||X||||||||||||||
764948|0|S-VA210PR ALDRIN ST||||S-VA210PR ALDRIN ST|Aldrin St||077|Pulaski County|210|Town of Dublin|    77-1034 Vaughan Ave| 556497|0|0|0|    77-1053 Borman St| 556522|0|0|.19|    04/11/2014|85|R|||||||X||24|||X||||||||||||||
764945|0|S-VA210PR ARMSTRONG ST||||S-VA210PR ARMSTRONG ST|Armstrong St||077|Pulaski County|210|Town of Dublin|    77-1030 Bagging Plant Rd| 556490|0|0|0|    SCL Dublin| 556520|0|0|.01|    04/11/2014|572|R|||||||X||24|||X||||||||||||||
764946|0|S-VA210PR ARMSTRONG ST||||S-VA210PR ARMSTRONG ST|Armstrong St||077|Pulaski County|210|Town of Dublin|    SCL Dublin| 556520|0|0|.01|    SCL Dublin| 556521|0|0|.15|    04/11/2014|393|R|||||||X||24|||X||||||||||||||
764947|0|S-VA210PR ARMSTRONG ST||||S-VA210PR ARMSTRONG ST|Armstrong St||077|Pulaski County|210|Town of Dublin|    SCL Dublin| 556521|0|0|.15|    77-1034 Vaughan Ave| 556495|0|0|.32|    04/11/2014|346|R|||||||X||24|||X||||||||||||||
764900|0|S-VA210PR BAGGING PLANT RD||||S-VA210PR BAGGING PLANT RD|Bagging Plant Rd|Bagging Plant Rd|077|Pulaski County|210|Town of Dublin|    SR 100 Cleburne Blvd| 556489|0|0|0|    77-1050 Armstrong St| 556490|0|0|.09|    01/01/2021|4660|G|||||||X|.099|6 |.55||X||||||||||||||
764901|0|S-VA210PR BAGGING PLANT RD||||S-VA210PR BAGGING PLANT RD|Bagging Plant Rd|Bagging Plant Rd|077|Pulaski County|210|Town of Dublin|    77-1050 Armstrong St| 556490|0|0|.09|    77-1053 Borman St| 556491|0|0|.45|    01/01/2021|3197|G|||||||X|.112|6 |.52||X||||||||||||||
764902|0|S-VA210PR BAGGING PLANT RD||||S-VA210PR BAGGING PLANT RD|Bagging Plant Rd|Bagging Plant Rd|077|Pulaski County|210|Town of Dublin|    77-1053 Borman St| 556491|0|0|.45|    | 556492|0|0|1.2|    01/01/2021|2702|G|||||||X|.101|6 |.5||X||||||||||||||
764893|0|S-VA210PR BANKS AVE||||S-VA210PR BANKS AVE|Banks Ave||210|Town of Dublin|210|Town of Dublin|    WCL Dublin| 556483|0|0|0|    77-635 Baskerville St| 556150|0|0|.16|    01/23/2018|161|R|||||||X||24|||X||||||||||||||
764549|9|S-VA210PR BASKERVILLE ST||||S-VA210PR BASKERVILLE ST|Baskerville St||210|Town of Dublin|210|Town of Dublin|    Temp Gap Fill| 556149|0|0|.44|    Temp Gap Fill| 556148|0|0|.47|    04/15/2014|511|R|||||||X||24|||X||||||||||||||
764550|0|S-VA210PR BASKERVILLE ST||||S-VA210PR BASKERVILLE ST|Baskerville St||210|Town of Dublin|210|Town of Dublin|    SR 100| 556148|0|0|.47|    77-747 Old Route 11| 556147|0|0|.52|    04/15/2014|584|R|||||||X||24|||X||||||||||||||
764951|0|S-VA210PR BORMAN ST||||S-VA210PR BORMAN ST|Borman St||077|Pulaski County|210|Town of Dublin|    77-1030 Bagging Plant Rd| 556491|0|0|0|    77-1054 Cooper Dr| 556525|0|0|.03|    01/23/2018|916|R|||||||X||24|||X||||||||||||||
764952|0|S-VA210PR BORMAN ST||||S-VA210PR BORMAN ST|Borman St||077|Pulaski County|210|Town of Dublin|    77-1054 Cooper Dr| 556525|0|0|.03|    77-1055 Stafford Dr| 556526|0|0|.08|    04/11/2014|805|R|||||||X||24|||X||||||||||||||
764953|0|S-VA210PR BORMAN ST||||S-VA210PR BORMAN ST|Borman St||077|Pulaski County|210|Town of Dublin|    77-1055 Stafford Dr| 556526|0|0|.08|    77-1056 Lovell Dr| 556527|0|0|.13|    04/11/2014|747|R|||||||X||24|||X||||||||||||||
764954|0|S-VA210PR BORMAN ST||||S-VA210PR BORMAN ST|Borman St||077|Pulaski County|210|Town of Dublin|    77-1056 Lovell Dr| 556527|0|0|.13|    77-1052 Collins St| 556524|0|0|.16|    04/11/2014|695|R|||||||X||24|||X||||||||||||||
764955|0|S-VA210PR BORMAN ST||||S-VA210PR BORMAN ST|Borman St||077|Pulaski County|210|Town of Dublin|    77-1052 Collins St| 556524|0|0|.16|    77-1057 Shepard Dr| 556528|0|0|.17|    04/11/2014|752|R|||||||X||24|||X||||||||||||||
764956|0|S-VA210PR BORMAN ST||||S-VA210PR BORMAN ST|Borman St||077|Pulaski County|210|Town of Dublin|    77-1057 Shepard Dr| 556528|0|0|.17|    77-1051 Mitchell Dr| 556522|0|0|.25|    04/11/2014|642|R|||||||X||24|||X||||||||||||||
764541|0|S-VA210PR CEMETERY RD||||S-VA210PR CEMETERY RD|Cemetery Rd|Cemetery Rd|210|Town of Dublin|210|Town of Dublin|    Maple St|1213938|0|0|0|    77-747 Old Route 11| 556137|0|0|.13|    04/01/2014|1411|R|||||||X||24|||X||||||||||||||
764871|0|S-VA210PR CHURCH ST||||S-VA210PR CHURCH ST|Church St||210|Town of Dublin|210|Town of Dublin|    US 11 Broad St| 556468|0|0|0|    77-1015 Glendy Ave| 556469|0|0|.12|    01/23/2018|301|R|||||||X||24|||X||||||||||||||
764872|0|S-VA210PR CHURCH ST||||S-VA210PR CHURCH ST|Church St||210|Town of Dublin|210|Town of Dublin|    77-1015 Glendy Ave| 556469|0|0|.12|    77-1016 Linkous Ave| 556470|0|0|.34|    01/23/2018|212|R|||||||X||24|||X||||||||||||||
764665|0|S-VA210PR CIRCLE DR||||S-VA210PR CIRCLE DR|Circle Dr||210|Town of Dublin|210|Town of Dublin|    77-1012 Walker Ave| 556330|0|0|0|    77-707 High St| 556329|0|0|.12|    04/11/2014|40|R|||||||X||24|||X||||||||||||||
764667|0|S-VA210PR CIRCLE DR||||S-VA210PR CIRCLE DR|Circle Dr||210|Town of Dublin|210|Town of Dublin|    77-706 Circle Dr| 556329|0|0|.12|    77-1012 Walker Ave| 556331|0|0|.18|    04/11/2014|84|R|||||||X||24|||X||||||||||||||
764950|0|S-VA210PR COLLINS ST||||S-VA210PR COLLINS ST|Collins St||077|Pulaski County|210|Town of Dublin|    77-1053 Borman St| 556524|0|0|0|    77-1034 Vaughan Ave| 556498|0|0|.14|    04/11/2014|44|R|||||||X||24|||X||||||||||||||
786726|0|S-VA210PR COOKS LN||||S-VA210PR COOKS LN|Cooks Ln||077|Pulaski County|210|Town of Dublin|    | 731948|0|.05|.05|    77-1084 Dublin Dr| 556777|0|0|.26|    01/23/2018|86|R|||||||X||24|||X||||||||||||||
764957|0|S-VA210PR COOPER DR||||S-VA210PR COOPER DR|Cooper Dr||077|Pulaski County|210|Town of Dublin|    77-1053 Borman St| 556525|0|0|0|    Cul-de-Sac| 556529|0|0|.23|    10/30/2017|195|T|||||||X||24|||X||||||||||||||
764534|0|S-VA210PR DARST AVE||||S-VA210PR DARST AVE|Darst Ave||210|Town of Dublin|210|Town of Dublin|    77-747 Old Route 11| 556128|0|0|0|    77-1032 Free St| 556129|0|0|.13|    01/01/2021|399|G|||||||X|.268|6 |.71||X||||||||||||||
764535|0|S-VA210PR DARST AVE||||S-VA210PR DARST AVE|Darst Ave||210|Town of Dublin|210|Town of Dublin|    77-1032 Free St| 556129|0|0|.13|    77-1007 Kerry St| 556130|0|0|.19|    01/01/2021|347|G|||||||X|.287|6 |.71||X||||||||||||||
764536|0|S-VA210PR DARST AVE||||S-VA210PR DARST AVE|Darst Ave||210|Town of Dublin|210|Town of Dublin|    77-1007 Kerry St| 556130|0|0|.19|    77-9927 Dublin Elementary School| 556659|0|0|.3|    01/01/2021|316|G|||||||X|.312|6 |.72||X||||||||||||||
765026|0|S-VA210PR DOMINION DR||||S-VA210PR DOMINION DR|Dominion Dr||210|Town of Dublin|210|Town of Dublin|    SR 100| 556573|0|0|0|    Physical Jurisdiction Boundary: 210 Town of Dublin / 077 Pulaski County|1213920|0|0|.06|    01/23/2018|668|R|||||||X||24|||X||||||||||||||
765026|0|S-VA210PR DOMINION DR||||S-VA210PR DOMINION DR|Dominion Dr||077|Pulaski County|210|Town of Dublin|    Jurisdiction Boundary: 210 Town of Dublin|1213920|0|0|.06|    Dead End| 556574|0|0|.16|    01/23/2018|668|R|||||||X||24|||X||||||||||||||
765014|0|S-VA210PR DUBLIN DR||||S-VA210PR DUBLIN DR|Dublin Dr||077|Pulaski County|210|Town of Dublin|    77-635 Baskerville St| 556151|0|0|0|    Dead End| 556777|0|0|.18|    01/23/2018|167|R|||||||X||24|||X||||||||||||||
765149|0|S-VA210PR DUBLIN ELEMENTARY BUS LOOP||||S-VA210PR DUBLIN ELEMENTARY BUS LOOP|Dublin Elementary Bus Loop||210|Town of Dublin|210|Town of Dublin|    77-632 Dunlap Rd| 556659|0|0|0|    Dublin Mid School| 556660|0|0|.13|    04/11/2014|659|R|||||||X||24|||X||||||||||||||
765029|0|S-VA210PR DUBLIN PARK RD||||S-VA210PR DUBLIN PARK RD|Dublin Park Rd||210|Town of Dublin|210|Town of Dublin|    |1278087|0|0|.21|    77-1098 Town Center Dr| 721700|0|0|.66|    01/23/2018|665|R|||||||X||24|||X||||||||||||||
765028|0|S-VA210PR DUBLIN PARK RD||||S-VA210PR DUBLIN PARK RD|Dublin Park Rd||210|Town of Dublin|210|Town of Dublin|    77-1098 Town Center Dr| 721700|0|0|.66|    SR 100; 77-682 Newbern Rd| 556284|0|0|.73|    01/23/2018|1479|R|||||||X||24|||X||||||||||||||
764864|0|S-VA210PR DUNBAR AVE||||S-VA210PR DUNBAR AVE|Dunbar Ave||210|Town of Dublin|210|Town of Dublin|    77-747 Old Route 11| 556400|0|0|0|    77-1007 Jordon St| 556463|0|0|.14|    01/23/2018|411|R|||||||X||24|||X||||||||||||||
764863|0|S-VA210PR DUNBAR AVE||||S-VA210PR DUNBAR AVE|Dunbar Ave||210|Town of Dublin|210|Town of Dublin|    77-1007 Jordon St| 556463|0|0|.14|    SCL Dublin (pre-update)|1213883|0|0|.29|    04/11/2014|40|R|||||||X||24|||X||||||||||||||
764537|0|S-VA210PR DUNLAP RD||||S-VA210PR DUNLAP RD|Dunlap Rd|Dunlap Rd|210|Town of Dublin|210|Town of Dublin|    Locust Ave| 556295|0|0|0|    | 556133|0|0|.23|    01/01/2021|414|G|||||||X|.215|6 |.68||X||||||||||||||
764539|0|S-VA210PR DUNLAP RD||||S-VA210PR DUNLAP RD|Dunlap Rd||210|Town of Dublin|210|Town of Dublin|    77-1035 Flanagan Ave| 556133|0|0|.23|    77-1038 Hudson Dr| 556134|0|0|.31|    01/01/2021|443|G|||||||X|.14|6 |.67||X||||||||||||||
764540|0|S-VA210PR DUNLAP RD||||S-VA210PR DUNLAP RD|Dunlap Rd|Dunlap Rd|210|Town of Dublin|210|Town of Dublin|    77-1038 Hudson Dr| 556134|0|0|.31|    Physical Jurisdiction Boundary: 210 Town of Dublin / 077 Pulaski County| 556135|0|0|.36|    01/01/2021|221|G|||||||X|.145|6 |.67||X||||||||||||||
764540|0|S-VA210PR DUNLAP RD||||S-VA210PR DUNLAP RD|Dunlap Rd|Dunlap Rd|077|Pulaski County|210|Town of Dublin|    | 556135|0|0|.36|    77-1030 Bagging Plant Rd| 556136|0|0|.67|    01/01/2021|221|G|||||||X|.145|6 |.67||X||||||||||||||
765032|0|S-VA210PR DUNLAP RD||||S-VA210PR DUNLAP RD|Dunlap Rd|Dunlap Rd|077|Pulaski County|210|Town of Dublin|    Parking Lot| 704867|0|0|.67|    77-632 Dunlap Rd| 704866|1|0|.75|    10/30/2017|20|T|||||||X||24|||X||||||||||||||
406087|0|S-VA210PR E MAIN ST||||S-VA210PR E MAIN ST|E Main St|Main St|210|Town of Dublin|210|Town of Dublin|    77-746 Old Giles Rd| 556395|0|0|0|    Cemetery Rd| 556137|0|0|.58|    01/01/2021|1823|G|||||||X|.098|6 |.69||X||||||||||||||
764915|0|S-VA210PR FLANAGAN AVE||||S-VA210PR FLANAGAN AVE|Flanagan Ave||210|Town of Dublin|210|Town of Dublin|    77-1037 Hudson Dr| 556500|0|0|0|    77-1007 Kerry St| 556460|0|0|.15|    04/11/2014|90|R|||||||X||24|||X||||||||||||||
764914|0|S-VA210PR FLANAGAN AVE||||S-VA210PR FLANAGAN AVE|Flanagan Ave||210|Town of Dublin|210|Town of Dublin|    77-1007 Kerry St| 556460|0|0|.15|    77-632 Dunlap Rd| 556133|0|0|.28|    04/11/2014|123|R|||||||X||24|||X||||||||||||||
764908|0|S-VA210PR FREE ST||||S-VA210PR FREE ST|Free St||210|Town of Dublin|210|Town of Dublin|    77-632 Dunlap Rd| 556129|0|0|0|    77-1031 Zeigler Ave| 556494|0|0|.1|    04/11/2014|40|R|||||||X||24|||X||||||||||||||
764861|0|S-VA210PR GALWAY AVE||||S-VA210PR GALWAY AVE|Galway Ave||210|Town of Dublin|210|Town of Dublin|    77-688 Dunlap Ave| 556294|0|0|0|    77-1007 Kerry St| 556462|0|0|.11|    01/23/2018|60|R|||||||X||24|||X||||||||||||||
406084|0|S-VA210PR GILES AVE||||S-VA210PR GILES AVE|Giles Ave||210|Town of Dublin|210|Town of Dublin|    77-747 Old Route 11| 556395|0|0|0|    US 11 Broad St| 556394|0|0|.08|    01/01/2021|2256|G|||||||X|.12|6 |.52||X||||||||||||||
406085|0|S-VA210PR GILES AVE||||S-VA210PR GILES AVE|Giles Ave||210|Town of Dublin|210|Town of Dublin|    US 11 Broad St| 556394|0|0|.08|    77-1005 Third St| 556392|0|0|.22|    01/01/2021|2490|G|||||||X|.149|6 |.6||X||||||||||||||
406086|0|S-VA210PR GILES AVE||||S-VA210PR GILES AVE|Giles Ave||210|Town of Dublin|210|Town of Dublin|    77-1005 Third St| 556392|0|0|.22|    NCL Dublin| 556390|0|0|.52|    01/01/2021|1791|G|||||||X|.089|6 |.64||X||||||||||||||
764873|0|S-VA210PR GLENDY AVE||||S-VA210PR GLENDY AVE|Glendy Ave||210|Town of Dublin|210|Town of Dublin|    77-1014 Church St| 556469|0|0|0|    77-1022 Roseberry St| 556471|0|0|.06|    04/09/2014|224|R|||||||X||24|||X||||||||||||||
764874|0|S-VA210PR GLENDY AVE||||S-VA210PR GLENDY AVE|Glendy Ave||210|Town of Dublin|210|Town of Dublin|    77-1022 Roseberry St| 556471|0|0|.06|    77-1005 Maple St| 556455|0|0|.14|    04/09/2014|165|R|||||||X||24|||X||||||||||||||
790677|0|S-VA210PR GREENWOOD DR||||S-VA210PR GREENWOOD DR|Greenwood Dr||077|Pulaski County|210|Town of Dublin|    77-1149 Pine Geary Dr| 737306|0|0|0|    77-1030 Bagging Plant Rd| 737305|0|0|.03|    04/11/2014|241|R|||||||X||24|||X||||||||||||||
765011|9|S-VA210PR HANKS AVE||||S-VA210PR HANKS AVE|Hanks Ave||210|Town of Dublin|210|Town of Dublin|    Temp Gap Fill| 556519|0|0|.07|    Temp Gap Fill| 556563|0|0|.12|    04/09/2014|780|R|||||||X||24|||X||||||||||||||
765013|0|S-VA210PR HANKS AVE||||S-VA210PR HANKS AVE|Hanks Ave||077|Pulaski County|210|Town of Dublin|    NCL Dublin; Gap| 556563|0|0|.12|    Dead End (pre-update)|1278067|0|0|.36|    01/23/2018|532|R|||||||X||24|||X||||||||||||||
764894|0|S-VA210PR HAWKINS ST||||S-VA210PR HAWKINS ST|Hawkins St||210|Town of Dublin|210|Town of Dublin|    SR 100| 556484|0|0|0|    WCL Dublin| 556483|0|0|.08|    01/23/2018|809|R|||||||X||24|||X||||||||||||||
764666|0|S-VA210PR HIGH ST||||S-VA210PR HIGH ST|High St||210|Town of Dublin|210|Town of Dublin|    77-1011 West Ave| 556332|0|0|0|    77-706 Circle Dr| 556329|0|0|.09|    04/11/2014|102|R|||||||X||24|||X||||||||||||||
788226|0|S-VA210PR HUDSON DR||||S-VA210PR HUDSON DR|Hudson Dr||210|Town of Dublin|210|Town of Dublin|    77-632 Dunlap Rd| 733023|0|0|0|    77-1031 Zeiglar Ave| 556493|0|0|.12|    01/23/2018|30|R|||||||X||24|||X||||||||||||||
764917|0|S-VA210PR HUDSON DR||||S-VA210PR HUDSON DR|Hudson Dr||210|Town of Dublin|210|Town of Dublin|    77-1031 Zeiglar Ave| 556493|0|0|.12|    77-1035 Flanagan| 556500|0|0|.2|    04/11/2014|190|R|||||||X||24|||X||||||||||||||
764918|0|S-VA210PR HUDSON DR||||S-VA210PR HUDSON DR|Hudson Dr||210|Town of Dublin|210|Town of Dublin|    77-1035 Flanagan| 556500|0|0|.2|    77-1038 Hudson Dr| 556502|0|0|.29|    04/11/2014|98|R|||||||X||24|||X||||||||||||||
764920|0|S-VA210PR HUDSON DR||||S-VA210PR HUDSON DR|Hudson Dr||210|Town of Dublin|210|Town of Dublin|    77-1037 Hudson Dr| 556502|0|0|.29|    77-1007 Kerry St| 556459|0|0|.46|    04/11/2014|83|R|||||||X||24|||X||||||||||||||
764919|0|S-VA210PR HUDSON DR||||S-VA210PR HUDSON DR|Hudson Dr||210|Town of Dublin|210|Town of Dublin|    77-1007 Kerry St| 556459|0|0|.46|    77-632 Dunlap Rd| 556134|0|0|.58|    04/11/2014|95|R|||||||X||24|||X||||||||||||||
764852|0|S-VA210PR JORDAN ST||||S-VA210PR JORDAN ST|Jordan St||210|Town of Dublin|210|Town of Dublin|    77-1011 West Ave| 556466|0|0|.07|    77-1012 Walker Ave| 556465|0|0|.2|    04/09/2014|243|R|||||||X||24|||X||||||||||||||
764853|0|S-VA210PR JORDAN ST||||S-VA210PR JORDAN ST|Jordan St||210|Town of Dublin|210|Town of Dublin|    77-1012 Walker Ave| 556465|0|0|.2|    77-1034 Vaughan Ave| 556464|0|0|.23|    04/09/2014|277|R|||||||X||24|||X||||||||||||||
764854|0|S-VA210PR JORDAN ST||||S-VA210PR JORDAN ST|Jordan St||210|Town of Dublin|210|Town of Dublin|    77-1034 Vaughan Ave| 556464|0|0|.23|    77-1010 Dunbar Ave| 556463|0|0|.29|    04/09/2014|420|R|||||||X||24|||X||||||||||||||
764855|0|S-VA210PR JORDAN ST||||S-VA210PR JORDAN ST|Jordan St||210|Town of Dublin|210|Town of Dublin|    77-1010 Dunbar Ave| 556463|0|0|.29|    77-1006 Locust St| 556458|0|0|.51|    04/09/2014|368|R|||||||X||24|||X||||||||||||||
764856|0|S-VA210PR KERRY ST||||S-VA210PR KERRY ST|Kerry St||210|Town of Dublin|210|Town of Dublin|    77-1006 Locust| 556764|0|0|0|    77-1008 Galway St| 556462|0|0|.04|    04/09/2014|141|R|||||||X||24|||X||||||||||||||
764857|0|S-VA210PR KERRY ST||||S-VA210PR KERRY ST|Kerry St||210|Town of Dublin|210|Town of Dublin|    77-1008 Galway St| 556462|0|0|.04|    77-632 Dunlap Rd| 556130|0|0|.12|    01/23/2018|59|R|||||||X||24|||X||||||||||||||
764858|0|S-VA210PR KERRY ST||||S-VA210PR KERRY ST|Kerry St||210|Town of Dublin|210|Town of Dublin|    77-632 Dunlap Rd| 556130|0|0|.12|    77-1031 Zeigler Ave| 556461|0|0|.21|    04/09/2014|70|R|||||||X||24|||X||||||||||||||
764859|0|S-VA210PR KERRY ST||||S-VA210PR KERRY ST|Kerry St||210|Town of Dublin|210|Town of Dublin|    77-1031 Zeigler Ave| 556461|0|0|.21|    77-1035 Flanagan| 556460|0|0|.27|    04/09/2014|152|R|||||||X||24|||X||||||||||||||
764860|0|S-VA210PR KERRY ST||||S-VA210PR KERRY ST|Kerry St||210|Town of Dublin|210|Town of Dublin|    77-1035 Flanagan| 556460|0|0|.27|    77-1038 Hudson Dr| 556459|0|0|.33|    04/09/2014|69|R|||||||X||24|||X||||||||||||||
764875|0|S-VA210PR LINKOUS AVE||||S-VA210PR LINKOUS AVE|Linkous Ave||210|Town of Dublin|210|Town of Dublin|    77-1014 Church St| 556470|0|0|.03|    77-1022 Roseberry St| 556472|0|0|.08|    04/09/2014|1203|R|||||||X||24|||X||||||||||||||
764876|0|S-VA210PR LINKOUS AVE||||S-VA210PR LINKOUS AVE|Linkous Ave||210|Town of Dublin|210|Town of Dublin|    77-1022 Roseberry St| 556472|0|0|.08|    77-1005 Maple| 556453|0|0|.14|    04/09/2014|680|R|||||||X||24|||X||||||||||||||
764916|0|S-VA210PR LIONS CLUB RD||||S-VA210PR LIONS CLUB RD|Lions Club Rd||077|Pulaski County|210|Town of Dublin|    77-632 Dunlap Rd| 556501|0|0|0|    77-1030 Bagging Plant Rd| 556492|0|0|.16|    01/23/2018|244|R|||||||X||24|||X||||||||||||||
764851|0|S-VA210PR LOCUST AVE||||S-VA210PR LOCUST AVE|Locust Ave||210|Town of Dublin|210|Town of Dublin|    Dead End| 556765|0|0|.07|    77-1007 N, Kerry| 556764|0|0|.16|    04/11/2014|885|R|||||||X||24|||X||||||||||||||
764850|0|S-VA210PR LOCUST AVE||||S-VA210PR LOCUST AVE|Locust Ave||210|Town of Dublin|210|Town of Dublin|    77-1007 N, Kerry| 556764|0|0|.16|    77-1007 S, Jordon| 556458|0|0|.19|    04/11/2014|911|R|||||||X||24|||X||||||||||||||
764849|0|S-VA210PR LOCUST AVE||||S-VA210PR LOCUST AVE|Locust Ave||210|Town of Dublin|210|Town of Dublin|    77-1007 S, Jordon St| 556458|0|0|.19|    77-688 Dunlap Ave (pre-update)|1213821|0|0|.4|    01/23/2018|410|R|||||||X||24|||X||||||||||||||
201336|0|S-VA210PR LOCUST AVENUE EXT||||S-VA210PR LOCUST AVENUE EXT|Locust Avenue Ext||077|Pulaski County|210|Town of Dublin|    Aldrin St| 556522|0|0|0|    Locust Ave|1213821|0|0|.1|    ||X||||||||||||||||||||||||||
764892|0|S-VA210PR LONG ST||||S-VA210PR LONG ST|Long St||210|Town of Dublin|210|Town of Dublin|    Dead End (pre-update)|1213944|0|0|0|    77-1023 Walnut St| 556479|0|0|.11|    04/09/2014|872|R|||||||X||24|||X||||||||||||||
764959|0|S-VA210PR LOVELL DR||||S-VA210PR LOVELL DR|Lovell Dr||077|Pulaski County|210|Town of Dublin|    77-1053 Borman St| 556527|0|0|0|    Cul-de-Sac| 556531|0|0|.2|    12/12/2017|255|R|||||||X||24|||X||||||||||||||
764842|0|S-VA210PR MAPLE ST||||S-VA210PR MAPLE ST|Maple St|Maple St|210|Town of Dublin|210|Town of Dublin|    77-746 Old Giles Rd| 556392|0|0|0|    77-1023 Walnut St| 556456|0|0|.12|    01/23/2018|1398|R|||||||X||24|||X||||||||||||||
764843|0|S-VA210PR MAPLE ST||||S-VA210PR MAPLE ST|Maple St|Maple St|210|Town of Dublin|210|Town of Dublin|    77-1023 Walnut St| 556456|0|0|.12|    77-1015 Glendy Ave| 556455|0|0|.13|    04/09/2014|1805|R|||||||X||24|||X||||||||||||||
764844|0|S-VA210PR MAPLE ST||||S-VA210PR MAPLE ST|Maple St|Maple St|210|Town of Dublin|210|Town of Dublin|    77-1015 Glendy Ave| 556455|0|0|.13|    77-1033 Black Ave| 556454|0|0|.28|    01/23/2018|1275|R|||||||X||24|||X||||||||||||||
764845|0|S-VA210PR MAPLE ST||||S-VA210PR MAPLE ST|Maple St|Maple St|210|Town of Dublin|210|Town of Dublin|    77-1033 Black Ave| 556454|0|0|.28|    77-1016 Linkous Ave| 556453|0|0|.38|    04/09/2014|1453|R|||||||X||24|||X||||||||||||||
764846|0|S-VA210PR MAPLE ST||||S-VA210PR MAPLE ST|Maple St|Maple St|210|Town of Dublin|210|Town of Dublin|    77-1016 Linkous Ave| 556453|0|0|.38|    77-1083 Hanks Ave| 556452|0|0|.39|    04/09/2014|1722|R|||||||X||24|||X||||||||||||||
764847|0|S-VA210PR MAPLE ST||||S-VA210PR MAPLE ST|Maple St|Maple St|210|Town of Dublin|210|Town of Dublin|    77-1083 Hanks Ave| 556452|0|0|.39|    77-1024 Mebane Ave| 556451|0|0|.51|    04/09/2014|1075|R|||||||X||24|||X||||||||||||||
764848|0|S-VA210PR MAPLE ST||||S-VA210PR MAPLE ST|Maple St|Maple St|210|Town of Dublin|210|Town of Dublin|    77-1024 Mebane Ave| 556451|0|0|.51|    77-633 Powell Ave| 556140|0|0|.58|    01/23/2018|789|R|||||||X||24|||X||||||||||||||
764543|0|S-VA210PR MAPLE ST||||S-VA210PR MAPLE ST|Maple St|Powell Ave|210|Town of Dublin|210|Town of Dublin|    77-1005 Maple St| 556140|0|0|.58|    Cemetery Rd|1213938|0|0|.63|    04/01/2014|695|R|||||||X||24|||X||||||||||||||
201337|0|S-VA210PR MARY CHRISTINA WAY||||S-VA210PR MARY CHRISTINA WAY|Mary Christina Way||210|Town of Dublin|210|Town of Dublin|    Hanks Ave|1000784|0|0|0|    T B D|1000785|0|0|.11|    ||X||||||||||||||||||||||||||
764889|0|S-VA210PR MEBANE AVE||||S-VA210PR MEBANE AVE|Mebane Ave||210|Town of Dublin|210|Town of Dublin|    77-1005 Maple St| 556451|0|0|0|    77-1049 Vermilion St| 556480|0|0|.06|    04/09/2014|501|R|||||||X||24|||X||||||||||||||
764890|0|S-VA210PR MEBANE AVE||||S-VA210PR MEBANE AVE|Mebane Ave||077|Pulaski County|210|Town of Dublin|    77-1049 Vermilion St| 556480|0|0|.06|    NCL Dublin| 556481|0|0|.1|    12/07/2017|418|R|||||||X||24|||X||||||||||||||
764891|0|S-VA210PR MEBANE AVE||||S-VA210PR MEBANE AVE|Mebane Ave||077|Pulaski County|210|Town of Dublin|    NCL Dublin| 556481|0|0|.1|    Cul-de-Sac| 556482|0|0|.2|    12/07/2017|418|R|||||||X||24|||X||||||||||||||
764949|0|S-VA210PR MITCHELL DR||||S-VA210PR MITCHELL DR|Mitchell Dr||077|Pulaski County|210|Town of Dublin|    77-1053 Borman St| 556522|0|0|0|    Cul-de-Sac| 556523|0|0|.18|    12/12/2017|194|R|||||||X||24|||X||||||||||||||
764627|0|S-VA210PR NEWBERN RD||||S-VA210PR NEWBERN RD|Newbern Rd|Newbern Rd|210|Town of Dublin|210|Town of Dublin|    77-611 Newbern Rd| 556054|0|0|0|    SR 100 Cleburne Blvd| 556284|0|0|.86|    12/12/2017|2584|R|||||||X||24|||X||||||||||||||
201455|0|S-VA210PR NEWBERN RD||||S-VA210PR NEWBERN RD|Newbern Rd||210|Town of Dublin|210|Town of Dublin|    SR 100 Cleburne Blvd| 556284|0|0|.86|    W Main St| 556401|0|0|1.26|    ||X||||||||||||||||||||||||||
764831|0|S-VA210PR OAKWOOD AVE||||S-VA210PR OAKWOOD AVE|Oakwood Ave||210|Town of Dublin|210|Town of Dublin|    77-1003 Fourth St| 556444|0|0|0|    77-1001 Fifth St| 556442|0|0|.069|    04/09/2014|328|R|||||||X||24|||X||||||||||||||
764832|0|S-VA210PR OAKWOOD AVE||||S-VA210PR OAKWOOD AVE|Oakwood Ave||210|Town of Dublin|210|Town of Dublin|    77-1001 Fifth St| 556442|0|0|.069|    77-1009 Sixth St| 556443|0|0|.13|    04/09/2014|623|R|||||||X||24|||X||||||||||||||
764637|0|S-VA210PR PEPPERS FERRY RD||||S-VA210PR PEPPERS FERRY RD|Peppers Ferry Rd||210|Town of Dublin|210|Town of Dublin|    77-747 Old Route 11| 556296|0|0|0|    Dead End| 556297|0|0|.25|    04/15/2014|98|R|||||||X||24|||X||||||||||||||
790678|0|S-VA210PR PINE GROVE DR||||S-VA210PR PINE GROVE DR|Pine Grove Dr||077|Pulaski County|210|Town of Dublin|    Cul-de-Sac| 737307|0|0|0|    Cul-de-Sac| 737308|0|0|.26|    04/11/2014|135|R|||||||X||24|||X||||||||||||||
786725|0|S-VA210PR PINE ST||||S-VA210PR PINE ST|Pine St||210|Town of Dublin|210|Town of Dublin|    77-1023 Walnut St| 730601|0|0|0|    Dead End (pre-update)|1213941|0|0|.09|    12/12/2017|40|T|||||||X||24|||X||||||||||||||
764544|0|S-VA210PR POWELL AVE||||S-VA210PR POWELL AVE|Powell Ave||210|Town of Dublin|210|Town of Dublin|    77-1005 Maple St| 556140|0|0|0|    NCL Dublin| 556141|0|0|.05|    04/01/2014|496|R|||||||X||24|||X||||||||||||||
764885|0|S-VA210PR ROSEBERRY ST||||S-VA210PR ROSEBERRY ST|Roseberry St||210|Town of Dublin|210|Town of Dublin|    Dead End| 556766|0|0|0|    77-1015 Glendy Ave| 556471|0|0|.09|    04/09/2014|110|R|||||||X||24|||X||||||||||||||
764886|0|S-VA210PR ROSEBERRY ST||||S-VA210PR ROSEBERRY ST|Roseberry St||210|Town of Dublin|210|Town of Dublin|    77-1015 Glendy Ave| 556471|0|0|.09|    77-1016 Linkous Ave| 556472|0|0|.33|    04/09/2014|127|R|||||||X||24|||X||||||||||||||
764895|0|S-VA210PR SE HAWKINS ST||||S-VA210PR SE HAWKINS ST|Se Hawkins St||210|Town of Dublin|210|Town of Dublin|    SR 100| 556484|0|0|0|    77-747 Old Route 11| 556402|0|0|.08|    01/23/2018|784|R|||||||X||24|||X||||||||||||||
764960|0|S-VA210PR SHEPARD DR||||S-VA210PR SHEPARD DR|Shepard Dr||077|Pulaski County|210|Town of Dublin|    77-1053 Borman St| 556528|0|0|0|    Cul-de-Sac| 556532|0|0|.19|    12/12/2017|223|R|||||||X||24|||X||||||||||||||
764839|0|S-VA210PR SOUTH AVE||||S-VA210PR SOUTH AVE|South Ave||210|Town of Dublin|210|Town of Dublin|    77-1001 Fifth St| 556763|0|0|0|    77-1009 Sixth St| 556447|0|0|.06|    04/09/2014|50|R|||||||X||24|||X||||||||||||||
764958|0|S-VA210PR STAFFORD DR||||S-VA210PR STAFFORD DR|Stafford Dr||077|Pulaski County|210|Town of Dublin|    77-1053 Borman St| 556526|0|0|0|    Cul-de-Sac| 556530|0|0|.21|    10/30/2017|293|T|||||||X||24|||X||||||||||||||
765031|0|S-VA210PR TOWN CENTER DR||||S-VA210PR TOWN CENTER DR|Town Center Dr||210|Town of Dublin|210|Town of Dublin|    SR 100 Cleburne Blvd| 721360|0|0|0|    77-1097 Dublin Park Rd| 721700|0|0|.17|    01/23/2018|1007|R|||||||X||24|||X||||||||||||||
765030|0|S-VA210PR TOWN CENTER DR||||S-VA210PR TOWN CENTER DR|Town Center Dr||210|Town of Dublin|210|Town of Dublin|    77-1097 Dublin Park Rd| 721700|0|0|.17|    77-682 Newbern Rd| 721702|0|0|.26|    01/23/2018|757|R|||||||X||24|||X||||||||||||||
764835|0|S-VA210PR TRINKLE AVE||||S-VA210PR TRINKLE AVE|Trinkle Ave||210|Town of Dublin|210|Town of Dublin|    US 11 Broad St| 556450|0|0|0|    77-1013 Second St| 556449|0|0|.12|    01/23/2018|918|R|||||||X||24|||X||||||||||||||
764836|0|S-VA210PR TRINKLE AVE||||S-VA210PR TRINKLE AVE|Trinkle Ave||210|Town of Dublin|210|Town of Dublin|    77-1013 Second St| 556449|0|0|.12|    77-1005 Third St| 556448|0|0|.18|    04/09/2014|617|R|||||||X||24|||X||||||||||||||
764837|0|S-VA210PR TRINKLE AVE||||S-VA210PR TRINKLE AVE|Trinkle Ave||210|Town of Dublin|210|Town of Dublin|    77-1005 Third St| 556448|0|0|.18|    77-1003 Fourth St| 556445|0|0|.25|    04/09/2014|666|R|||||||X||24|||X||||||||||||||
764838|0|S-VA210PR TRINKLE AVE||||S-VA210PR TRINKLE AVE|Trinkle Ave||210|Town of Dublin|210|Town of Dublin|    77-1003 Fourth St| 556445|0|0|.25|    77-1001 Fifth St| 556441|0|0|.32|    04/09/2014|119|R|||||||X||24|||X||||||||||||||
764913|9|S-VA210PR VAUGHN AVE||||S-VA210PR VAUGHN AVE|Vaughn Ave||210|Town of Dublin|210|Town of Dublin|    Temp Gap Fill| 556495|0|0|.1|    Temp Gap Fill| 556496|0|0|.14|    04/11/2014|314|R|||||||X||24|||X||||||||||||||
764912|0|S-VA210PR VAUGHN AVE||||S-VA210PR VAUGHN AVE|Vaughn Ave||077|Pulaski County|210|Town of Dublin|    SCL Dublin| 556496|0|0|.14|    77-1051 Aldrin St| 556497|0|0|.17|    04/11/2014|163|R|||||||X||24|||X||||||||||||||
764911|0|S-VA210PR VAUGHN AVE||||S-VA210PR VAUGHN AVE|Vaughn Ave||077|Pulaski County|210|Town of Dublin|    77-1051 Aldrin St| 556497|0|0|.17|    77-1052 Collins St| 556498|0|0|.24|    04/11/2014|57|R|||||||X||24|||X||||||||||||||
764910|0|S-VA210PR VAUGHN AVE||||S-VA210PR VAUGHN AVE|Vaughn Ave||077|Pulaski County|210|Town of Dublin|    77-1052 Collins St| 556498|0|0|.24|    Cul-de-Sac| 556499|0|0|.26|    04/11/2014|10|R|||||||X||24|||X||||||||||||||
764943|0|S-VA210PR VERMILLION ST||||S-VA210PR VERMILLION ST|Vermillion St||210|Town of Dublin|210|Town of Dublin|    77-1023 Walnut St| 556478|0|0|0|    77-1083 Hanks Ave| 556519|0|0|.25|    04/09/2014|262|R|||||||X||24|||X||||||||||||||
764944|0|S-VA210PR VERMILLION ST||||S-VA210PR VERMILLION ST|Vermillion St||210|Town of Dublin|210|Town of Dublin|    77-1083 Hanks Ave| 556519|0|0|.25|    77-1024 Mebane Ave| 556480|0|0|.39|    04/09/2014|90|R|||||||X||24|||X||||||||||||||
201338|0|S-VA210PR W MAIN ST||||S-VA210PR W MAIN ST|W Main St||210|Town of Dublin|210|Town of Dublin|    Newbern Rd| 556401|0|0|0|    E Main St| 556395|0|0|.27|    ||X||||||||||||||||||||||||||
764867|0|S-VA210PR WALKER AVE||||S-VA210PR WALKER AVE|Walker Ave||210|Town of Dublin|210|Town of Dublin|    77-1007 Jordon St| 556465|0|0|0|    77-707 Jordon St| 556331|0|0|.02|    04/11/2014|115|R|||||||X||24|||X||||||||||||||
764868|0|S-VA210PR WALKER AVE||||S-VA210PR WALKER AVE|Walker Ave|Walker Ave|210|Town of Dublin|210|Town of Dublin|    77-707 High St| 556331|0|0|.02|    77-706 Circle Dr| 556330|0|0|.09|    04/11/2014|129|R|||||||X||24|||X||||||||||||||
764869|0|S-VA210PR WALKER AVE||||S-VA210PR WALKER AVE|Walker Ave||210|Town of Dublin|210|Town of Dublin|    77-706 Circle Dr| 556330|0|0|.09|    77-747 Old Route 11| 556401|0|0|.17|    01/23/2018|346|R|||||||X||24|||X||||||||||||||
764887|0|S-VA210PR WALNUT AVE||||S-VA210PR WALNUT AVE|Walnut Ave||210|Town of Dublin|210|Town of Dublin|    77-1005 Maple St| 556456|0|0|0|    77-1049 Vermilion St| 556478|0|0|.14|    04/09/2014|501|R|||||||X||24|||X||||||||||||||
764888|0|S-VA210PR WALNUT AVE||||S-VA210PR WALNUT AVE|Walnut Ave||210|Town of Dublin|210|Town of Dublin|    77-1049 Vermilion St| 556478|0|0|.14|    77-1025 Long St| 556479|0|0|.17|    04/09/2014|410|R|||||||X||24|||X||||||||||||||
764865|0|S-VA210PR WEST AVE||||S-VA210PR WEST AVE|West Ave||210|Town of Dublin|210|Town of Dublin|    77-747 Old Route 11| 556403|0|0|0|    77-707 High St| 556332|0|0|.04|    01/23/2018|335|R|||||||X||24|||X||||||||||||||
764866|0|S-VA210PR WEST AVE||||S-VA210PR WEST AVE|West Ave||210|Town of Dublin|210|Town of Dublin|    77-707 High St| 556332|0|0|.04|    77-1007 Jordon St| 556466|0|0|.09|    04/11/2014|233|R|||||||X||24|||X||||||||||||||
764907|0|S-VA210PR ZEIGLER AVE||||S-VA210PR ZEIGLER AVE|Zeigler Ave||210|Town of Dublin|210|Town of Dublin|    77-747 Old Route 11| 556399|0|0|0|    77-1037 Hudson Dr| 556493|0|0|.11|    01/23/2018|636|R|||||||X||24|||X||||||||||||||
764906|0|S-VA210PR ZEIGLER AVE||||S-VA210PR ZEIGLER AVE|Zeigler Ave||210|Town of Dublin|210|Town of Dublin|    77-1037 Hudson Dr| 556493|0|0|.11|    77-1032 Free St| 556494|0|0|.15|    04/11/2014|746|R|||||||X||24|||X||||||||||||||
764905|0|S-VA210PR ZEIGLER AVE||||S-VA210PR ZEIGLER AVE|Zeigler Ave||210|Town of Dublin|210|Town of Dublin|    77-1032 Free St| 556494|0|0|.15|    77-1007 Kerry St| 556461|0|0|.21|    04/11/2014|732|R|||||||X||24|||X||||||||||||||
764904|0|S-VA210PR ZEIGLER AVE||||S-VA210PR ZEIGLER AVE|Zeigler Ave||210|Town of Dublin|210|Town of Dublin|    77-1007 Kerry St| 556461|0|0|.21|    77-632 Dunlap Rd| 556132|0|0|.34|    04/11/2014|625|R|||||||X||24|||X||||||||||||||
