sep=|
- - 2022 AADT Report for Town of Saint Paul - -
LINKID|SEQUENCENUMBER|RTE_NM|RTE_NM_2|RTE_NM_3|RTE_NM_4|Host RTE_NM|Route Label|Street Name|Physical Jurisdiction|Physical Jurisdiciton Name|Maintenance Jurisdiction|Maintenance Jurisdiciton Name|    Start Label|Start Node|Start Node Route Sequence|Star tOffset|Start Milepoint|    End Label|End Node|End Node Route Sequence|End Offset|End Milepoint|    VPDDate|AADT|AADT Quality|Passenger Vehicle|Bus|Truck 2 Axle|Truck 3 Axle|Truck 1 Trailer|Truck 2 Trailer|Class Quality|K Factor|K Factor Quality|Direction Factor|AAWDT|AAWDT Quality|AADT Dir|AADT Quality Dir|PassengerVehicle Dir|Bus Dir|Truck 2 Axle Dir|Truck 3 Axle Dir|Truck 1 Trailer Dir|Truck 2 Trailer Dir|Class Quality Dir|K Factor Dir|K Factor Quality Dir|Direction Factor Dir|AAWDT Dir|AAWDT Quality Dir
010025|0|R-VA   SR00063NB||||R-VA   SR00063NB|VA 63|Wise St|294|Town of Saint Paul|097|Wise County|    ALT US 58| 661996|0|0|0|    Physical Jurisdiction Boundary: 294 Town of Saint Paul / 097 Wise County| 662030|0|0|1.46|    01/01/2022|4026|G|90|0|1|1|8|0|F|.084|6 |.57|4009|G||||||||||||||
110066|0|R-VA   SR00270NB||||R-VA   SR00270NB|VA 270|Bull Run Rd|294|Town of Saint Paul|097|Wise County|    US 58 Bus| 661995|0|0|0|    SR 63| 661608|0|0|.26|    01/01/2022|3309|G|98|0|1|0|0|0|C|.088|6 |.51|3296|G||||||||||||||
010416|0|R-VA   US00058EBALT001||||R-VA   US00058EBALT001|ALT US 58|Bull Run Rd|294|Town of Saint Paul|097|Wise County|    | 722447|0|0|57.9|    SR 63 Wise St| 661996|0|0|58.11|    01/01/2022|6707|G|94|1|1|1|4|0|F|.092|6 |.51|7155|G||||||||||||||
010415|0|R-VA   US00058EBALT001||||R-VA   US00058EBALT001|ALT US 58|Bull Run Rd|294|Town of Saint Paul|097|Wise County|    SR 63 Wise St| 661996|0|0|58.11|    Russell County Line|  50552|0|0|58.59|    01/01/2022|9969|G|94|1|1|1|4|0|F|.088|6 |.51|10634|G||||||||||||||
769173|0|R-VA083SC00640EB||||R-VA083SC00640EB|83-640|South St Paul Rd|294|Town of Saint Paul|083|Russell County|    Dead End| 591648|0|0|0|    SCL St Paul| 591749|0|0|.58|    04/29/2015|117|R|||||||X||24|||X||||||||||||||
769384|0|R-VA083SC00760NB||||R-VA083SC00760NB|83-760|Banner St|294|Town of Saint Paul|083|Russell County|    83-811, West Hills Dr| 591410|0|0|0|    83-884 Robertson Dr| 704627|0|0|.28|    04/29/2015|368|R|||||||X||24|||X||||||||||||||
769385|0|R-VA083SC00760NB||||R-VA083SC00760NB|83-760|Banner St|294|Town of Saint Paul|083|Russell County|    83-884 Robertson Dr| 704627|0|0|.28|    83-1301 Warren Dr| 591411|0|0|.36|    04/29/2015|279|R|||||||X||24|||X||||||||||||||
769386|0|R-VA083SC00761EB||||R-VA083SC00761EB|83-761|Second St|294|Town of Saint Paul|083|Russell County|    83-640, South St Paul Rd| 591199|0|0|0|    Dead End| 591412|0|0|.06|    04/29/2015|67|R|||||||X||24|||X||||||||||||||
769446|0|R-VA083SC00811NB||||R-VA083SC00811NB|83-811|W Hills Dr|294|Town of Saint Paul|083|Russell County|    83-760 Banner St| 591410|0|0|.13|    83-1301 S, Warren Dr| 591448|0|0|.17|    04/29/2015|386|R|||||||X||24|||X||||||||||||||
769447|0|R-VA083SC00811NB||||R-VA083SC00811NB|83-811|W Hills Dr|294|Town of Saint Paul|083|Russell County|    83-1301 S, Warren Dr| 591448|0|0|.17|    83-1301 N, Warren Dr| 591717|0|0|.2|    04/29/2015|222|R|||||||X||24|||X||||||||||||||
769448|0|R-VA083SC00811NB||||R-VA083SC00811NB|83-811|W Hills Dr|294|Town of Saint Paul|083|Russell County|    83-1301 N, Warren Dr| 591717|0|0|.2|    US 58 ALT NORTH| 591447|0|0|.25|    04/29/2015|208|R|||||||X||24|||X||||||||||||||
769610|0|R-VA083SC01301EB||||R-VA083SC01301EB|83-1301|Warren Dr|294|Town of Saint Paul|083|Russell County|    83-760 Banner St| 591411|0|0|0|    0.18 ME 83-760 Banner St| 591411|0|.18|.18|    04/29/2015|129|R|||||||X||24|||X||||||||||||||
769611|0|R-VA083SC01301EB||||R-VA083SC01301EB|83-1301|Warren Dr|294|Town of Saint Paul|083|Russell County|    0.18 ME 83-760 Banner St| 591411|0|.18|.18|    83-1302 Pats Lane| 591589|0|0|.56|    04/29/2015|217|R|||||||X||24|||X||||||||||||||
769612|0|R-VA083SC01301EB||||R-VA083SC01301EB|83-1301|Warren Dr|294|Town of Saint Paul|083|Russell County|    83-1302 Pats Lane| 591589|0|0|.56|    Y Intersection| 591588|0|0|.58|    04/29/2015|140|R|||||||X||24|||X||||||||||||||
769614|0|R-VA083SC01301EB||||R-VA083SC01301EB|83-1301|Warren Dr|294|Town of Saint Paul|083|Russell County|    Y Intersection| 591588|0|0|.58|    83-811 N, W Hills Dr| 591717|0|0|.6|    04/29/2015|432|R|||||||X||24|||X||||||||||||||
769613|0|R-VA083SC01301EB||||R-VA083SC01301EB|83-1301|Warren Dr|294|Town of Saint Paul|083|Russell County|    Y Intersection| 591588|1|0|.6|    83-811 S, W Hills Dr| 591448|0|0|.62|    04/29/2015|177|R|||||||X||24|||X||||||||||||||
769615|0|R-VA083SC01302EB||||R-VA083SC01302EB|83-1302|Pats Lane|294|Town of Saint Paul|083|Russell County|    83-1301 Warren Dr| 591589|0|0|0|    Begin Loop| 591590|0|0|.03|    04/29/2015|144|R|||||||X||24|||X||||||||||||||
769616|0|R-VA083SC01302EB||||R-VA083SC01302EB|83-1302|Pats Lane|294|Town of Saint Paul|083|Russell County|    Begin Loop| 591590|0|0|.03|    End Loop| 591590|1|0|.31|    04/29/2015|67|R|||||||X||24|||X||||||||||||||
777944|0|R-VA097SC00628NB||||R-VA097SC00628NB|97-628|Honey Branch Rd|294|Town of Saint Paul|097|Wise County|    Russell County Line| 899009|0|0|0|    SR 63 SOUTH| 661112|0|0|.02|    01/01/2022|572|G|99|0|1|0|0|0|C|.095|6 |.57|570|G||||||||||||||
778336|0|R-VA097SC01201NB||||R-VA097SC01201NB|97-1201|Deacon Rd|294|Town of Saint Paul|097|Wise County|    SR 63; SR 270| 661608|0|0|0|    97-1209 Tazewell St| 661610|0|0|.14|    07/27/2021|902|R|||||||X||24|||X||||||||||||||
778337|0|R-VA097SC01201NB||||R-VA097SC01201NB|97-1201|Deacon Rd|294|Town of Saint Paul|097|Wise County|    97-1209 Tazewell St| 661610|0|0|.14|    97-1210 Dickenson St| 661611|0|0|.21|    07/27/2021|896|R|||||||X||24|||X||||||||||||||
778338|0|R-VA097SC01202NB||||R-VA097SC01202NB|97-1202|Third Ave|294|Town of Saint Paul|097|Wise County|    97-1205 Russell St| 661612|0|0|0|    97-1206 Broad St| 661613|0|0|.07|    07/27/2021|329|R|||||||X||24|||X||||||||||||||
778339|0|R-VA097SC01202NB||||R-VA097SC01202NB|97-1202|Third Ave|294|Town of Saint Paul|097|Wise County|    97-1206 Broad St| 661613|0|0|.07|    97-1214 Lee St| 661615|0|0|.52|    07/27/2021|1507|R|||||||X||24|||X||||||||||||||
778340|0|R-VA097SC01202NB||||R-VA097SC01202NB|97-1202|Third Ave|294|Town of Saint Paul|097|Wise County|    97-1214 Lee St| 661615|0|0|.52|    97-1222 Highland Dr| 661651|0|0|.84|    07/27/2021|630|R|||||||X||24|||X||||||||||||||
778341|0|R-VA097SC01203NB||||R-VA097SC01203NB|97-1203|5th Ave|294|Town of Saint Paul|097|Wise County|    97-1205 Russell St| 661616|0|0|0|    SR 63| 661618|0|0|.14|    07/27/2021|1112|R|||||||X||24|||X||||||||||||||
778342|0|R-VA097SC01203NB||||R-VA097SC01203NB|97-1203|5th Ave|294|Town of Saint Paul|097|Wise County|    SR 63| 661618|0|0|.14|    97-1208 Buchanan St| 661619|0|0|.21|    07/27/2021|403|R|||||||X||24|||X||||||||||||||
778343|0|R-VA097SC01203NB||||R-VA097SC01203NB|97-1203|5th Ave|294|Town of Saint Paul|097|Wise County|    97-1208 Buchanan St| 661619|0|0|.21|    Dead End| 661836|0|0|.23|    07/27/2021|18|T|||||||X||24|||X||||||||||||||
778344|0|R-VA097SC01204NB||||R-VA097SC01204NB|97-1204|Sixth Ave|294|Town of Saint Paul|097|Wise County|    97-1206 Broad St| 661620|0|0|0|    97-1208 Buchanan St| 661622|0|0|.14|    07/27/2021|151|R|||||||X||24|||X||||||||||||||
778345|0|R-VA097SC01204NB||||R-VA097SC01204NB|97-1204|Sixth Ave|294|Town of Saint Paul|097|Wise County|    97-1208 Buchanan St| 661622|0|0|.14|    Dead End| 661623|0|0|.18|    10/30/2021|40|T|||||||X||24|||X||||||||||||||
778346|0|R-VA097SC01205EB||||R-VA097SC01205EB|97-1205|Russell St|294|Town of Saint Paul|097|Wise County|    97-1202 Third Ave| 661612|0|0|0|    SR 270| 661624|0|0|.07|    07/27/2021|2077|R|||||||X||24|||X||||||||||||||
778347|0|R-VA097SC01205EB||||R-VA097SC01205EB|97-1205|Russell St|294|Town of Saint Paul|097|Wise County|    SR 270| 661624|0|0|.07|    97-1203 5th Ave| 661616|0|0|.14|    07/27/2021|1599|R|||||||X||24|||X||||||||||||||
778348|0|R-VA097SC01205EB||||R-VA097SC01205EB|97-1205|Russell St|294|Town of Saint Paul|097|Wise County|    97-1203 5th Ave| 661616|0|0|.14|    Dead End| 661625|0|0|.16|    10/30/2021|12|T|||||||X||24|||X||||||||||||||
778349|0|R-VA097SC01206EB||||R-VA097SC01206EB|97-1206|Broad St|294|Town of Saint Paul|097|Wise County|    97-1202 Third Ave| 661613|0|0|0|    97-1203 5th Ave| 661617|0|0|.16|    07/27/2021|1872|R|||||||X||24|||X||||||||||||||
778350|0|R-VA097SC01206EB||||R-VA097SC01206EB|97-1206|Broad St|294|Town of Saint Paul|097|Wise County|    97-1203 5th Ave| 661617|0|0|.16|    97-1204 Sixth Ave| 661620|0|0|.24|    07/27/2021|116|R|||||||X||24|||X||||||||||||||
778351|0|R-VA097SC01208EB||||R-VA097SC01208EB|97-1208|Buchanan St|294|Town of Saint Paul|097|Wise County|    Dead End| 661627|0|0|0|    97-1204 Sixth Ave| 661622|0|0|.23|    10/30/2021|715|T|||||||X||24|||X||||||||||||||
778352|0|R-VA097SC01208EB||||R-VA097SC01208EB|97-1208|Buchanan St|294|Town of Saint Paul|097|Wise County|    97-1204 Sixth Ave| 661622|0|0|.23|    Dead End| 661837|0|0|.25|    10/30/2021|15|T|||||||X||24|||X||||||||||||||
778353|0|R-VA097SC01209EB||||R-VA097SC01209EB|97-1209|Tazewell St|294|Town of Saint Paul|097|Wise County|    Dead End| 661838|0|0|0|    97-1201 Deacon Rd| 661610|0|0|.03|    10/30/2021|340|T|||||||X||24|||X||||||||||||||
778354|0|R-VA097SC01209EB||||R-VA097SC01209EB|97-1209|Tazewell St|294|Town of Saint Paul|097|Wise County|    97-1201 Deacon Rd| 661610|0|0|.03|    Dead End| 661628|0|0|.05|    10/30/2021|615|T|||||||X||24|||X||||||||||||||
778355|0|R-VA097SC01210EB||||R-VA097SC01210EB|97-1210|Dickenson St|294|Town of Saint Paul|097|Wise County|    97-1201 Deacon Rd| 661611|0|0|0|    Dead End| 661629|0|0|.06|    10/30/2021|30|T|||||||X||24|||X||||||||||||||
778356|0|R-VA097SC01211EB||||R-VA097SC01211EB|97-1211| |294|Town of Saint Paul|097|Wise County|    SR 270| 701056|0|0|0|    Old Alt US 58| 661631|0|0|.13|    07/27/2021|68|R|||||||X||24|||X||||||||||||||
778357|0|R-VA097SC01212EB||||R-VA097SC01212EB|97-1212|Riverside Dr|294|Town of Saint Paul|097|Wise County|    Old US 58 Alt| 661632|0|0|0|    Physical Jurisdiction Boundary: 294 Town of Saint Paul / 097 Wise County| 661633|0|0|.05|    10/30/2021|1285|T|||||||X||24|||X||||||||||||||
778358|0|R-VA097SC01213NB||||R-VA097SC01213NB|97-1213|Second Ave|294|Town of Saint Paul|097|Wise County|    Dead End| 661839|0|0|0|    97-1202 Third Ave| 661614|0|0|.16|    10/30/2021|70|T|||||||X||24|||X||||||||||||||
778359|0|R-VA097SC01214EB||||R-VA097SC01214EB|97-1214|Lee St|294|Town of Saint Paul|097|Wise County|    97-1202 Third Ave| 661615|0|0|0|    97-1217 Sunset Dr| 661636|0|0|.13|    07/27/2021|692|R|||||||X||24|||X||||||||||||||
778360|0|R-VA097SC01214EB||||R-VA097SC01214EB|97-1214|Lee St|294|Town of Saint Paul|097|Wise County|    97-1217 Sunset Dr| 661636|0|0|.13|    97-1223 Longview Dr| 661638|0|0|.31|    07/27/2021|131|R|||||||X||24|||X||||||||||||||
778361|0|R-VA097SC01214EB||||R-VA097SC01214EB|97-1214|Longview Dr|294|Town of Saint Paul|097|Wise County|    97-1223 Longview Dr| 661638|0|0|.31|    SR 63| 661639|0|0|.81|    07/27/2021|360|R|||||||X||24|||X||||||||||||||
778362|0|R-VA097SC01215EB||||R-VA097SC01215EB|97-1215| |294|Town of Saint Paul|097|Wise County|    97-1213 Second Ave| 661634|0|0|0|    Dead End| 661840|0|0|.03|    10/30/2021|45|T|||||||X||24|||X||||||||||||||
778363|0|R-VA097SC01216EB||||R-VA097SC01216EB|97-1216| |294|Town of Saint Paul|097|Wise County|    Dead End| 661641|0|0|0|    Old Alt US 58| 661640|0|0|.05|    10/30/2021|10|T|||||||X||24|||X||||||||||||||
778364|0|R-VA097SC01217NB||||R-VA097SC01217NB|97-1217|Sunset Dr|294|Town of Saint Paul|097|Wise County|    97-1214 Lee St| 661636|0|0|0|    NCL Saint Paul| 661645|0|0|.24|    07/27/2021|270|R|||||||X||24|||X||||||||||||||
778365|0|R-VA097SC01218EB||||R-VA097SC01218EB|97-1218|Summit Dr|294|Town of Saint Paul|097|Wise County|    97-1214 Lee St| 661635|0|0|0|    97-1217 Sunset Dr| 661643|0|0|.25|    07/27/2021|94|R|||||||X||24|||X||||||||||||||
778366|0|R-VA097SC01219EB||||R-VA097SC01219EB|97-1219|Summit Dr|294|Town of Saint Paul|097|Wise County|    97-1218 Summit Dr| 661646|0|0|0|    97-1217 Sunset Dr| 661642|0|0|.07|    08/02/2021|181|R|||||||X||24|||X||||||||||||||
778367|0|R-VA097SC01220EB||||R-VA097SC01220EB|97-1220|Nevada Place|294|Town of Saint Paul|097|Wise County|    97-1214 Lee St| 661637|0|0|0|    97-1223 Longview Dr| 661649|0|0|.15|    08/02/2021|90|R|||||||X||24|||X||||||||||||||
778368|0|R-VA097SC01221NB||||R-VA097SC01221NB|97-1221|Kilbourne Dr|294|Town of Saint Paul|097|Wise County|    97-1218 Summit Dr| 661647|0|0|0|    Dead End| 661841|0|0|.03|    10/30/2021|25|T|||||||X||24|||X||||||||||||||
778369|0|R-VA097SC01222EB||||R-VA097SC01222EB|97-1222|Highland Dr|294|Town of Saint Paul|097|Wise County|    97-1202 Third Ave| 661651|0|0|0|    97-1220 Nevada Place| 661648|0|0|.3|    08/02/2021|130|R|||||||X||24|||X||||||||||||||
778370|0|R-VA097SC01223NB||||R-VA097SC01223NB|97-1223|Longview Dr|294|Town of Saint Paul|097|Wise County|    97-1214 Longview Dr; Lee St| 661638|0|0|0|    97-1222 Highland Dr| 661650|0|0|.16|    08/02/2021|122|R|||||||X||24|||X||||||||||||||
778371|0|R-VA097SC01224EB||||R-VA097SC01224EB|97-1224|Johnnie Ramey Dr|294|Town of Saint Paul|097|Wise County|    Alt US 58| 661997|0|0|0|    SR 63| 712192|0|0|.31|    08/02/2021|1910|R|||||||X||24|||X||||||||||||||
778372|0|R-VA097SC01225EB||||R-VA097SC01225EB|97-1225|Riverside Dr|294|Town of Saint Paul|097|Wise County|    Dead End| 701057|0|0|0|    97-1212 Riverside Dr| 661632|0|0|.28|    10/30/2021|1020|T|||||||X||24|||X||||||||||||||
784821|0|R-VA097SC01226NB||||R-VA097SC01226NB|97-1226|Fletcher Dr|294|Town of Saint Paul|097|Wise County|    Cul-de-Sac| 727690|0|0|0|    97-1214 Longview Dr| 727689|0|0|.15|    10/30/2021|55|T|||||||X||24|||X||||||||||||||
