sep=|
- - 2022 AADT Report for Town of Wise - -
LINKID|SEQUENCENUMBER|RTE_NM|RTE_NM_2|RTE_NM_3|RTE_NM_4|Host RTE_NM|Route Label|Street Name|Physical Jurisdiction|Physical Jurisdiciton Name|Maintenance Jurisdiction|Maintenance Jurisdiciton Name|    Start Label|Start Node|Start Node Route Sequence|Star tOffset|Start Milepoint|    End Label|End Node|End Node Route Sequence|End Offset|End Milepoint|    VPDDate|AADT|AADT Quality|Passenger Vehicle|Bus|Truck 2 Axle|Truck 3 Axle|Truck 1 Trailer|Truck 2 Trailer|Class Quality|K Factor|K Factor Quality|Direction Factor|AAWDT|AAWDT Quality|AADT Dir|AADT Quality Dir|PassengerVehicle Dir|Bus Dir|Truck 2 Axle Dir|Truck 3 Axle Dir|Truck 1 Trailer Dir|Truck 2 Trailer Dir|Class Quality Dir|K Factor Dir|K Factor Quality Dir|Direction Factor Dir|AAWDT Dir|AAWDT Quality Dir
010524|0|R-VA   US00023NB||||R-VA   US00023NB|US 23| |329|Town of Wise|097|Wise County|    | 661934|0|0|45.33|    Bus US 23 South of Wise| 661933|0|0|45.75|    01/01/2022|18858|A|95|1|1|1|3|0|C|.103|1 |.5|19774|A||||||||||||||
010456|0|R-VA   US00023NB||||R-VA   US00023NB|US 23|Orby Cantrell Hwy|329|Town of Wise|097|Wise County|    Bus US 23 S of Wise Norton Rd| 661933|0|0|45.75|    Physical Jurisdiction Boundary: 329 Town of Wise / 097 Wise County| 661931|0|0|47.19|    01/01/2022|11697|G|95|1|1|1|3|0|F|.087|6 |.58|12186|G||||||||||||||
682234|0|R-VA   US00023NBBUS003||||R-VA   US00023NBBUS003|BUS US 23|Norton Rd|329|Town of Wise|329|Town of Wise|    US 23 Orby Cantrell Hwy|1095475|0|0|0|    SCL Wise; 97-757 Norton Coeburn Rd|1057018|0|0|.21|    01/01/2022|16905|G|98|0|1|0|0|0|C|.09|6 |.5|18442|G||||||||||||||
682235|0|R-VA   US00023NBBUS003||||R-VA   US00023NBBUS003|BUS US 23|Norton Rd|329|Town of Wise|329|Town of Wise|    SCL Wise; 97-757 Norton Coeburn Rd|1057018|0|0|.21|    Main Street| 661982|0|0|1.21|    01/01/2022|22511|G|98|1|1|0|0|0|F|.092|6 |.5|24556|G||||||||||||||
682236|0|R-VA   US00023NBBUS003||||R-VA   US00023NBBUS003|BUS US 23|Main St|329|Town of Wise|329|Town of Wise|    Norton Rd| 661982|0|0|1.21|    Hall Ave| 661980|0|0|1.57|    01/01/2022|5189|G|98|1|1|0|0|0|F|.103|6 |.6|5513|G||||||||||||||
682237|0|R-VA   US00023NBBUS003||||R-VA   US00023NBBUS003|BUS US 23|Main St|329|Town of Wise|329|Town of Wise|    Hall Ave| 661980|0|0|1.57|    Addington Ave| 661977|0|0|1.99|    01/01/2022|5445|G|98|1|1|0|0|0|C|.1|6 |.51|5940|G||||||||||||||
010411|0|R-VA   US00023NBBUS003||||R-VA   US00023NBBUS003|BUS US 23|West Main St|329|Town of Wise|329|Town of Wise|    Addington Ave| 661977|0|0|1.99|    Jurisdiction Boundary: 329 Town of Wise / 097 Wise County| 661975|0|0|2.1|    01/01/2022|5754|G|96|1|1|0|1|0|C|.101|6 |.57|6276|G||||||||||||||
682239|0|S-VA329PR ADDINGTON AVE||||S-VA329PR ADDINGTON AVE|Addington Ave|Addington Ave|329|Town of Wise|329|Town of Wise|    US 23 Orby Cantrell Hwy| 661977|0|0|0|    Jurisdiction Boundary: 329 Town of Wise / |1056610|0|0|.427|    01/01/2022|2207|F|99|0|1|0|0|0|C|.116|6 |.61|2342|F||||||||||||||
781886|0|S-VA329PR BIRCHFIELD RD||||S-VA329PR BIRCHFIELD RD|Birchfield Rd|Birchfield Ave|329|Town of Wise|329|Town of Wise|    329-253 Main Street| 662072|0|0|0|    Lake Street| 662079|0|0|.7|    01/01/2022|2649|G|98|1|1|0|0|0|C|.112|6 |.56|2892|G||||||||||||||
682505|0|S-VA329PR BIRCHFIELD RD||||S-VA329PR BIRCHFIELD RD|Birchfield Rd|Birchfield Rd|329|Town of Wise|329|Town of Wise|    Lake St| 662079|0|0|.7|    NCL Wise| 661155|0|0|.84|    01/01/2022|3615|G|98|1|1|0|0|0|C|.109|6 |.55|3947|G||||||||||||||
682241|0|S-VA329PR DARDEN DR||||S-VA329PR DARDEN DR|Darden Dr|Darden Dr|329|Town of Wise|329|Town of Wise|    ECL Wise| 661186|0|0|0|    Hurricane Rd; Park Ave| 662091|0|0|.44|    01/01/2022|13817|G|98|0|0|0|0|0|C|.101|6 |.51|15084|G||||||||||||||
682242|0|S-VA329PR HURRICANE RD||||S-VA329PR HURRICANE RD|Hurricane Rd|Hurricane Rd|329|Town of Wise|329|Town of Wise|    Darden Dr| 662091|0|0|0|    Lake St| 662094|0|0|.27|    01/01/2022|10100|G|97|0|1|0|1|0|F|.095|6 |.65|11026|G||||||||||||||
682243|0|S-VA329PR HURRICANE RD||||S-VA329PR HURRICANE RD|Hurricane Rd|Hurricane Rd|329|Town of Wise|329|Town of Wise|    Lake St| 662094|0|0|.27|    NCL Wise; 97-640| 661161|0|0|.8|    01/01/2022|5356|G|98|0|1|0|1|0|C|.104|6 |.58|5847|G||||||||||||||
682500|0|S-VA329PR LAKE ST||||S-VA329PR LAKE ST|Lake St|Lake St Ext|329|Town of Wise|329|Town of Wise|    Bus US 23| 728742|0|0|0|    Birchfield Rd| 662079|0|0|.66|    01/01/2022|6246|G|97|1|1|0|1|0|F|.117|6 |.5|6819|G||||||||||||||
682244|0|S-VA329PR LAKE ST||||S-VA329PR LAKE ST|Lake St|Lake St|329|Town of Wise|329|Town of Wise|    Birchfield Rd| 662079|0|0|.66|    Virginia Ave| 662098|0|0|1.22|    01/01/2022|6436|G|97|1|1|0|1|0|C|.122|6 |.58|7025|G||||||||||||||
682501|0|S-VA329PR LAKE ST||||S-VA329PR LAKE ST|Lake St|Lake St|329|Town of Wise|329|Town of Wise|    Virginia Ave| 662098|0|0|1.22|    Hurricane Rd| 662094|0|0|1.36|    01/01/2022|6209|G|97|1|1|0|1|0|F|.119|6 |.51|6778|G||||||||||||||
682245|0|S-VA329PR MAIN ST||||S-VA329PR MAIN ST|Main St|Main St|329|Town of Wise|329|Town of Wise|    Norton Rd| 661982|0|0|.88|    | 662088|0|0|1.29|    01/01/2022|17146|G|97|0|1|0|1|0|F|.093|6 |.56|18718|G||||||||||||||
682503|0|S-VA329PR PARK AVE||||S-VA329PR PARK AVE|Park Ave|Park Ave|329|Town of Wise|329|Town of Wise|    Main St| 662088|0|0|0|    Darden Dr| 662091|0|0|.22|    01/01/2022|15599|G|97|0|1|0|1|0|F|.092|6 |.55|17029|G||||||||||||||
