sep=|
- - 2022 AADT Report for Town of Tangier - -
LINKID|SEQUENCENUMBER|RTE_NM|RTE_NM_2|RTE_NM_3|RTE_NM_4|Host RTE_NM|Route Label|Street Name|Physical Jurisdiction|Physical Jurisdiciton Name|Maintenance Jurisdiction|Maintenance Jurisdiciton Name|    Start Label|Start Node|Start Node Route Sequence|Star tOffset|Start Milepoint|    End Label|End Node|End Node Route Sequence|End Offset|End Milepoint|    VPDDate|AADT|AADT Quality|Passenger Vehicle|Bus|Truck 2 Axle|Truck 3 Axle|Truck 1 Trailer|Truck 2 Trailer|Class Quality|K Factor|K Factor Quality|Direction Factor|AAWDT|AAWDT Quality|AADT Dir|AADT Quality Dir|PassengerVehicle Dir|Bus Dir|Truck 2 Axle Dir|Truck 3 Axle Dir|Truck 1 Trailer Dir|Truck 2 Trailer Dir|Class Quality Dir|K Factor Dir|K Factor Quality Dir|Direction Factor Dir|AAWDT Dir|AAWDT Quality Dir
700697|0|R-VA001SC01301NB||||R-VA001SC01301NB|01-1301|Main Ridge Rd|309|Town of Tangier|001|Accomack County|    Dead End| 106233|0|0|0|    01-1311 Rayville Lane| 105772|0|0|.69|    04/21/2017|412|R|||||||X||24|||X||||||||||||||
700698|0|R-VA001SC01301NB||||R-VA001SC01301NB|01-1301|Main Ridge Rd|309|Town of Tangier|001|Accomack County|    01-1311 Rayville Lane| 105772|0|0|.69|    Dead End| 106232|0|0|.79|    06/05/2014|117|R|||||||X||24|||X||||||||||||||
700699|0|R-VA001SC01302NB||||R-VA001SC01302NB|01-1302|Canton Rd|309|Town of Tangier|001|Accomack County|    Dead End| 105781|0|0|0|    01-1301 Main St| 105778|0|0|.63|    04/21/2017|206|R|||||||X||24|||X||||||||||||||
700700|0|R-VA001SC01303EB||||R-VA001SC01303EB|01-1303|Factory Rd|309|Town of Tangier|001|Accomack County|    01-1305 West Ridge Rd| 105782|0|0|0|    01-1301 Main St| 105780|0|0|.26|    04/21/2017|277|R|||||||X||24|||X||||||||||||||
700701|0|R-VA001SC01304EB||||R-VA001SC01304EB|01-1304|Wallace Rd|309|Town of Tangier|001|Accomack County|    01-1305 West Ridge Rd| 105783|0|0|0|    01-1301 Main St| 105777|0|0|.2|    04/21/2017|106|R|||||||X||24|||X||||||||||||||
795398|0|R-VA001SC01304EB||||R-VA001SC01304EB|01-1304|Wallace Rd|309|Town of Tangier|001|Accomack County|    01-1301 Main St| 105777|0|0|.2|    Dead End| 105784|0|0|.25|    04/21/2017|157|R|||||||X||24|||X||||||||||||||
700702|0|R-VA001SC01305NB||||R-VA001SC01305NB|01-1305|West Ridge Rd|309|Town of Tangier|001|Accomack County|    SCL Tangier| 105788|0|0|0|    01-1312 Long Bridge Rd| 105785|0|0|.8|    04/21/2017|325|R|||||||X||24|||X||||||||||||||
790888|0|R-VA001SC01305NB||||R-VA001SC01305NB|01-1305|West Ridge Rd|309|Town of Tangier|001|Accomack County|    01-1312 Long Bridge Rd| 105785|0|0|.8|    Dead End| 737300|0|0|1.28|    06/05/2014|68|R|||||||X||24|||X||||||||||||||
700703|0|R-VA001SC01306EB||||R-VA001SC01306EB|01-1306|School Lane|309|Town of Tangier|001|Accomack County|    01-1305 West Ridge Rd| 105786|0|0|0|    01-1301 Main St| 105773|0|0|.2|    04/21/2017|216|R|||||||X||24|||X||||||||||||||
700704|0|R-VA001SC01307EB||||R-VA001SC01307EB|01-1307| |309|Town of Tangier|001|Accomack County|    Dead End| 105789|0|0|0|    01-1301 Main St| 105775|0|0|.04|    04/21/2017|284|R|||||||X||24|||X||||||||||||||
700705|0|R-VA001SC01308EB||||R-VA001SC01308EB|01-1308|Factor Rd|309|Town of Tangier|001|Accomack County|    Dead End| 105790|0|0|0|    01-1305 West Ridge Rd| 105787|0|0|.06|    04/21/2017|401|R|||||||X||24|||X||||||||||||||
700706|0|R-VA001SC01309EB||||R-VA001SC01309EB|01-1309|Parker Lane|309|Town of Tangier|001|Accomack County|    Dead End| 105791|0|0|0|    01-1301 Main St| 105779|0|0|.03|    04/21/2017|113|R|||||||X||24|||X||||||||||||||
700707|0|R-VA001SC01310EB||||R-VA001SC01310EB|01-1310|Parsonage Ln|309|Town of Tangier|001|Accomack County|    Dead End| 106235|0|0|0|    01-1301 Main St| 105770|0|0|.07|    04/21/2017|66|R|||||||X||24|||X||||||||||||||
700708|0|R-VA001SC01311EB||||R-VA001SC01311EB|01-1311|Rayville Lane|309|Town of Tangier|001|Accomack County|    Dead End| 106236|0|0|0|    01-1301 Main St| 105772|0|0|.06|    04/21/2017|65|R|||||||X||24|||X||||||||||||||
700709|0|R-VA001SC01312EB||||R-VA001SC01312EB|01-1312|Long Bridge Rd|309|Town of Tangier|001|Accomack County|    01-1305 West Ridge Rd| 105785|0|0|0|    01-1301 Main Ridge Rd| 105771|0|0|.16|    04/21/2017|247|R|||||||X||24|||X||||||||||||||
700710|0|R-VA001SC01313EB||||R-VA001SC01313EB|01-1313|Twin John Lane|309|Town of Tangier|001|Accomack County|    Dead End| 106237|0|0|0|    01-1301 Main St| 105776|0|0|.03|    04/21/2017|420|R|||||||X||24|||X||||||||||||||
700711|0|R-VA001SC01314EB||||R-VA001SC01314EB|01-1314|Harbor View Dr|309|Town of Tangier|001|Accomack County|    01-1301 Main St| 105774|0|0|0|    Dead End| 106238|0|0|.02|    04/21/2017|73|R|||||||X||24|||X||||||||||||||
789956|0|R-VA001SC01315EB||||R-VA001SC01315EB|01-1315|Dump Rd|309|Town of Tangier|001|Accomack County|    Dead End| 737302|0|0|0|    01-1305 West Ridge Rd| 737301|0|0|.11|    06/05/2014|46|R|||||||X||24|||X||||||||||||||
