sep=|
- - 2022 AADT Report for Town of Hamilton - -
LINKID|SEQUENCENUMBER|RTE_NM|RTE_NM_2|RTE_NM_3|RTE_NM_4|Host RTE_NM|Route Label|Street Name|Physical Jurisdiction|Physical Jurisdiciton Name|Maintenance Jurisdiction|Maintenance Jurisdiciton Name|    Start Label|Start Node|Start Node Route Sequence|Star tOffset|Start Milepoint|    End Label|End Node|End Node Route Sequence|End Offset|End Milepoint|    VPDDate|AADT|AADT Quality|Passenger Vehicle|Bus|Truck 2 Axle|Truck 3 Axle|Truck 1 Trailer|Truck 2 Trailer|Class Quality|K Factor|K Factor Quality|Direction Factor|AAWDT|AAWDT Quality|AADT Dir|AADT Quality Dir|PassengerVehicle Dir|Bus Dir|Truck 2 Axle Dir|Truck 3 Axle Dir|Truck 1 Trailer Dir|Truck 2 Trailer Dir|Class Quality Dir|K Factor Dir|K Factor Quality Dir|Direction Factor Dir|AAWDT Dir|AAWDT Quality Dir
190144|0|R-VA   SR00007EBBUS003||||R-VA   SR00007EBBUS003|BUS VA 7|Colonial Highway|232|Town of Hamilton|053|Loudoun County|    | 429736|0|0|5.91|    ECL Hamilton| 429734|0|0|6.87|    01/01/2022|8512|G|97|0|1|1|0|0|F|.096|6 |.59|9004|G||||||||||||||
750062|0|R-VA053SC00709NB||||R-VA053SC00709NB|53-709|Hughes St S|232|Town of Hamilton|053|Loudoun County|    | 428406|0|0|3.38|    SR 7 W, West Colonial| 428407|0|0|3.49|    12/08/2014|831|R|||||||X||24|||X||||||||||||||
750063|0|R-VA053SC00709NB||||R-VA053SC00709NB|53-709|Ivandale Rd|232|Town of Hamilton|053|Loudoun County|    SR 7 E, West Colonial| 429611|0|0|3.59|    Physical Jurisdiction Boundary: 232 Town of Hamilton / 053 Loudoun County| 428702|0|0|3.75|    11/13/2014|1532|R|||||||X||24|||X||||||||||||||
750065|0|R-VA053SC00710EB||||R-VA053SC00710EB|53-710|Saint Paul St South|232|Town of Hamilton|053|Loudoun County|    Jurisdiction Boundary: 053 Loudoun County| 428410|0|0|.46|    Bus SR 7, Colonial Highway East| 428409|0|0|.65|    12/08/2014|750|R|||||||X||24|||X||||||||||||||
750403|0|R-VA053SC01101NB||||R-VA053SC01101NB|53-1101|S Kerr St|232|Town of Hamilton|053|Loudoun County|    Dead End| 428692|0|0|0|    Jurisdiction Boundary: | 428691|0|0|.1|    09/13/2010|238|R|||||||X||24|||X||||||||||||||
750404|0|R-VA053SC01102NB||||R-VA053SC01102NB|53-1102|N Laycock St|232|Town of Hamilton|053|Loudoun County|    Bus SR 7, West Colonial Hwy| 428693|0|0|0|    Physical Jurisdiction Boundary: 232 Town of Hamilton / 053 Loudoun County| 428694|0|0|.16|    05/25/2010|386|R|||||||X||24|||X||||||||||||||
750408|0|R-VA053SC01103NB||||R-VA053SC01103NB|53-1103|Rogers St|232|Town of Hamilton|053|Loudoun County|    SCL Hamilton| 428696|0|0|.14|    Bus SR 7, West Colonial Hwy| 428697|0|0|.31|    05/25/2010|361|R|||||||X||24|||X||||||||||||||
750409|0|R-VA053SC01103NB||||R-VA053SC01103NB|53-1103|Rogers St|232|Town of Hamilton|053|Loudoun County|    Bus SR 7,  West Colonial Hwy| 428697|0|0|.31|    53-1105 West Virginia Ave| 428698|0|0|.47|    05/25/2010|91|R|||||||X||24|||X||||||||||||||
750410|0|R-VA053SC01104NB||||R-VA053SC01104NB|53-1104|N Tavenner Lane|232|Town of Hamilton|053|Loudoun County|    SR 7 BUS, West Colonial Hwy| 428699|0|0|0|    Dead End| 428700|0|0|.04|    02/10/2014|30|T|||||||X||24|||X||||||||||||||
750412|0|R-VA053SC01105EB||||R-VA053SC01105EB|53-1105|West Virginia Ave|232|Town of Hamilton|053|Loudoun County|    53-1102, N Laycock St| 428694|0|0|.4|    53-1103 Rogers St| 428698|0|0|.52|    02/11/2014|112|R|||||||X||24|||X||||||||||||||
750414|0|R-VA053SC01107NB||||R-VA053SC01107NB|53-1107|James St South|232|Town of Hamilton|053|Loudoun County|    SCL Hamilton| 428705|0|0|0|    Bus SR 7, West Colonial Hwy| 428704|0|0|.28|    11/13/2014|128|R|||||||X||24|||X||||||||||||||
750417|0|R-VA053SC01110NB||||R-VA053SC01110NB|53-1110|Sydner St|232|Town of Hamilton|053|Loudoun County|    Bus SR 7,  West Colonial Hwy| 428707|0|0|0|    Cul-de-Sac| 428708|0|0|.11|    11/13/2014|253|R|||||||X||24|||X||||||||||||||
750418|0|R-VA053SC01111NB||||R-VA053SC01111NB|53-1111|Orchard Circle|232|Town of Hamilton|053|Loudoun County|    Bus SR 7, West Colonial Hwy| 428709|0|0|0|    Physical Jurisdiction Boundary: 232 Town of Hamilton / 053 Loudoun County| 428710|0|0|.04|    05/25/2010|483|R|||||||X||24|||X||||||||||||||
783230|0|R-VA053SC01114NB||||R-VA053SC01114NB|53-1114| |232|Town of Hamilton|053|Loudoun County|    Dead End| 725067|0|0|0|    53-1107  James St S| 725066|0|0|.03|    11/09/2015|31|R|||||||X||24|||X||||||||||||||
