sep=|
- - 2022 AADT Report for Town of South Boston - -
LINKID|SEQUENCENUMBER|RTE_NM|RTE_NM_2|RTE_NM_3|RTE_NM_4|Host RTE_NM|Route Label|Street Name|Physical Jurisdiction|Physical Jurisdiciton Name|Maintenance Jurisdiction|Maintenance Jurisdiciton Name|    Start Label|Start Node|Start Node Route Sequence|Star tOffset|Start Milepoint|    End Label|End Node|End Node Route Sequence|End Offset|End Milepoint|    VPDDate|AADT|AADT Quality|Passenger Vehicle|Bus|Truck 2 Axle|Truck 3 Axle|Truck 1 Trailer|Truck 2 Trailer|Class Quality|K Factor|K Factor Quality|Direction Factor|AAWDT|AAWDT Quality|AADT Dir|AADT Quality Dir|PassengerVehicle Dir|Bus Dir|Truck 2 Axle Dir|Truck 3 Axle Dir|Truck 1 Trailer Dir|Truck 2 Trailer Dir|Class Quality Dir|K Factor Dir|K Factor Quality Dir|Direction Factor Dir|AAWDT Dir|AAWDT Quality Dir
670015|0|R-VA   SR00034EB||||R-VA   SR00034EB|VA 34|Hodges St|130|Town of South Boston|130|Town of South Boston|    North Main St| 368994|0|0|0|    | 368993|0|0|.54|    01/01/2022|1768|G|98|1|1|0|0|0|C|.108|6 |.5|1875|G||||||||||||||
670036|0|R-VA   SR00129NB||||R-VA   SR00129NB|VA 129|North Main St|130|Town of South Boston|130|Town of South Boston|    US 501 P; Wilborn Ave; Main St| 368996|0|0|0|    US 501 Broad St| 368995|0|0|.09|    01/01/2022|3103|G|98|1|1|0|0|0|F|.093|6 |.82|3291|G||||||||||||||
670037|0|R-VA   SR00129NB||||R-VA   SR00129NB|VA 129|North Main St|130|Town of South Boston|130|Town of South Boston|    US 501 Broad St| 368995|0|0|.09|    SR 34 Hodges St| 368994|0|0|.47|    01/01/2022|4633|G|98|1|1|0|0|0|C|.098|6 |.59|4911|G||||||||||||||
670038|0|R-VA   SR00129NB||||R-VA   SR00129NB|VA 129|North Main St|130|Town of South Boston|130|Town of South Boston|    SR 34 Hodges St| 368994|0|0|.47|    Edmunds St| 368942|0|0|.63|    01/01/2022|5792|G|98|1|1|0|0|0|F|.092|6 |.55|6142|G||||||||||||||
670039|0|R-VA   SR00129NB||||R-VA   SR00129NB|VA 129|North Main St|130|Town of South Boston|130|Town of South Boston|    Edmunds St| 368942|0|0|.63|    College St| 368964|0|0|.82|    01/01/2022|6326|G|99|1|0|0|0|0|F|.091|6 |.5|6708|G||||||||||||||
670040|0|R-VA   SR00129NB||||R-VA   SR00129NB|VA 129|North Main St|130|Town of South Boston|130|Town of South Boston|    College St| 368964|0|0|.82|    Hamilton Blvd| 369041|0|0|1.45|    01/01/2022|5851|G|99|1|0|0|0|0|F|.094|6 |.55|6206|G||||||||||||||
670041|0|R-VA   SR00129NB||||R-VA   SR00129NB|VA 129|North Main St|130|Town of South Boston|130|Town of South Boston|    Hamilton Blvd| 369041|0|0|1.45|    NCL South Boston| 369011|0|0|2.38|    01/01/2022|10825|G|99|1|0|0|0|0|C|.093|6 |.5|11478|G||||||||||||||
030198|0|R-VA   SR00129NB||||R-VA   SR00129NB|VA 129|Old Halifax Rd|130|Town of South Boston|130|Town of South Boston|    NCL South Boston| 369011|0|0|2.38|    US 501 Centerville| 368641|0|0|3.18|    01/01/2022|14349|G|96|1|1|0|0|0|C|.095|6 |.52|15209|G||||||||||||||
670033|0|R-VA   SR00304EB||||R-VA   SR00304EB|VA 304|Seymour Dr|130|Town of South Boston|130|Town of South Boston|    US 501 P; Main St| 368999|0|0|0|    US 501 Broad St| 368998|0|0|.08|    01/01/2022|1832|G|97|1|1|1|0|0|C|.1|6 |.54|1946|G||||||||||||||
670034|0|R-VA   SR00304EB||||R-VA   SR00304EB|VA 304|Seymour Dr|130|Town of South Boston|130|Town of South Boston|    US 501 Broad St| 368998|0|0|.08|    Marshall St| 368943|0|0|.46|    01/01/2022|2795|G|95|0|1|2|0|0|C|.1|6 |.52|2969|G||||||||||||||
670035|0|R-VA   SR00304EB||||R-VA   SR00304EB|VA 304|Seymour Dr|130|Town of South Boston|130|Town of South Boston|    Marshall St| 368943|0|0|.46|    US 360 John Randolph Blvd| 368997|0|0|.71|    01/01/2022|2486|G|95|0|1|2|0|0|F|.105|6 |.57|2636|G||||||||||||||
030350|0|R-VA   US00058EB|R-VA   US00360EB|||R-VA   US00058EB|US 58, US 360|Bill Tuck Hwy|130|Town of South Boston|041|Halifax County|    | 369075|0|0|328.1|    Physical Jurisdiction Boundary: 130 Town of South Boston / 041 Halifax County|1218512|0|0|328.32|    01/01/2022|12873|G|85|1|1|2|12|0|F|.083|6 |.56|13671|G||||||||||||||
030350|0|R-VA   US00360EB|R-VA   US00058EB|||R-VA   US00058EB|US 58, US 360|Bill Tuck Hwy|130|Town of South Boston|041|Halifax County|    | 369075|0|0|29.77|    Physical Jurisdiction Boundary: 130 Town of South Boston / 041 Halifax County|1218512|0|0|29.99|    01/01/2022|12873|G|85|1|1|2|12|0|F|.083|6 |.56|13671|G||||||||||||||
670001|0|R-VA   US00360EB||||R-VA   US00360EB|US 360|John Randolph Blvd|130|Town of South Boston|041|Halifax County|    Jurisdiction Boundary: 041 Halifax County| 369018|0|0|30.91|    Maintenance Jurisdiction Boundary: 041 Halifax County / 130 Town of South Boston| 749441|0|0|31.01|    01/01/2022|10995|G|87|0|1|1|9|0|F|.089|6 |.52|11124|G||||||||||||||
670001|0|R-VA   US00360EB||||R-VA   US00360EB|US 360|John Randolph Blvd|130|Town of South Boston|130|Town of South Boston|    Jurisdiction Boundary: 041 Halifax County| 749441|0|0|31.01|    SR 304 Seymour Dr| 368997|0|0|31.07|    01/01/2022|10995|G|87|0|1|1|9|0|F|.089|6 |.52|11124|G||||||||||||||
670002|0|R-VA   US00360EB||||R-VA   US00360EB|US 360|John Randolph Blvd|130|Town of South Boston|130|Town of South Boston|    SR 304 Seymour Dr| 368997|0|0|31.07|    SR 34 Hodges St| 368993|0|0|31.59|    01/01/2022|10350|G|87|0|1|1|9|0|F|.089|6 |.52|10185|G||||||||||||||
670003|0|R-VA   US00360EB||||R-VA   US00360EB|US 360|John Randolph Blvd|130|Town of South Boston|130|Town of South Boston|    SR 34 Hodges St| 368993|0|0|31.59|    Hamilton Blvd| 368963|0|0|32.03|    01/01/2022|11418|G|87|0|1|1|9|0|F|.085|6 |.51|11235|G||||||||||||||
670004|0|R-VA   US00360EB||||R-VA   US00360EB|US 360|John Randolph Blvd|130|Town of South Boston|041|Halifax County|    Hamilton Blvd| 368963|0|0|32.03|    ECL South Boston| 369017|0|0|32.12|    01/01/2022|10790|G|87|0|1|1|9|0|F|.098|6 |.68|10607|G||||||||||||||
030368|0|R-VA   US00501NB||||R-VA   US00501NB|US 501|Main St|130|Town of South Boston|130|Town of South Boston|    US 58, US 360; SCL South Boston| 369006|0|0|10.94|    US 501 P; Broad St| 369000|0|0|11.47|    01/01/2022|16492|G|96|0|1|0|1|0|C|.093|6 |.52|17486|G||||||||||||||
670024|0|R-VA   US00501NB||||R-VA   US00501NB|US 501|Broad St|130|Town of South Boston|130|Town of South Boston|    US 501 P Main St| 369000|0|0|11.47|    SR 304 Seymour Dr| 368998|0|0|11.56|    01/01/2022|8576|G|96|1|1|0|2|0|F|.101|6 |.51|9091|G||||||||||||||
670025|0|R-VA   US00501NB||||R-VA   US00501NB|US 501|Broad St|130|Town of South Boston|130|Town of South Boston|    SR 304 Seymour Dr| 368998|0|0|11.56|    SR 129 North Main St| 368995|0|0|11.78|    01/01/2022|7521|G|96|1|1|0|2|0|C|.1|6 |1|7975|G||||||||||||||
670026|0|R-VA   US00501NB||||R-VA   US00501NB|US 501|Broad St|130|Town of South Boston|130|Town of South Boston|    SR 129 North Main St| 368995|0|0|11.78|    Third St| 368973|0|0|12.04|    01/01/2022|5590|G|96|1|1|0|2|0|F|.098|6 |1|5926|G||||||||||||||
670030|0|R-VA   US00501NB||||R-VA   US00501NB|US 501|Broad Street|130|Town of South Boston|130|Town of South Boston|    Third St| 368973|0|0|12.04|    Edmunds St| 727314|0|0|12.22|    01/01/2022|5492|G|96|1|1|0|2|0|C|.1|6 |1|5822|G||||||||||||||
670031|0|R-VA   US00501NB||||R-VA   US00501NB|US 501|Broad Street|130|Town of South Boston|130|Town of South Boston|    Edmunds St| 727314|0|0|12.22|    US 501 P Wilborn Ave| 727305|0|0|12.63|    01/01/2022|5505|G|96|1|1|0|2|0|F|.098|6 |1|5836|G||||||||||||||
670032|0|R-VA   US00501NB||||R-VA   US00501NB|US 501|Wilborn Ave|130|Town of South Boston|130|Town of South Boston|    US 501 P; Broad St| 727305|0|0|12.63|    Hamilton Blvd| 368951|0|0|13.14|    01/01/2022|13896|G|96|1|1|0|2|0|F|.093|6 |.53|14769|G||||||||||||||
670043|0|R-VA   US00501NB||||R-VA   US00501NB|US 501|Halifax Rd|130|Town of South Boston|130|Town of South Boston|    Hamilton Blvd| 368951|0|0|13.14|    Old NCL South Boston| 369023|0|0|13.83|    01/01/2022|14988|G|96|1|1|0|2|0|F|.087|6 |.56|15925|G||||||||||||||
030367|0|R-VA   US00501NB||||R-VA   US00501NB|US 501|Halifax Rd|130|Town of South Boston|130|Town of South Boston|    Old NCL South Boston| 369023|0|0|13.83|    | 368641|0|0|14.62|    01/01/2022|15461|G|96|1|1|0|2|0|F|.089|6 |.55|16396|G||||||||||||||
030271|0|R-VA   US00501NB||||R-VA   US00501NB|US 501|Halifax Rd|130|Town of South Boston|130|Town of South Boston|    SR 129 N, Old Halifax Rd| 368641|0|0|14.62|    NCL South Boston| 722942|0|0|15|    01/01/2022|17117|G|96|1|1|0|2|0|F|.085|6 |.57|18278|G||||||||||||||
670027|0|R-VA   US00501PA001||||R-VA   US00501PA001|US 501|Main St|130|Town of South Boston|130|Town of South Boston|    US 501 Broad St| 369000|0|0|0|    SR 304 Seymour Dr| 368999|0|0|.13|    01/01/2022|6606|G|96|0|1|0|2|0|F|.089|6 |1|7001|G||||||||||||||
670028|0|R-VA   US00501PA001||||R-VA   US00501PA001|US 501|Main St|130|Town of South Boston|130|Town of South Boston|    SR 304 Seymour Dr| 368999|0|0|.13|    SR 129 North Main St| 368996|0|0|.31|    01/01/2022|7258|G|96|0|1|0|2|0|C|.086|6 |1|7696|G||||||||||||||
670022|0|R-VA   US00501PA001||||R-VA   US00501PA001|US 501|Wilborne Ave|130|Town of South Boston|130|Town of South Boston|    SR 129 North Main St| 368996|0|0|.31|    Third St| 369001|0|0|.57|    01/01/2022|6661|G|96|0|1|0|2|0|F|.09|6 |.89|7061|G||||||||||||||
784994|0|R-VA   US00501PA001||||R-VA   US00501PA001|US 501|Wilborne Ave|130|Town of South Boston|130|Town of South Boston|    Third St| 369001|0|0|.57|    US 501 Broad Street| 727305|0|0|1.14|    01/01/2022|9683|G|96|0|1|0|2|0|F|.085|6 |.81|10320|G||||||||||||||
743365|0|S-VA130PR ALTA LN||||S-VA130PR ALTA LN|Alta Ln|Alta Lane|130|Town of South Boston|130|Town of South Boston|    41-1314 Cheverly Dr| 368752|0|0|0|    41-1315 Valley Dr| 368753|0|0|.07|    10/31/2017|61|R|||||||X||24|||X||||||||||||||
743380|0|S-VA130PR ASTER PL||||S-VA130PR ASTER PL|Aster Pl|Aster Place|130|Town of South Boston|130|Town of South Boston|    Cul-de-Sac| 368763|0|0|0|    41-1331 Greenfield Rd| 368761|0|0|.06|    11/02/2017|61|R|||||||X||24|||X||||||||||||||
670006|0|S-VA130PR BERRY HILL RD||||S-VA130PR BERRY HILL RD|Berry Hill Rd|Berry Hill Rd|130|Town of South Boston|130|Town of South Boston|    Summit Dr| 369027|0|0|0|    Wilmouth Ave| 368932|0|0|.2|    01/01/2022|2572|G|98|0|1|0|0|0|C|.089|6 |.53|2851|G||||||||||||||
670005|0|S-VA130PR BERRY HILL RD||||S-VA130PR BERRY HILL RD|Berry Hill Rd|Berry Hill Rd|130|Town of South Boston|130|Town of South Boston|    Wilmoth Ave| 368932|0|0|.2|    | 368322|0|0|1.31|    01/01/2022|1910|G|99|0|1|0|0|0|C|.09|6 |.51|2117|G||||||||||||||
406183|0|S-VA130PR BERRY HILL RD||||S-VA130PR BERRY HILL RD|Berry Hill Rd|Berry Hill Rd|130|Town of South Boston|130|Town of South Boston|    Sutphin Rd| 368322|0|0|1.31|    41-659 S, River Rd| 368830|0|0|2.376|    01/01/2022|2336|G|99|0|1|0|0|0|C|.09|6 |.57|2478|G||||||||||||||
200799|0|S-VA130PR BEVERLY CT||||S-VA130PR BEVERLY CT|Beverly Ct||130|Town of South Boston|130|Town of South Boston|    | 368768|0|0|0|    Cathy Sue Ln|1270625|0|0|.03|    ||X||||||||||||||||||||||||||
743181|0|S-VA130PR CAGE TR||||S-VA130PR CAGE TR|Cage Tr|Cage Trail|130|Town of South Boston|130|Town of South Boston|    US 360; Gap|1052153|0|0|0|    41-716 Rodgers Chapel Rd| 368394|0|0|1.185|    10/05/2020|493|R|||||||X||24|||X||||||||||||||
200800|0|S-VA130PR CATHY SUE LN||||S-VA130PR CATHY SUE LN|Cathy Sue Ln||130|Town of South Boston|130|Town of South Boston|    Beverly Ct|1270625|0|0|0|    Westside Dr| 368764|0|0|.1|    ||X||||||||||||||||||||||||||
743360|0|S-VA130PR CHERRY ST||||S-VA130PR CHERRY ST|Cherry St|First St|130|Town of South Boston|130|Town of South Boston|    Dead End| 368913|0|0|0|    41-847 Cherry St| 368606|0|0|.02|    11/02/2017|62|R|||||||X||24|||X||||||||||||||
743361|0|S-VA130PR CHERRY ST||||S-VA130PR CHERRY ST|Cherry St|First St|130|Town of South Boston|130|Town of South Boston|    41-847 Cherry St| 368606|0|0|.02|    Dead End| 368914|0|0|.15|    11/02/2017|274|R|||||||X||24|||X||||||||||||||
743362|0|S-VA130PR CHEVERLY DR||||S-VA130PR CHEVERLY DR|Cheverly Dr|Cheverly Dr|130|Town of South Boston|130|Town of South Boston|    41-1316 Alta Lane| 368752|0|0|0|    41-884 Powell Rd| 368644|0|0|.11|    10/31/2017|73|R|||||||X||24|||X||||||||||||||
670010|0|S-VA130PR COLLEGE ST||||S-VA130PR COLLEGE ST|College St|College St|130|Town of South Boston|130|Town of South Boston|    North Main St| 368964|0|0|.42|    Cavalier Blvd| 368962|0|0|1.22|    01/01/2022|1053|G|99|1|1|0|0|0|C|.101|6 |.56|1167|G||||||||||||||
743385|0|S-VA130PR E FOREST TRL||||S-VA130PR E FOREST TRL|E Forest Trl|West Forest Trail|130|Town of South Boston|130|Town of South Boston|    41-1336 Westside Dr| 368765|0|0|0|    Dead End| 368918|0|0|.06|    11/02/2017|51|R|||||||X||24|||X||||||||||||||
670007|0|S-VA130PR EDMUNDS ST||||S-VA130PR EDMUNDS ST|Edmunds St|Edmunds St|130|Town of South Boston|130|Town of South Boston|    Summit Dr| 369027|0|0|0|    Railroad Ave| 368934|0|0|.049|    01/01/2022|2647|G|99|0|1|0|0|0|C|.088|6 |.53|2934|G||||||||||||||
670008|0|S-VA130PR EDMUNDS ST||||S-VA130PR EDMUNDS ST|Edmunds St|Edmunds St|130|Town of South Boston|130|Town of South Boston|    Railroad Ave| 368934|0|0|.049|    US 501; Wilborn Ave| 368939|0|0|.48|    01/01/2022|1531|G|98|0|1|1|0|0|C|.092|6 |.52|1697|G||||||||||||||
670009|0|S-VA130PR EDMUNDS ST||||S-VA130PR EDMUNDS ST|Edmunds St|Edmunds St|130|Town of South Boston|130|Town of South Boston|    US 501 Wilborn Ave| 368939|0|0|.48|    SR 129; North Main St| 368942|0|0|1.21|    01/01/2022|1193|G|99|0|1|0|0|0|C|.087|6 |.53|1322|G||||||||||||||
743186|0|S-VA130PR FARM RD||||S-VA130PR FARM RD|Farm Rd|Farm Rd|130|Town of South Boston|130|Town of South Boston|    41-659 River Rd| 368254|0|0|0|    Dead End| 368618|0|0|.6|    11/02/2017|317|R|||||||X||24|||X||||||||||||||
670011|0|S-VA130PR FENTON ST||||S-VA130PR FENTON ST|Fenton St|Fenton St|130|Town of South Boston|130|Town of South Boston|    Jeffress St| 368980|0|0|.205|    Jurisdiction Boundary: 130 Town of South Boston / |1050614|0|0|.45|    01/01/2022|410|G|98|1|1|0|0|0|C|.112|6 |.66|433|G||||||||||||||
743379|0|S-VA130PR GREENFIELD RD||||S-VA130PR GREENFIELD RD|Greenfield Rd||130|Town of South Boston|130|Town of South Boston|    41-682 Old Grubby Rd| 368321|0|0|0|    41-1330 S, Wildflower Dr| 368760|0|0|.16|    11/02/2017|80|R|||||||X||24|||X||||||||||||||
743378|0|S-VA130PR GREENFIELD RD||||S-VA130PR GREENFIELD RD|Greenfield Rd||130|Town of South Boston|130|Town of South Boston|    41-1330 S, Wildflower Dr| 368760|0|0|.16|    41-1332 Aster Place| 368761|0|0|.24|    11/02/2017|198|R|||||||X||24|||X||||||||||||||
743377|0|S-VA130PR GREENFIELD RD||||S-VA130PR GREENFIELD RD|Greenfield Rd||130|Town of South Boston|130|Town of South Boston|    41-1332 Aster Place| 368761|0|0|.24|    41-1330 N, Wildflower Dr| 368916|0|0|.57|    11/02/2017|96|R|||||||X||24|||X||||||||||||||
743376|0|S-VA130PR GREENFIELD RD||||S-VA130PR GREENFIELD RD|Greenfield Rd||130|Town of South Boston|130|Town of South Boston|    41-1330 N, Wildflower Dr| 368916|0|0|.57|    Cul-de-Sac| 368762|0|0|.61|    11/02/2017|22|R|||||||X||24|||X||||||||||||||
670012|0|S-VA130PR HAMILTON BLVD||||S-VA130PR HAMILTON BLVD|Hamilton Blvd|Hamilton Blvd|130|Town of South Boston|130|Town of South Boston|    SCL South Boston| 712455|0|0|0|    Wilborn Ave| 368951|0|0|.36|    01/01/2022|2645|G|99|0|1|0|0|0|C|.099|6 |.54|2913|G||||||||||||||
670013|0|S-VA130PR HAMILTON BLVD||||S-VA130PR HAMILTON BLVD|Hamilton Blvd|Hamilton Blvd|130|Town of South Boston|130|Town of South Boston|    Wilborn Ave| 368951|0|0|.36|    SR 129 North Main St| 368953|0|0|1.07|    01/01/2022|4675|G|92|1|2|1|5|0|C|.095|6 |.64|4968|G||||||||||||||
670014|0|S-VA130PR HAMILTON BLVD||||S-VA130PR HAMILTON BLVD|Hamilton Blvd|Hamilton Blvd|130|Town of South Boston|130|Town of South Boston|    SR 129 North Main St| 368953|0|0|1.07|    | 368963|0|0|2.33|    01/01/2022|6866|G|95|0|1|1|3|0|C|.093|6 |.55|7562|G||||||||||||||
200110|0|S-VA130PR HIGH SCHOOL CIR||||S-VA130PR HIGH SCHOOL CIR|High School Cir|High School Circle|130|Town of South Boston|130|Town of South Boston|    Middle School Circle| 368797|0|0|0|    Centerville Park Rd|1030512|0|0|.55|    ||X||||||||||||||||||||||||||
200112|0|S-VA130PR HIGH SCHOOL CIR||||S-VA130PR HIGH SCHOOL CIR|High School Cir|High School Cir|130|Town of South Boston|130|Town of South Boston|    Centerville Park Rd|1030512|0|0|.55|    VA 129 Old Halifax Rd| 368777|0|0|.77|    ||X||||||||||||||||||||||||||
200116|0|S-VA130PR HIGH SCHOOL CIR||||S-VA130PR HIGH SCHOOL CIR|High School Cir|High School Circle Longer Circle Segment|130|Town of South Boston|130|Town of South Boston|    8 Oclock on Circle|1030513|1|0|.77|    12 Oclock on Circle|1218713|1|0|.88|    01/01/2022||X|||||||X||24|||X||||||||||||||
670042|0|S-VA130PR JEFFRESS ST||||S-VA130PR JEFFRESS ST|Jeffress St|Jeffress St|130|Town of South Boston|130|Town of South Boston|    North Main St| 368978|0|0|0|    Fenton St| 727773|0|0|.18|    01/01/2022|622|G|98|0|1|0|0|0|C|.137|6 |.56|658|G||||||||||||||
743386|0|S-VA130PR LINCOLN DR||||S-VA130PR LINCOLN DR|Lincoln Dr|Lincoln Dr|130|Town of South Boston|130|Town of South Boston|    Cul-de-Sac| 368767|0|0|0|    41-1336 Westside Dr| 368766|0|0|.33|    11/02/2017|407|R|||||||X||24|||X||||||||||||||
670044|0|S-VA130PR MARSHALL AVE||||S-VA130PR MARSHALL AVE|Marshall Ave|Marshall Ave|130|Town of South Boston|130|Town of South Boston|    Seymour Dr| 368943|0|0|0|    Fenton St| 368944|0|0|.15|    01/01/2022|566|G|97|1|1|0|0|0|C|.109|6 |.6|599|G||||||||||||||
670045|0|S-VA130PR MARSHALL AVE||||S-VA130PR MARSHALL AVE|Marshall Ave|Marshall Ave|130|Town of South Boston|130|Town of South Boston|    Fenton St| 368944|0|0|.15|    Hodges St| 368950|0|0|.54|    01/01/2022|740|G|96|0|2|0|0|0|C|.112|6 |1|782|G||||||||||||||
743415|0|S-VA130PR MIDDLE SCHOOL CIR||||S-VA130PR MIDDLE SCHOOL CIR|Middle School Cir|Middle School Circle|   ||130|Town of South Boston|    US 501 Halifax Rd| 701158|0|0|0|    Physical Jurisdiction Boundary: 041 Halifax County| 368778|0|0|.21|    03/28/2017|1024|R|||||||X||24|||X||||||||||||||
743415|0|S-VA130PR MIDDLE SCHOOL CIR||||S-VA130PR MIDDLE SCHOOL CIR|Middle School Cir|Middle School Circle|041|Halifax County|130|Town of South Boston|    Maintenance Jurisdiction Boundary: 130 Town of South Boston| 368778|0|0|.21|    High School Circle| 368797|0|0|.37|    03/28/2017|1024|R|||||||X||24|||X||||||||||||||
743414|1|S-VA130PR MIDDLE SCHOOL CIR||||S-VA130PR MIDDLE SCHOOL CIR|Middle School Cir|Middle School Circle|041|Halifax County|130|Town of South Boston|    High School Circle| 368797|0|0|.37|    US 501 Halifax Rd|1052017|0|0|.59|    03/28/2017|896|R|||||||X||24|||X||||||||||||||
743204|0|S-VA130PR PINE LN||||S-VA130PR PINE LN|Pine Ln|Pine Lane|130|Town of South Boston|130|Town of South Boston|    US 501 Halifax Rd| 368632|0|0|0|    Dead End| 368633|0|0|.14|    11/02/2017|110|R|||||||X||24|||X||||||||||||||
743213|0|S-VA130PR POWELL RD||||S-VA130PR POWELL RD|Powell Rd||130|Town of South Boston|130|Town of South Boston|    US 501; SR 129| 368641|0|0|0|    41-1309 Rosehill Dr| 368642|0|0|.163|    10/31/2017|2741|R|||||||X||24|||X||||||||||||||
743212|0|S-VA130PR POWELL RD||||S-VA130PR POWELL RD|Powell Rd|Powell Rd|130|Town of South Boston|130|Town of South Boston|    41-1315 Valley Dr| 368642|0|0|.163|    41-1309 Rosehill Dr| 368643|0|0|.406|    10/31/2017|625|R|||||||X||24|||X||||||||||||||
743211|0|S-VA130PR POWELL RD||||S-VA130PR POWELL RD|Powell Rd||130|Town of South Boston|130|Town of South Boston|    41-1315 Valley Dr| 368643|0|0|.406|    41-1314 Cheverly Dr| 368644|0|0|.51|    10/31/2017|232|R|||||||X||24|||X||||||||||||||
670016|0|S-VA130PR RAILROAD AVE||||S-VA130PR RAILROAD AVE|Railroad Ave|Railroad Ave|130|Town of South Boston|130|Town of South Boston|    Edmunds St| 368934|0|0|0|    Summit Dr| 712458|0|0|.36|    01/01/2022|736|G|97|0|1|2|0|0|C|.1|6 |.54|782|G||||||||||||||
670017|0|S-VA130PR RILEY AVE||||S-VA130PR RILEY AVE|Riley Ave|Riley Ave|130|Town of South Boston|130|Town of South Boston|    Seymour Dr| 712459|0|0|0|    Jurisdiction Boundary: 130 Town of South Boston / |1030982|0|0|.25|    01/01/2022|890|G|98|0|0|1|0|0|C|.108|6 |.58|945|G||||||||||||||
406174|0|S-VA130PR RIVER RD||||S-VA130PR RIVER RD|River Rd|River Rd|130|Town of South Boston|130|Town of South Boston|    41-682 N, Old Grubby Rd| 368256|0|0|0|    41-654 Sinai Rd| 368217|0|0|1.27|    01/01/2022|2827|G|98|0|1|0|1|0|C|.092|6 |.56|2999|G||||||||||||||
743359|0|S-VA130PR ROSEHILL DR||||S-VA130PR ROSEHILL DR|Rosehill Dr|Rosehill Dr|130|Town of South Boston|130|Town of South Boston|    41-884 Powell Rd| 368642|0|0|0|    Dead End| 368912|0|0|.08|    10/31/2017|1023|R|||||||X||24|||X||||||||||||||
670019|0|S-VA130PR SEYMOUR DR||||S-VA130PR SEYMOUR DR|Seymour Dr|Seymour Dr|130|Town of South Boston|130|Town of South Boston|    Ferry St| 712463|0|0|0|    Watkins Ave (pre-update)| 368999|0|0|.21|    01/01/2022|913|G|97|0|1|2|0|0|C|.109|6 |.51|970|G||||||||||||||
743356|0|S-VA130PR SYCAMORE DR||||S-VA130PR SYCAMORE DR|Sycamore Dr|Sycamore Rd|130|Town of South Boston|130|Town of South Boston|    Dead End| 368911|0|0|0|    41-1306 S, White Oak Dr| 368751|0|0|.095|    10/31/2017|53|R|||||||X||24|||X||||||||||||||
743357|0|S-VA130PR SYCAMORE DR||||S-VA130PR SYCAMORE DR|Sycamore Dr|Sycamore Rd|130|Town of South Boston|130|Town of South Boston|    41-1306 S, White Oak Dr| 368751|0|0|.095|    41-1306 N, White Oak Dr| 368910|0|0|.18|    10/31/2017|141|R|||||||X||24|||X||||||||||||||
784989|0|S-VA130PR THIRD ST||||S-VA130PR THIRD ST|Third St|Third St|130|Town of South Boston|130|Town of South Boston|    US 501; Broad St| 369001|0|0|0|    Jurisdiction Boundary: 130 Town of South Boston / | 368977|0|0|.36|    01/01/2022|347|G|96|0|2|1|0|0|C|.125|6 |.66|368|G||||||||||||||
743363|0|S-VA130PR VALLEY DR||||S-VA130PR VALLEY DR|Valley Dr|Valley Dr|130|Town of South Boston|130|Town of South Boston|    Dead End| 368915|0|0|0|    41-1316 Alta Lane| 368753|0|0|.16|    10/31/2017|186|R|||||||X||24|||X||||||||||||||
743364|0|S-VA130PR VALLEY DR||||S-VA130PR VALLEY DR|Valley Dr|Valley Dr|130|Town of South Boston|130|Town of South Boston|    41-1316 Alta Lane| 368753|0|0|.16|    41-884 Powell Rd| 368643|0|0|.29|    10/31/2017|327|R|||||||X||24|||X||||||||||||||
670020|0|S-VA130PR VAUGHAN ST||||S-VA130PR VAUGHAN ST|Vaughan St|Vaughan St|130|Town of South Boston|130|Town of South Boston|    Riley Ave|1030924|0|0|.376|    Jurisdiction Boundary: 130 Town of South Boston / |1030926|0|0|.779|    01/01/2022|962|G|97|1|1|1|0|0|C|.112|6 |.51|1022|G||||||||||||||
743384|0|S-VA130PR W FOREST TRL||||S-VA130PR W FOREST TRL|W Forest Trl|East Forest Trail|   ||130|Town of South Boston|    Dead End| 368917|0|0|0|    41-1336 Westside Dr| 368765|0|0|.05|    11/02/2017|94|R|||||||X||24|||X||||||||||||||
670018|0|S-VA130PR WATKINS AVE||||S-VA130PR WATKINS AVE|Watkins Ave|Watkins Ave|130|Town of South Boston|130|Town of South Boston|    Seymour Dr| 712462|0|0|0|    Edmunds St| 368937|0|0|.5|    01/01/2022|1750|G|97|0|1|1|0|0|C|.099|6 |.51|1851|G||||||||||||||
670021|0|S-VA130PR WEBSTER ST||||S-VA130PR WEBSTER ST|Webster St|Webster St|130|Town of South Boston|130|Town of South Boston|    Wilborn Ave| 712480|0|0|.39|    North Main St| 712481|0|0|1|    01/01/2022|891|G|98|0|0|0|0|0|C|.105|6 |.59|942|G||||||||||||||
743381|0|S-VA130PR WESTSIDE DR||||S-VA130PR WESTSIDE DR|Westside Dr|Westside Dr|130|Town of South Boston|130|Town of South Boston|    41-1338 Lincoln Dr| 368766|0|0|0|    41-1337 East Forest Trail| 368765|0|0|.13|    11/02/2017|513|R|||||||X||24|||X||||||||||||||
743382|0|S-VA130PR WESTSIDE DR||||S-VA130PR WESTSIDE DR|Westside Dr|Westside Dr|130|Town of South Boston|130|Town of South Boston|    41-1337 East Forest Trail| 368765|0|0|.13|    41-1339 Cathy Sue Lane| 368764|0|0|.34|    11/02/2017|972|R|||||||X||24|||X||||||||||||||
743383|0|S-VA130PR WESTSIDE DR||||S-VA130PR WESTSIDE DR|Westside Dr|Westside Dr|130|Town of South Boston|130|Town of South Boston|    41-1339 Cathy Sue Lane| 368764|0|0|.34|    41-654 Singi Rd| 368218|0|0|.4|    11/02/2017|1085|R|||||||X||24|||X||||||||||||||
743354|0|S-VA130PR WHITEOAK DR||||S-VA130PR WHITEOAK DR|Whiteoak Dr|White Oak Dr|130|Town of South Boston|130|Town of South Boston|    | 368750|0|0|.01|    41-1307 S, Sycamore Rd| 368751|0|0|.057|    10/31/2017|366|R|||||||X||24|||X||||||||||||||
743355|0|S-VA130PR WHITEOAK DR||||S-VA130PR WHITEOAK DR|Whiteoak Dr|White Oak Dr|130|Town of South Boston|130|Town of South Boston|    41-1307 S, Sycamore Rd| 368751|0|0|.057|    41-1307 N, Sycamore Rd| 368910|0|0|.36|    10/31/2017|154|R|||||||X||24|||X||||||||||||||
743374|0|S-VA130PR WILDFLOWER DR||||S-VA130PR WILDFLOWER DR|Wildflower Dr|Wildflower Dr|130|Town of South Boston|130|Town of South Boston|    41-659 River Rd| 368255|0|0|0|    41-1331 S, Greenfield Rd| 368760|0|0|.09|    11/02/2017|454|R|||||||X||24|||X||||||||||||||
743375|0|S-VA130PR WILDFLOWER DR||||S-VA130PR WILDFLOWER DR|Wildflower Dr|Wildflower Dr|130|Town of South Boston|130|Town of South Boston|    41-1331 S, Greenfield Rd| 368760|0|0|.09|    41-1331 N, Greenfield Rd| 368916|0|0|.37|    11/02/2017|153|R|||||||X||24|||X||||||||||||||
