sep=|
- - 2022 AADT Report for Town of Fincastle - -
LINKID|SEQUENCENUMBER|RTE_NM|RTE_NM_2|RTE_NM_3|RTE_NM_4|Host RTE_NM|Route Label|Street Name|Physical Jurisdiction|Physical Jurisdiciton Name|Maintenance Jurisdiction|Maintenance Jurisdiciton Name|    Start Label|Start Node|Start Node Route Sequence|Star tOffset|Start Milepoint|    End Label|End Node|End Node Route Sequence|End Offset|End Milepoint|    VPDDate|AADT|AADT Quality|Passenger Vehicle|Bus|Truck 2 Axle|Truck 3 Axle|Truck 1 Trailer|Truck 2 Trailer|Class Quality|K Factor|K Factor Quality|Direction Factor|AAWDT|AAWDT Quality|AADT Dir|AADT Quality Dir|PassengerVehicle Dir|Bus Dir|Truck 2 Axle Dir|Truck 3 Axle Dir|Truck 1 Trailer Dir|Truck 2 Trailer Dir|Class Quality Dir|K Factor Dir|K Factor Quality Dir|Direction Factor Dir|AAWDT Dir|AAWDT Quality Dir
020121|0|R-VA   US00220NB||||R-VA   US00220NB|US 220|Roanoke Rd|218|Town of Fincastle|011|Botetourt County|    |1277768|0|0|84.46|    11-630 Main St| 158131|0|0|85.59|    01/01/2022|10901|A|93|1|1|1|4|0|C|.102|1 |.57|11814|A||||||||||||||
020090|0|R-VA   US00220NB||||R-VA   US00220NB|US 220|Botetourt Rd|218|Town of Fincastle|011|Botetourt County|    11-630 Main St| 158131|0|0|85.59|    Physical Jurisdiction Boundary: 218 Town of Fincastle / 011 Botetourt County|1277780|0|0|87.41|    01/01/2022|6662|F|93|1|1|1|4|0|F|.083|6 |.55|7220|F||||||||||||||
706830|0|R-VA011SC00602NB||||R-VA011SC00602NB|11-602|Muse Rd|218|Town of Fincastle|011|Botetourt County|    Jurisdiction Boundary: 011 Botetourt County|1277778|0|0|.824|    US 220 Roanoke Rd| 158010|0|0|1.3|    10/27/2022|50|R|||||||X||24|||X||||||||||||||
706833|0|R-VA011SC00606EB||||R-VA011SC00606EB|11-606|Herndon St|218|Town of Fincastle|011|Botetourt County|    11-630 Blacksburg Rd| 158022|0|0|6.67|    11-1201, S Factory St| 158023|0|0|6.91|    12/01/2022|643|R|||||||X||24|||X||||||||||||||
706834|0|R-VA011SC00606EB||||R-VA011SC00606EB|11-606|Herndon St|218|Town of Fincastle|011|Botetourt County|    11-1201, S Factory St| 158023|0|0|6.91|    US 220 Roanoke Rd| 158024|0|0|6.98|    12/01/2022|805|R|||||||X||24|||X||||||||||||||
706835|0|R-VA011SC00606EB||||R-VA011SC00606EB|11-606|Herndon St|218|Town of Fincastle|011|Botetourt County|    US 220 Roanoke Rd| 158024|0|0|6.98|    11-1204 Roanoke St; WCL Fincastle| 158604|0|0|7.06|    11/18/2022|177|R|||||||X||24|||X||||||||||||||
403469|0|R-VA011SC00606EB||||R-VA011SC00606EB|11-606|Blue Ridge Tpke|218|Town of Fincastle|011|Botetourt County|    11-630 Hancock St; E Main St| 158926|0|0|7.06|    ECL Fincastle| 158025|0|0|7.25|    01/01/2022|551|F|97|1|1|1|0|0|C|.163|6 |.64|554|F||||||||||||||
403470|0|R-VA011SC00606EB||||R-VA011SC00606EB|11-606|Blue Ridge Tpke|218|Town of Fincastle|011|Botetourt County|    ECL Fincastle| 158025|0|0|7.25|    Physical Jurisdiction Boundary: 218 Town of Fincastle / 011 Botetourt County|1277777|0|0|7.867|    01/01/2022|438|G|96|1|1|0|0|0|C|.136|6 |.7|461|G||||||||||||||
403499|0|R-VA011SC00630EB||||R-VA011SC00630EB|11-630|W Main St|218|Town of Fincastle|011|Botetourt County|    WCL Fincastle| 158133|0|0|6.34|    US 220 Botetourt Rd| 158131|0|0|6.48|    01/01/2022|1598|F|96|1|1|1|1|0|C|.097|6 |.73|1608|F||||||||||||||
406831|0|R-VA011SC00630EB||||R-VA011SC00630EB|11-630|W Main St|218|Town of Fincastle|011|Botetourt County|    US 220 Botetourt Rd| 158131|0|0|6.48|    11-1204 Roanoke St| 158130|0|0|6.58|    01/01/2022|758|F|96|2|1|1|0|0|C|.13|6 |.96|762|F||||||||||||||
403501|0|R-VA011SC00630EB||||R-VA011SC00630EB|11-630|E Main St|218|Town of Fincastle|011|Botetourt County|    11-1204 Roanoke St| 158130|0|0|6.58|    11-1202 N Church St; S Church St| 158129|0|0|6.67|    01/01/2022|925|F|97|2|1|1|0|0|C|.122|6 |1|930|F||||||||||||||
406832|0|R-VA011SC00630EB||||R-VA011SC00630EB|11-630|E Main St|218|Town of Fincastle|011|Botetourt County|    11-1202 N Church St; S Church St| 158129|0|0|6.67|    11-1208 N Water St; S Water St| 158128|0|0|6.73|    01/01/2022|1573|F|96|2|1|0|0|0|C|.118|6 |1|1582|F||||||||||||||
403503|0|R-VA011SC00630EB||||R-VA011SC00630EB|11-630|E Main St|218|Town of Fincastle|011|Botetourt County|    11-1208 N Water St; S Water St| 158128|0|0|6.73|    11-1209 N Monroe St| 158127|0|0|6.8|    01/01/2022|1568|F|97|2|1|0|0|0|C|.118|6 |1|1577|F||||||||||||||
406834|0|R-VA011SC00630EB||||R-VA011SC00630EB|11-630|E Main St|218|Town of Fincastle|011|Botetourt County|    11-1209 N Monroe St| 158127|0|0|6.8|    11-606 Blue Ridge Tpke| 158126|0|0|6.85|    01/01/2022|1525|F|97|2|1|0|0|0|C|.12|6 |1|1533|F||||||||||||||
403507|0|R-VA011SC00630EB||||R-VA011SC00630EB|11-630|N Hancock St|218|Town of Fincastle|011|Botetourt County|    11-606 Blue Ridge Tpke| 158126|0|0|6.85|    ECL Fincastle| 158123|0|0|7.16|    01/01/2022|2909|F|95|2|2|0|0|0|C|.144|6 |.5|2926|F||||||||||||||
403510|0|R-VA011SC00630EB||||R-VA011SC00630EB|11-630|Springwood Rd|218|Town of Fincastle|011|Botetourt County|    ECL Fincastle| 158123|0|0|7.16|    11-681 Poor Farm Rd| 158122|0|0|7.42|    01/01/2022|2532|F|96|3|1|0|0|0|C|.148|6 |.54|2547|F||||||||||||||
403511|0|R-VA011SC00630EB||||R-VA011SC00630EB|11-630|Springwood Rd|218|Town of Fincastle|011|Botetourt County|    11-681 Poor Farm Rd| 158122|0|0|7.42|    Physical Jurisdiction Boundary: 218 Town of Fincastle / 011 Botetourt County|1277775|0|0|7.856|    01/01/2022|1543|F|96|3|1|0|0|0|C|.137|6 |.5|1552|F||||||||||||||
403572|0|R-VA011SC00681NB||||R-VA011SC00681NB|11-681|Poor Farm Rd|218|Town of Fincastle|011|Botetourt County|    11-630 Springwood Rd| 158122|0|0|0|    Physical Jurisdiction Boundary: 218 Town of Fincastle / 011 Botetourt County|1277774|0|0|.63|    01/01/2022|362|F|94|5|1|1|0|0|C|.198|6 |.7|365|F||||||||||||||
707410|0|R-VA011SC01201NB||||R-VA011SC01201NB|11-1201|S Factory St|218|Town of Fincastle|011|Botetourt County|    11-606 Herndon St| 158023|0|0|0|    11-630, W Main St| 158132|0|0|.12|    12/01/2022|57|R|||||||X||24|||X||||||||||||||
707411|0|R-VA011SC01202NB||||R-VA011SC01202NB|11-1202|S Church St|218|Town of Fincastle|011|Botetourt County|    US 220 Roanoke Rd| 158596|0|0|0|    11-1203 Academy St| 158594|0|0|.35|    11/18/2022|1386|R|||||||X||24|||X||||||||||||||
707412|0|R-VA011SC01202NB||||R-VA011SC01202NB|11-1202|S Church St|218|Town of Fincastle|011|Botetourt County|    11-1203 Academy St| 158594|0|0|.35|    11-630, E Main St| 158129|0|0|.53|    11/18/2022|1397|R|||||||X||24|||X||||||||||||||
785012|0|R-VA011SC01202NB||||R-VA011SC01202NB|11-1202|N Church St|218|Town of Fincastle|011|Botetourt County|    11-630, E Main St| 158129|0|0|.53|    11-1205, W Back St| 158592|0|0|.59|    11/18/2022|442|R|||||||X||24|||X||||||||||||||
707413|0|R-VA011SC01203EB||||R-VA011SC01203EB|11-1203|Academy St|218|Town of Fincastle|011|Botetourt County|    11-1204 Roanoke St| 158597|0|0|0|    11-1202 Church St| 158594|0|0|.1|    11/18/2022|280|R|||||||X||24|||X||||||||||||||
707414|0|R-VA011SC01204NB||||R-VA011SC01204NB|11-1204|Roanoke St|218|Town of Fincastle|011|Botetourt County|    US 220 S, Roanoke Rd| 158606|0|0|0|    11-630 Main St| 158130|0|0|.27|    12/01/2022|591|R|||||||X||24|||X||||||||||||||
785013|0|R-VA011SC01204NB||||R-VA011SC01204NB|11-1204|Roanoke St|218|Town of Fincastle|011|Botetourt County|    11-630 Main St| 158130|0|0|.27|    NCL Fincastle| 158599|0|0|.46|    12/01/2022|596|R|||||||X||24|||X||||||||||||||
785059|0|R-VA011SC01204NB||||R-VA011SC01204NB|11-1204|Roanoke St|218|Town of Fincastle|011|Botetourt County|    NCL Fincastle| 158599|0|0|.46|    US 220 N, Botetourt Rd| 158598|0|0|.51|    12/01/2022|437|R|||||||X||24|||X||||||||||||||
707415|0|R-VA011SC01205EB||||R-VA011SC01205EB|11-1205|W Back St|218|Town of Fincastle|011|Botetourt County|    US 220 Botetourt Rd| 158607|0|0|0|    11-1204 Roanoke St| 158601|0|0|.09|    12/01/2022|1022|R|||||||X||24|||X||||||||||||||
798931|0|R-VA011SC01205EB||||R-VA011SC01205EB|11-1205|E Back St|218|Town of Fincastle|011|Botetourt County|    11-1204 Roanoke St| 158601|0|0|.09|    11-1202 N Church St| 158592|0|0|.19|    12/01/2022|1263|R|||||||X||24|||X||||||||||||||
798932|0|R-VA011SC01205EB||||R-VA011SC01205EB|11-1205|E Back St|218|Town of Fincastle|011|Botetourt County|    11-1202 N Church St| 158592|0|0|.19|    11-1208 N Water St| 158608|0|0|.26|    12/01/2022|1473|R|||||||X||24|||X||||||||||||||
798933|0|R-VA011SC01205EB||||R-VA011SC01205EB|11-1205|E Back St|218|Town of Fincastle|011|Botetourt County|    11-1208 N Water St| 158608|0|0|.26|    11-1207 Jefferson St; Carper St| 158609|0|0|.29|    12/01/2022|1452|R|||||||X||24|||X||||||||||||||
798934|0|R-VA011SC01205EB||||R-VA011SC01205EB|11-1205|E Back St|218|Town of Fincastle|011|Botetourt County|    11-1207 Jefferson St; Carper St| 158609|0|0|.29|    11-1209 N Monroe St| 158610|0|0|.33|    12/01/2022|1455|R|||||||X||24|||X||||||||||||||
798935|0|R-VA011SC01205EB||||R-VA011SC01205EB|11-1205|E Back St|218|Town of Fincastle|011|Botetourt County|    11-1209 N Monroe St| 158610|0|0|.33|    11-630 N Hancock St| 158125|0|0|.4|    12/01/2022|1427|R|||||||X||24|||X||||||||||||||
707416|0|R-VA011SC01206EB||||R-VA011SC01206EB|11-1206|E Murray St|218|Town of Fincastle|011|Botetourt County|    11-1204, S Roanoke St| 158602|0|0|0|    11-1202, S Church St|1196025|0|0|.25|    12/01/2022|99|R|||||||X||24|||X||||||||||||||
707417|0|R-VA011SC01207NB||||R-VA011SC01207NB|11-1207|Jefferson St; Carper St|218|Town of Fincastle|011|Botetourt County|    11-1205, E Back St| 158609|0|0|0|    11-630, N Hancock St| 158124|0|0|.18|    12/01/2022|29|R|||||||X||24|||X||||||||||||||
707418|0|R-VA011SC01208NB||||R-VA011SC01208NB|11-1208|S Water St|218|Town of Fincastle|011|Botetourt County|    Dead End| 158856|0|0|0|    11-630, E Main St| 158128|0|0|.09|    12/01/2022|108|R|||||||X||24|||X||||||||||||||
785014|0|R-VA011SC01208NB||||R-VA011SC01208NB|11-1208|N Water St|218|Town of Fincastle|011|Botetourt County|    11-630, E Main St| 158128|0|0|.09|    11-1205, E Back St| 158608|0|0|.15|    12/01/2022|85|R|||||||X||24|||X||||||||||||||
707419|0|R-VA011SC01209NB||||R-VA011SC01209NB|11-1209|N Monroe St|218|Town of Fincastle|011|Botetourt County|    11-630, E Main St| 158127|0|0|0|    11-1207 Carper St| 158611|0|0|.12|    12/01/2022|34|R|||||||X||24|||X||||||||||||||
707420|0|R-VA011SC01210NB||||R-VA011SC01210NB|11-1210|S Hancock St|218|Town of Fincastle|011|Botetourt County|    Dead End| 158857|0|0|0|    11-630, E Main St| 158126|0|0|.18|    10/31/2022|20|T|||||||X||24|||X||||||||||||||
707421|0|R-VA011SC01211EB||||R-VA011SC01211EB|11-1211|Housman St|218|Town of Fincastle|011|Botetourt County|    Dead End| 158613|0|0|0|    US 220 Roanoke Rd| 158612|0|0|.1|    10/31/2022|30|T|||||||X||24|||X||||||||||||||
707422|0|R-VA011SC01212EB||||R-VA011SC01212EB|11-1212|Federal St|218|Town of Fincastle|011|Botetourt County|    US 220 Botetourt Rd| 158614|0|0|0|    11-1204 Roanoke St| 158600|0|0|.06|    12/01/2022|106|R|||||||X||24|||X||||||||||||||
707423|0|R-VA011SC01213NB||||R-VA011SC01213NB|11-1213|Madine Way|218|Town of Fincastle|011|Botetourt County|    Dead End| 158858|0|0|0|    11-1204 Roanoke St| 158605|0|0|.07|    10/31/2022|10|T|||||||X||24|||X||||||||||||||
707424|0|R-VA011SC01214EB||||R-VA011SC01214EB|11-1214|Vine St|218|Town of Fincastle|011|Botetourt County|    Dead End| 158616|0|0|0|    US 220 Roanoke Rd| 158615|0|0|.07|    11/01/2022|54|R|||||||X||24|||X||||||||||||||
796810|0|R-VA011SC01222EB||||R-VA011SC01222EB|11-1222|Frontier Way|218|Town of Fincastle|011|Botetourt County|    11-1223 Settlers Rd| 751701|0|0|0|    US 220 Roanoke Rd| 751700|0|0|.66|    05/07/2019|291|R|||||||X||24|||X||||||||||||||
796811|0|R-VA011SC01223EB||||R-VA011SC01223EB|11-1223|Settlers Rd|218|Town of Fincastle|011|Botetourt County|    11-1222 Frontier Way| 751702|0|0|0|    11-1222 Frontier Way| 751701|0|0|.25|    05/07/2019|107|R|||||||X||24|||X||||||||||||||
707599|0|R-VA011SC09057EB||||R-VA011SC09057EB|11-9057|Poor Farm Rd|218|Town of Fincastle|011|Botetourt County|    11-681 Poor Farm Rd| 991475|0|0|0|    Botetourt Int School| 158778|0|0|.15|    05/07/2019|857|R|||||||X||24|||X||||||||||||||
707602|0|R-VA011SC09479EB||||R-VA011SC09479EB|11-9479|Breckenridge School|218|Town of Fincastle|011|Botetourt County|    11-630 Springwood Rd|1188595|0|0|0|    Breckenridge School|1188596|0|0|.15|    05/07/2019|389|R|||||||X||24|||X||||||||||||||
