sep=|
- - 2022 AADT Report for Town of Hallwood - -
LINKID|SEQUENCENUMBER|RTE_NM|RTE_NM_2|RTE_NM_3|RTE_NM_4|Host RTE_NM|Route Label|Street Name|Physical Jurisdiction|Physical Jurisdiciton Name|Maintenance Jurisdiction|Maintenance Jurisdiciton Name|    Start Label|Start Node|Start Node Route Sequence|Star tOffset|Start Milepoint|    End Label|End Node|End Node Route Sequence|End Offset|End Milepoint|    VPDDate|AADT|AADT Quality|Passenger Vehicle|Bus|Truck 2 Axle|Truck 3 Axle|Truck 1 Trailer|Truck 2 Trailer|Class Quality|K Factor|K Factor Quality|Direction Factor|AAWDT|AAWDT Quality|AADT Dir|AADT Quality Dir|PassengerVehicle Dir|Bus Dir|Truck 2 Axle Dir|Truck 3 Axle Dir|Truck 1 Trailer Dir|Truck 2 Trailer Dir|Class Quality Dir|K Factor Dir|K Factor Quality Dir|Direction Factor Dir|AAWDT Dir|AAWDT Quality Dir
700354|0|R-VA001SC00687NB||||R-VA001SC00687NB|01-687|Bethel Church Rd|231|Town of Hallwood|001|Accomack County|    | 105401|0|0|3.92|    01-692 Main St| 105402|0|0|4.02|    10/10/2017|248|R|||||||X||24|||X||||||||||||||
300048|0|R-VA001SC00692EB||||R-VA001SC00692EB|01-692|Main St|231|Town of Hallwood|001|Accomack County|    WCL Hallwood| 105421|0|0|5.62|    01-779 Mears Station Rd| 105422|0|0|5.82|    01/01/2022|274|G|97|0|1|0|1|0|C|.108|6 |.61|270|G||||||||||||||
300049|0|R-VA001SC00692EB||||R-VA001SC00692EB|01-692|Main St|231|Town of Hallwood|001|Accomack County|    01-779 Mears Station Rd| 105422|0|0|5.82|    01-687 Bethel Church Rd| 105402|0|0|6.425|    01/01/2022|628|G|94|0|1|0|1|0|C|.106|6 |.63|621|G||||||||||||||
300050|0|R-VA001SC00692EB||||R-VA001SC00692EB|01-692|Main St|231|Town of Hallwood|001|Accomack County|    01-687 Bethel Church Rd| 105402|0|0|6.425|    ECL Hallwood| 105431|0|0|7.791|    01/01/2022|464|G|97|0|0|0|1|0|C|.103|6 |.63|459|G||||||||||||||
300052|0|R-VA001SC00693NB||||R-VA001SC00693NB|01-693|Neal Parker Dr|231|Town of Hallwood|001|Accomack County|    01-692 Main St| 105423|0|0|0|    NCL Hallwood| 105437|0|0|.28|    01/01/2022|617|G|89|1|2|1|3|0|C|.116|6 |.54|610|G||||||||||||||
300078|0|R-VA001SC00779NB||||R-VA001SC00779NB|01-779|Mears Station Rd|231|Town of Hallwood|001|Accomack County|    Physical Jurisdiction Boundary: 169 Town of Bloxom / 001 Accomack County| 105615|0|0|3.61|    01-692 Main St| 105422|0|0|3.62|    01/01/2022|1038|G|97|0|1|0|1|0|C|.105|6 |.53|1024|G||||||||||||||
700961|0|R-VA001SC02401NB||||R-VA001SC02401NB|01-2401|Church St|231|Town of Hallwood|001|Accomack County|    Dead End| 106039|0|0|0|    01-692 Main St| 105428|0|0|.15|    10/24/2017|20|R|||||||X||24|||X||||||||||||||
700962|0|R-VA001SC02402NB||||R-VA001SC02402NB|01-2402|Taylor St|231|Town of Hallwood|001|Accomack County|    SCL Hallwood| 106040|0|0|0|    01-692 Main St| 105430|0|0|.19|    10/24/2017|26|R|||||||X||24|||X||||||||||||||
700963|0|R-VA001SC02403EB||||R-VA001SC02403EB|01-2403|Marshall St|231|Town of Hallwood|001|Accomack County|    01-693 Neal Parker Dr| 105435|0|0|0|    01-692 Main St| 105424|0|0|.09|    10/24/2017|467|R|||||||X||24|||X||||||||||||||
700964|0|R-VA001SC02404NB||||R-VA001SC02404NB|01-2404|Fitzgerald St|231|Town of Hallwood|001|Accomack County|    01-692 Main St| 105429|0|0|0|    01-2405 Seaside Ave| 106041|0|0|.1|    10/24/2017|11|R|||||||X||24|||X||||||||||||||
700965|0|R-VA001SC02405EB||||R-VA001SC02405EB|01-2405|Seaside Ave|231|Town of Hallwood|001|Accomack County|    01-2409 Ridge Ave| 106042|0|0|0|    01-2404 Fitzgerald St| 106041|0|0|.08|    10/24/2017|8|R|||||||X||24|||X||||||||||||||
700966|0|R-VA001SC02406NB||||R-VA001SC02406NB|01-2406|Bloomtown Rd|231|Town of Hallwood|001|Accomack County|    01-693 S, Neal Parker Dr| 105436|0|0|0|    NCL Hallwood| 106043|0|0|.18|    10/24/2017|19|R|||||||X||24|||X||||||||||||||
700968|0|R-VA001SC02407NB||||R-VA001SC02407NB|01-2407|Railroad Ave|231|Town of Hallwood|001|Accomack County|    01-692 Main St| 105426|0|0|0|    Dead End| 106263|0|0|.15|    10/24/2017|62|R|||||||X||24|||X||||||||||||||
700969|0|R-VA001SC02408NB||||R-VA001SC02408NB|01-2408|Hall St|231|Town of Hallwood|001|Accomack County|    01-692 Main St| 105425|0|0|0|    Dead End| 106264|0|0|.16|    10/24/2017|67|R|||||||X||24|||X||||||||||||||
700970|0|R-VA001SC02409NB||||R-VA001SC02409NB|01-2409|Ridge Ave|231|Town of Hallwood|001|Accomack County|    01-692 Main St| 105427|0|0|0|    01-2405 Seaside Ave| 106042|0|0|.12|    10/24/2017|16|R|||||||X||24|||X||||||||||||||
