sep=|
- - 2022 AADT Report for Town of Mineral - -
LINKID|SEQUENCENUMBER|RTE_NM|RTE_NM_2|RTE_NM_3|RTE_NM_4|Host RTE_NM|Route Label|Street Name|Physical Jurisdiction|Physical Jurisdiciton Name|Maintenance Jurisdiction|Maintenance Jurisdiciton Name|    Start Label|Start Node|Start Node Route Sequence|Star tOffset|Start Milepoint|    End Label|End Node|End Node Route Sequence|End Offset|End Milepoint|    VPDDate|AADT|AADT Quality|Passenger Vehicle|Bus|Truck 2 Axle|Truck 3 Axle|Truck 1 Trailer|Truck 2 Trailer|Class Quality|K Factor|K Factor Quality|Direction Factor|AAWDT|AAWDT Quality|AADT Dir|AADT Quality Dir|PassengerVehicle Dir|Bus Dir|Truck 2 Axle Dir|Truck 3 Axle Dir|Truck 1 Trailer Dir|Truck 2 Trailer Dir|Class Quality Dir|K Factor Dir|K Factor Quality Dir|Direction Factor Dir|AAWDT Dir|AAWDT Quality Dir
070301|0|R-VA   SR00022EB|R-VA   SR00208NB|||R-VA   SR00022EB|VA 22, VA 208|Louisa Rd|261|Town of Mineral|054|Louisa County|    Jurisdiction Boundary: | 433631|0|0|29.66|    US 522| 867009|0|0|29.81|    01/01/2022|12131|F|96|0|1|1|2|0|C|.093|6 |.51|11850|F||||||||||||||
070301|0|R-VA   SR00208NB|R-VA   SR00022EB|||R-VA   SR00022EB|VA 22, VA 208|Louisa Rd|261|Town of Mineral|054|Louisa County|    Jurisdiction Boundary: | 433631|0|0|14.79|    US 522| 867009|0|0|14.94|    01/01/2022|12131|F|96|0|1|1|2|0|C|.093|6 |.51|11850|F||||||||||||||
070028|0|R-VA   SR00208NB|R-VA   US00522NB|||R-VA   US00522NB|US 522, VA 208|Louisa Ave|261|Town of Mineral|054|Louisa County|    SR 22, SR 208| 867009|0|0|14.94|    Physical Jurisdiction Boundary: 261 Town of Mineral / 054 Louisa County| 433614|0|0|15.33|    01/01/2022|4684|F|95|1|1|1|2|0|F|.082|6 |.59|4576|F||||||||||||||
070030|0|R-VA   US00522NB||||R-VA   US00522NB|US 522|Pendelton Rd|261|Town of Mineral|054|Louisa County|    Jurisdiction Boundary: 054 Louisa County| 433232|0|0|36.74|    SR 22, SR 208| 867009|0|0|37.4|    01/01/2022|6110|F|95|1|1|1|2|0|C|.096|6 |.58|5968|F||||||||||||||
070028|0|R-VA   US00522NB|R-VA   SR00208NB|||R-VA   US00522NB|US 522, VA 208|Louisa Ave|261|Town of Mineral|054|Louisa County|    SR 22, SR 208| 867009|0|0|37.4|    Physical Jurisdiction Boundary: 261 Town of Mineral / 054 Louisa County| 433614|0|0|37.79|    01/01/2022|4684|F|95|1|1|1|2|0|F|.082|6 |.59|4576|F||||||||||||||
405020|0|R-VA054SC00618NB||||R-VA054SC00618NB|54-618|E First St|261|Town of Mineral|054|Louisa County|    ECL Mineral| 433109|0|0|12.63|    US 522 Louisa Ave| 433114|0|0|13.17|    01/01/2022|2737|F|95|1|1|1|1|0|C|.096|6 |.64|2674|F||||||||||||||
751872|0|R-VA054SC01101EB||||R-VA054SC01101EB|54-1101|E Lee St|261|Town of Mineral|054|Louisa County|    US 522 Louisa Ave| 433427|0|0|0|    54-1102, St Cecilia Ave| 433428|0|0|.07|    02/28/2019|59|R|||||||X||24|||X||||||||||||||
751873|0|R-VA054SC01101EB||||R-VA054SC01101EB|54-1101|E Lee St|261|Town of Mineral|054|Louisa County|    54-1102, St Cecilia Ave| 433428|0|0|.07|    54-1103 Richmond Ave| 433429|0|0|.14|    02/28/2019|39|R|||||||X||24|||X||||||||||||||
751874|0|R-VA054SC01101EB||||R-VA054SC01101EB|54-1101|E Lee St|261|Town of Mineral|054|Louisa County|    54-1103 Richmond Ave| 433429|0|0|.14|    54-1104 Albemarle Ave| 433430|0|0|.21|    02/28/2019|33|R|||||||X||24|||X||||||||||||||
751875|0|R-VA054SC01101EB||||R-VA054SC01101EB|54-1101|E Lee St|261|Town of Mineral|054|Louisa County|    54-1104 Albemarle Ave| 433430|0|0|.21|    Dead End| 433431|0|0|.28|    02/28/2019|21|R|||||||X||24|||X||||||||||||||
751876|0|R-VA054SC01102NB||||R-VA054SC01102NB|54-1102|St Cecilia Ave|261|Town of Mineral|054|Louisa County|    54-618 First St| 433112|0|0|0|    54-1101 Lee St| 433428|0|0|.08|    02/28/2019|52|R|||||||X||24|||X||||||||||||||
751877|0|R-VA054SC01102NB||||R-VA054SC01102NB|54-1102|St Cecilia Ave|261|Town of Mineral|054|Louisa County|    54-1101 Lee St| 433428|0|0|.08|    US 522 Louisa Ave| 433432|0|0|.21|    02/28/2019|36|R|||||||X||24|||X||||||||||||||
751878|0|R-VA054SC01103NB||||R-VA054SC01103NB|54-1103|Richmond Ave|261|Town of Mineral|054|Louisa County|    54-1101 Lee St| 433429|0|0|0|    54-618 First St| 433111|0|0|.08|    07/25/2022|54|R|||||||X||24|||X||||||||||||||
751879|0|R-VA054SC01103NB||||R-VA054SC01103NB|54-1103|Richmond Ave|261|Town of Mineral|054|Louisa County|    54-618 First St| 433111|0|0|.08|    54-1114 Second St| 433433|0|0|.16|    03/20/2019|105|R|||||||X||24|||X||||||||||||||
751880|0|R-VA054SC01103NB||||R-VA054SC01103NB|54-1103|Richmond Ave|261|Town of Mineral|054|Louisa County|    54-1114 Second St| 433433|0|0|.16|    54-1110 Fifth St| 433434|0|0|.43|    07/25/2022|41|R|||||||X||24|||X||||||||||||||
751881|0|R-VA054SC01104NB||||R-VA054SC01104NB|54-1104|Albemarle Ave|261|Town of Mineral|054|Louisa County|    54-1114 Second St| 433435|0|0|0|    0.01 MN 54-1114 Second St| 433435|0|.01|.01|    07/25/2022|38|R|||||||X||24|||X||||||||||||||
751882|0|R-VA054SC01104NB||||R-VA054SC01104NB|54-1104|Albemarle Ave|261|Town of Mineral|054|Louisa County|    0.01 MN 54-1114 Second St| 433435|0|.01|.01|    54-618 First St| 433110|0|0|.08|    02/28/2019|39|R|||||||X||24|||X||||||||||||||
751883|0|R-VA054SC01104NB||||R-VA054SC01104NB|54-1104|Albemarle Ave|261|Town of Mineral|054|Louisa County|    54-618 First St| 433110|0|0|.08|    54-1101 Lee St| 433430|0|0|.16|    02/28/2019|21|R|||||||X||24|||X||||||||||||||
751884|0|R-VA054SC01105NB||||R-VA054SC01105NB|54-1105|Virginia Ave|261|Town of Mineral|054|Louisa County|    54-1108 Eighth St| 433449|0|0|0|    54-1115 Seventh St| 433467|0|0|.08|    02/25/2019|23|R|||||||X||24|||X||||||||||||||
751885|0|R-VA054SC01105NB||||R-VA054SC01105NB|54-1105|Virginia Ave|261|Town of Mineral|054|Louisa County|    54-1115 Seventh St| 433467|0|0|.08|    54-1110 Fifth St| 708122|0|0|.25|    07/21/2022|43|R|||||||X||24|||X||||||||||||||
751886|0|R-VA054SC01105NB||||R-VA054SC01105NB|54-1105|Virginia Ave|261|Town of Mineral|054|Louisa County|    54-1110 Fifth St| 708122|0|0|.25|    54-1116 Fourth St, Gap| 433437|0|0|.32|    02/25/2019|29|R|||||||X||24|||X||||||||||||||
751887|0|R-VA054SC01105NB||||R-VA054SC01105NB|54-1105|Virginia Ave|261|Town of Mineral|054|Louisa County|    54-1106 Gap| 433436|0|0|.32|    Dead End| 433630|0|0|.36|    02/25/2019|40|T|||||||X||24|||X||||||||||||||
751888|0|R-VA054SC01106EB||||R-VA054SC01106EB|54-1106|W Third St|261|Town of Mineral|054|Louisa County|    54-1109 St Frances Ave| 433442|0|0|0|    54-1105 Virginia Ave| 433436|0|0|.06|    02/25/2019|48|R|||||||X||24|||X||||||||||||||
751889|0|R-VA054SC01106EB||||R-VA054SC01106EB|54-1106|W Third St|261|Town of Mineral|054|Louisa County|    54-1105 Virginia Ave| 433436|0|0|.06|    54-1117 Piedmont Ave| 433441|0|0|.13|    02/25/2019|84|R|||||||X||24|||X||||||||||||||
751890|0|R-VA054SC01106EB||||R-VA054SC01106EB|54-1106|W Third St|261|Town of Mineral|054|Louisa County|    54-1117 Piedmont Ave| 433441|0|0|.13|    54-1121 St Marys Ave| 433440|0|0|.2|    02/25/2019|132|R|||||||X||24|||X||||||||||||||
751891|0|R-VA054SC01106EB||||R-VA054SC01106EB|54-1106|W Third St|261|Town of Mineral|054|Louisa County|    54-1121 St Marys Ave| 433440|0|0|.2|    US 522 Mineral Ave| 433439|0|0|.26|    02/25/2019|160|R|||||||X||24|||X||||||||||||||
751892|0|R-VA054SC01106EB||||R-VA054SC01106EB|54-1106|E Third St|261|Town of Mineral|054|Louisa County|    US 522 Mineral Ave| 433439|0|0|.26|    Dead End| 433438|0|0|.29|    07/25/2022|49|R|||||||X||24|||X||||||||||||||
751893|0|R-VA054SC01107NB||||R-VA054SC01107NB|54-1107|Louisa Ave|261|Town of Mineral|054|Louisa County|    Dead End| 433568|0|0|0|    54-1120 Sixth St| 433445|0|0|.08|    07/21/2022|34|R|||||||X||24|||X||||||||||||||
751894|0|R-VA054SC01107NB||||R-VA054SC01107NB|54-1107|Louisa Ave|261|Town of Mineral|054|Louisa County|    54-1120 Sixth St| 433445|0|0|.08|    54-1110 Fifth St| 433444|0|0|.17|    07/21/2022|340|R|||||||X||24|||X||||||||||||||
751895|0|R-VA054SC01107NB||||R-VA054SC01107NB|54-1107|Louisa Ave|261|Town of Mineral|054|Louisa County|    54-1110 Fifth St| 433444|0|0|.17|    54-1114 W, Second St| 433567|0|0|.44|    07/25/2022|119|R|||||||X||24|||X||||||||||||||
751896|0|R-VA054SC01107NB||||R-VA054SC01107NB|54-1107|Louisa Ave|261|Town of Mineral|054|Louisa County|    54-1114 E, Second St| 433443|0|0|.47|    54-618 First St| 433113|0|0|.55|    03/20/2019|168|R|||||||X||24|||X||||||||||||||
788781|0|R-VA054SC01108EB||||R-VA054SC01108EB|54-1108|W Eighth St|261|Town of Mineral|054|Louisa County|    54-1127 Chestnut Ave| 734786|0|0|0|    54-1126; Gap| 734790|0|0|.07|    07/25/2022|36|R|||||||X||24|||X||||||||||||||
751897|0|R-VA054SC01108EB||||R-VA054SC01108EB|54-1108|W Eighth St|261|Town of Mineral|054|Louisa County|    54-1109 St Frances Ave| 433450|0|0|.07|    54-1105 Virginia Ave| 433449|0|0|.14|    02/26/2019|96|R|||||||X||24|||X||||||||||||||
751898|0|R-VA054SC01108EB||||R-VA054SC01108EB|54-1108|W Eighth St|261|Town of Mineral|054|Louisa County|    54-1105 Virginia Ave| 433449|0|0|.14|    54-1117 Piedmont Ave| 433448|0|0|.2|    02/25/2019|184|R|||||||X||24|||X||||||||||||||
751899|0|R-VA054SC01108EB||||R-VA054SC01108EB|54-1108|W Eighth St|261|Town of Mineral|054|Louisa County|    54-1117 Piedmont Ave| 433448|0|0|.2|    US 522 Mineral Ave| 433447|0|0|.346|    02/25/2019|191|R|||||||X||24|||X||||||||||||||
751900|0|R-VA054SC01108EB||||R-VA054SC01108EB|54-1108|E Eighth St|261|Town of Mineral|054|Louisa County|    US 522 Mineral Ave| 433447|0|0|.346|    Dead End| 433446|0|0|.37|    07/25/2022|5|R|||||||X||24|||X||||||||||||||
751901|0|R-VA054SC01109NB||||R-VA054SC01109NB|54-1109|St Frances Ave|261|Town of Mineral|054|Louisa County|    54-665 Kennon Rd| 433233|0|0|0|    54-1123 Ninth St| 433453|0|0|.13|    02/25/2019|41|R|||||||X||24|||X||||||||||||||
751902|0|R-VA054SC01109NB||||R-VA054SC01109NB|54-1109|St Frances Ave|261|Town of Mineral|054|Louisa County|    54-1123 Ninth St| 433453|0|0|.13|    54-1108 Third St| 433450|0|0|.21|    02/25/2019|114|R|||||||X||24|||X||||||||||||||
751903|0|R-VA054SC01109NB||||R-VA054SC01109NB|54-1109|St Frances Ave|261|Town of Mineral|054|Louisa County|    54-1108 Eighth St| 433450|0|0|.21|    54-1115 Seventh St| 433452|0|0|.29|    02/25/2019|55|R|||||||X||24|||X||||||||||||||
751904|0|R-VA054SC01109NB||||R-VA054SC01109NB|54-1109|St Frances Ave|261|Town of Mineral|054|Louisa County|    54-1115 Seventh St| 433452|0|0|.29|    54-1116 Fourth St| 433451|0|0|.56|    02/25/2019|48|R|||||||X||24|||X||||||||||||||
751905|0|R-VA054SC01109NB||||R-VA054SC01109NB|54-1109|St Frances Ave|261|Town of Mineral|054|Louisa County|    54-1116 Fourth St| 433451|0|0|.56|    54-1106 Third St| 433442|0|0|.64|    02/26/2019|69|R|||||||X||24|||X||||||||||||||
751906|0|R-VA054SC01110EB||||R-VA054SC01110EB|54-1110|W Fifth St|261|Town of Mineral|054|Louisa County|    54-1105 Virginia Ave| 708122|0|0|0|    54-1117 Piedmont Ave| 433454|0|0|.07|    02/26/2019|50|R|||||||X||24|||X||||||||||||||
751907|0|R-VA054SC01110EB||||R-VA054SC01110EB|54-1110|W Fifth St|261|Town of Mineral|054|Louisa County|    54-1117 Piedmont Ave| 433454|0|0|.07|    54-1118 St Marys Ave| 433455|0|0|.13|    02/26/2019|111|R|||||||X||24|||X||||||||||||||
751908|0|R-VA054SC01110EB||||R-VA054SC01110EB|54-1110|W Fifth St|261|Town of Mineral|054|Louisa County|    54-1118 St Marys Ave| 433455|0|0|.13|    US 522 Mineral Ave| 433456|0|0|.18|    02/26/2019|235|R|||||||X||24|||X||||||||||||||
751909|0|R-VA054SC01110EB||||R-VA054SC01110EB|54-1110|E Fifth St|261|Town of Mineral|054|Louisa County|    US 522 Mineral Ave| 433456|0|0|.18|    54-1107 Louisa Ave| 433444|0|0|.25|    07/21/2022|597|R|||||||X||24|||X||||||||||||||
751910|0|R-VA054SC01110EB||||R-VA054SC01110EB|54-1110|E Fifth St|261|Town of Mineral|054|Louisa County|    54-1107 Louisa Ave| 433444|0|0|.25|    54-1103 Richmond Ave| 433434|0|0|.356|    07/21/2022|158|R|||||||X||24|||X||||||||||||||
751911|0|R-VA054SC01110EB||||R-VA054SC01110EB|54-1110|E Fifth St|261|Town of Mineral|054|Louisa County|    54-1103 Richmond Ave| 433434|0|0|.356|    Dead End| 747385|0|0|.46|    07/21/2022|40|T|||||||X||24|||X||||||||||||||
751913|0|R-VA054SC01111EB||||R-VA054SC01111EB|54-1111|W Second St|261|Town of Mineral|054|Louisa County|    Dead End| 433571|0|0|0|    54-1117 Piedmont Ave| 433460|0|0|.13|    07/20/2022|66|R|||||||X||24|||X||||||||||||||
751914|0|R-VA054SC01111EB||||R-VA054SC01111EB|54-1111|W Second St|261|Town of Mineral|054|Louisa County|    54-1117 Piedmont Ave| 433460|0|0|.13|    54-1121 St Marys Ave| 433459|0|0|.14|    03/20/2019|85|R|||||||X||24|||X||||||||||||||
751915|0|R-VA054SC01111EB||||R-VA054SC01111EB|54-1111|W Second St|261|Town of Mineral|054|Louisa County|    54-1121 St Marys Ave| 433459|0|0|.14|    US 522 Mineral Ave| 433458|0|0|.19|    03/20/2019|91|R|||||||X||24|||X||||||||||||||
751916|0|R-VA054SC01111EB||||R-VA054SC01111EB|54-1111|E Second St|261|Town of Mineral|054|Louisa County|    US 522 Mineral Ave| 433458|0|0|.19|    54-1125 Railroad Ave| 433457|0|0|.21|    06/12/2019|258|R|||||||X||24|||X||||||||||||||
751917|0|R-VA054SC01112EB||||R-VA054SC01112EB|54-1112|W First St|261|Town of Mineral|054|Louisa County|    Dead End| 433461|0|0|0|    US 522; SR 22| 867009|0|0|.04|    07/20/2022|250|T|||||||X||24|||X||||||||||||||
751918|0|R-VA054SC01113EB||||R-VA054SC01113EB|54-1113|Sixth St|261|Town of Mineral|054|Louisa County|    Dead End| 433597|0|0|0|    54-1118, St Marys Ave| 433463|0|0|.06|    07/21/2022|55|T|||||||X||24|||X||||||||||||||
751919|0|R-VA054SC01113EB||||R-VA054SC01113EB|54-1113|Sixth St|261|Town of Mineral|054|Louisa County|    54-1118, St Marys Ave| 433463|0|0|.06|    US 522 Mineral Ave| 433462|0|0|.11|    07/21/2022|73|R|||||||X||24|||X||||||||||||||
751920|0|R-VA054SC01114EB||||R-VA054SC01114EB|54-1114|E Second St|261|Town of Mineral|054|Louisa County|    54-1119 Firemans Ave| 433464|0|0|0|    54-1107 W, Louisa Ave| 433567|0|0|.02|    03/20/2019|105|R|||||||X||24|||X||||||||||||||
751921|0|R-VA054SC01114EB||||R-VA054SC01114EB|54-1114|E Second St|261|Town of Mineral|054|Louisa County|    54-1107 W, Louisa Ave| 433567|0|0|.02|    54-1107 E, Louisa Ave| 433443|0|0|.05|    03/20/2019|193|R|||||||X||24|||X||||||||||||||
751922|0|R-VA054SC01114EB||||R-VA054SC01114EB|54-1114|E Second St|261|Town of Mineral|054|Louisa County|    54-1107 E, Louisa Ave| 433443|0|0|.05|    54-1103 Richmond Ave| 433433|0|0|.16|    03/20/2019|87|R|||||||X||24|||X||||||||||||||
751923|0|R-VA054SC01114EB||||R-VA054SC01114EB|54-1114|E Second St|261|Town of Mineral|054|Louisa County|    54-1103 Richmond Ave| 433433|0|0|.16|    0.02 ME 54-1103 Richmond Ave| 433433|0|.02|.18|    03/20/2019|84|R|||||||X||24|||X||||||||||||||
751924|0|R-VA054SC01114EB||||R-VA054SC01114EB|54-1114|E Second St|261|Town of Mineral|054|Louisa County|    0.02 ME 54-1103 Richmond Ave| 433433|0|.02|.18|    54-1104 Albemarle Ave| 433435|0|0|.23|    10/11/2022|34|R|||||||X||24|||X||||||||||||||
751925|0|R-VA054SC01115EB||||R-VA054SC01115EB|54-1115|W Seventh St|261|Town of Mineral|054|Louisa County|    54-1127 Chestnut Ave| 734248|0|0|0|    54-1109, St Frances Ave| 433452|0|0|.21|    02/25/2019|60|R|||||||X||24|||X||||||||||||||
751926|0|R-VA054SC01115EB||||R-VA054SC01115EB|54-1115|W Seventh St|261|Town of Mineral|054|Louisa County|    54-1109, St Frances Ave| 433452|0|0|.21|    54-1105 Virginia Ave| 433467|0|0|.28|    02/25/2019|112|R|||||||X||24|||X||||||||||||||
751927|0|R-VA054SC01115EB||||R-VA054SC01115EB|54-1115|W Seventh St|261|Town of Mineral|054|Louisa County|    54-1105 Virginia Ave| 433467|0|0|.28|    54-1117 Piedmont Ave| 433466|0|0|.34|    02/25/2019|120|R|||||||X||24|||X||||||||||||||
751929|0|R-VA054SC01115EB||||R-VA054SC01115EB|54-1115|W Seventh St|261|Town of Mineral|054|Louisa County|    54-1117 Piedmont Ave| 433466|0|0|.34|    US 522 Mineral Ave| 433465|0|0|.46|    02/15/2019|132|R|||||||X||24|||X||||||||||||||
751930|0|R-VA054SC01116EB||||R-VA054SC01116EB|54-1116|W Fourth St|261|Town of Mineral|054|Louisa County|    54-1109, St Frances Ave| 433451|0|0|0|    54-1105 Virginia Ave| 433437|0|0|.06|    02/25/2019|80|R|||||||X||24|||X||||||||||||||
751931|0|R-VA054SC01116EB||||R-VA054SC01116EB|54-1116|W Fourth St|261|Town of Mineral|054|Louisa County|    54-1105 Virginia Ave| 433437|0|0|.06|    54-1117 Piedmont Ave| 433470|0|0|.13|    02/25/2019|91|R|||||||X||24|||X||||||||||||||
751932|0|R-VA054SC01116EB||||R-VA054SC01116EB|54-1116|W Fourth St|261|Town of Mineral|054|Louisa County|    54-1117 Piedmont Ave| 433470|0|0|.13|    54-1118, St Marys Ave| 433469|0|0|.19|    02/25/2019|120|R|||||||X||24|||X||||||||||||||
751933|0|R-VA054SC01116EB||||R-VA054SC01116EB|54-1116|W Fourth St|261|Town of Mineral|054|Louisa County|    54-1118, St Marys Ave| 433469|0|0|.19|    US 522 Mineral Ave| 433468|0|0|.24|    02/25/2019|138|R|||||||X||24|||X||||||||||||||
751934|0|R-VA054SC01116EB||||R-VA054SC01116EB|54-1116|E Fourth St|261|Town of Mineral|054|Louisa County|    US 522 Mineral Ave| 433468|0|0|.24|    Dead End| 433573|0|0|.27|    07/25/2022|93|R|||||||X||24|||X||||||||||||||
751935|0|R-VA054SC01117NB||||R-VA054SC01117NB|54-1117|Piedmont Ave|261|Town of Mineral|054|Louisa County|    54-1108 Eighth St| 433448|0|0|0|    54-1115 Seventh St| 433466|0|0|.08|    02/25/2019|61|R|||||||X||24|||X||||||||||||||
751936|0|R-VA054SC01117NB||||R-VA054SC01117NB|54-1117|Piedmont Ave|261|Town of Mineral|054|Louisa County|    54-1115 Seventh St| 433466|0|0|.08|    54-1110 Fifth St| 433454|0|0|.28|    02/26/2019|77|R|||||||X||24|||X||||||||||||||
751937|0|R-VA054SC01117NB||||R-VA054SC01117NB|54-1117|Piedmont Ave|261|Town of Mineral|054|Louisa County|    54-1110 Fifth St| 433454|0|0|.28|    54-1116; Gap| 433470|0|0|.35|    02/26/2019|40|R|||||||X||24|||X||||||||||||||
751938|0|R-VA054SC01117NB||||R-VA054SC01117NB|54-1117|Piedmont Ave|261|Town of Mineral|054|Louisa County|    54-1106; Gap| 433441|0|0|.35|    54-1111, W Second St| 433460|0|0|.43|    07/21/2022|16|R|||||||X||24|||X||||||||||||||
751939|0|R-VA054SC01118NB||||R-VA054SC01118NB|54-1118|St Marys Ave|261|Town of Mineral|054|Louisa County|    54-1113 Sixth St| 433463|0|0|0|    54-1110 Fifth St| 433455|0|0|.09|    07/21/2022|22|R|||||||X||24|||X||||||||||||||
751940|0|R-VA054SC01118NB||||R-VA054SC01118NB|54-1118|St Marys Ave|261|Town of Mineral|054|Louisa County|    54-1110 Fifth St| 433455|0|0|.09|    54-1116 Fourth St| 433469|0|0|.16|    07/21/2022|6|R|||||||X||24|||X||||||||||||||
751941|0|R-VA054SC01119NB||||R-VA054SC01119NB|54-1119|Firemans Ave|261|Town of Mineral|054|Louisa County|    US 522 Louisa Ave| 433471|0|0|0|    54-1114 Second St| 433464|0|0|.08|    03/20/2019|110|R|||||||X||24|||X||||||||||||||
751942|0|R-VA054SC01120EB||||R-VA054SC01120EB|54-1120|E Sixth St|261|Town of Mineral|054|Louisa County|    54-1107 Louisa Ave| 433445|0|0|0|    Dead End| 433574|0|0|.04|    07/21/2022|49|R|||||||X||24|||X||||||||||||||
751943|0|R-VA054SC01121NB||||R-VA054SC01121NB|54-1121|St Marys Ave|261|Town of Mineral|054|Louisa County|    54-1106 Third St| 433440|0|0|0|    54-1111, W Second St| 433459|0|0|.08|    07/21/2022|30|R|||||||X||24|||X||||||||||||||
751944|0|R-VA054SC01121NB||||R-VA054SC01121NB|54-1121|St Marys Ave|261|Town of Mineral|054|Louisa County|    54-1111, W Second St| 433459|0|0|.08|    Dead End| 433575|0|0|.12|    06/10/2019|5|T|||||||X||24|||X||||||||||||||
751945|0|R-VA054SC01123EB||||R-VA054SC01123EB|54-1123|Ninth St|261|Town of Mineral|054|Louisa County|    54-1127 Chestnut Ave| 706104|0|0|0|    54-1126| 433473|0|0|.07|    02/25/2019|41|R|||||||X||24|||X||||||||||||||
751946|0|R-VA054SC01123EB||||R-VA054SC01123EB|54-1123|Ninth St|261|Town of Mineral|054|Louisa County|    54-1126 Forest Ave| 433473|0|0|.07|    54-1124 Park Ave| 433472|0|0|.14|    02/25/2019|49|R|||||||X||24|||X||||||||||||||
751947|0|R-VA054SC01123EB||||R-VA054SC01123EB|54-1123|Ninth St|261|Town of Mineral|054|Louisa County|    54-1124 Park Ave| 433472|0|0|.14|    54-1109, St Francis Ave| 433453|0|0|.21|    02/25/2019|90|R|||||||X||24|||X||||||||||||||
751948|0|R-VA054SC01124NB||||R-VA054SC01124NB|54-1124|Park Ave|261|Town of Mineral|054|Louisa County|    SCL Mineral| 433474|0|0|0|    54-1123 Ninth St| 433472|0|0|.12|    02/25/2019|31|R|||||||X||24|||X||||||||||||||
751949|0|R-VA054SC01124NB||||R-VA054SC01124NB|54-1124|Park Ave|261|Town of Mineral|054|Louisa County|    54-1123 Ninth St| 433472|0|0|.12|    Dead End| 433577|0|0|.16|    07/21/2022|22|R|||||||X||24|||X||||||||||||||
751950|0|R-VA054SC01125NB||||R-VA054SC01125NB|54-1125|Railroad Ave|261|Town of Mineral|054|Louisa County|    54-1111 Second St| 433457|0|0|0|    US 522 Louisa Ave| 433475|0|0|.08|    02/25/2019|345|R|||||||X||24|||X||||||||||||||
751951|0|R-VA054SC01126NB||||R-VA054SC01126NB|54-1126|Forest Ave|261|Town of Mineral|054|Louisa County|    54-1123 Ninth St| 433473|0|0|0|    54-1108 Eighth St| 433578|0|0|.03|    07/21/2022|22|R|||||||X||24|||X||||||||||||||
788782|0|R-VA054SC01126NB||||R-VA054SC01126NB|54-1126|Forest Ave|261|Town of Mineral|054|Louisa County|    54-1108 Eighth St| 734790|0|0|.03|    54-1115 Seventh St| 734791|0|0|.11|    07/21/2022|22|R|||||||X||24|||X||||||||||||||
751952|0|R-VA054SC01127NB||||R-VA054SC01127NB|54-1127|Chestnut Ave|261|Town of Mineral|054|Louisa County|    54-1123 Ninth St| 706104|0|0|0|    54-1115 Seventh St| 734248|0|0|.15|    07/21/2022|40|R|||||||X||24|||X||||||||||||||
