sep=|
- - 2022 AADT Report for Town of White Stone - -
LINKID|SEQUENCENUMBER|RTE_NM|RTE_NM_2|RTE_NM_3|RTE_NM_4|Host RTE_NM|Route Label|Street Name|Physical Jurisdiction|Physical Jurisdiciton Name|Maintenance Jurisdiction|Maintenance Jurisdiciton Name|    Start Label|Start Node|Start Node Route Sequence|Star tOffset|Start Milepoint|    End Label|End Node|End Node Route Sequence|End Offset|End Milepoint|    VPDDate|AADT|AADT Quality|Passenger Vehicle|Bus|Truck 2 Axle|Truck 3 Axle|Truck 1 Trailer|Truck 2 Trailer|Class Quality|K Factor|K Factor Quality|Direction Factor|AAWDT|AAWDT Quality|AADT Dir|AADT Quality Dir|PassengerVehicle Dir|Bus Dir|Truck 2 Axle Dir|Truck 3 Axle Dir|Truck 1 Trailer Dir|Truck 2 Trailer Dir|Class Quality Dir|K Factor Dir|K Factor Quality Dir|Direction Factor Dir|AAWDT Dir|AAWDT Quality Dir
160064|0|R-VA   SR00003EB||||R-VA   SR00003EB|VA 3|Historyland Hwy|327|Town of White Stone|051|Lancaster County|    | 418544|0|0|124.75|    SR 200 E Int| 418267|0|0|125.14|    01/01/2022|8862|G|95|1|1|1|2|0|F|.093|6 |.53|8909|G||||||||||||||
160090|0|R-VA   SR00003EB||||R-VA   SR00003EB|VA 3|Historyland Hwy|327|Town of White Stone|051|Lancaster County|    SR 200 E Int| 418267|0|0|125.14|    Physical Jurisdiction Boundary: 327 Town of White Stone / 051 Lancaster County| 418543|0|0|125.6|    01/01/2022|7559|A|95|1|1|1|2|0|C|.107|1 |.51|7979|A||||||||||||||
060246|0|R-VA   SR00200NB||||R-VA   SR00200NB|VA 200|Irvington Rd|327|Town of White Stone|051|Lancaster County|    SR 3 Rappahannock Dr| 418267|0|0|0|    Physical Jurisdiction Boundary: 327 Town of White Stone / 051 Lancaster County| 418562|0|0|.34|    01/01/2022|7021|G|98|0|1|1|0|0|C|.09|6 |.5|6914|G||||||||||||||
748770|0|R-VA051SC00638NB||||R-VA051SC00638NB|51-638|Cherry Point Dr|327|Town of White Stone|051|Lancaster County|    SCL Whitestone| 418135|0|0|.77|    51-652 Shady Lane; 51-1204 Boles Ave| 418136|0|0|1.27|    07/21/2020|276|R|||||||X||24|||X||||||||||||||
748771|0|R-VA051SC00638NB||||R-VA051SC00638NB|51-638|Cherry Point Dr|327|Town of White Stone|051|Lancaster County|    51-652 Shady Lane; 51-1204| 418136|0|0|1.27|    SR 3 W, Rappahannock Dr| 418462|0|0|1.4|    07/21/2020|882|R|||||||X||24|||X||||||||||||||
783226|0|R-VA051SC00638NB||||R-VA051SC00638NB|51-638|Blueberry Point Rd|327|Town of White Stone|051|Lancaster County|    SR 3 E, Rappahannock Dr| 418137|0|0|1.47|    Physical Jurisdiction Boundary: 327 Town of White Stone / 051 Lancaster County| 418138|0|0|1.6|    07/21/2020|187|R|||||||X||24|||X||||||||||||||
748775|0|R-VA051SC00639NB||||R-VA051SC00639NB|51-639|Beach Rd|327|Town of White Stone|051|Lancaster County|    | 418144|0|0|.49|    51-652 Shady Lane| 418143|0|0|.91|    07/21/2020|153|R|||||||X||24|||X||||||||||||||
302182|0|R-VA051SC00639NB||||R-VA051SC00639NB|51-639|Beach Rd|327|Town of White Stone|051|Lancaster County|    51-652 Shady Lane| 418143|0|0|.91|    51-695 Chesapeake Dr| 418140|0|0|1.3|    01/01/2022|652|G|97|0|1|1|0|0|C|.082|6 |.59|643|G||||||||||||||
748780|0|R-VA051SC00642EB||||R-VA051SC00642EB|51-642|Little Bay Rd|327|Town of White Stone|051|Lancaster County|    51-695 Windmill Point Rd| 418153|0|0|0|    Physical Jurisdiction Boundary: 327 Town of White Stone / 051 Lancaster County| 418154|0|0|.22|    07/21/2020|364|R|||||||X||24|||X||||||||||||||
748804|0|R-VA051SC00652EB||||R-VA051SC00652EB|51-652|Shady Lane|327|Town of White Stone|051|Lancaster County|    51-638; 51-1204 Boles Ave| 418136|0|0|0|    51-639 Beach Rd| 418143|0|0|.28|    07/21/2020|578|R|||||||X||24|||X||||||||||||||
302189|0|R-VA051SC00695EB||||R-VA051SC00695EB|51-695|Chesapeake Dr|327|Town of White Stone|051|Lancaster County|    SR 3 Rappahannock Dr| 418267|0|0|0|    51-639 Beach Rd| 418140|0|0|.2|    01/01/2022|3350|G|96|0|1|1|0|0|C|.088|6 |.55|3302|G||||||||||||||
302190|0|R-VA051SC00695EB||||R-VA051SC00695EB|51-695|Chesapeake Dr|327|Town of White Stone|051|Lancaster County|    51-639 Beach Rd| 418140|0|0|.2|    SCL Whitestone| 418268|0|0|.62|    01/01/2022|2652|G|96|0|1|1|1|0|C|.093|6 |.51|2614|G||||||||||||||
748880|0|R-VA051SC00698NB||||R-VA051SC00698NB|51-698|Sandlin Dr|327|Town of White Stone|051|Lancaster County|    51-735 Sandlin Dr| 418277|0|0|0|    SR 200 Irvington Rd| 418276|0|0|.09|    08/08/2017|271|R|||||||X||24|||X||||||||||||||
748918|0|R-VA051SC00735NB||||R-VA051SC00735NB|51-735|Sandlin Dr|327|Town of White Stone|051|Lancaster County|    SR 3 Rappahannock Dr| 418320|0|0|0|    51-736 Rose Lane| 418321|0|0|.11|    08/08/2017|582|R|||||||X||24|||X||||||||||||||
748919|0|R-VA051SC00735NB||||R-VA051SC00735NB|51-735|Sandlin Dr|327|Town of White Stone|051|Lancaster County|    51-736 Rose Lane| 418321|0|0|.11|    51-698 Sandlin Dr| 418277|0|0|.17|    08/08/2017|361|R|||||||X||24|||X||||||||||||||
748920|0|R-VA051SC00736EB||||R-VA051SC00736EB|51-736|Rose Lane|327|Town of White Stone|051|Lancaster County|    SR 200 Irvington Rd| 418322|0|0|0|    51-735 Sandlin Dr| 418321|0|0|.09|    08/23/2017|231|R|||||||X||24|||X||||||||||||||
749111|0|R-VA051SC01200NB||||R-VA051SC01200NB|51-1200|Bruce Ave|327|Town of White Stone|051|Lancaster County|    Cul-de-Sac| 418443|0|0|0|    51-1201 Bruce Ave| 418442|0|0|.1|    06/19/2017|30|T|||||||X||24|||X||||||||||||||
749112|0|R-VA051SC01201EB||||R-VA051SC01201EB|51-1201|Bruce Ave|327|Town of White Stone|051|Lancaster County|    51-639 Beach Rd| 418142|0|0|0|    51-1202 Pine Dr| 418444|0|0|.06|    07/21/2020|124|R|||||||X||24|||X||||||||||||||
749113|0|R-VA051SC01201EB||||R-VA051SC01201EB|51-1201|Bruce Ave|327|Town of White Stone|051|Lancaster County|    51-1202 Pine Dr| 418444|0|0|.06|    51-1200 Bruce Ave| 418442|0|0|.12|    07/21/2020|53|R|||||||X||24|||X||||||||||||||
749114|0|R-VA051SC01202NB||||R-VA051SC01202NB|51-1202|Pine Dr|327|Town of White Stone|051|Lancaster County|    Dead End| 418538|0|0|0|    51-1201 Bruce Ave| 418444|0|0|.1|    06/19/2017|20|T|||||||X||24|||X||||||||||||||
749115|0|R-VA051SC01203EB||||R-VA051SC01203EB|51-1203|Birch Dr|327|Town of White Stone|051|Lancaster County|    Dead End| 418537|0|0|0|    51-639 Beach Rd| 418141|0|0|.04|    06/19/2017|60|T|||||||X||24|||X||||||||||||||
749116|0|R-VA051SC01204EB||||R-VA051SC01204EB|51-1204|Boles Ave|327|Town of White Stone|051|Lancaster County|    51-638; 51-652 Shady Lane| 418136|0|0|0|    Dead End| 418445|0|0|.37|    06/19/2017|50|T|||||||X||24|||X||||||||||||||
749117|0|R-VA051SC01206EB||||R-VA051SC01206EB|51-1206|Forest Haven Dr|327|Town of White Stone|051|Lancaster County|    Cul-de-Sac| 710941|0|0|0|    51-638 Cherry Point Dr| 710938|0|0|.09|    06/19/2017|50|T|||||||X||24|||X||||||||||||||
749118|0|R-VA051SC01208NB||||R-VA051SC01208NB|51-1208|Dawson Ave|327|Town of White Stone|051|Lancaster County|    51-652 Shady Lane| 705845|0|0|0|    Cul-de-Sac| 705846|0|0|.16|    06/19/2017|60|T|||||||X||24|||X||||||||||||||
