sep=|
- - 2022 AADT Report for Town of Bluefield - -
LINKID|SEQUENCENUMBER|RTE_NM|RTE_NM_2|RTE_NM_3|RTE_NM_4|Host RTE_NM|Route Label|Street Name|Physical Jurisdiction|Physical Jurisdiciton Name|Maintenance Jurisdiction|Maintenance Jurisdiciton Name|    Start Label|Start Node|Start Node Route Sequence|Star tOffset|Start Milepoint|    End Label|End Node|End Node Route Sequence|End Offset|End Milepoint|    VPDDate|AADT|AADT Quality|Passenger Vehicle|Bus|Truck 2 Axle|Truck 3 Axle|Truck 1 Trailer|Truck 2 Trailer|Class Quality|K Factor|K Factor Quality|Direction Factor|AAWDT|AAWDT Quality|AADT Dir|AADT Quality Dir|PassengerVehicle Dir|Bus Dir|Truck 2 Axle Dir|Truck 3 Axle Dir|Truck 1 Trailer Dir|Truck 2 Trailer Dir|Class Quality Dir|K Factor Dir|K Factor Quality Dir|Direction Factor Dir|AAWDT Dir|AAWDT Quality Dir
780796|0|R-VA   FR00868EB||||R-VA   FR00868EB|FR 868| |143|Town of Bluefield|092|Tazewell County|    Dead End| 636806|0|0|0|    US 460| 636805|0|0|.13|    08/07/2015|40|R|||||||X||24|||X||||||||||||||
609002|0|R-VA   SR00102NB||||R-VA   SR00102NB|VA 102|Stadium Dr|143|Town of Bluefield|143|Town of Bluefield|    West Virginia State Line|1270328|0|0|0|    College Ave| 636738|0|0|.225|    01/01/2022|6976|G|99|0|0|0|0|0|F|.078|6 |.53|7400|G||||||||||||||
609003|0|R-VA   SR00102NB||||R-VA   SR00102NB|VA 102|College Ave|143|Town of Bluefield|143|Town of Bluefield|    Stadium Dr| 636738|0|0|.225|    Valleydale St| 704929|0|0|1.15|    01/01/2022|10970|G|99|0|0|0|0|0|C|.09|6 |.52|11707|G||||||||||||||
609004|0|R-VA   SR00102NB||||R-VA   SR00102NB|VA 102|College Ave|143|Town of Bluefield|143|Town of Bluefield|    Valleydale St| 704929|0|0|1.15|    Rollins St| 636737|0|0|1.95|    01/01/2022|8076|G|98|0|0|0|1|0|C|.086|6 |.51|8567|G||||||||||||||
609005|0|R-VA   SR00102NB||||R-VA   SR00102NB|VA 102|College Ave|143|Town of Bluefield|143|Town of Bluefield|    Rollins St| 636737|0|0|1.95|    Tazewell Ave| 636735|0|0|2.26|    01/01/2022|8072|G|98|0|0|0|1|0|F|.084|6 |.51|8563|G||||||||||||||
609006|0|R-VA   SR00102NB||||R-VA   SR00102NB|VA 102|College Ave|143|Town of Bluefield|143|Town of Bluefield|    Tazewell Ave| 636735|0|0|2.26|    US 19; US 460 Virginia Ave| 636687|0|0|2.33|    01/01/2022|7037|G|98|0|0|0|1|0|F|.087|6 |.51|7465|G||||||||||||||
609007|0|R-VA   SR00102NB||||R-VA   SR00102NB|VA 102|College Ave|143|Town of Bluefield|143|Town of Bluefield|    US 19; US 460 Virginia Ave| 636687|0|0|2.33|    | 636734|0|0|2.91|    01/01/2022|3482|G|95|0|1|1|3|0|C|.092|6 |.59|3694|G||||||||||||||
609019|0|R-VA   US00019NB||||R-VA   US00019NB|US 19| |143|Town of Bluefield|143|Town of Bluefield|    |1007438|0|0|86.078|    Montrose St| 712919|0|0|87.23|    01/01/2022|3092|G|96|1|1|1|1|0|C|.111|6 |.59|3300|G||||||||||||||
609020|0|R-VA   US00019NB||||R-VA   US00019NB|US 19|Virginia Ave|143|Town of Bluefield|143|Town of Bluefield|    Montrose St| 712919|0|0|87.23|    Walnut St| 714228|0|0|88.18|    01/01/2022|2697|G|94|0|3|2|1|0|C|.097|6 |.53|2878|G||||||||||||||
609021|0|R-VA   US00019NB||||R-VA   US00019NB|US 19|Walnut Ave|143|Town of Bluefield|143|Town of Bluefield|    Tazewell Ave| 714228|0|0|88.18|    SR 102 College Ave| 636687|0|0|88.23|    01/01/2022|669|G|96|0|1|1|1|0|C|.095|6 |.93|711|G||||||||||||||
609022|0|R-VA   US00019NB||||R-VA   US00019NB|US 19| |143|Town of Bluefield|143|Town of Bluefield|    SR 102 College Ave| 636687|0|0|88.23|    |  50000|0|0|89.03|    01/01/2022|3719|G|94|1|1|1|3|0|F|.093|6 |.55|3969|G||||||||||||||
010367|0|R-VA   US00460EB||||R-VA   US00460EB|US 460| |143|Town of Bluefield|092|Tazewell County|    Jurisdiction Boundary: 092 Tazewell County| 636746|0|0|77.66|    | 708762|0|0|79.52|    01/01/2022|10836|G|95|1|1|1|3|0|F|.091|6 |.58|12011|G||||||||||||||
010505|0|R-VA   US00460EB||||R-VA   US00460EB|US 460| |143|Town of Bluefield|092|Tazewell County|    92-720| 708762|0|0|79.52|    FR-868| 636805|0|0|80.78|    01/01/2022|15201|G|95|1|1|1|3|0|F|.09|6 |.54|16850|G||||||||||||||
010366|0|R-VA   US00460EB||||R-VA   US00460EB|US 460| |143|Town of Bluefield|092|Tazewell County|    FR-868| 636805|0|0|80.78|    West Virginia State Line|  50752|0|0|80.87|    01/01/2022|17722|G|94|0|1|1|3|0|C|.092|6 |.52|19645|G||||||||||||||
804163|0|R-VA   US00460EB      RMP077.00A||||R-VA   US00460EB      RMP077.00A|US 460  EB EXIT 77A|Ramp|143|Town of Bluefield|092|Tazewell County|    US-00460(B)/RAMP TO 143-03250| 708757|0|0|0|    143-03250(B)/RAMP FROM RT. 460| 708814|0|0|.16|    01/01/2022|439|F|||||||X|.174|6 |1|439|F||||||||||||||
804164|0|R-VA   US00460EB      RMP078.00A||||R-VA   US00460EB      RMP078.00A|US 460  EB EXIT 78A|Ramp|143|Town of Bluefield|092|Tazewell County|    US-00460(B)/FROM US460| 714455|0|0|0|    143-03250(B)/143-03250-E002A(U)/FROM US460| 708823|0|0|.11|    01/01/2022|1037|F|||||||X|.12|6 |1|1037|F||||||||||||||
804180|0|R-VA   US00460WB      RMP077.00A||||R-VA   US00460WB      RMP077.00A|US 460  WB EXIT 77A|Ramp|143|Town of Bluefield|092|Tazewell County|    US-00460(B)/RAMP TO RT 3250| 708758|0|0|0|    143-03250(B)/143-00002(U)/143-03250- 001A(L)/| 708813|0|0|.22|    01/01/2022|809|F|||||||X||24||809|F||||||||||||||
804181|0|R-VA   US00460WB      RMP079.00A||||R-VA   US00460WB      RMP079.00A|US 460  WB EXIT 79A|Ramp|143|Town of Bluefield|092|Tazewell County|    US-00460(B)/TO 14303250| 708763|0|0|0|    143-03250(B)/143-03250- 002A(R)/FROM US460W| 708826|0|0|.25|    01/01/2022|2076|F|||||||X|.114|6 |1|2076|F||||||||||||||
775966|0|R-VA092SC00731NB||||R-VA092SC00731NB|92-731|Herndon St|143|Town of Bluefield|092|Tazewell County|    Dead End| 636340|0|0|0|    US 19| 636339|0|0|.07|    07/31/2015|50|T|||||||X||24|||X||||||||||||||
775987|0|R-VA092SC00749NB||||R-VA092SC00749NB|92-749|Denton St|143|Town of Bluefield|092|Tazewell County|    Dead End| 636366|0|0|0|    US 19| 636365|0|0|.07|    07/31/2015|55|T|||||||X||24|||X||||||||||||||
804316|0|R-VA143UR03250EB      RMP002.00A||||R-VA143UR03250EB      RMP002.00A|143-3250  EB EXIT 2A|Ramp|143|Town of Bluefield|092|Tazewell County|    Valley Dale St|1265588|0|0|0|    US 460| 708762|0|0|.12|    01/01/2022|899|F|99|0|1|0|0|0|C|.139|6 |1|899|F||||||||||||||
609013|0|S-VA143PR GRAHAM AVE||||S-VA143PR GRAHAM AVE|Graham Ave|Graham Ave|143|Town of Bluefield|143|Town of Bluefield|    College Ave| 636815|0|0|0|    |1007340|0|0|.297|    01/01/2022|1708|G|97|0|1|1|0|0|C|.109|6 |.65|1812|G||||||||||||||
509003|1|S-VA143PR HICKS ST||||S-VA143PR HICKS ST|Hicks St|Hicks St|143|Town of Bluefield|143|Town of Bluefield|    Tazewell Ave| 636791|0|0|0|    Jurisdiction Boundary: 143 Town of Bluefield / |1008388|0|0|.35|    01/01/2022|315|G|||||||X|.114|6 |.53|335|G||||||||||||||
781833|0|S-VA143PR HOCKMAN PIKE||||S-VA143PR HOCKMAN PIKE|Hockman Pike|Hockman Pike|143|Town of Bluefield|143|Town of Bluefield|    720 Fincastle Tnpk|1206652|0|0|1.58|    Jurisdiction Boundary: 143 Town of Bluefield / | 712909|0|0|2.401|    01/01/2022|216|G|97|1|1|1|0|0|C|.111|6 |.52|229|G||||||||||||||
609014|0|S-VA143PR HOCKMAN PIKE||||S-VA143PR HOCKMAN PIKE|Hockman Pike|Hockman Pike|143|Town of Bluefield|143|Town of Bluefield|    Edgewood Rd| 712909|0|0|2.401|    Montrose St| 712900|0|0|2.8|    01/01/2022|1398|G|97|0|1|0|0|0|C|.098|6 |.51|1484|G||||||||||||||
609015|0|S-VA143PR MONTROSE ST||||S-VA143PR MONTROSE ST|Montrose St|Montrose St|143|Town of Bluefield|143|Town of Bluefield|    Hockman Pike| 712919|0|0|.13|    Virginia Ave| 712900|0|0|.26|    01/01/2022|1408|G|97|0|1|0|0|0|C|.096|6 |.56|1493|G||||||||||||||
201306|0|S-VA143PR NEEL ST||||S-VA143PR NEEL ST|Neel St||143|Town of Bluefield|143|Town of Bluefield|    Vincil St| 636296|0|0|0|    T B D|1008326|0|0|.17|    ||X||||||||||||||||||||||||||
609018|0|S-VA143PR TAZEWELL AVE||||S-VA143PR TAZEWELL AVE|Tazewell Ave|Tazewell Ave|143|Town of Bluefield|143|Town of Bluefield|    College Ave Sr 102| 636790|0|0|0|    | 636735|0|0|.44|    01/01/2022|304|G|98|0|1|0|0|0|C|.115|6 |.72|322|G||||||||||||||
609017|0|S-VA143PR TAZEWELL AVE||||S-VA143PR TAZEWELL AVE|Tazewell Ave|Tazewell Ave|143|Town of Bluefield|143|Town of Bluefield|    Shenley Ave| 636735|0|0|.44|    College Ave US 19| 712902|0|0|.6|    01/01/2022|1696|G|99|0|0|0|0|0|C|.093|6 |.53|1800|G||||||||||||||
609016|0|S-VA143PR TAZEWELL AVE||||S-VA143PR TAZEWELL AVE|Tazewell Ave|Tazewell Ave|143|Town of Bluefield|143|Town of Bluefield|    Montrose St| 712902|0|0|.6|    Jurisdiction Boundary: 143 Town of Bluefield / |1007437|0|0|2.188|    01/01/2022|1422|G|98|0|0|0|0|0|C|.099|6 |.51|1509|G||||||||||||||
609012|0|S-VA143PR VALLEY DALE ST||||S-VA143PR VALLEY DALE ST|Valley Dale St|Valley Dale St|143|Town of Bluefield|143|Town of Bluefield|    College Ave|1064610|0|0|0|    US 460 C Jefferson Stafford Hwy|1265517|0|0|.11|    01/01/2022|9046|G|98|1|1|0|0|0|F|.099|6 |.5|9654|G||||||||||||||
609011|0|S-VA143PR VALLEY DALE ST||||S-VA143PR VALLEY DALE ST|Valley Dale St|Valley Dale St|143|Town of Bluefield|143|Town of Bluefield|    US 460|1265517|0|0|.11|    | 636741|0|0|.64|    01/01/2022|4729|G|98|1|1|0|0|0|C|.101|6 |.54|5047|G||||||||||||||
606010|0|S-VA143PR VALLEY DALE ST||||S-VA143PR VALLEY DALE ST|Valley Dale St|Valley Dale St|143|Town of Bluefield|143|Town of Bluefield|    Mountain Lane Ave| 636741|0|0|.64|    US 460 C Jefferson Stafford Hwy| 708815|0|0|1.42|    01/01/2022|3490|G|98|1|1|0|0|0|F|.104|6 |.57|3724|G||||||||||||||
