sep=|
- - 2022 AADT Report for Town of Amherst - -
LINKID|SEQUENCENUMBER|RTE_NM|RTE_NM_2|RTE_NM_3|RTE_NM_4|Host RTE_NM|Route Label|Street Name|Physical Jurisdiction|Physical Jurisdiciton Name|Maintenance Jurisdiction|Maintenance Jurisdiciton Name|    Start Label|Start Node|Start Node Route Sequence|Star tOffset|Start Milepoint|    End Label|End Node|End Node Route Sequence|End Offset|End Milepoint|    VPDDate|AADT|AADT Quality|Passenger Vehicle|Bus|Truck 2 Axle|Truck 3 Axle|Truck 1 Trailer|Truck 2 Trailer|Class Quality|K Factor|K Factor Quality|Direction Factor|AAWDT|AAWDT Quality|AADT Dir|AADT Quality Dir|PassengerVehicle Dir|Bus Dir|Truck 2 Axle Dir|Truck 3 Axle Dir|Truck 1 Trailer Dir|Truck 2 Trailer Dir|Class Quality Dir|K Factor Dir|K Factor Quality Dir|Direction Factor Dir|AAWDT Dir|AAWDT Quality Dir
797578|0|R-VA   FR01073NB||||R-VA   FR01073NB|FR 1073| |163|Town of Amherst|005|Amherst County|    Bus US 29| 752629|0|0|0|    Cul-de-Sac| 752657|0|0|.04|    04/18/2019|5|R|||||||X||24|||X||||||||||||||
030286|0|R-VA   US00029NB||||R-VA   US00029NB|US 29| |163|Town of Amherst|005|Amherst County|    SCL Amherst; Bus US 29| 742703|0|0|87.65|    | 126028|0|0|89.55|    01/01/2022|22784|F|90|1|1|1|7|0|F|.087|6 |.55|21830|F||||||||||||||
030287|0|R-VA   US00029NB||||R-VA   US00029NB|US 29| |163|Town of Amherst|005|Amherst County|    US 60 Richmond Hwy| 126028|0|0|89.55|    BUS US 29 Near NCL Amherst| 126033|0|0|90.8|    01/01/2022|18177|F|90|1|1|1|7|0|F|.084|6 |.53|17416|F||||||||||||||
030188|0|R-VA   US00029NB||||R-VA   US00029NB|US 29|N Amherst Hwy|163|Town of Amherst|005|Amherst County|    BUS US 29 Near NCL Amherst| 126033|0|0|90.8|    | 727068|0|0|91.46|    01/01/2022|17350|F|90|1|1|1|7|0|F|.087|6 |.54|16624|F||||||||||||||
030212|0|R-VA   US00029NBBUS006||||R-VA   US00029NBBUS006|BUS US 29| |163|Town of Amherst|005|Amherst County|    US 29 South of Amherst|1265019|0|0|0|    | 126045|0|0|2.47|    01/01/2022|4923|F|96|2|1|0|0|0|C|.109|6 |.75|5223|F||||||||||||||
030122|0|R-VA   US00029NBBUS006||||R-VA   US00029NBBUS006|BUS US 29|N Main St|163|Town of Amherst|005|Amherst County|    US 60 Lexington Tpke| 126045|0|0|2.47|    | 125431|0|0|3.74|    01/01/2022|2486|F|98|1|1|0|0|0|C|.108|6 |.57|2637|F||||||||||||||
030001|0|R-VA   US00060EB||||R-VA   US00060EB|US 60|Lexington Tpke|163|Town of Amherst|005|Amherst County|    | 126053|0|0|90.45|    Bus US 29 Main St| 126045|0|0|91|    01/01/2022|2409|F|90|1|2|1|6|0|C|.132|6 |.6|2340|F||||||||||||||
030290|0|R-VA   US00060EB||||R-VA   US00060EB|US 60|E. Lexington Ave|163|Town of Amherst|005|Amherst County|    Bus US 29 Main St| 126045|0|0|91|    US 29 By-Pass East of Amherst| 126051|0|.02|91.45|    01/01/2022|6184|F|70|2|3|1|24|0|F|.097|6 |.51|6563|F||||||||||||||
030289|0|R-VA   US00060EB||||R-VA   US00060EB|US 60|Richmond Hwy|163|Town of Amherst|005|Amherst County|    US 29 By-pass East of Amherst| 126051|0|.02|91.45|    | 126052|0|0|91.579|    01/01/2022|5764|F|87|2|2|1|8|0|C|.1|6 |.52|6117|F||||||||||||||
403851|0|R-VA005SC00643EB||||R-VA005SC00643EB|05-643|Kenmore Rd|163|Town of Amherst|005|Amherst County|    | 125190|0|0|19.58|    Bus US 29| 125189|0|0|19.83|    01/01/2022|178|F|97|1|2|0|0|0|C|.138|6 |.77|173|F||||||||||||||
403861|0|R-VA005SC00659EB||||R-VA005SC00659EB|05-659|Second St|163|Town of Amherst|005|Amherst County|    Bus US 29| 125243|0|0|0|    05-1105 Goodwin St| 125244|0|0|.03|    01/01/2022|1572|F|99|0|1|0|0|0|C|.115|6 |.52|1668|F||||||||||||||
403862|0|R-VA005SC00659EB||||R-VA005SC00659EB|05-659|Second St|163|Town of Amherst|005|Amherst County|    05-1105 Goodwin St| 125244|0|0|.03|    05-1101; 05-1115| 125245|0|0|.1|    01/01/2022|1590|F|98|1|1|0|0|0|C|.11|6 |.52|1687|F||||||||||||||
403863|0|R-VA005SC00659EB||||R-VA005SC00659EB|05-659|Depot St|163|Town of Amherst|005|Amherst County|    05-1101; 05-1115| 125245|0|0|.1|    05-1109 Norfolk Ave| 125248|0|0|.46|    01/01/2022|166|F|99|0|1|0|0|0|C|.117|6 |.57|176|F||||||||||||||
403864|0|R-VA005SC00659EB||||R-VA005SC00659EB|05-659|Depot St|163|Town of Amherst|005|Amherst County|    05-1109 Norfolk Ave| 125248|0|0|.46|    SCL Amherst| 125251|0|0|.67|    01/01/2022|467|F|98|1|1|1|0|0|C|.102|6 |.65|495|F||||||||||||||
403865|0|R-VA005SC00659EB||||R-VA005SC00659EB|05-659|Union Hill Rd|163|Town of Amherst|005|Amherst County|    SCL Amherst| 125251|0|0|.67|    Physical Jurisdiction Boundary: 163 Town of Amherst / 005 Amherst County| 125030|0|0|1.57|    01/01/2022|341|F|98|2|0|0|0|0|C|.157|6 |.63|331|F||||||||||||||
703153|0|R-VA005SC00660EB||||R-VA005SC00660EB|05-660|MacAdam Rd|163|Town of Amherst|005|Amherst County|    Bus US 29| 752627|0|0|0|    Dead End| 125255|0|0|.49|    04/18/2019|38|R|||||||X||24|||X||||||||||||||
703161|0|R-VA005SC00663NB||||R-VA005SC00663NB|05-663|Sunset Dr|163|Town of Amherst|005|Amherst County|    1.15 MW Bus US 29|1187888|0|0|12.13|    Bus US 29 ; 05-643|1187889|0|0|13.59|    04/26/2022|491|R|||||||X||24|||X||||||||||||||
703225|0|R-VA005SC00693EB||||R-VA005SC00693EB|05-693|Lancer Lane|163|Town of Amherst|005|Amherst County|    Bus US 29| 125366|0|0|0|    Dead End| 125367|0|0|.29|    03/01/2022|1473|R|||||||X||24|||X||||||||||||||
703268|0|R-VA005SC00726NB||||R-VA005SC00726NB|05-726|Waughs Ferry Rd|163|Town of Amherst|005|Amherst County|    Dead End| 125415|0|0|0|    05-1139 Briarherst Dr| 125414|0|0|.35|    04/18/2019|150|R|||||||X||24|||X||||||||||||||
703269|0|R-VA005SC00726NB||||R-VA005SC00726NB|05-726|Waughs Ferry Rd|163|Town of Amherst|005|Amherst County|    05-1139 Briarherst Dr| 125414|0|0|.35|    Bus US 29| 125413|0|0|1.1|    04/18/2019|424|R|||||||X||24|||X||||||||||||||
703280|0|R-VA005SC00731EB||||R-VA005SC00731EB|05-731|Zane Snead Dr|163|Town of Amherst|005|Amherst County|    05-739 Boxwood Farm Rd| 125423|0|0|0|    05-825 Industrial Park Dr| 125424|0|0|.39|    04/01/2019|1407|R|||||||X||24|||X||||||||||||||
703281|0|R-VA005SC00731EB||||R-VA005SC00731EB|05-731|Zane Snead Dr|163|Town of Amherst|005|Amherst County|    05-825 Industrial Park Dr| 125424|0|0|.39|    Physical Jurisdiction Boundary: 163 Town of Amherst / 005 Amherst County|1280607|0|0|.61|    04/01/2019|1015|R|||||||X||24|||X||||||||||||||
782033|0|R-VA005SC00838EB||||R-VA005SC00838EB|05-838|Brockman Park Dr|163|Town of Amherst|005|Amherst County|    US 60 Richmond Hwy| 735502|0|0|0|    Dead End| 735504|0|0|.48|    04/01/2019|594|R|||||||X||24|||X||||||||||||||
782034|0|R-VA005SC00839NB||||R-VA005SC00839NB|05-839|East Commerce St|163|Town of Amherst|005|Amherst County|    Dead End| 735505|0|0|0|    Dead End| 735506|0|0|.29|    04/01/2019|158|R|||||||X||24|||X||||||||||||||
703559|0|R-VA005SC01100NB||||R-VA005SC01100NB|05-1100|Arthur Ct|163|Town of Amherst|005|Amherst County|    Bus US 29| 125645|0|0|0|    Dead End| 125646|0|0|.3|    05/02/2019|52|R|||||||X||24|||X||||||||||||||
403917|0|R-VA005SC01101EB||||R-VA005SC01101EB|05-1101|Second St|163|Town of Amherst|005|Amherst County|    05-659 Depot St| 125245|0|0|0|    05-1102 Washington St| 125648|0|0|.15|    01/01/2022|1039|F|98|1|0|0|0|0|C|.109|6 |.53|1102|F||||||||||||||
703560|0|R-VA005SC01101EB||||R-VA005SC01101EB|05-1101| |163|Town of Amherst|005|Amherst County|    05-1102 Washington St| 125648|0|0|.15|    05-1109 Norfolk Ave| 125649|0|0|.25|    01/01/2022|66|F|96|3|1|0|0|0|C|.155|6 |.64|70|F||||||||||||||
703561|0|R-VA005SC01102NB||||R-VA005SC01102NB|05-1102|Washington St|163|Town of Amherst|005|Amherst County|    05-659 Depot St| 125247|0|0|0|    05-1123, 1st St| 125650|0|0|.12|    04/23/2019|106|R|||||||X||24|||X||||||||||||||
703562|0|R-VA005SC01102NB||||R-VA005SC01102NB|05-1102|Washington St|163|Town of Amherst|005|Amherst County|    05-1123, 1st St| 125650|0|0|.12|    05-1101, 2nd St| 125648|0|0|.19|    04/23/2019|401|R|||||||X||24|||X||||||||||||||
703563|0|R-VA005SC01102NB||||R-VA005SC01102NB|05-1102|Washington St|163|Town of Amherst|005|Amherst County|    05-1101, 2nd St| 125648|0|0|.19|    US 60; 05-1112| 125651|0|0|.27|    04/23/2019|2028|R|||||||X||24|||X||||||||||||||
703564|0|R-VA005SC01103NB||||R-VA005SC01103NB|05-1103|Ridge Dr|163|Town of Amherst|005|Amherst County|    Bus US 29| 125652|0|0|0|    NCL Amherst| 125653|0|0|.45|    05/02/2019|487|R|||||||X||24|||X||||||||||||||
703565|0|R-VA005SC01103NB||||R-VA005SC01103NB|05-1103|Ridge Dr|163|Town of Amherst|005|Amherst County|    NCL Amherst| 125653|0|0|.45|    05-1120 Ridge View Terrace| 125654|0|0|.5|    05/02/2019|284|R|||||||X||24|||X||||||||||||||
703566|0|R-VA005SC01103NB||||R-VA005SC01103NB|05-1103|Ridge Dr|163|Town of Amherst|005|Amherst County|    05-1120 Ridge View Terrace| 125654|0|0|.5|    Dead End| 125655|0|0|.52|    05/02/2019|22|R|||||||X||24|||X||||||||||||||
703567|0|R-VA005SC01104EB||||R-VA005SC01104EB|05-1104|W Court St|163|Town of Amherst|005|Amherst County|    Dead End| 125659|0|0|0|    05-1107 Mt Olive Rd| 125658|0|0|.1|    04/18/2019|155|R|||||||X||24|||X||||||||||||||
703568|0|R-VA005SC01104EB||||R-VA005SC01104EB|05-1104|W Court St|163|Town of Amherst|005|Amherst County|    05-1107 Mt Olive Rd| 125658|0|0|.1|    Bus US 29| 125657|0|0|.22|    04/18/2019|784|R|||||||X||24|||X||||||||||||||
703569|0|R-VA005SC01104EB||||R-VA005SC01104EB|05-1104|E Court St|163|Town of Amherst|005|Amherst County|    Bus US 29| 125657|0|0|.22|    05-1105 Goodwin St| 125656|0|0|.25|    04/23/2019|378|R|||||||X||24|||X||||||||||||||
703570|0|R-VA005SC01104EB||||R-VA005SC01104EB|05-1104|E Court St|163|Town of Amherst|005|Amherst County|    05-1105 Goodwin St| 125656|0|0|.25|    Dead End| 125950|0|0|.27|    04/23/2019|261|R|||||||X||24|||X||||||||||||||
703571|0|R-VA005SC01105NB||||R-VA005SC01105NB|05-1105|Goodwin St|163|Town of Amherst|005|Amherst County|    05-659 Second St| 125244|0|0|0|    05-1104, E Court St| 125656|0|0|.03|    04/23/2019|363|R|||||||X||24|||X||||||||||||||
703572|0|R-VA005SC01105NB||||R-VA005SC01105NB|05-1105|Goodwin St|163|Town of Amherst|005|Amherst County|    05-1104, E Court St| 125656|0|0|.03|    Dead End| 125660|0|0|.08|    04/23/2019|179|R|||||||X||24|||X||||||||||||||
703573|0|R-VA005SC01106NB||||R-VA005SC01106NB|05-1106|Garland Ave|163|Town of Amherst|005|Amherst County|    Dead End| 125663|0|0|0|    05-1129 Scotts Hill Rd| 125662|0|0|.22|    04/18/2019|187|R|||||||X||24|||X||||||||||||||
703574|0|R-VA005SC01106NB||||R-VA005SC01106NB|05-1106|Garland Ave|163|Town of Amherst|005|Amherst County|    05-1129 Scotts Hill Rd| 125662|0|0|.22|    Bus US 29| 125661|0|0|.41|    04/18/2019|358|R|||||||X||24|||X||||||||||||||
703575|0|R-VA005SC01107EB||||R-VA005SC01107EB|05-1107|Mt Olive Rd|163|Town of Amherst|005|Amherst County|    Dead End| 125664|0|0|0|    05-1104, W Court St| 125658|0|0|.21|    04/18/2019|456|R|||||||X||24|||X||||||||||||||
703576|0|R-VA005SC01108NB||||R-VA005SC01108NB|05-1108|Grandview Dr|163|Town of Amherst|005|Amherst County|    Bus US 29| 125665|0|0|0|    NCL Amherst| 125666|0|0|.1|    05/02/2019|437|R|||||||X||24|||X||||||||||||||
703577|0|R-VA005SC01108NB||||R-VA005SC01108NB|05-1108|Grandview Dr|163|Town of Amherst|005|Amherst County|    NCL Amherst| 125666|0|0|.1|    05-1132 Hill Crest Dr| 125667|0|0|.47|    05/02/2019|301|R|||||||X||24|||X||||||||||||||
703578|0|R-VA005SC01108NB||||R-VA005SC01108NB|05-1108|Grandview Dr|163|Town of Amherst|005|Amherst County|    05-1132 Hill Crest Dr| 125667|0|0|.47|    05-1130 Grandview Terrace| 125668|0|0|.55|    05/02/2019|172|R|||||||X||24|||X||||||||||||||
703579|0|R-VA005SC01108NB||||R-VA005SC01108NB|05-1108|Grandview Dr|163|Town of Amherst|005|Amherst County|    05-1130 Grandview Terrace| 125668|0|0|.55|    Dead End| 125951|0|0|.69|    05/02/2019|85|R|||||||X||24|||X||||||||||||||
703580|0|R-VA005SC01109NB||||R-VA005SC01109NB|05-1109|Norfolk Ave|163|Town of Amherst|005|Amherst County|    05-659 Depot St| 125248|0|0|0|    05-1123, 1st St| 125669|0|0|.18|    04/23/2019|522|R|||||||X||24|||X||||||||||||||
703581|0|R-VA005SC01109NB||||R-VA005SC01109NB|05-1109|Norfolk Ave|163|Town of Amherst|005|Amherst County|    05-1123, 1st St| 125669|0|0|.18|    05-1101| 125649|0|0|.26|    04/23/2019|468|R|||||||X||24|||X||||||||||||||
703582|0|R-VA005SC01110NB||||R-VA005SC01110NB|05-1110|Pine St|163|Town of Amherst|005|Amherst County|    Bus US 29| 125670|0|0|0|    Dead End| 125671|0|0|.08|    04/23/2019|116|R|||||||X||24|||X||||||||||||||
703583|0|R-VA005SC01111NB||||R-VA005SC01111NB|05-1111|Hangar Rd|163|Town of Amherst|005|Amherst County|    Bus US 29| 125672|0|0|0|    Dead End| 125673|0|0|.35|    04/23/2019|91|R|||||||X||24|||X||||||||||||||
703584|0|R-VA005SC01112NB||||R-VA005SC01112NB|05-1112|Whitehead Dr|163|Town of Amherst|005|Amherst County|    US 60; 05-1102| 125651|0|0|0|    Dead End| 125674|0|0|.14|    04/23/2019|166|R|||||||X||24|||X||||||||||||||
703585|0|R-VA005SC01113EB||||R-VA005SC01113EB|05-1113|Glenway Dr|163|Town of Amherst|005|Amherst County|    Bus US 29| 125675|0|0|0|    05-1127 Spruce St| 125676|0|0|.12|    05/02/2019|868|R|||||||X||24|||X||||||||||||||
703586|0|R-VA005SC01113EB||||R-VA005SC01113EB|05-1113|Glenway Dr|163|Town of Amherst|005|Amherst County|    05-1127 Spruce St| 125676|0|0|.12|    ECL Amherst| 125677|0|0|.13|    05/02/2019|691|R|||||||X||24|||X||||||||||||||
703587|0|R-VA005SC01113EB||||R-VA005SC01113EB|05-1113|Glenway Dr|163|Town of Amherst|005|Amherst County|    ECL Amherst| 125677|0|0|.13|    05-1117 Maple Lane| 125678|0|0|.18|    05/02/2019|691|R|||||||X||24|||X||||||||||||||
703588|0|R-VA005SC01113EB||||R-VA005SC01113EB|05-1113|Glenway Dr|163|Town of Amherst|005|Amherst County|    05-1117 Maple Lane| 125678|0|0|.18|    05-1128 Loch Lane| 125679|0|0|.26|    05/02/2019|403|R|||||||X||24|||X||||||||||||||
703589|0|R-VA005SC01114NB||||R-VA005SC01114NB|05-1114|Cedar St|163|Town of Amherst|005|Amherst County|    Bus US 29| 747917|0|0|0|    Bus US 29| 125680|0|0|.14|    04/23/2019|215|R|||||||X||24|||X||||||||||||||
703590|0|R-VA005SC01115NB||||R-VA005SC01115NB|05-1115|Taylor St|163|Town of Amherst|005|Amherst County|    05-1101, 2nd St| 125647|0|0|0|    Dead End| 125245|0|0|.16|    04/23/2019|129|R|||||||X||24|||X||||||||||||||
703591|0|R-VA005SC01116NB||||R-VA005SC01116NB|05-1116|Blue Ridge Lane|163|Town of Amherst|005|Amherst County|    Bus US 29| 125683|0|0|0|    Dead End| 743746|0|0|.42|    05/02/2019|265|R|||||||X||24|||X||||||||||||||
703592|0|R-VA005SC01117EB||||R-VA005SC01117EB|05-1117|Maple Lane|163|Town of Amherst|005|Amherst County|    Dead End| 125952|0|0|0|    05-1113 Glenway Dr| 125678|0|0|.16|    05/02/2019|129|R|||||||X||24|||X||||||||||||||
703593|0|R-VA005SC01118NB||||R-VA005SC01118NB|05-1118|Gregory Lane|163|Town of Amherst|005|Amherst County|    05-643 Kenmore Rd| 125190|0|0|0|    05-1140 Woodland Dr| 125685|0|0|.1|    04/18/2019|147|R|||||||X||24|||X||||||||||||||
703594|0|R-VA005SC01118NB||||R-VA005SC01118NB|05-1118|Gregory Lane|163|Town of Amherst|005|Amherst County|    05-1140 Woodland Dr| 125685|0|0|.1|    Dead End| 125686|0|0|.25|    04/18/2019|29|R|||||||X||24|||X||||||||||||||
703595|0|R-VA005SC01119NB||||R-VA005SC01119NB|05-1119|Monitor Rd|163|Town of Amherst|005|Amherst County|    Bus US 29| 125687|0|0|0|    US 60 Lexington Tpke| 125688|0|0|.28|    04/23/2019|63|R|||||||X||24|||X||||||||||||||
703596|0|R-VA005SC01120NB||||R-VA005SC01120NB|05-1120|Ridge View Terrace|163|Town of Amherst|005|Amherst County|    05-1103 Ridge Dr| 125654|0|0|0|    05-1121 Vista Dr| 125689|0|0|.1|    05/02/2019|216|R|||||||X||24|||X||||||||||||||
703597|0|R-VA005SC01121EB||||R-VA005SC01121EB|05-1121|Vista Dr|163|Town of Amherst|005|Amherst County|    Dead End| 125953|0|0|0|    05-1120 Ridge View Terrace| 125689|0|0|.1|    05/02/2019|85|R|||||||X||24|||X||||||||||||||
703598|0|R-VA005SC01121EB||||R-VA005SC01121EB|05-1121|Vista Dr|163|Town of Amherst|005|Amherst County|    05-1120 Ridge View Terrace| 125689|0|0|.1|    05-1122 Lake Dr| 125690|0|0|.13|    05/02/2019|231|R|||||||X||24|||X||||||||||||||
703599|0|R-VA005SC01122NB||||R-VA005SC01122NB|05-1122|Lake Dr|163|Town of Amherst|005|Amherst County|    Dead End| 125955|0|0|0|    05-1121 Vista Dr| 125690|0|0|.04|    05/02/2019|28|R|||||||X||24|||X||||||||||||||
703600|0|R-VA005SC01122NB||||R-VA005SC01122NB|05-1122|Lake Dr|163|Town of Amherst|005|Amherst County|    05-1121 Vista Dr| 125690|0|0|.04|    Dead End| 125954|0|0|.1|    05/02/2019|132|R|||||||X||24|||X||||||||||||||
703601|0|R-VA005SC01123NB||||R-VA005SC01123NB|05-1123|1st St|163|Town of Amherst|005|Amherst County|    05-1109 Norfolk Ave| 125669|0|0|0|    05-1124 Church St| 125691|0|0|.05|    04/23/2019|171|R|||||||X||24|||X||||||||||||||
703602|0|R-VA005SC01123NB||||R-VA005SC01123NB|05-1123|1st St|163|Town of Amherst|005|Amherst County|    05-1124 Church St| 125691|0|0|.05|    05-1102 Washington St| 125650|0|0|.09|    04/23/2019|210|R|||||||X||24|||X||||||||||||||
703603|0|R-VA005SC01123NB||||R-VA005SC01123NB|05-1123|1st St|163|Town of Amherst|005|Amherst County|    05-1102 Washington St| 125650|0|0|.09|    05-659; 05-1135| 125246|0|0|.19|    04/23/2019|77|R|||||||X||24|||X||||||||||||||
703604|0|R-VA005SC01124NB||||R-VA005SC01124NB|05-1124|Church St|163|Town of Amherst|005|Amherst County|    Dead End| 125692|0|0|0|    05-1123, 1st St| 125691|0|0|.12|    04/23/2019|82|R|||||||X||24|||X||||||||||||||
703605|0|R-VA005SC01125NB||||R-VA005SC01125NB|05-1125|Lynchburg Rd|163|Town of Amherst|005|Amherst County|    05-659 Depot St| 125249|0|0|0|    Dead End| 126052|0|0|.23|    04/23/2019|50|R|||||||X||24|||X||||||||||||||
703606|0|R-VA005SC01126NB||||R-VA005SC01126NB|05-1126|Locust St|163|Town of Amherst|005|Amherst County|    Bus US 29| 125693|0|0|0|    Dead End| 125694|0|0|.12|    04/23/2019|51|R|||||||X||24|||X||||||||||||||
703607|0|R-VA005SC01127EB||||R-VA005SC01127EB|05-1127|Spruce St|163|Town of Amherst|005|Amherst County|    Dead End| 125957|0|0|0|    05-1113 Glenway Dr| 125676|0|0|.08|    05/02/2019|73|R|||||||X||24|||X||||||||||||||
703608|0|R-VA005SC01128NB||||R-VA005SC01128NB|05-1128|Loch Lane|163|Town of Amherst|005|Amherst County|    Dead End| 125695|0|0|0|    05-1113 Glenway Dr| 125679|0|0|.15|    05/02/2019|207|R|||||||X||24|||X||||||||||||||
703609|0|R-VA005SC01129NB||||R-VA005SC01129NB|05-1129|Scotts Hill Rd|163|Town of Amherst|005|Amherst County|    Dead End| 125698|0|0|0|    SCL Amherst| 125697|0|0|.22|    04/18/2019|6|R|||||||X||24|||X||||||||||||||
703610|0|R-VA005SC01129NB||||R-VA005SC01129NB|05-1129|Scotts Hill Rd|163|Town of Amherst|005|Amherst County|    SCL Amherst| 125697|0|0|.22|    05-1131 Oakland Dr| 125696|0|0|.23|    04/18/2019|35|R|||||||X||24|||X||||||||||||||
703611|0|R-VA005SC01129NB||||R-VA005SC01129NB|05-1129|Scotts Hill Rd|163|Town of Amherst|005|Amherst County|    05-1131 Oakland Dr| 125696|0|0|.23|    05-1106 Garland Ave| 125662|0|0|.5|    04/18/2019|62|R|||||||X||24|||X||||||||||||||
703612|0|R-VA005SC01130NB||||R-VA005SC01130NB|05-1130|Grandview Terrace|163|Town of Amherst|005|Amherst County|    05-1108 Grandview Dr| 125668|0|0|0|    Cul-de-Sac| 125699|0|0|.09|    05/02/2019|50|R|||||||X||24|||X||||||||||||||
703613|0|R-VA005SC01131EB||||R-VA005SC01131EB|05-1131|Oakland Dr|163|Town of Amherst|005|Amherst County|    05-1129 Scotts Hill Rd| 125696|0|0|0|    Dead End| 125700|0|0|.12|    04/18/2019|2|R|||||||X||24|||X||||||||||||||
703614|0|R-VA005SC01132EB||||R-VA005SC01132EB|05-1132|Hill Crest Dr|163|Town of Amherst|005|Amherst County|    Dead End| 125958|0|0|0|    05-1108 Grandview Dr| 125667|0|0|.27|    05/02/2019|128|R|||||||X||24|||X||||||||||||||
703615|0|R-VA005SC01133NB||||R-VA005SC01133NB|05-1133| |163|Town of Amherst|005|Amherst County|    Dead End| 125959|0|0|0|    05-659 Depot St| 125250|0|0|.1|    04/23/2019|64|R|||||||X||24|||X||||||||||||||
703616|0|R-VA005SC01134EB||||R-VA005SC01134EB|05-1134|Star St|163|Town of Amherst|005|Amherst County|    Bus US 29| 125701|0|0|0|    Dead End| 125702|0|0|.03|    04/23/2019|73|R|||||||X||24|||X||||||||||||||
703617|0|R-VA005SC01135EB||||R-VA005SC01135EB|05-1135|School St|163|Town of Amherst|005|Amherst County|    05-1136 Greenmeadows| 125703|0|0|0|    05-659 Depot St| 125246|0|0|.08|    04/23/2019|166|R|||||||X||24|||X||||||||||||||
703618|0|R-VA005SC01136NB||||R-VA005SC01136NB|05-1136|Green Meadow Dr|163|Town of Amherst|005|Amherst County|    Dead End| 125961|0|0|0|    05-1135 School St| 125703|0|0|.04|    04/23/2019|110|R|||||||X||24|||X||||||||||||||
703619|0|R-VA005SC01136NB||||R-VA005SC01136NB|05-1136|Green Meadow Dr|163|Town of Amherst|005|Amherst County|    05-1135 School St| 125703|0|0|.04|    Dead End| 125960|0|0|.06|    04/23/2019|17|R|||||||X||24|||X||||||||||||||
703620|0|R-VA005SC01137EB||||R-VA005SC01137EB|05-1137|Forest Ave|163|Town of Amherst|005|Amherst County|    Bus US 29| 125704|0|0|0|    05-1138 Dogwood St| 125705|0|0|.05|    05/02/2019|475|R|||||||X||24|||X||||||||||||||
703621|0|R-VA005SC01137EB||||R-VA005SC01137EB|05-1137|Forest Ave|163|Town of Amherst|005|Amherst County|    05-1138 Dogwood St| 125705|0|0|.05|    Cul-de-Sac| 125706|0|0|.12|    05/02/2019|213|R|||||||X||24|||X||||||||||||||
703622|0|R-VA005SC01138NB||||R-VA005SC01138NB|05-1138|Dogwood St|163|Town of Amherst|005|Amherst County|    05-1137 Forest Ave| 125705|0|0|0|    Dead End| 125962|0|0|.18|    05/02/2019|174|R|||||||X||24|||X||||||||||||||
703623|0|R-VA005SC01139NB||||R-VA005SC01139NB|05-1139|Briarherst Dr|163|Town of Amherst|005|Amherst County|    Cul-de-Sac| 125707|0|0|0|    05-726 Waughs Ferry Rd| 125414|0|0|.33|    04/18/2019|127|R|||||||X||24|||X||||||||||||||
703624|0|R-VA005SC01140NB||||R-VA005SC01140NB|05-1140|Woodland Dr|163|Town of Amherst|005|Amherst County|    Cul-de-Sac| 125709|0|0|0|    05-1141 Peyton Lane| 125708|0|0|.08|    04/18/2019|33|R|||||||X||24|||X||||||||||||||
703625|0|R-VA005SC01140NB||||R-VA005SC01140NB|05-1140|Woodland Dr|163|Town of Amherst|005|Amherst County|    05-1141 Peyton Lane| 125708|0|0|.08|    05-1118 Gregory Lane| 125685|0|0|.17|    04/18/2019|125|R|||||||X||24|||X||||||||||||||
703626|0|R-VA005SC01141NB||||R-VA005SC01141NB|05-1141|Peyton Lane|163|Town of Amherst|005|Amherst County|    05-1140 Woodland Dr| 125708|0|0|0|    Cul-de-Sac| 125710|0|0|.05|    04/18/2019|52|R|||||||X||24|||X||||||||||||||
785581|0|R-VA005SC01142NB||||R-VA005SC01142NB|05-1142|Wellington St|163|Town of Amherst|005|Amherst County|    Dead End| 728621|0|0|0|    Bus US 29| 728620|0|0|.09|    04/23/2019|98|R|||||||X||24|||X||||||||||||||
703832|0|R-VA005SC09018EB||||R-VA005SC09018EB|05-9018|Davis St|163|Town of Amherst|005|Amherst County|    Bus US 29| 125833|0|0|0|    Amherst Elem Sch| 125834|0|0|.21|    03/01/2022|561|R|||||||X||24|||X||||||||||||||
703838|0|R-VA005SC09723EB||||R-VA005SC09723EB|05-9723| |163|Town of Amherst|005|Amherst County|    05-693 Lancer Lane| 125846|0|0|0|    Amherst High Sch| 125847|0|0|.15|    03/01/2022|635|R|||||||X||24|||X||||||||||||||
