sep=|
- - 2022 AADT Report for Amelia County - -
LINKID|SEQUENCENUMBER|RTE_NM|RTE_NM_2|RTE_NM_3|RTE_NM_4|Host RTE_NM|Route Label|Street Name|Physical Jurisdiction|Physical Jurisdiciton Name|Maintenance Jurisdiction|Maintenance Jurisdiciton Name|    Start Label|Start Node|Start Node Route Sequence|Star tOffset|Start Milepoint|    End Label|End Node|End Node Route Sequence|End Offset|End Milepoint|    VPDDate|AADT|AADT Quality|Passenger Vehicle|Bus|Truck 2 Axle|Truck 3 Axle|Truck 1 Trailer|Truck 2 Trailer|Class Quality|K Factor|K Factor Quality|Direction Factor|AAWDT|AAWDT Quality|AADT Dir|AADT Quality Dir|PassengerVehicle Dir|Bus Dir|Truck 2 Axle Dir|Truck 3 Axle Dir|Truck 1 Trailer Dir|Truck 2 Trailer Dir|Class Quality Dir|K Factor Dir|K Factor Quality Dir|Direction Factor Dir|AAWDT Dir|AAWDT Quality Dir
780594|0|R-VA   FR00647EB||||R-VA   FR00647EB|FR 647|Bypass Rd|004|Amelia County|004|Amelia County|    Dead End| 120321|0|0|0|    US 360 Patrick Henry Hwy|1092237|0|0|.06|    07/23/2018|2|R|||||||X||24|||X||||||||||||||
780595|0|R-VA   FR00648EB||||R-VA   FR00648EB|FR 648|Cable Lane|004|Amelia County|004|Amelia County|    04-656 Amelia Ave| 120323|0|0|0|    Dead End| 120322|0|0|.36|    05/04/2021|29|T|||||||X|.415|6 |.53||X||||||||||||||
780596|0|R-VA   FR00649EB||||R-VA   FR00649EB|FR 649|Frontage Lane|004|Amelia County|004|Amelia County|    Bus US 360 Goodes Bridge Rd| 120325|0|0|0|    Dead End| 120324|0|0|.12|    07/23/2018|39|R|||||||X||24|||X||||||||||||||
040306|0|R-VA   SR00038EB||||R-VA   SR00038EB|VA 38|Five Forks Rd|004|Amelia County|004|Amelia County|    Bus US 360 Goodes Bridge Rd| 120252|0|0|0|    | 120063|0|0|1.15|    01/01/2022|1913|G|99|0|1|0|0|0|C|.089|6 |.54|1861|G||||||||||||||
040681|0|R-VA   SR00038EB||||R-VA   SR00038EB|VA 38|Five Forks Rd|004|Amelia County|004|Amelia County|    04-614 Dennisville Rd; Otterburn Rd| 120063|0|0|1.15|    SR 153 Military Rd| 120008|0|0|7.03|    01/01/2022|954|G|96|1|1|1|1|0|C|.096|6 |.51|928|G||||||||||||||
040307|0|R-VA   SR00153NB||||R-VA   SR00153NB|VA 153|Military Rd|004|Amelia County|004|Amelia County|    Nottoway County Line|  50413|0|0|6.22|    04-708 Cralles Rd| 120228|0|0|11.22|    01/01/2022|2846|G|95|0|1|1|3|0|C|.107|6 |.51|2768|G||||||||||||||
040308|0|R-VA   SR00153NB||||R-VA   SR00153NB|VA 153|Military Rd|004|Amelia County|004|Amelia County|    04-708 Cralles Rd| 120228|0|0|11.22|    SR 38 Five Forks Rd| 120008|0|0|14.09|    01/01/2022|4485|G|96|0|1|1|2|0|C|.104|6 |.59|4361|G||||||||||||||
040116|0|R-VA   SR00153NB||||R-VA   SR00153NB|VA 153|Military Rd|004|Amelia County|004|Amelia County|    SR 38 Five Forks Rd| 120008|0|0|14.09|    | 120113|0|0|15.4|    01/01/2022|5110|G|96|0|1|1|2|0|F|.109|6 |.58|5030|G||||||||||||||
040309|0|R-VA   SR00153NB||||R-VA   SR00153NB|VA 153|Military Rd|004|Amelia County|004|Amelia County|    04-628 Butlers Rd| 120113|0|0|15.4|    |1092246|0|0|17.15|    01/01/2022|5125|G|96|0|1|1|2|0|F|.097|6 |.58|5040|G||||||||||||||
040310|0|R-VA   SR00307EB||||R-VA   SR00307EB|VA 307|Holly Farms Rd|004|Amelia County|004|Amelia County|    Nottoway County Line|  50411|0|0|8.4|    US 360 Patrick Henry Hwy| 120328|0|0|9.32|    01/01/2022|6358|G|91|1|1|1|5|1|F|.079|6 |.56|6165|G||||||||||||||
040570|0|R-VA   US00360EB||||R-VA   US00360EB|US 360|East Patrick Henry Hwy|004|Amelia County|004|Amelia County|    |1190299|0|0|95.18|    SR 307 Holly Farms Rd| 120328|0|0|95.56|    01/01/2022|6324|G|93|1|1|1|4|0|F|.089|6 |.53|6459|G||||||||||||||
040313|0|R-VA   US00360EB||||R-VA   US00360EB|US 360|Patrick Henry Hwy|004|Amelia County|004|Amelia County|    SR 307 Holly Farms Rd| 120328|0|0|95.56|    | 120204|0|0|104.11|    01/01/2022|13790|G|93|1|1|1|4|0|F|.088|6 |.53|14086|G||||||||||||||
040011|0|R-VA   US00360EB||||R-VA   US00360EB|US 360|Patrick Henry Hwy|004|Amelia County|004|Amelia County|    04-681 Pridesville Rd| 120204|0|0|104.11|    Bus US 360 Goodes Bridge Rd| 120309|0|0|106.75|    01/01/2022|15524|F|93|1|1|1|4|0|C|.087|1 |.52|15858|F||||||||||||||
040312|0|R-VA   US00360EB||||R-VA   US00360EB|US 360|Patrick Henry Hwy|004|Amelia County|004|Amelia County|    Bus US 360 Goodes Bridge Rd| 120309|0|0|106.75|    04-604 Chula Rd| 120013|0|0|109.52|    01/01/2022|17281|G|93|1|1|1|4|0|F|.086|6 |.54|17653|G||||||||||||||
040311|0|R-VA   US00360EB||||R-VA   US00360EB|US 360|Patrick Henry Hwy|004|Amelia County|004|Amelia County|    04-604 Chula Rd| 120013|0|0|109.52|    Chesterfield County Line; Appomattox River|  50414|0|0|112.89|    01/01/2022|17626|G|93|1|1|1|4|0|F|.086|6 |.57|18005|G||||||||||||||
804146|0|R-VA   US00360EB      RMP106.00A||||R-VA   US00360EB      RMP106.00A|US 360  EB EXIT 106A|Ramp|004|Amelia County|004|Amelia County|    US-00360(B)/RAMP TO RTE 360 BUS.| 120334|0|0|0|    C2US-00360(B)/C2US-00360- 002A(U)/RAMPS TO &| 120329|0|0|.17|    01/01/2022|194|F|||||||X|.13|6 |1|194|F||||||||||||||
040315|0|R-VA   US00360EBBUS002||||R-VA   US00360EBBUS002|BUS US 360|Goodes Bridge Rd|004|Amelia County|004|Amelia County|    US 360 West of Amelia|1092232|0|0|0|    | 120309|0|0|2.94|    01/01/2022|4038|G|97|0|1|0|1|0|C|.098|6 |.53|3927|G||||||||||||||
804381|0|R-VA   US00360UKBUS002RMP002.00A||||R-VA   US00360UKBUS002RMP002.00A|BUS US 360  EXIT 2A|Ramp|004|Amelia County|004|Amelia County|    C2US-00360(B)/US-00360-E105A(U)/RAMPS TO & FR| 120329|0|0|0|    US-00360(B)/RAMP FROM RTE 360 BUS.| 120332|0|0|.22|    01/01/2022|1865|F|||||||X|.102|6 |1|1865|F||||||||||||||
804382|0|R-VA   US00360UKBUS002RMP002.00B||||R-VA   US00360UKBUS002RMP002.00B|BUS US 360  EXIT 2B|Ramp|004|Amelia County|004|Amelia County|    C2US-00360(B)/US-00360-W106A(L)/RAMPS TO & FR| 120330|0|0|0|    US-00360(B)/RAMP FROM RTE 360 BUS.| 120333|0|0|.09|    01/01/2022|91|F|||||||X|.154|6 |1|91|F||||||||||||||
804155|0|R-VA   US00360WB      RMP096.00A||||R-VA   US00360WB      RMP096.00A|US 360  WB EXIT 96A|Ramp|004|Amelia County|004|Amelia County|    US-00360(L)/RAMP TO SR 307| 756239|0|0|0|    SR-00307(B)/RAMP FROM RTE US-00360| 729136|0|0|.11|    01/01/2022|2837|F|||||||X||24||2837|F||||||||||||||
804156|0|R-VA   US00360WB      RMP106.00A||||R-VA   US00360WB      RMP106.00A|US 360  WB EXIT 106A|Ramp|004|Amelia County|004|Amelia County|    US-00360(B)/RAMP TO RTE 360 BUS.| 120331|0|0|0|    C2US-00360(B)/C2US-00360- 002B(L)/RAMPS TO &| 120330|0|0|.11|    01/01/2022|426|F|||||||X|.118|6 |1|426|F||||||||||||||
702748|0|R-VA004SC00600NB||||R-VA004SC00600NB|04-600|Ammon Rd|004|Amelia County|004|Amelia County|    04-622 S, Church Rd| 120335|0|0|0|    04-610 E, Wills Rd| 120271|0|0|1.1|    02/22/2018|219|R|||||||X||24|||X||||||||||||||
702749|0|R-VA004SC00600NB||||R-VA004SC00600NB|04-600|Burton Rd|004|Amelia County|004|Amelia County|    04-610 W, Wills Rd| 120004|0|0|1.4|    04-708 E, Namozine Rd| 120270|0|0|4.2|    02/22/2018|278|R|||||||X||24|||X||||||||||||||
702750|0|R-VA004SC00600NB||||R-VA004SC00600NB|04-600|Wilson Rd|004|Amelia County|004|Amelia County|    04-708 W, Namozine Rd| 120002|0|0|4.44|    04-622 N, Greenes Rd| 120001|0|0|6.14|    02/22/2018|191|R|||||||X||24|||X||||||||||||||
702751|0|R-VA004SC00601EB||||R-VA004SC00601EB|04-601|Allen Lane|004|Amelia County|004|Amelia County|    04-606 Waldrop Rd| 120006|0|0|0|    Dead End| 120007|0|0|.7|    07/19/2018|6|R|||||||X||24|||X||||||||||||||
400001|0|R-VA004SC00602EB||||R-VA004SC00602EB|04-602|Bevils Bridge Rd|004|Amelia County|004|Amelia County|    SR 153 Military Rd| 120008|0|0|0|    Jurisdiction Boundary: 004 Amelia County| 748695|0|0|3.86|    01/01/2022|910|G|92|1|2|2|3|0|C|.104|6 |.51|883|G||||||||||||||
400002|0|R-VA004SC00602EB||||R-VA004SC00602EB|04-602|Bevils Bridge Rd|004|Amelia County|004|Amelia County|    04-612 Richmond Rd| 748695|0|0|3.86|    Chesterfield County Line| 804001|0|0|5.16|    01/01/2022|1331|G|95|0|2|2|1|0|C|.099|6 |.65|1293|G||||||||||||||
702752|0|R-VA004SC00603EB||||R-VA004SC00603EB|04-603|Poorhouse Rd|004|Amelia County|004|Amelia County|    04-640 Buckskin Creek Trail| 120010|0|0|0|    04-614 Dennisville Rd| 120011|0|0|3.55|    03/08/2018|456|R|||||||X||24|||X||||||||||||||
702753|0|R-VA004SC00603EB||||R-VA004SC00603EB|04-603|Poor House Rd|004|Amelia County|004|Amelia County|    04-614 Dennisville Rd| 120011|0|0|3.55|    04-701 Poor House Court| 120012|0|0|5|    03/08/2018|285|R|||||||X||24|||X||||||||||||||
702754|0|R-VA004SC00603EB||||R-VA004SC00603EB|04-603|Poor House Rd|004|Amelia County|004|Amelia County|    04-701 Poor House Court| 120012|0|0|5|    Dead End| 120272|0|0|7.3|    03/08/2018|104|R|||||||X||24|||X||||||||||||||
400003|0|R-VA004SC00604NB||||R-VA004SC00604NB|04-604|Chula Rd|004|Amelia County|004|Amelia County|    US 360 Patrick Henry Hwy| 120013|0|0|0|    04-636, N Lodore Rd| 709901|0|0|1.44|    01/01/2022|4810|G|94|0|1|2|2|0|F|.101|6 |.53|4724|G||||||||||||||
400004|0|R-VA004SC00604NB||||R-VA004SC00604NB|04-604|Chula Rd|004|Amelia County|004|Amelia County|    04-636, N Lodore Rd| 709901|0|0|1.44|    04-631 Coverly Rd| 729497|0|0|3.05|    01/01/2022|4011|G|94|0|1|2|2|0|F|.104|6 |.62|3940|G||||||||||||||
400005|0|R-VA004SC00604NB||||R-VA004SC00604NB|04-604|Chula Rd|004|Amelia County|004|Amelia County|    04-631 Coverly Rd| 729497|0|0|3.05|    04-616 Genito Rd| 120019|0|0|4.86|    01/01/2022|3798|G|94|0|1|2|2|0|C|.104|6 |.61|3731|G||||||||||||||
400006|0|R-VA004SC00604NB||||R-VA004SC00604NB|04-604|Genito Rd|004|Amelia County|004|Amelia County|    04-616; Chula Rd| 120019|0|0|4.86|    Powhatan County Line| 804002|0|0|7.06|    01/01/2022|4555|G|94|0|1|2|2|0|F|.103|6 |.69|4474|G||||||||||||||
702755|0|R-VA004SC00605NB||||R-VA004SC00605NB|04-605|Wayside Ave|004|Amelia County|004|Amelia County|    Bus US 360 Goodes Bridge Rd| 120023|0|0|0|    Bus US 360 Goodes Bridge Rd| 120021|0|0|.44|    07/19/2018|301|R|||||||X||24|||X||||||||||||||
702756|0|R-VA004SC00606NB||||R-VA004SC00606NB|04-606|Waldrop Rd|004|Amelia County|004|Amelia County|    04-610 Wills Rd| 120025|0|0|0|    04-612 Richmond Rd| 120024|0|0|3.48|    06/04/2015|176|R|||||||X||24|||X||||||||||||||
702757|0|R-VA004SC00607NB||||R-VA004SC00607NB|04-607|West Creek Rd|004|Amelia County|004|Amelia County|    04-615 Namozine Rd| 120026|0|0|0|    04-614 Dennisville Rd| 120029|0|0|4.1|    03/08/2018|453|R|||||||X||24|||X||||||||||||||
400007|0|R-VA004SC00608EB||||R-VA004SC00608EB|04-608|Little Patrick Rd|004|Amelia County|004|Amelia County|    04-614 Dennisville Rd| 120030|0|0|0|    SR 153 N, Military Rd| 733975|0|0|5.17|    01/01/2022|830|G|98|0|1|0|0|0|C|.1|6 |.67|804|G||||||||||||||
702759|0|R-VA004SC00608EB||||R-VA004SC00608EB|04-608|Rock Castle Lane|004|Amelia County|004|Amelia County|    SR 153 S, Military Rd| 733974|0|0|5.17|    Dead End| 120037|0|0|6.93|    06/04/2015|134|R|||||||X||24|||X||||||||||||||
400009|0|R-VA004SC00609NB||||R-VA004SC00609NB|04-609|Grub Hill Church Rd|004|Amelia County|004|Amelia County|    US 360 Patrick Henry Hwy| 120046|0|0|0|    04-630 Egglestetton Rd; Winterham Rd| 120044|0|0|2.74|    01/01/2022|1771|G|85|0|1|7|5|0|C|.097|6 |.53|1722|G||||||||||||||
140119|0|R-VA004SC00609NB||||R-VA004SC00609NB|04-609|Grub Hill Church Rd|004|Amelia County|004|Amelia County|    04-630 Egglestetton Rd; Winterham Rd| 120044|0|0|2.74|    04-633 Meade Rd| 120042|0|0|4.9|    01/01/2022|1941|A|91|1|2|1|4|0|C|.12|1 |.5|2082|A||||||||||||||
400011|0|R-VA004SC00609NB||||R-VA004SC00609NB|04-609|Grub Hill Church Rd|004|Amelia County|004|Amelia County|    04-633 Meade Rd| 120042|0|0|4.9|    04-616 E, Genito Rd| 120274|0|0|7.12|    01/01/2022|1236|G|87|1|2|3|7|0|C|.098|6 |.56|1200|G||||||||||||||
400012|0|R-VA004SC00609NB||||R-VA004SC00609NB|04-609|Royalton Rd|004|Amelia County|004|Amelia County|    04-616 W, Genito Rd| 120040|0|0|7.53|    04-713 Red Lodge Lane| 120039|0|0|8.39|    01/01/2022|1661|G|88|1|1|2|7|0|C|.1|6 |.53|1613|G||||||||||||||
400013|0|R-VA004SC00609NB||||R-VA004SC00609NB|04-609|Royalton Rd|004|Amelia County|004|Amelia County|    04-713 Red Lodge Lane| 120039|0|0|8.39|    Powhatan County Line| 804003|0|0|9.77|    01/01/2022|1649|G|87|1|2|2|7|0|C|.1|6 |.54|1601|G||||||||||||||
702760|0|R-VA004SC00610NB||||R-VA004SC00610NB|04-610|Wills Rd|004|Amelia County|004|Amelia County|    Nottoway County Line| 804004|0|0|0|    04-600 E, Ammon Rd| 120271|0|0|2.25|    06/04/2015|220|R|||||||X||24|||X||||||||||||||
702761|0|R-VA004SC00610NB||||R-VA004SC00610NB|04-610|Wills Rd|004|Amelia County|004|Amelia County|    04-600 E, Ammon Rd| 120271|0|0|2.25|    04-708 Namozine Rd| 120047|0|0|4.45|    06/04/2015|136|R|||||||X||24|||X||||||||||||||
400014|0|R-VA004SC00612NB||||R-VA004SC00612NB|04-612|Richmond Rd|004|Amelia County|004|Amelia County|    Nottoway County Line| 804005|0|0|0|    04-670 Thompkins Lane| 120056|0|0|1.7|    01/01/2022|304|G|98|1|0|0|0|0|C|.115|6 |.5|295|G||||||||||||||
400015|0|R-VA004SC00612NB||||R-VA004SC00612NB|04-612|Richmond Rd|004|Amelia County|004|Amelia County|    04-670 Thompkins Lane| 120056|0|0|1.7|    04-674 Crayton Lane| 120054|0|0|3.8|    01/01/2022|595|G|96|0|1|2|0|0|C|.099|6 |.51|578|G||||||||||||||
400016|0|R-VA004SC00612NB||||R-VA004SC00612NB|04-612|Richmond Rd|004|Amelia County|004|Amelia County|    04-674 Crayton Lane| 120054|0|0|3.8|    04-708 S, Namozine Rd| 120276|0|0|4|    01/01/2022|752|G|97|0|1|1|0|0|C|.101|6 |.61|730|G||||||||||||||
400017|0|R-VA004SC00612NB||||R-VA004SC00612NB|04-612|Richmond Rd|004|Amelia County|004|Amelia County|    04-708 N, Namozine Rd| 120053|0|0|4.11|    04-719 Rocky Run Lane| 120052|0|0|4.76|    01/01/2022|646|G|98|0|1|1|0|0|C|.139|6 |.71|628|G||||||||||||||
400018|0|R-VA004SC00612NB||||R-VA004SC00612NB|04-612|Richmond Rd|004|Amelia County|004|Amelia County|    04-719 Rocky Run Lane| 120052|0|0|4.76|    04-659 N, Oak Grove Loop| 120050|0|0|5.96|    01/01/2022|545|G|96|0|2|2|1|0|C|.091|6 |.67|529|G||||||||||||||
400019|0|R-VA004SC00612NB||||R-VA004SC00612NB|04-612|Richmond Rd|004|Amelia County|004|Amelia County|    04-659 N, Oak Grove Loop| 120050|0|0|5.96|    04-622 Greenes Rd| 120049|0|0|7.41|    01/01/2022|592|G|96|0|2|2|0|0|C|.095|6 |.84|575|G||||||||||||||
400020|0|R-VA004SC00612NB||||R-VA004SC00612NB|04-612|Richmond Rd|004|Amelia County|004|Amelia County|    04-622 Greenes Rd| 120049|0|0|7.41|    04-602 Bevils Bridge Rd| 748695|0|0|9.73|    01/01/2022|990|G|97|0|1|1|0|0|C|.09|6 |.63|962|G||||||||||||||
702762|0|R-VA004SC00613NB||||R-VA004SC00613NB|04-613|Dennisville Rd|004|Amelia County|004|Amelia County|    04-615 Namozine Rd| 120059|0|0|0|    04-614 Dennisville Rd| 120058|0|0|.04|    09/22/2021|212|R|||||||X||24|||X||||||||||||||
400021|0|R-VA004SC00614NB||||R-VA004SC00614NB|04-614|Dennisville Rd|004|Amelia County|004|Amelia County|    Nottoway County Line| 804006|0|0|0|    04-615 E, Namozine Rd| 120278|0|0|.48|    01/01/2022|408|G|96|0|2|1|1|0|C|.119|6 |.56|397|G||||||||||||||
406701|0|R-VA004SC00614NB||||R-VA004SC00614NB|04-614|Dennisville Rd|004|Amelia County|004|Amelia County|    04-615 E, Namozine Rd| 120278|0|0|.48|    04-615 W, Namozine Rd| 120070|0|0|.89|    01/01/2022|488|G|93|1|2|1|1|0|C|.123|6 |.51|474|G||||||||||||||
400022|0|R-VA004SC00614NB||||R-VA004SC00614NB|04-614|Dennisville Rd|004|Amelia County|004|Amelia County|    04-615 W, Namozine Rd| 120070|0|0|.89|    04-720 S, Pontons Circle| 120277|0|0|3.06|    01/01/2022|641|G|90|1|3|2|1|0|C|.105|6 |.63|623|G||||||||||||||
400023|0|R-VA004SC00614NB||||R-VA004SC00614NB|04-614|Dennisville Rd|004|Amelia County|004|Amelia County|    04-720 S, Pontons Circle| 120277|0|0|3.06|    04-608 Little Patrick Rd| 120030|0|0|3.44|    01/01/2022|715|G|95|1|3|1|1|0|C|.107|6 |.55|696|G||||||||||||||
400024|0|R-VA004SC00614NB||||R-VA004SC00614NB|04-614|Dennisville Rd|004|Amelia County|004|Amelia County|    04-608 Little Patrick Rd| 120030|0|0|3.44|    04-666 Cedar Lane| 120067|0|0|4.59|    01/01/2022|863|G|97|0|2|0|0|0|C|.095|6 |.58|839|G||||||||||||||
400025|0|R-VA004SC00614NB||||R-VA004SC00614NB|04-614|Dennisville Rd|004|Amelia County|004|Amelia County|    04-666 Cedar Lane| 120067|0|0|4.59|    04-607 West Creek Rd| 120029|0|0|5.66|    01/01/2022|1060|G|90|1|3|2|1|0|F|.098|6 |.62|1031|G||||||||||||||
400026|0|R-VA004SC00614NB||||R-VA004SC00614NB|04-614|Dennisville Rd|004|Amelia County|004|Amelia County|    04-607 West Creek Rd| 120029|0|0|5.66|    04-603 Poor House Rd| 120011|0|0|6.48|    01/01/2022|1599|G|97|1|1|1|0|0|C|.105|6 |.62|1555|G||||||||||||||
400027|0|R-VA004SC00614NB||||R-VA004SC00614NB|04-614|Dennisville Rd|004|Amelia County|004|Amelia County|    04-603 Poor House Rd| 120011|0|0|6.48|    04-624 Whitaker Rd| 120064|0|0|7.66|    01/01/2022|1920|G|97|0|1|1|0|0|C|.1|6 |.64|1868|G||||||||||||||
400028|0|R-VA004SC00614NB||||R-VA004SC00614NB|04-614|Dennisville Rd|004|Amelia County|004|Amelia County|    04-624 Whitaker Rd| 120064|0|0|7.66|    SR 38 Five Forks Rd| 120063|0|0|8.14|    01/01/2022|2081|G|97|0|1|1|1|0|C|.096|6 |.64|2024|G||||||||||||||
400029|0|R-VA004SC00614NB||||R-VA004SC00614NB|04-614|Otterburn Rd|004|Amelia County|004|Amelia County|    SR 38 Five Forks Rd| 120063|0|0|8.14|    Bus US 360 Goodes Bridge Rd| 120060|0|0|8.78|    01/01/2022|2191|G|93|1|2|2|2|0|C|.091|6 |.53|2130|G||||||||||||||
702763|0|R-VA004SC00615EB||||R-VA004SC00615EB|04-615|Namozine Rd|004|Amelia County|004|Amelia County|    Nottoway County Line| 804007|0|0|0|    04-613 Dennisville Rd| 120059|0|0|1.9|    02/22/2018|340|R|||||||X||24|||X||||||||||||||
702764|0|R-VA004SC00615EB||||R-VA004SC00615EB|04-615|Namozine Rd|004|Amelia County|004|Amelia County|    04-613 Dennisville Rd| 120059|0|0|1.9|    04-614 W, Dennisville Rd| 120070|0|0|1.94|    02/22/2018|222|R|||||||X||24|||X||||||||||||||
702765|0|R-VA004SC00615EB||||R-VA004SC00615EB|04-615|Namozine Rd|004|Amelia County|004|Amelia County|    04-614 E, Dennisville Rd| 120278|0|0|2.35|    1.45 ME 04-614 E| 120278|0|1.45|3.8|    06/04/2015|219|R|||||||X||24|||X||||||||||||||
702766|0|R-VA004SC00615EB||||R-VA004SC00615EB|04-615|Namozine Rd|004|Amelia County|004|Amelia County|    1.45 ME 04-614 E| 120278|0|1.45|3.8|    04-641 Earls Rd| 120073|0|0|7.66|    02/22/2018|102|R|||||||X||24|||X||||||||||||||
702767|0|R-VA004SC00615EB||||R-VA004SC00615EB|04-615|Namozine Rd|004|Amelia County|004|Amelia County|    04-641 Earls Rd| 120073|0|0|7.66|    0.15 ME 04-641| 120073|0|.15|7.81|    02/22/2018|111|R|||||||X||24|||X||||||||||||||
702768|0|R-VA004SC00615EB||||R-VA004SC00615EB|04-615|Namozine Rd|004|Amelia County|004|Amelia County|    0.15 ME 04-641| 120073|0|.15|7.81|    0.19 ME 04-641| 120073|0|.34|8|    06/04/2015|215|R|||||||X||24|||X||||||||||||||
702769|0|R-VA004SC00615EB||||R-VA004SC00615EB|04-615|Namozine Rd|004|Amelia County|004|Amelia County|    0.19 ME 04-641| 120073|0|.34|8|    SR 153 Military Rd| 120072|0|0|9.06|    02/22/2018|164|R|||||||X||24|||X||||||||||||||
702770|0|R-VA004SC00615EB||||R-VA004SC00615EB|04-615|Namozine Rd|004|Amelia County|004|Amelia County|    SR 153 Military Rd| 120072|0|0|9.06|    04-708 Cralles Rd| 120071|0|0|10.77|    02/22/2018|188|R|||||||X||24|||X||||||||||||||
702771|0|R-VA004SC00616NB||||R-VA004SC00616NB|04-616|S Genito Rd|004|Amelia County|004|Amelia County|    Nottoway County Line| 804008|0|0|0|    04-657 N, Selma Rd| 120092|0|0|.32|    01/01/2022|563|G|97|0|1|1|1|0|C|.115|6 |.62|548|G||||||||||||||
702772|0|R-VA004SC00616NB||||R-VA004SC00616NB|04-616|S Genito Rd|004|Amelia County|004|Amelia County|    04-657 N, Selma Rd| 120092|0|0|.32|    04-694 Bland Lane| 120090|0|0|1.68|    01/01/2022|502|G|97|0|1|0|1|0|C|.118|6 |.68|487|G||||||||||||||
702773|0|R-VA004SC00616NB||||R-VA004SC00616NB|04-616|S Genito Rd|004|Amelia County|004|Amelia County|    04-694 Bland Lane| 120090|0|0|1.68|    04-617 S, Saylers Creek Rd| 120281|0|0|3.52|    01/01/2022|426|G|99|0|0|0|0|0|C|.124|6 |.51|414|G||||||||||||||
702774|0|R-VA004SC00616NB||||R-VA004SC00616NB|04-616|S Genito Rd|004|Amelia County|004|Amelia County|    04-617 S, Saylers Creek Rd| 120281|0|0|3.52|    04-621 Reed Rock Rd| 120087|0|0|4.97|    01/01/2022|602|G|95|0|1|1|3|0|C|.11|6 |.62|584|G||||||||||||||
702775|0|R-VA004SC00616NB||||R-VA004SC00616NB|04-616|S Genito Rd|004|Amelia County|004|Amelia County|    04-621 Reed Rock Rd| 120087|0|0|4.97|    04-642 Amelia Springs Rd| 120083|0|0|8.49|    01/01/2022|442|G|95|1|1|2|1|0|C|.125|6 |.57|429|G||||||||||||||
702776|0|R-VA004SC00616NB||||R-VA004SC00616NB|04-616|S Genito Rd|004|Amelia County|004|Amelia County|    04-642 Amelia Springs Rd| 120083|0|0|8.49|    04-644 S, Rocky Ford Rd| 120280|0|0|9.12|    01/01/2022|759|G|97|1|1|0|1|0|C|.102|6 |.62|736|G||||||||||||||
792282|0|R-VA004SC00616NB||||R-VA004SC00616NB|04-616|Genito Rd|004|Amelia County|004|Amelia County|    04-644 S, Rocky Ford Rd| 120280|0|0|9.12|    04-644 N, Fowlkes Bridge Rd| 120082|0|0|9.29|    01/01/2022|653|G|96|0|2|0|2|0|C|.12|6 |.55|634|G||||||||||||||
702777|0|R-VA004SC00616NB||||R-VA004SC00616NB|04-616|Genito Rd|004|Amelia County|004|Amelia County|    04-644 N, Fowlkes Bridge Rd| 120082|0|0|9.29|    04-688 Shady Lane| 120081|0|0|9.77|    01/01/2022|576|G|97|0|1|1|1|0|C|.108|6 |.69|559|G||||||||||||||
702778|0|R-VA004SC00616NB||||R-VA004SC00616NB|04-616|Genito Rd|004|Amelia County|004|Amelia County|    04-688 Shady Lane| 120081|0|0|9.77|    04-681 Clementown Rd| 120079|0|0|12.73|    01/01/2022|675|G|96|0|2|1|1|0|C|.108|6 |.64|656|G||||||||||||||
702779|0|R-VA004SC00616NB||||R-VA004SC00616NB|04-616|Genito Rd|004|Amelia County|004|Amelia County|    04-681 Clementown Rd| 120079|0|0|12.73|    04-636 W, N Lodore Rd| 120077|0|0|16.21|    01/01/2022|849|G|95|0|2|1|2|0|C|.105|6 |.6|824|G||||||||||||||
400030|0|R-VA004SC00616NB||||R-VA004SC00616NB|04-616|Genito Rd|004|Amelia County|004|Amelia County|    04-636 W, N Lodore Rd| 120077|0|0|16.21|    04-636 E, S Giles Rd| 120279|0|0|16.96|    01/01/2022|911|G|94|0|1|1|3|0|C|.093|6 |.66|884|G||||||||||||||
400031|0|R-VA004SC00616NB||||R-VA004SC00616NB|04-616|Genito Rd|004|Amelia County|004|Amelia County|    04-636 E, S Giles Rd| 120279|0|0|16.96|    04-609 W, Royalton Rd| 120040|0|0|19.45|    01/01/2022|880|G|95|0|2|1|2|0|C|.098|6 |.68|855|G||||||||||||||
400032|0|R-VA004SC00616NB||||R-VA004SC00616NB|04-616|Genito Rd|004|Amelia County|004|Amelia County|    04-609 W, Royalton Rd| 120040|0|0|19.45|    04-609 E, Grub Hill Church Rd| 120274|0|0|19.86|    01/01/2022|1955|G|90|1|2|2|5|0|C|.092|6 |.55|1899|G||||||||||||||
400033|0|R-VA004SC00616NB||||R-VA004SC00616NB|04-616|Genito Rd|004|Amelia County|004|Amelia County|    04-609 E, Grub Hill Church Rd| 120274|0|0|19.86|    04-652 Kennons Lane| 120074|0|0|22.56|    01/01/2022|1039|G|96|0|1|0|1|0|C|.098|6 |.67|1009|G||||||||||||||
400034|0|R-VA004SC00616NB||||R-VA004SC00616NB|04-616|Genito Rd|004|Amelia County|004|Amelia County|    04-652 Kennons Lane| 120074|0|0|22.56|    04-604 Chula Rd| 120019|0|0|23.98|    01/01/2022|1401|G|97|0|2|0|1|0|C|.1|6 |.74|1361|G||||||||||||||
702780|0|R-VA004SC00617EB||||R-VA004SC00617EB|04-617|Saylers Creek Rd|004|Amelia County|004|Amelia County|    Nottaway and Prince Edward County Lines| 804009|0|0|0|    04-616 S, S Genito Rd| 120281|0|0|5.6|    04/23/2015|341|R|||||||X||24|||X||||||||||||||
702781|0|R-VA004SC00617EB||||R-VA004SC00617EB|04-617|Saint James Rd|004|Amelia County|004|Amelia County|    04-616 N, S Genito Rd| 120088|0|0|6.03|    04-642 Amelia Springs Rd| 120093|0|0|9.23|    04/23/2015|380|R|||||||X||24|||X||||||||||||||
702782|0|R-VA004SC00618EB||||R-VA004SC00618EB|04-618|James Town Rd|004|Amelia County|004|Amelia County|    Prince Edward County Line|1193323|0|0|0|    04-616, S Genito Rd| 120091|0|0|3.01|    05/15/2018|233|R|||||||X||24|||X||||||||||||||
702783|0|R-VA004SC00619NB||||R-VA004SC00619NB|04-619|W Bunker Hill Rd|004|Amelia County|004|Amelia County|    Prince Edward County Line| 804011|0|0|0|    04-650 Rock Rd| 120098|0|0|3.85|    05/15/2018|114|R|||||||X||24|||X||||||||||||||
702784|0|R-VA004SC00619NB||||R-VA004SC00619NB|04-619|E Bunker Hill Rd|004|Amelia County|004|Amelia County|    04-650 Rock Rd| 120098|0|0|3.85|    04-675 Richard Lane| 120097|0|0|7.15|    05/15/2018|201|R|||||||X||24|||X||||||||||||||
702785|0|R-VA004SC00619NB||||R-VA004SC00619NB|04-619|E Bunker Hill Rd|004|Amelia County|004|Amelia County|    04-675 Richard Lane| 120097|0|0|7.15|    04-617 Saylers Creek Rd| 120094|0|0|7.35|    05/15/2018|399|R|||||||X||24|||X||||||||||||||
702786|0|R-VA004SC00620NB||||R-VA004SC00620NB|04-620|Rodophil Rd|004|Amelia County|004|Amelia County|    04-616, S Genito Rd| 120085|0|0|0|    04-621 S, Reed Rock Rd| 120099|0|0|2.71|    05/15/2018|186|R|||||||X||24|||X||||||||||||||
702787|0|R-VA004SC00620NB||||R-VA004SC00620NB|04-620|Reed Rock Rd|004|Amelia County|004|Amelia County|    04-621 S; Rodophil Rd| 120099|0|0|2.71|    04-621 N, Reed Rock Rd| 120283|0|0|3.76|    05/15/2018|190|R|||||||X||24|||X||||||||||||||
702788|0|R-VA004SC00620NB||||R-VA004SC00620NB|04-620|Stony Point Rd|004|Amelia County|004|Amelia County|    04-621 N, Reed Rock Rd| 120283|0|0|3.76|    Cumberland County Line| 804012|0|0|5.56|    05/15/2018|105|R|||||||X||24|||X||||||||||||||
702789|0|R-VA004SC00621NB||||R-VA004SC00621NB|04-621|Reed Rock Rd|004|Amelia County|004|Amelia County|    04-616, S Genito Rd| 120087|0|0|0|    04-620 S, Rodophil Rd| 120099|0|0|4.15|    05/15/2018|260|R|||||||X||24|||X||||||||||||||
702790|0|R-VA004SC00621NB||||R-VA004SC00621NB|04-621|Reed Rock Rd|004|Amelia County|004|Amelia County|    04-620 N, Reed Rock Rd| 120283|0|0|5.2|    0.10 MN 04-620| 120283|0|.1|5.3|    05/15/2018|115|R|||||||X||24|||X||||||||||||||
702791|0|R-VA004SC00621NB||||R-VA004SC00621NB|04-621|Reed Rock Rd|004|Amelia County|004|Amelia County|    0.10 MN 04-620| 120283|0|.1|5.3|    04-644 Fowlkes Bridge Rd| 120101|0|0|7|    05/15/2018|150|R|||||||X||24|||X||||||||||||||
702792|0|R-VA004SC00621NB||||R-VA004SC00621NB|04-621|Fowlkes Bridge Rd|004|Amelia County|004|Amelia County|    04-644; Reed Rock Rd| 120101|0|0|7|    Cumberland County Line| 804013|0|0|9|    05/15/2018|239|R|||||||X||24|||X||||||||||||||
702793|0|R-VA004SC00622NB||||R-VA004SC00622NB|04-622|Cobbs Rd|004|Amelia County|004|Amelia County|    Dinwiddie County Line| 804014|0|0|0|    04-600 Ammon Rd| 120335|0|0|1.2|    02/22/2018|189|R|||||||X||24|||X||||||||||||||
702794|0|R-VA004SC00622NB||||R-VA004SC00622NB|04-622|Mill Quarter Rd|004|Amelia County|004|Amelia County|    04-600 Ammon Rd| 120335|0|0|1.2|    04-708 Namozine Rd| 120102|0|0|5.81|    02/22/2018|219|R|||||||X||24|||X||||||||||||||
702795|0|R-VA004SC00622NB||||R-VA004SC00622NB|04-622|Greenes Rd|004|Amelia County|004|Amelia County|    04-708 Namozine Rd| 120102|0|0|5.81|    04-600 Wilson Rd| 120001|0|0|9.81|    02/22/2018|302|R|||||||X||24|||X||||||||||||||
702796|0|R-VA004SC00622NB||||R-VA004SC00622NB|04-622|Greenes Rd|004|Amelia County|004|Amelia County|    04-600 Wilson Rd| 120001|0|0|9.81|    04-612 Richmond Rd| 120049|0|0|12.41|    02/22/2018|298|R|||||||X||24|||X||||||||||||||
702797|0|R-VA004SC00623EB||||R-VA004SC00623EB|04-623|Chesdin Lake Dr|004|Amelia County|004|Amelia County|    04-708 Namozine Rd| 120103|0|0|0|    04-646 Cousins Lane| 120104|0|0|.67|    01/01/2022|168|G|99|1|1|0|0|0|C|.097|6 |.58|164|G||||||||||||||
702798|0|R-VA004SC00623EB||||R-VA004SC00623EB|04-623|Chesdin Lake Dr|004|Amelia County|004|Amelia County|    04-646 Cousins Lane| 120104|0|0|.67|    Dinwiddie County Line| 804015|0|0|4.77|    01/01/2022|178|G|97|0|1|2|0|0|C|.12|6 |.55|173|G||||||||||||||
702799|0|R-VA004SC00624EB||||R-VA004SC00624EB|04-624|Whitaker Rd|004|Amelia County|004|Amelia County|    04-656, S Amelia Ave| 120106|0|0|0|    US 360 Patrick Henry Hwy| 120105|0|0|.6|    05/12/2015|464|R|||||||X||24|||X||||||||||||||
702800|0|R-VA004SC00624EB||||R-VA004SC00624EB|04-624|Whitaker Rd|004|Amelia County|004|Amelia County|    US 360 Patrick Henry Hwy| 120105|0|0|.6|    04-614 Dennisville Rd| 120064|0|0|2.3|    03/08/2018|398|R|||||||X||24|||X||||||||||||||
702801|0|R-VA004SC00625NB||||R-VA004SC00625NB|04-625|Red House Rd|004|Amelia County|004|Amelia County|    Dinwiddie County Line| 804016|0|0|0|    04-610 Wills Rd| 120048|0|0|.8|    06/25/2015|210|R|||||||X||24|||X||||||||||||||
702802|0|R-VA004SC00626NB||||R-VA004SC00626NB|04-626|Crossing Rd|004|Amelia County|004|Amelia County|    Bus US 360 Goodes Bridge Rd| 120107|0|0|0|    04-629 Elm Cottage Rd| 120108|0|0|.01|    03/08/2018|1060|R|||||||X||24|||X||||||||||||||
702803|0|R-VA004SC00627NB||||R-VA004SC00627NB|04-627|Cheatham Rd|004|Amelia County|004|Amelia County|    SR 38 Five Forks Rd| 120110|0|0|0|    US 360 Patrick Henry Hwy|1092241|0|0|3.87|    05/01/2015|513|R|||||||X||24|||X||||||||||||||
702804|0|R-VA004SC00628NB||||R-VA004SC00628NB|04-628|Butlers Rd|004|Amelia County|004|Amelia County|    SR 153 Military Rd| 120113|0|0|0|    04-703 Epps Lane| 120112|0|0|3.285|    03/08/2018|879|R|||||||X||24|||X||||||||||||||
702805|0|R-VA004SC00628NB||||R-VA004SC00628NB|04-628|Butlers Rd|004|Amelia County|004|Amelia County|    04-703 Epps Lane| 120112|0|0|3.285|    US 360 Patrick Henry Hwy|1092242|0|0|3.5|    03/08/2018|1491|R|||||||X||24|||X||||||||||||||
702806|0|R-VA004SC00629EB||||R-VA004SC00629EB|04-629|Elm Cottage Rd|004|Amelia County|004|Amelia County|    04-609 Grub Hill Church Rd| 120045|0|0|0|    04-626 Crossing Rd| 120108|0|0|.82|    05/01/2015|228|R|||||||X||24|||X||||||||||||||
702807|0|R-VA004SC00629EB||||R-VA004SC00629EB|04-629|Elm Cottage Rd|004|Amelia County|004|Amelia County|    04-626 Crossing Rd| 120108|0|0|.82|    04-630 Winterham Rd| 120114|0|0|1.59|    05/01/2015|669|R|||||||X||24|||X||||||||||||||
702808|0|R-VA004SC00630NB||||R-VA004SC00630NB|04-630|Winterham Rd|004|Amelia County|004|Amelia County|    US 360 Patrick Henry Hwy| 120118|0|0|0|    04-629 Elm Cottage Rd| 120114|0|0|.27|    01/01/2022|1151|G|97|0|1|1|0|0|C|.101|6 |.61|1119|G||||||||||||||
702809|0|R-VA004SC00630NB||||R-VA004SC00630NB|04-630|Winterham Rd|004|Amelia County|004|Amelia County|    04-629 Elm Cottage Rd| 120114|0|0|.27|    04-661 Promise Land Rd| 120116|0|0|1.01|    01/01/2022|1258|G|97|0|1|1|0|0|C|.098|6 |.69|1224|G||||||||||||||
702810|0|R-VA004SC00630NB||||R-VA004SC00630NB|04-630|Winterham Rd|004|Amelia County|004|Amelia County|    04-661 Promise Land Rd| 120116|0|0|1.01|    04-609 Grub Hill Church Rd| 120044|0|0|3.01|    01/01/2022|610|G|96|0|2|1|0|0|C|.094|6 |.64|593|G||||||||||||||
702811|0|R-VA004SC00630NB||||R-VA004SC00630NB|04-630|Egglestetton Rd|004|Amelia County|004|Amelia County|    04-609 Grub Hill Church Rd| 120044|0|0|3.01|    04-681 Pridesville Rd| 120115|0|0|5.57|    01/01/2022|523|G|97|0|2|1|0|0|C|.122|6 |.51|508|G||||||||||||||
702812|0|R-VA004SC00631NB||||R-VA004SC00631NB|04-631|Coverly Rd|004|Amelia County|004|Amelia County|    04-604 Chula Rd| 729497|0|0|0|    0.30 ME 04-604| 729497|0|.3|.3|    06/16/2015|487|R|||||||X||24|||X||||||||||||||
702813|0|R-VA004SC00631NB||||R-VA004SC00631NB|04-631|Coverly Rd|004|Amelia County|004|Amelia County|    0.30 ME 04-604| 729497|0|.3|.3|    04-722 West Lane| 120119|0|0|1.1|    06/16/2015|360|R|||||||X||24|||X||||||||||||||
702814|0|R-VA004SC00631NB||||R-VA004SC00631NB|04-631|Coverly Rd|004|Amelia County|004|Amelia County|    04-722 West Lane| 120119|0|0|1.1|    Dead End| 120120|0|0|1.12|    05/04/2021|38|T|||||||X||24|||X||||||||||||||
702815|0|R-VA004SC00632NB||||R-VA004SC00632NB|04-632|Dykeland Rd|004|Amelia County|004|Amelia County|    04-604 Chula Rd| 709987|0|0|0|    04-616 Genito Rd| 120075|0|0|4.84|    04/18/2018|552|R|||||||X||24|||X||||||||||||||
702816|0|R-VA004SC00633EB||||R-VA004SC00633EB|04-633|Meade Rd|004|Amelia County|004|Amelia County|    04-609 Grub Hill Church Rd| 120042|0|0|0|    04-632 Dykeland Rd| 120121|0|0|1.37|    06/16/2015|336|R|||||||X||24|||X||||||||||||||
702817|0|R-VA004SC00634EB||||R-VA004SC00634EB|04-634|Leidig St|004|Amelia County|004|Amelia County|    Dead End| 120284|0|0|0|    04-1016 Crowder St| 120122|0|0|.22|    03/08/2018|81|R|||||||X||24|||X||||||||||||||
702818|0|R-VA004SC00634EB||||R-VA004SC00634EB|04-634|Leidig St|004|Amelia County|004|Amelia County|    04-1016 Crowder St| 120122|0|0|.22|    04-614 Otterburn Rd| 120062|0|0|.36|    03/08/2018|998|R|||||||X||24|||X||||||||||||||
702819|0|R-VA004SC00635EB||||R-VA004SC00635EB|04-635|Mattoax Lane|004|Amelia County|004|Amelia County|    04-604 Chula Rd| 729498|0|0|0|    1.12 ME 04-604| 729498|0|1.12|1.12|    04/18/2018|440|R|||||||X||24|||X||||||||||||||
702820|0|R-VA004SC00635EB||||R-VA004SC00635EB|04-635|Mattoax Lane|004|Amelia County|004|Amelia County|    1.12 ME 04-604| 729498|0|1.12|1.12|    Dead End| 120123|0|0|2.4|    04/18/2018|231|R|||||||X||24|||X||||||||||||||
702821|0|R-VA004SC00636NB||||R-VA004SC00636NB|04-636|N Lodore Rd|004|Amelia County|004|Amelia County|    04-604 Chula Rd| 709901|0|0|0|    04-609 Grub Hill Church Rd| 120043|0|0|4.86|    04/18/2018|239|R|||||||X||24|||X||||||||||||||
702822|0|R-VA004SC00636NB||||R-VA004SC00636NB|04-636|N Lodore Rd|004|Amelia County|004|Amelia County|    04-609 Grub Hill Church Rd| 120043|0|0|4.86|    04-616 W, Genito Rd| 120077|0|0|9.19|    04/18/2018|419|R|||||||X||24|||X||||||||||||||
702823|0|R-VA004SC00636NB||||R-VA004SC00636NB|04-636|S Giles Rd|004|Amelia County|004|Amelia County|    04-616 E, Genito Rd| 120279|0|0|9.94|    04-637 Giles Rd| 120125|0|0|11.64|    04/18/2018|255|R|||||||X||24|||X||||||||||||||
702824|0|R-VA004SC00636NB||||R-VA004SC00636NB|04-636|Brackets Bend Lane|004|Amelia County|004|Amelia County|    04-637 Giles Rd| 120125|0|0|11.64|    1.39 MN 04-637| 120125|0|1.39|13.03|    06/16/2015|110|R|||||||X||24|||X||||||||||||||
702825|0|R-VA004SC00636NB||||R-VA004SC00636NB|04-636|Brackets Bend Lane|004|Amelia County|004|Amelia County|    1.39 MN 04-637| 120125|0|1.39|13.03|    Dead End| 120126|0|0|13.54|    06/16/2015|18|R|||||||X||24|||X||||||||||||||
702826|0|R-VA004SC00637EB||||R-VA004SC00637EB|04-637|Giles Rd|004|Amelia County|004|Amelia County|    04-636, S Giles Rd| 120125|0|0|0|    04-609 Royalton Rd| 120038|0|0|2.99|    06/16/2015|161|R|||||||X||24|||X||||||||||||||
702827|0|R-VA004SC00638NB||||R-VA004SC00638NB|04-638|Eggleston Lane|004|Amelia County|004|Amelia County|    04-681 Pridesville Rd| 120127|0|0|0|    Dead End| 120128|0|0|1.15|    04/18/2018|103|R|||||||X||24|||X||||||||||||||
702828|0|R-VA004SC00639NB||||R-VA004SC00639NB|04-639|Mount Zion Rd|004|Amelia County|004|Amelia County|    US 360 Patrick Henry Hwy| 120132|0|0|0|    04-687 Harrison Rd| 120130|0|0|3.3|    04/23/2015|433|R|||||||X||24|||X||||||||||||||
702829|0|R-VA004SC00639NB||||R-VA004SC00639NB|04-639|Mount Zion Rd|004|Amelia County|004|Amelia County|    04-687 Harrison Rd| 120130|0|0|3.3|    04-681 Clementown Rd; Pridesville Rd| 120129|0|0|4.9|    04/23/2015|450|R|||||||X||24|||X||||||||||||||
702830|0|R-VA004SC00640NB||||R-VA004SC00640NB|04-640|Perkinson Rd|004|Amelia County|004|Amelia County|    04-671 Jetersville Rd| 120138|0|0|0|    04-1101 Farmers Lane| 120137|0|0|.08|    03/08/2018|678|R|||||||X||24|||X||||||||||||||
702831|0|R-VA004SC00640NB||||R-VA004SC00640NB|04-640|Perkinson Rd|004|Amelia County|004|Amelia County|    04-1101 Farmers Lane| 120137|0|0|.08|    04-691 Bird Grove Lane| 120136|0|0|1.28|    03/08/2018|397|R|||||||X||24|||X||||||||||||||
702832|0|R-VA004SC00640NB||||R-VA004SC00640NB|04-640|Perkinson Rd|004|Amelia County|004|Amelia County|    04-691 Bird Grove Lane| 120136|0|0|1.28|    3.42 ME 04-691| 120136|0|3.42|4.7|    03/08/2018|131|R|||||||X||24|||X||||||||||||||
702833|0|R-VA004SC00640NB||||R-VA004SC00640NB|04-640|Perkinson Rd|004|Amelia County|004|Amelia County|    3.42 ME 04-691| 120136|0|3.42|4.7|    04-649 Frontage Rd Lane| 120135|0|0|5.28|    03/08/2018|221|R|||||||X||24|||X||||||||||||||
702834|0|R-VA004SC00640NB||||R-VA004SC00640NB|04-640|Buckskin Creek Rd|004|Amelia County|004|Amelia County|    04-649 Frontage Rd Lane| 120135|0|0|5.28|    1.25 MN 04-649| 120135|0|1.25|6.53|    03/08/2018|148|R|||||||X||24|||X||||||||||||||
702835|0|R-VA004SC00640NB||||R-VA004SC00640NB|04-640|Buckskin Creek Rd|004|Amelia County|004|Amelia County|    1.25 MN 04-649| 120135|0|1.25|6.53|    04-603 Poorhouse Rd| 120010|0|0|8.43|    03/08/2018|174|R|||||||X||24|||X||||||||||||||
702836|0|R-VA004SC00640NB||||R-VA004SC00640NB|04-640|Buckskin Creek Rd|004|Amelia County|004|Amelia County|    04-603 Poorhouse Rd| 120010|0|0|8.43|    04-697 Maplewood Rd| 120134|0|0|9.28|    03/08/2018|597|R|||||||X||24|||X||||||||||||||
792281|0|R-VA004SC00640NB||||R-VA004SC00640NB|04-640|Mapelwood Rd|004|Amelia County|004|Amelia County|    04-697; Buckskin Creek Trail| 120134|0|0|9.28|    US 360 Patrick Henry Hwy| 120133|0|0|9.63|    03/08/2018|635|R|||||||X||24|||X||||||||||||||
702837|0|R-VA004SC00640NB||||R-VA004SC00640NB|04-640|Richardson Rd|004|Amelia County|004|Amelia County|    US 360 Patrick Henry Hwy| 120133|0|0|9.63|    04-639 Mount Zion Rd| 120131|0|0|11.08|    03/08/2018|228|R|||||||X||24|||X||||||||||||||
702838|0|R-VA004SC00641NB||||R-VA004SC00641NB|04-641|Earls Rd|004|Amelia County|004|Amelia County|    SR 153 Military Rd| 120139|0|0|0|    04-615 Namozine Rd| 120073|0|0|2.1|    06/04/2015|118|R|||||||X||24|||X||||||||||||||
702839|0|R-VA004SC00642NB||||R-VA004SC00642NB|04-642|Amelia Springs Rd|004|Amelia County|004|Amelia County|    04-671 Jetersville Rd| 120144|0|0|0|    US 360 Patrick Henry Hwy| 120143|0|0|.18|    04/23/2015|140|R|||||||X||24|||X||||||||||||||
400035|0|R-VA004SC00642NB||||R-VA004SC00642NB|04-642|Amelia Springs Rd|004|Amelia County|004|Amelia County|    US 360 Patrick Henry Hwy| 120143|0|0|.18|    04-617 Saint James Rd| 120093|0|0|3.7|    01/01/2022|983|G|96|0|1|1|0|0|C|.092|6 |.64|955|G||||||||||||||
400036|0|R-VA004SC00642NB||||R-VA004SC00642NB|04-642|Amelia Springs Rd|004|Amelia County|004|Amelia County|    04-617 Saint James Rd| 120093|0|0|3.7|    04-616, S Genito Rd| 120083|0|0|7.42|    01/01/2022|268|G|96|1|3|0|1|0|C|.153|6 |.56|261|G||||||||||||||
702840|0|R-VA004SC00643NB||||R-VA004SC00643NB|04-643|Bent Creek Rd|004|Amelia County|004|Amelia County|    04-616 Genito Rd| 120080|0|0|0|    04-681 Clementown Rd| 120145|0|0|3.35|    07/19/2018|358|R|||||||X||24|||X||||||||||||||
702841|0|R-VA004SC00644NB||||R-VA004SC00644NB|04-644|Rocky Ford Rd|004|Amelia County|004|Amelia County|    04-681 Clementown Rd| 120147|0|0|0|    04-616 S, S Genito Rd| 120280|0|0|4.05|    01/01/2022|455|G|96|1|1|0|2|0|C|.113|6 |.63|443|G||||||||||||||
702842|0|R-VA004SC00644NB||||R-VA004SC00644NB|04-644|Fowlkes Bridge Rd|004|Amelia County|004|Amelia County|    04-616 N, Genito Rd| 120082|0|0|4.22|    2.54 MN 04-616 N| 120082|0|2.54|6.76|    05/15/2018|281|R|||||||X||24|||X||||||||||||||
702843|0|R-VA004SC00644NB||||R-VA004SC00644NB|04-644|Fowlkes Bridge Rd|004|Amelia County|004|Amelia County|    2.54 MN 04-616 N| 120082|0|2.54|6.76|    04-621 Reed Rock Rd| 120101|0|0|7.97|    05/15/2018|294|R|||||||X||24|||X||||||||||||||
702844|0|R-VA004SC00645NB||||R-VA004SC00645NB|04-645|Soap Stone Rd|004|Amelia County|004|Amelia County|    SR 307 Holly Farms Rd| 120148|0|0|0|    04-657 Selma Rd| 120150|0|0|3.51|    05/15/2018|484|R|||||||X||24|||X||||||||||||||
702845|0|R-VA004SC00645NB||||R-VA004SC00645NB|04-645|Soap Stone Rd|004|Amelia County|004|Amelia County|    04-657 Selma Rd| 120150|0|0|3.51|    04-616, S Genito Rd| 120089|0|0|4.91|    05/15/2018|442|R|||||||X||24|||X||||||||||||||
702846|0|R-VA004SC00646NB||||R-VA004SC00646NB|04-646|Cousins Lane|004|Amelia County|004|Amelia County|    04-623 Chesdin Lake Rd| 120104|0|0|0|    Dead End| 120151|0|0|2.4|    02/22/2018|111|R|||||||X||24|||X||||||||||||||
702847|0|R-VA004SC00648NB||||R-VA004SC00648NB|04-648|Beaver Pond Creek Rd|004|Amelia County|004|Amelia County|    04-608 Little Patrick Rd| 120033|0|0|0|    04-663 Townes Lane| 120153|0|0|2.5|    03/08/2018|120|R|||||||X||24|||X||||||||||||||
702848|0|R-VA004SC00648NB||||R-VA004SC00648NB|04-648|Beaver Pond Creek Rd|004|Amelia County|004|Amelia County|    04-663 Townes Lane| 120153|0|0|2.5|    SR 38 Five Forks Rd| 120152|0|0|3|    03/08/2018|159|R|||||||X||24|||X||||||||||||||
702849|0|R-VA004SC00649EB||||R-VA004SC00649EB|04-649|Frontage Road Lane|004|Amelia County|004|Amelia County|    04-640 Buckskin Creek Trail; Perkinson Rd| 120135|0|0|0|    04-607 West Creek Rd| 120027|0|0|1.55|    09/22/2021|154|R|||||||X||24|||X||||||||||||||
702850|0|R-VA004SC00650EB||||R-VA004SC00650EB|04-650|Rock Rd|004|Amelia County|004|Amelia County|    04-619 E Bunker Hill Rd; W Bunker Hill Rd| 120098|0|0|0|    04-621 Reed Rock Rd| 120100|0|0|1.6|    05/15/2018|191|R|||||||X||24|||X||||||||||||||
702851|0|R-VA004SC00651NB||||R-VA004SC00651NB|04-651|Archers Creek Lane|004|Amelia County|004|Amelia County|    04-616 Genito Rd| 120076|0|0|0|    04-692 Rocky Branch Lane| 120154|0|0|.5|    04/18/2018|288|R|||||||X||24|||X||||||||||||||
702852|0|R-VA004SC00651NB||||R-VA004SC00651NB|04-651|Archers Creek Lane|004|Amelia County|004|Amelia County|    04-692 Rocky Branch Lane| 120154|0|0|.5|    Dead End| 120155|0|0|1.5|    04/18/2018|133|R|||||||X||24|||X||||||||||||||
702853|0|R-VA004SC00652NB||||R-VA004SC00652NB|04-652|Kennons Lane|004|Amelia County|004|Amelia County|    04-616 Genito Rd| 120074|0|0|0|    Dead End| 120156|0|0|.88|    06/16/2015|147|R|||||||X||24|||X||||||||||||||
702854|0|R-VA004SC00653EB||||R-VA004SC00653EB|04-653|Horseshoe Loop|004|Amelia County|004|Amelia County|    04-608 W, Little Patrick Rd| 120032|0|0|0|    04-608 E, Little Patrick Rd| 120273|0|0|2.7|    01/01/2022|69|G|99|0|0|0|0|0|C|.169|6 |.62|69|G||||||||||||||
702855|0|R-VA004SC00654EB||||R-VA004SC00654EB|04-654|Thompson Lane|004|Amelia County|004|Amelia County|    Dead End| 120158|0|0|0|    SR 307 Holly Farms Rd| 120157|0|0|.85|    04/23/2015|199|R|||||||X||24|||X||||||||||||||
702856|0|R-VA004SC00655EB||||R-VA004SC00655EB|04-655|Johnson Rd|004|Amelia County|004|Amelia County|    04-616, S Genito Rd| 120086|0|0|0|    04-642 Amelia Springs Rd| 120141|0|0|3.05|    03/08/2018|200|R|||||||X||24|||X||||||||||||||
702857|0|R-VA004SC00656EB||||R-VA004SC00656EB|04-656|S Amelia Ave|004|Amelia County|004|Amelia County|    US 360 W, Patrick Henry Hwy| 120163|0|0|0|    04-721 Maws Rd| 120160|0|0|.75|    05/12/2015|87|R|||||||X||24|||X||||||||||||||
702858|0|R-VA004SC00656EB||||R-VA004SC00656EB|04-656|S Amelia Ave|004|Amelia County|004|Amelia County|    04-721 Maws Rd| 120160|0|0|.75|    04-1030 Knobs Hill Lane| 120161|0|0|2.82|    05/12/2015|141|R|||||||X||24|||X||||||||||||||
702859|0|R-VA004SC00656EB||||R-VA004SC00656EB|04-656|Amelia Ave|004|Amelia County|004|Amelia County|    04-1030 Knobs Hill Lane| 120161|0|0|2.82|    04-681 Pridesville Rd| 120162|0|0|3.68|    05/12/2015|446|R|||||||X||24|||X||||||||||||||
400037|0|R-VA004SC00656EB||||R-VA004SC00656EB|04-656|Amelia Ave|004|Amelia County|004|Amelia County|    04-681 Pridesville Rd| 120162|0|0|3.68|    US 360 E, Patrick Henry Hwy| 120159|0|0|4.14|    01/01/2022|1892|G|98|0|1|1|1|0|C|.09|6 |.67|1837|G||||||||||||||
400038|0|R-VA004SC00656EB||||R-VA004SC00656EB|04-656|Amelia Ave|004|Amelia County|004|Amelia County|    US 360 E, Patrick Henry Hwy| 120159|0|0|4.14|    04-1007 Court St| 120164|0|0|4.34|    01/01/2022|874|G|98|0|1|0|0|0|C|.094|6 |.59|851|G||||||||||||||
400039|0|R-VA004SC00656EB||||R-VA004SC00656EB|04-656|Amelia Ave|004|Amelia County|004|Amelia County|    04-1007 Court St| 120164|0|0|4.34|    Bus US 360 Goodes Bridge Rd| 120166|0|0|4.54|    01/01/2022|373|G|98|0|1|0|0|0|C|.108|6 |.72|363|G||||||||||||||
702860|0|R-VA004SC00657EB||||R-VA004SC00657EB|04-657|Selma Rd|004|Amelia County|004|Amelia County|    Dead End| 120167|0|0|0|    04-616 S, S Genito Rd| 120282|0|0|.65|    05/15/2018|440|R|||||||X||24|||X||||||||||||||
702861|0|R-VA004SC00657EB||||R-VA004SC00657EB|04-657|Selma Rd|004|Amelia County|004|Amelia County|    04-616 N, S Genito Rd| 120092|0|0|.72|    04-645 Soap Stone Rd| 120150|0|0|3.79|    05/15/2018|371|R|||||||X||24|||X||||||||||||||
702862|0|R-VA004SC00658EB||||R-VA004SC00658EB|04-658|Drunkard Rd|004|Amelia County|004|Amelia County|    04-645 Soap Stone Rd| 120149|0|0|0|    US 360 Patrick Henry Hwy| 120169|0|0|2.3|    04/23/2015|402|R|||||||X||24|||X||||||||||||||
702863|0|R-VA004SC00658EB||||R-VA004SC00658EB|04-658|Drunkard Rd|004|Amelia County|004|Amelia County|    US 360 Patrick Henry Hwy| 120169|0|0|2.3|    04-671 Jetersville Rd| 120168|0|0|2.4|    04/23/2015|340|R|||||||X||24|||X||||||||||||||
702864|0|R-VA004SC00659NB||||R-VA004SC00659NB|04-659|Oak Grove Loop|004|Amelia County|004|Amelia County|    04-612 Richmond Rd| 120275|0|0|0|    04-612 Richmond Rd| 120050|0|0|2.8|    02/22/2018|86|R|||||||X||24|||X||||||||||||||
702865|0|R-VA004SC00660NB||||R-VA004SC00660NB|04-660|Mills Lane|004|Amelia County|004|Amelia County|    Dead End| 120285|0|0|0|    04-704 Mills Court| 120171|0|0|.95|    02/22/2018|146|R|||||||X||24|||X||||||||||||||
702866|0|R-VA004SC00660NB||||R-VA004SC00660NB|04-660|Mills Lane|004|Amelia County|004|Amelia County|    04-704 Mills Court| 120171|0|0|.95|    04-608 Little Patrick Rd| 120031|0|0|1.55|    02/22/2018|274|R|||||||X||24|||X||||||||||||||
702867|0|R-VA004SC00661EB||||R-VA004SC00661EB|04-661|Promise Land Rd|004|Amelia County|004|Amelia County|    04-636, N Lodore Rd| 120124|0|0|0|    04-630 Winterham Rd| 120116|0|0|1.1|    05/01/2015|462|R|||||||X||24|||X||||||||||||||
702868|0|R-VA004SC00662NB||||R-VA004SC00662NB|04-662|Pine Lane|004|Amelia County|004|Amelia County|    SR 38 Five Forks Rd| 120172|0|0|0|    04-699 Pine Rd Lane| 120173|0|0|.6|    03/08/2018|212|R|||||||X||24|||X||||||||||||||
702869|0|R-VA004SC00662NB||||R-VA004SC00662NB|04-662|Pine Lane|004|Amelia County|004|Amelia County|    04-699 Pine Rd Lane| 120173|0|0|.6|    Dead End| 120174|0|0|1|    03/08/2018|15|R|||||||X||24|||X||||||||||||||
702870|0|R-VA004SC00663EB||||R-VA004SC00663EB|04-663|Townes Lane|004|Amelia County|004|Amelia County|    04-648 Beaver Pond Creek Rd| 120153|0|0|0|    Dead End| 120175|0|0|.5|    07/23/2018|38|R|||||||X||24|||X||||||||||||||
702871|0|R-VA004SC00664NB||||R-VA004SC00664NB|04-664|Linden Lane|004|Amelia County|004|Amelia County|    Dead End| 120177|0|0|0|    04-708 Namozine Rd| 120176|0|0|.7|    02/22/2018|17|R|||||||X||24|||X||||||||||||||
702872|0|R-VA004SC00665NB||||R-VA004SC00665NB|04-665|Jackson Lane|004|Amelia County|004|Amelia County|    Dead End| 120179|0|0|0|    US 360 Patrick Henry Hwy| 120178|0|0|.57|    07/19/2018|468|R|||||||X||24|||X||||||||||||||
702873|0|R-VA004SC00666NB||||R-VA004SC00666NB|04-666|Cedar Lane|004|Amelia County|004|Amelia County|    Dead End| 120180|0|0|0|    04-614 Dennisville Rd| 120067|0|0|.9|    03/08/2018|138|R|||||||X||24|||X||||||||||||||
702874|0|R-VA004SC00667NB||||R-VA004SC00667NB|04-667|Haw Branch Lane|004|Amelia County|004|Amelia County|    04-681 Clementown Rd| 120181|0|0|0|    1.00 ME 04-681| 120181|0|1|1|    06/16/2015|136|R|||||||X||24|||X||||||||||||||
702875|0|R-VA004SC00667NB||||R-VA004SC00667NB|04-667|Haw Branch Lane|004|Amelia County|004|Amelia County|    1.00 ME 04-681| 120181|0|1|1|    Dead End| 120182|0|0|2|    06/16/2015|87|R|||||||X||24|||X||||||||||||||
702876|0|R-VA004SC00668NB||||R-VA004SC00668NB|04-668|Tabernacle Church Lane|004|Amelia County|004|Amelia County|    04-608 Little Patrick Rd| 120035|0|0|0|    Dead End| 120183|0|0|.08|    04/20/2015|10|T|||||||X||24|||X||||||||||||||
702877|0|R-VA004SC00669NB||||R-VA004SC00669NB|04-669|Huntington Church Lane|004|Amelia County|004|Amelia County|    04-681 Pridesville Rd| 120184|0|0|0|    Dead End| 120185|0|0|.7|    04/18/2018|164|R|||||||X||24|||X||||||||||||||
702878|0|R-VA004SC00670EB||||R-VA004SC00670EB|04-670|Thompkins Lane|004|Amelia County|004|Amelia County|    Dead End| 120186|0|0|0|    04-612 Richmond Rd| 120056|0|0|.8|    02/22/2018|271|R|||||||X||24|||X||||||||||||||
702879|0|R-VA004SC00671EB||||R-VA004SC00671EB|04-671|Pot Rock Lane|004|Amelia County|004|Amelia County|    Dead End| 120191|0|0|0|    04-712 Gordon Lane| 120190|0|0|.24|    04/18/2018|40|R|||||||X||24|||X||||||||||||||
702880|0|R-VA004SC00671EB||||R-VA004SC00671EB|04-671|Pot Rock Lane|004|Amelia County|004|Amelia County|    04-712 Gordon Lane| 120190|0|0|.24|    US 360 W, Patrick Henry Hwy| 120189|0|0|.74|    04/18/2018|122|R|||||||X||24|||X||||||||||||||
400040|0|R-VA004SC00671EB||||R-VA004SC00671EB|04-671|Jetersville Rd|004|Amelia County|004|Amelia County|    US 360 W, Patrick Henry Hwy| 120189|0|0|.74|    US 360 E, Patrick Henry Hwy|1092224|0|0|2.38|    01/01/2022|283|G|92|1|1|1|5|0|C|.113|6 |.52|274|G||||||||||||||
702881|0|R-VA004SC00672NB||||R-VA004SC00672NB|04-672|Obslo Lane|004|Amelia County|004|Amelia County|    04-616 Genito Rd| 120078|0|0|0|    Dead End| 120192|0|0|1.1|    07/19/2018|66|R|||||||X||24|||X||||||||||||||
702882|0|R-VA004SC00673NB||||R-VA004SC00673NB|04-673|Foster Lane|004|Amelia County|004|Amelia County|    04-616, S Genito Rd| 120084|0|0|0|    04-686 Wendy Lane| 120193|0|0|.5|    07/19/2018|371|R|||||||X||24|||X||||||||||||||
702883|0|R-VA004SC00673NB||||R-VA004SC00673NB|04-673|Foster Lane|004|Amelia County|004|Amelia County|    04-686 Wendy Lane| 120193|0|0|.5|    Dead End| 120194|0|0|1.5|    07/19/2018|110|R|||||||X||24|||X||||||||||||||
702884|0|R-VA004SC00674NB||||R-VA004SC00674NB|04-674|Crayton Lane|004|Amelia County|004|Amelia County|    Dead End| 120286|0|0|0|    04-612 Richmond Rd| 120054|0|0|1.4|    06/04/2015|162|R|||||||X||24|||X||||||||||||||
702885|0|R-VA004SC00675NB||||R-VA004SC00675NB|04-675|Richard Lane|004|Amelia County|004|Amelia County|    04-619, E Bunker Hill Rd| 120097|0|0|0|    Dead End| 120195|0|0|.8|    05/15/2018|104|R|||||||X||24|||X||||||||||||||
702886|0|R-VA004SC00676NB||||R-VA004SC00676NB|04-676|Wilkerson Lane|004|Amelia County|004|Amelia County|    04-643 Bent Creek Rd| 120146|0|0|0|    Dead End| 120196|0|0|.35|    07/23/2018|100|R|||||||X||24|||X||||||||||||||
702887|0|R-VA004SC00677NB||||R-VA004SC00677NB|04-677|Little Flock Church Rd|004|Amelia County|004|Amelia County|    Dead End| 120287|0|0|0|    04-608 Little Patrick Rd| 120034|0|0|.75|    02/22/2018|131|R|||||||X||24|||X||||||||||||||
702888|0|R-VA004SC00678NB||||R-VA004SC00678NB|04-678|Cherry Row Lane|004|Amelia County|004|Amelia County|    04-642 Amelia Springs Rd| 120142|0|0|0|    04-711 Dash Lane| 120197|0|0|.2|    04/18/2018|330|R|||||||X||24|||X||||||||||||||
702889|0|R-VA004SC00678NB||||R-VA004SC00678NB|04-678|Cherry Row Lane|004|Amelia County|004|Amelia County|    04-711 Dash Lane| 120197|0|0|.2|    Dead End| 120198|0|0|.3|    04/18/2018|88|R|||||||X||24|||X||||||||||||||
702890|0|R-VA004SC00679EB||||R-VA004SC00679EB|04-679|Scottland Lane|004|Amelia County|004|Amelia County|    US 360 Patrick Henry Hwy|1092220|0|0|0|    Dead End| 120200|0|0|1|    04/18/2018|120|R|||||||X||24|||X||||||||||||||
702891|0|R-VA004SC00680EB||||R-VA004SC00680EB|04-680|Maxey Lane|004|Amelia County|004|Amelia County|    Dead End| 120201|0|0|0|    04-614 Dennisville Rd| 120066|0|0|.45|    07/23/2018|65|R|||||||X||24|||X||||||||||||||
400041|0|R-VA004SC00681NB||||R-VA004SC00681NB|04-681|Pridesville Rd|004|Amelia County|004|Amelia County|    US 360 Patrick Henry Hwy| 120204|0|0|0|    04-656 Amelia Ave| 120162|0|0|.46|    01/01/2022|513|G|90|1|3|2|4|0|C|.127|6 |.58|499|G||||||||||||||
400042|0|R-VA004SC00681NB||||R-VA004SC00681NB|04-681|Pridesville Rd|004|Amelia County|004|Amelia County|    04-656 Amelia Ave| 120162|0|0|.46|    04-630 Egglestetton Rd| 120115|0|0|3.01|    01/01/2022|1705|G|96|0|1|1|1|0|C|.085|6 |.68|1656|G||||||||||||||
400044|0|R-VA004SC00681NB||||R-VA004SC00681NB|04-681|Pridesville Rd|004|Amelia County|004|Amelia County|    04-630 Egglestetton Rd| 120115|0|0|3.01|    04-639 Mount Zion Rd| 120129|0|0|5.21|    01/01/2022|1369|G|95|0|1|2|2|0|C|.1|6 |.73|1330|G||||||||||||||
400045|0|R-VA004SC00681NB||||R-VA004SC00681NB|04-681|Clementown Rd|004|Amelia County|004|Amelia County|    04-639 Mount Zion Rd| 120129|0|0|5.21|    04-644 Rocky Ford Rd| 120147|0|0|6.55|    01/01/2022|1313|G|94|0|1|1|3|0|C|.098|6 |.73|1276|G||||||||||||||
400046|0|R-VA004SC00681NB||||R-VA004SC00681NB|04-681|Clementown Rd|004|Amelia County|004|Amelia County|    04-644 Rocky Ford Rd| 120147|0|0|6.55|    04-667 Haw Branch Lane| 120181|0|0|8.11|    01/01/2022|756|G|92|1|2|2|3|0|C|.101|6 |.52|734|G||||||||||||||
400047|0|R-VA004SC00681NB||||R-VA004SC00681NB|04-681|Clementown Rd|004|Amelia County|004|Amelia County|    04-667 Haw Branch Lane| 120181|0|0|8.11|    04-616 Genito Rd| 120079|0|0|9.62|    01/01/2022|722|G|91|1|2|3|3|0|C|.1|6 |.51|702|G||||||||||||||
400048|0|R-VA004SC00681NB||||R-VA004SC00681NB|04-681|Clementown Rd|004|Amelia County|004|Amelia County|    04-616 Genito Rd| 120079|0|0|9.62|    04-643 Bent Creek Rd| 120145|0|0|11.42|    01/01/2022|499|G|90|1|1|3|5|0|C|.101|6 |.63|484|G||||||||||||||
702892|0|R-VA004SC00681NB||||R-VA004SC00681NB|04-681|Clementown Rd|004|Amelia County|004|Amelia County|    04-643 Bent Creek Rd| 120145|0|0|11.42|    Powhatan County Line| 804017|0|0|11.81|    01/01/2022|492|G|90|1|2|2|5|0|C|.1|6 |.51|478|G||||||||||||||
702893|0|R-VA004SC00682NB||||R-VA004SC00682NB|04-682|Sweathouse Creek Rd|004|Amelia County|004|Amelia County|    Nottoway County Line| 804018|0|0|0|    SR 153 Military Rd| 120205|0|0|2.09|    02/22/2018|291|R|||||||X||24|||X||||||||||||||
702894|0|R-VA004SC00683NB||||R-VA004SC00683NB|04-683|Chula School Lane|004|Amelia County|004|Amelia County|    04-705 Mt Olive Lane| 120206|0|0|0|    04-710 Hills Lane| 120207|0|0|.15|    04/18/2018|131|R|||||||X||24|||X||||||||||||||
702895|0|R-VA004SC00683NB||||R-VA004SC00683NB|04-683|Chula School Lane|004|Amelia County|004|Amelia County|    04-710 Hills Lane| 120207|0|0|.15|    0.15 MN 04-710| 120207|0|.15|.3|    04/18/2018|62|R|||||||X||24|||X||||||||||||||
702896|0|R-VA004SC00683NB||||R-VA004SC00683NB|04-683|Chula School Lane|004|Amelia County|004|Amelia County|    0.15 MN 04-710| 120207|0|.15|.3|    Dead End| 120288|0|0|.65|    04/18/2018|19|R|||||||X||24|||X||||||||||||||
702897|0|R-VA004SC00684NB||||R-VA004SC00684NB|04-684|Morris Lane|004|Amelia County|004|Amelia County|    04-658 Drunkard Rd| 120170|0|0|0|    Dead End| 120208|0|0|.7|    04/18/2018|108|R|||||||X||24|||X||||||||||||||
702898|0|R-VA004SC00685NB||||R-VA004SC00685NB|04-685|Esnora Lane|004|Amelia County|004|Amelia County|    Dead End| 120289|0|0|0|    0.50 MN Dead End| 120289|0|.5|.5|    07/23/2018|43|R|||||||X||24|||X||||||||||||||
702899|0|R-VA004SC00685NB||||R-VA004SC00685NB|04-685|Esnora Lane|004|Amelia County|004|Amelia County|    0.50 MN Dead End| 120289|0|.5|.5|    04-708 Namozine Rd| 120209|0|0|.75|    07/23/2018|96|R|||||||X||24|||X||||||||||||||
702900|0|R-VA004SC00686NB||||R-VA004SC00686NB|04-686|Wendy Lane|004|Amelia County|004|Amelia County|    04-673 Foster Lane| 120193|0|0|0|    Dead End| 120210|0|0|.95|    07/19/2018|191|R|||||||X||24|||X||||||||||||||
702901|0|R-VA004SC00687NB||||R-VA004SC00687NB|04-687|Harrison Rd|004|Amelia County|004|Amelia County|    04-656, S Amelia Ave| 120106|0|0|0|    04-639 Mount Zion Rd| 120130|0|0|1.8|    03/08/2018|479|R|||||||X||24|||X||||||||||||||
702902|0|R-VA004SC00688NB||||R-VA004SC00688NB|04-688|Shady Lane|004|Amelia County|004|Amelia County|    04-616 Genito Rd| 120081|0|0|0|    Dead End| 120211|0|0|.6|    05/15/2018|83|R|||||||X||24|||X||||||||||||||
702903|0|R-VA004SC00689NB||||R-VA004SC00689NB|04-689|Flippen Lane|004|Amelia County|004|Amelia County|    Dead End| 120212|0|0|0|    04-614 Dennisville Rd| 120069|0|0|.4|    07/23/2018|74|R|||||||X||24|||X||||||||||||||
702904|0|R-VA004SC00690EB||||R-VA004SC00690EB|04-690|Gregory Mill Rd|004|Amelia County|004|Amelia County|    Dead End| 120213|0|0|0|    04-600 Burton Rd| 120003|0|0|.7|    02/22/2018|6|R|||||||X||24|||X||||||||||||||
702905|0|R-VA004SC00691NB||||R-VA004SC00691NB|04-691|Bird Grove Lane|004|Amelia County|004|Amelia County|    Dead End| 120214|0|0|0|    04-640 Perkinson Rd; Jetersville Rd| 120136|0|0|.7|    04/18/2018|79|R|||||||X||24|||X||||||||||||||
702906|0|R-VA004SC00692NB||||R-VA004SC00692NB|04-692|Rocky Branch Lane|004|Amelia County|004|Amelia County|    04-651 Archers Creek Lane| 120154|0|0|0|    Dead End| 120215|0|0|.65|    04/18/2018|125|R|||||||X||24|||X||||||||||||||
702907|0|R-VA004SC00693NB||||R-VA004SC00693NB|04-693|Ebenezer Rd|004|Amelia County|004|Amelia County|    Dead End| 120216|0|0|0|    04-671 Jetersville Rd| 120188|0|0|.1|    07/23/2018|23|R|||||||X||24|||X||||||||||||||
702908|0|R-VA004SC00694NB||||R-VA004SC00694NB|04-694|Bland Lane|004|Amelia County|004|Amelia County|    04-616, S Genito Rd| 120090|0|0|0|    Dead End| 120217|0|0|.8|    05/15/2018|36|R|||||||X||24|||X||||||||||||||
702909|0|R-VA004SC00695NB||||R-VA004SC00695NB|04-695|Flinn Lane|004|Amelia County|004|Amelia County|    Dead End| 120218|0|0|0|    04-607 West Creek Rd| 120028|0|0|.4|    07/23/2018|72|R|||||||X||24|||X||||||||||||||
702910|0|R-VA004SC00696EB||||R-VA004SC00696EB|04-696|Locust Dale Lane|004|Amelia County|004|Amelia County|    SR 153 Military Rd| 120219|0|0|0|    Dead End| 120220|0|0|1|    03/08/2018|168|R|||||||X||24|||X||||||||||||||
702911|0|R-VA004SC00697EB||||R-VA004SC00697EB|04-697|Maplewood Rd|004|Amelia County|004|Amelia County|    US 360 Patrick Henry Hwy|1092227|0|0|0|    04-640 Buckskin Creek Trail| 120134|0|0|.96|    04/23/2015|887|R|||||||X||24|||X||||||||||||||
702912|0|R-VA004SC00698EB||||R-VA004SC00698EB|04-698|Circle Dr|004|Amelia County|004|Amelia County|    US 360 W, Patrick Henry Hwy| 120223|0|0|0|    US 360 E, Patrick Henry Hwy| 120222|0|0|.62|    07/19/2018|61|R|||||||X||24|||X||||||||||||||
702913|0|R-VA004SC00699NB||||R-VA004SC00699NB|04-699|Pine Road Lane|004|Amelia County|004|Amelia County|    04-662 Pine Lane| 120173|0|0|0|    Dead End| 120224|0|0|.2|    03/08/2018|18|R|||||||X||24|||X||||||||||||||
702914|0|R-VA004SC00700NB||||R-VA004SC00700NB|04-700|Harris St|004|Amelia County|004|Amelia County|    Dead End| 120290|0|0|0|    04-605 Wayside Ave| 120022|0|0|.3|    07/23/2018|113|R|||||||X||24|||X||||||||||||||
702915|0|R-VA004SC00701EB||||R-VA004SC00701EB|04-701|Poor House Court|004|Amelia County|004|Amelia County|    04-603 Poor House Rd| 120012|0|0|0|    Dead End| 120291|0|0|.5|    07/23/2018|42|R|||||||X||24|||X||||||||||||||
702916|0|R-VA004SC00702EB||||R-VA004SC00702EB|04-702|Jennings Lane|004|Amelia County|004|Amelia County|    Dead End| 120292|0|0|0|    04-612 Richmond Rd| 120055|0|0|1.5|    02/22/2018|179|R|||||||X||24|||X||||||||||||||
702917|0|R-VA004SC00703NB||||R-VA004SC00703NB|04-703|Epps Lane|004|Amelia County|004|Amelia County|    04-628 Butlers Rd| 120112|0|0|0|    Dead End| 120293|0|0|.67|    05/01/2015|82|R|||||||X||24|||X||||||||||||||
702918|0|R-VA004SC00704NB||||R-VA004SC00704NB|04-704|Mills Court|004|Amelia County|004|Amelia County|    Dead End| 120294|0|0|0|    04-660 Mills Lane| 120171|0|0|1|    02/22/2018|67|R|||||||X||24|||X||||||||||||||
702919|0|R-VA004SC00705EB||||R-VA004SC00705EB|04-705|Winchester Dr|004|Amelia County|004|Amelia County|    Cul-de-Sac| 714027|0|0|0|    04-1121 Wilderness Terrace| 704984|0|0|.25|    05/04/2021|181|T|||||||X||24|||X||||||||||||||
702920|0|R-VA004SC00705EB||||R-VA004SC00705EB|04-705|Winchester Dr|004|Amelia County|004|Amelia County|    04-1121 Wilderness Terrace| 704984|0|0|.25|    04-1120 Westfield Court| 704983|0|0|.35|    05/01/2015|510|R|||||||X||24|||X||||||||||||||
702921|0|R-VA004SC00705EB||||R-VA004SC00705EB|04-705|Winchester Dr|004|Amelia County|004|Amelia County|    04-1120 Westfield Court| 704983|0|0|.35|    US 360 Patrick Henry Hwy| 120225|0|0|.4|    05/01/2015|221|R|||||||X||24|||X||||||||||||||
702922|0|R-VA004SC00705EB||||R-VA004SC00705EB|04-705|Mt Olive Lane|004|Amelia County|004|Amelia County|    US 360 Patrick Henry Hwy| 120225|0|0|.4|    04-683 Chula School Rd| 120206|0|0|.94|    05/01/2015|288|R|||||||X||24|||X||||||||||||||
702923|0|R-VA004SC00705EB||||R-VA004SC00705EB|04-705|Mt Olive Lane|004|Amelia County|004|Amelia County|    04-683 Chula School Rd| 120206|0|0|.94|    04-604 Chula Rd| 120014|0|0|1.04|    09/22/2021|237|R|||||||X||24|||X||||||||||||||
702924|0|R-VA004SC00706NB||||R-VA004SC00706NB|04-706|Spring Hill Lane|004|Amelia County|004|Amelia County|    Dead End| 120227|0|0|0|    SR 38 Five Forks Rd| 120226|0|0|.3|    07/23/2018|241|R|||||||X||24|||X||||||||||||||
702925|0|R-VA004SC00707EB||||R-VA004SC00707EB|04-707|Hillsman Lane|004|Amelia County|004|Amelia County|    Dead End| 120295|0|0|0|    04-618 James Town Rd| 120096|0|0|.7|    05/15/2018|32|R|||||||X||24|||X||||||||||||||
400049|0|R-VA004SC00708NB||||R-VA004SC00708NB|04-708|Namozine Rd|004|Amelia County|004|Amelia County|    Dinwiddie County Line| 804019|0|0|0|    04-623 Chesdin Lake Rd| 120103|0|0|3.53|    01/01/2022|541|G|98|0|1|0|1|0|C|.108|6 |.72|526|G||||||||||||||
400050|0|R-VA004SC00708NB||||R-VA004SC00708NB|04-708|Namozine Rd|004|Amelia County|004|Amelia County|    04-623 Chesdin Lake Rd| 120103|0|0|3.53|    04-622 Greenes Rd; Church Rd| 120102|0|0|3.79|    01/01/2022|632|G|91|0|1|3|3|0|C|.106|6 |.59|613|G||||||||||||||
400051|0|R-VA004SC00708NB||||R-VA004SC00708NB|04-708|Namozine Rd|004|Amelia County|004|Amelia County|    04-622 Greenes Rd; Church Rd| 120102|0|0|3.79|    04-610 Wills Rd| 120047|0|0|6.07|    01/01/2022|452|G|87|0|2|7|3|0|C|.128|6 |.61|438|G||||||||||||||
400052|0|R-VA004SC00708NB||||R-VA004SC00708NB|04-708|Namozine Rd|004|Amelia County|004|Amelia County|    04-610 Wills Rd| 120047|0|0|6.07|    04-600 E, Burton Rd| 120270|0|0|8.24|    01/01/2022|484|G|88|0|1|6|4|0|C|.14|6 |.64|469|G||||||||||||||
400053|0|R-VA004SC00708NB||||R-VA004SC00708NB|04-708|Namozine Rd|004|Amelia County|004|Amelia County|    04-600 E, Burton Rd| 120270|0|0|8.24|    04-612 E, Richmond Rd| 120053|0|0|9.65|    01/01/2022|695|G|91|0|1|4|3|0|C|.108|6 |.62|673|G||||||||||||||
400054|0|R-VA004SC00708NB||||R-VA004SC00708NB|04-708|Richmond Rd|004|Amelia County|004|Amelia County|    04-612 E; Namozine Rd| 120053|0|0|9.65|    04-612 W; Namozine Rd| 120276|0|0|9.76|    01/01/2022|960|G|97|0|1|1|1|0|C|.112|6 |.52|932|G||||||||||||||
400055|0|R-VA004SC00708NB||||R-VA004SC00708NB|04-708|Namozine Rd|004|Amelia County|004|Amelia County|    04-612 Richmond Rd| 120276|0|0|9.76|    04-615; Cralles Rd| 120071|0|0|11.06|    01/01/2022|873|G|97|0|1|1|1|0|F|.113|6 |.58|845|G||||||||||||||
400056|0|R-VA004SC00708NB||||R-VA004SC00708NB|04-708|Cralles Rd|004|Amelia County|004|Amelia County|    04-615 Namozine Rd| 120071|0|0|11.06|    SR 153 Military Rd| 120228|0|0|13.48|    01/01/2022|722|G|97|0|1|1|1|0|C|.102|6 |.62|702|G||||||||||||||
702926|0|R-VA004SC00709EB||||R-VA004SC00709EB|04-709|Forest  Hill Lane|004|Amelia County|004|Amelia County|    04-600 Ammon Rd| 120005|0|0|0|    Dead End| 120296|0|0|1|    02/22/2018|34|R|||||||X||24|||X||||||||||||||
702927|0|R-VA004SC00710EB||||R-VA004SC00710EB|04-710|Hills Lane|004|Amelia County|004|Amelia County|    Dead End| 120297|0|0|0|    04-683 Chula School Rd| 120207|0|0|.15|    07/23/2018|79|R|||||||X||24|||X||||||||||||||
702928|0|R-VA004SC00711NB||||R-VA004SC00711NB|04-711|Dash Lane|004|Amelia County|004|Amelia County|    04-678 Cherry Row Lane| 120197|0|0|0|    Dead End| 120298|0|0|.5|    04/18/2018|215|R|||||||X||24|||X||||||||||||||
702929|0|R-VA004SC00712NB||||R-VA004SC00712NB|04-712|Gordon Lane|004|Amelia County|004|Amelia County|    Dead End| 120299|0|0|0|    04-671 Pot Rock Lane| 120190|0|0|.12|    07/23/2017|25|R|||||||X||24|||X||||||||||||||
702930|0|R-VA004SC00713NB||||R-VA004SC00713NB|04-713|Red Lodge Lane|004|Amelia County|004|Amelia County|    04-609 Royalton Rd| 120039|0|0|0|    Dead End| 120300|0|0|.6|    04/18/2018|120|R|||||||X||24|||X||||||||||||||
702931|0|R-VA004SC00714NB||||R-VA004SC00714NB|04-714|Prides Lane|004|Amelia County|004|Amelia County|    Dead End| 120301|0|0|0|    04-681 Pridesville Rd| 120203|0|0|.5|    07/23/2018|71|R|||||||X||24|||X||||||||||||||
702932|0|R-VA004SC00715NB||||R-VA004SC00715NB|04-715|Crooked Run Branch Lane|004|Amelia County|004|Amelia County|    04-612 Richmond Rd| 120051|0|0|0|    Dead End| 120302|0|0|.5|    07/23/2018|65|R|||||||X||24|||X||||||||||||||
702933|0|R-VA004SC00716EB||||R-VA004SC00716EB|04-716|Ruffin Lane|004|Amelia County|004|Amelia County|    Dead End| 120303|0|0|0|    04-609 Grub Hill Church Rd| 120041|0|0|.7|    06/16/2015|186|R|||||||X||24|||X||||||||||||||
702934|0|R-VA004SC00717EB||||R-VA004SC00717EB|04-717|Hall Rd|004|Amelia County|004|Amelia County|    04-614 Dennisville Rd| 120065|0|0|0|    Dead End| 120304|0|0|.2|    07/23/2018|56|R|||||||X||24|||X||||||||||||||
702935|0|R-VA004SC00718NB||||R-VA004SC00718NB|04-718|Paradise Lane|004|Amelia County|004|Amelia County|    04-630 Winterham Rd| 120117|0|0|0|    Dead End| 120305|0|0|.2|    07/23/2018|120|R|||||||X||24|||X||||||||||||||
702936|0|R-VA004SC00719EB||||R-VA004SC00719EB|04-719|Rocky Run Lane|004|Amelia County|004|Amelia County|    Dead End| 120306|0|0|0|    04-612 Richmond Rd| 120052|0|0|.8|    02/22/2018|170|R|||||||X||24|||X||||||||||||||
702937|0|R-VA004SC00720NB||||R-VA004SC00720NB|04-720|Pontons Circle|004|Amelia County|004|Amelia County|    04-614 Dennisville Rd| 120277|0|0|0|    04-614 Dennisville Rd| 120068|0|0|.4|    02/22/2018|48|R|||||||X||24|||X||||||||||||||
702938|0|R-VA004SC00721NB||||R-VA004SC00721NB|04-721|Maws Rd|004|Amelia County|004|Amelia County|    US 360 Patrick Henry Hwy| 120229|0|0|0|    04-656, S Amelia Ave| 120160|0|0|.1|    03/08/2018|111|R|||||||X||24|||X||||||||||||||
702939|0|R-VA004SC00722NB||||R-VA004SC00722NB|04-722|West Lane|004|Amelia County|004|Amelia County|    04-631 Coverly Rd| 120119|0|0|0|    04-725 West Lane| 120230|0|0|.34|    04/18/2018|143|R|||||||X||24|||X||||||||||||||
702940|0|R-VA004SC00723EB||||R-VA004SC00723EB|04-723|Bookers Lane|004|Amelia County|004|Amelia County|    Dead End| 120231|0|0|0|    04-612 Richmond Rd| 120057|0|0|.15|    07/23/2018|76|R|||||||X||24|||X||||||||||||||
702941|0|R-VA004SC00724EB||||R-VA004SC00724EB|04-724|Perry Lane|004|Amelia County|004|Amelia County|    Dead End| 120307|0|0|0|    04-641 Earls Rd| 120140|0|0|.2|    07/23/2018|26|R|||||||X||24|||X||||||||||||||
702942|0|R-VA004SC00725NB||||R-VA004SC00725NB|04-725|West Lane|004|Amelia County|004|Amelia County|    04-722 West Lane| 120230|0|0|0|    Cul-de-Sac| 120232|0|0|.28|    05/04/2021|152|T|||||||X||24|||X||||||||||||||
792692|0|R-VA004SC00729NB||||R-VA004SC00729NB|04-729|Lodge Ct|004|Amelia County|004|Amelia County|    04-616 Genito Rd| 742979|0|0|0|    Dead End| 742980|0|0|.23|    05/04/2021|76|T|||||||X||24|||X||||||||||||||
702943|0|R-VA004SC00730NB||||R-VA004SC00730NB|04-730|Edmonds Rd|004|Amelia County|004|Amelia County|    Nottoway County Line| 804020|0|0|0|    Dead End| 120233|0|0|.4|    07/23/2018|90|R|||||||X||24|||X||||||||||||||
702944|0|R-VA004SC00733NB||||R-VA004SC00733NB|04-733|Mason Lane|004|Amelia County|004|Amelia County|    Dead End| 714031|0|0|0|    04-616 Genito Rd| 714030|0|0|.47|    05/04/2021|86|T|||||||X||24|||X||||||||||||||
702945|0|R-VA004SC00735EB||||R-VA004SC00735EB|04-735|Bailey Lane|004|Amelia County|004|Amelia County|    Dead End| 120308|0|0|0|    04-681 Clementown Rd| 120202|0|0|.47|    07/23/2018|48|R|||||||X||24|||X||||||||||||||
702946|0|R-VA004SC00737NB||||R-VA004SC00737NB|04-737|Oakwood Lane|004|Amelia County|004|Amelia County|    Dead End| 709821|0|0|0|    04-639 Mt Zion Rd| 709820|0|0|.8|    04/18/2018|96|R|||||||X||24|||X||||||||||||||
702947|0|R-VA004SC00740NB||||R-VA004SC00740NB|04-740|Old Chula Rd|004|Amelia County|004|Amelia County|    04-636, N Lodore Rd| 120015|0|0|0|    04-632 Dykeland Rd| 120016|0|0|.36|    05/01/2015|212|R|||||||X||24|||X||||||||||||||
702948|0|R-VA004SC01001NB||||R-VA004SC01001NB|04-1001|Eagleston St|004|Amelia County|004|Amelia County|    SR 38 Five Forks Rd| 120234|0|0|0|    04-1002 Dunn St| 120235|0|0|.22|    03/08/2018|174|R|||||||X||24|||X||||||||||||||
400057|0|R-VA004SC01002EB||||R-VA004SC01002EB|04-1002|Dunn St|004|Amelia County|004|Amelia County|    04-1009 Virginia St| 120236|0|0|0|    SR 38 Five Forks Rd| 120238|0|0|.23|    01/01/2022|373|G|100|0|0|0|0|0|C|.128|6 |.57|362|G||||||||||||||
400058|0|R-VA004SC01002EB||||R-VA004SC01002EB|04-1002|Dunn St|004|Amelia County|004|Amelia County|    SR 38 Five Forks Rd| 120238|0|0|.23|    04-1001 Green St| 120235|0|0|.38|    01/01/2022|326|G|99|1|0|0|0|0|C|.11|6 |.58|318|G||||||||||||||
702949|0|R-VA004SC01002EB||||R-VA004SC01002EB|04-1002|Dunn St|004|Amelia County|004|Amelia County|    04-1001 Green St| 120235|0|0|.38|    Dead End| 120336|0|0|.96|    05/12/2015|398|R|||||||X||24|||X||||||||||||||
702950|0|R-VA004SC01003EB||||R-VA004SC01003EB|04-1003|Church St|004|Amelia County|004|Amelia County|    Dead End| 120310|0|0|0|    04-1008 Jefferson St| 120239|0|0|.16|    07/23/2018|129|R|||||||X||24|||X||||||||||||||
702951|0|R-VA004SC01003EB||||R-VA004SC01003EB|04-1003|Church St|004|Amelia County|004|Amelia County|    04-1008 Jefferson St| 120239|0|0|.16|    04-1009 Virginia St| 120240|0|0|.28|    03/08/2018|196|R|||||||X||24|||X||||||||||||||
400059|0|R-VA004SC01003EB||||R-VA004SC01003EB|04-1003|Church St|004|Amelia County|004|Amelia County|    04-1009 Virginia St| 120240|0|0|.28|    SR 38 W, Washington St| 120241|0|0|.36|    01/01/2022|408|G|98|0|2|0|0|0|C|.14|6 |.54|397|G||||||||||||||
400060|0|R-VA004SC01003EB||||R-VA004SC01003EB|04-1003|Church St|004|Amelia County|004|Amelia County|    SR 38 E, Five Forks Rd| 120311|0|0|.41|    04-1005 W, Amelia St| 120242|0|0|.44|    01/01/2022|3764|G|98|0|2|0|0|0|F|.097|6 |.53|3706|G||||||||||||||
400061|0|R-VA004SC01003EB||||R-VA004SC01003EB|04-1003|Church St|004|Amelia County|004|Amelia County|    04-1005 W, Amelia St| 120242|0|0|.44|    04-1005 E, Factory St| 120312|0|0|.49|    01/01/2022|274|G|98|0|2|0|0|0|C|.129|6 |.62|267|G||||||||||||||
400062|0|R-VA004SC01003EB||||R-VA004SC01003EB|04-1003|Church St|004|Amelia County|004|Amelia County|    04-1005 E, Factory St| 120312|0|0|.49|    04-1004 Park St| 120243|0|0|.55|    01/01/2022|189|G|99|0|0|0|0|0|C|.119|6 |.6|185|G||||||||||||||
702952|0|R-VA004SC01003EB||||R-VA004SC01003EB|04-1003|Church St|004|Amelia County|004|Amelia County|    04-1004 Park St| 120243|0|0|.55|    Dead End| 120244|0|0|.72|    07/23/2018|100|R|||||||X||24|||X||||||||||||||
702953|0|R-VA004SC01004NB||||R-VA004SC01004NB|04-1004|Park St|004|Amelia County|004|Amelia County|    04-1003 Church St| 120243|0|0|0|    Bus US 360 Goodes Bridge Rd| 120246|0|0|.28|    05/12/2015|299|R|||||||X||24|||X||||||||||||||
702954|0|R-VA004SC01005NB||||R-VA004SC01005NB|04-1005|Factory St|004|Amelia County|004|Amelia County|    Dead End| 120249|0|0|0|    04-1003 E, Church St| 120312|0|0|.05|    07/23/2018|242|R|||||||X||24|||X||||||||||||||
400063|0|R-VA004SC01005NB||||R-VA004SC01005NB|04-1005|Amelia St|004|Amelia County|004|Amelia County|    04-1003 W, Church St| 120242|0|0|.1|    Bus US 360 Goodes Bridge Rd| 120247|0|0|.29|    01/01/2022|2916|G|98|0|1|0|0|0|C|.091|6 |.53|2834|G||||||||||||||
702955|0|R-VA004SC01006NB||||R-VA004SC01006NB|04-1006|Washington St|004|Amelia County|004|Amelia County|    04-1002 Dunn St| 120237|0|0|0|    SR 38; 04-1003 Church St| 120241|0|0|.15|    05/12/2015|228|R|||||||X||24|||X||||||||||||||
702956|0|R-VA004SC01007EB||||R-VA004SC01007EB|04-1007|Court St|004|Amelia County|004|Amelia County|    04-656 Amelia Ave| 120164|0|0|0|    Bus US 360 Goodes Bridge Rd| 120250|0|0|.07|    03/08/2018|782|R|||||||X||24|||X||||||||||||||
702957|0|R-VA004SC01007EB||||R-VA004SC01007EB|04-1007|Court St|004|Amelia County|004|Amelia County|    Bus US 360 Goodes Bridge Rd| 120250|0|0|.07|    SR 38 W; 04-1009 Virginia St| 120314|0|0|.1|    03/08/2018|1486|R|||||||X||24|||X||||||||||||||
702958|0|R-VA004SC01007EB||||R-VA004SC01007EB|04-1007|Court St|004|Amelia County|004|Amelia County|    SR 38 E, Washington St| 120313|0|0|.14|    04-1005 Amelia St| 120248|0|0|.21|    03/08/2018|629|R|||||||X||24|||X||||||||||||||
702959|0|R-VA004SC01007EB||||R-VA004SC01007EB|04-1007|Court St|004|Amelia County|004|Amelia County|    04-1005 Amelia St| 120248|0|0|.21|    04-1004 Park St| 120245|0|0|.33|    05/12/2015|92|R|||||||X||24|||X||||||||||||||
702960|0|R-VA004SC01008NB||||R-VA004SC01008NB|04-1008|Jefferson St|004|Amelia County|004|Amelia County|    04-1003 Church St| 120239|0|0|0|    Bus US 360 Goodes Bridge Rd| 120251|0|0|.04|    03/08/2018|176|R|||||||X||24|||X||||||||||||||
400064|0|R-VA004SC01009NB||||R-VA004SC01009NB|04-1009|Virginia St|004|Amelia County|004|Amelia County|    SR 38 S, Five Forks Rd| 120253|0|0|0|    04-1002 Dunn St| 120236|0|0|.5|    01/01/2022|326|G|98|0|1|1|0|0|C|.098|6 |.58|317|G||||||||||||||
400065|0|R-VA004SC01009NB||||R-VA004SC01009NB|04-1009|Virginia St|004|Amelia County|004|Amelia County|    04-1002 Dunn St| 120236|0|0|.5|    04-1003 Church St| 120240|0|0|.65|    01/01/2022|507|G|100|0|0|0|0|0|C|.112|6 |.57|494|G||||||||||||||
400066|0|R-VA004SC01009NB||||R-VA004SC01009NB|04-1009|Virginia St|004|Amelia County|004|Amelia County|    04-1003 Church St| 120240|0|0|.65|    SR 38 S, Court St| 120314|0|0|.75|    01/01/2022|740|G|99|0|0|0|0|0|C|.112|6 |.52|720|G||||||||||||||
702961|0|R-VA004SC01009NB||||R-VA004SC01009NB|04-1009|Amelia Ave|004|Amelia County|004|Amelia County|    Bus US 360 Goodes Bridge Rd; SR 38 N| 120252|0|0|.75|    04-656 Amelia Ave| 120165|0|0|.78|    05/12/2015|120|R|||||||X||24|||X||||||||||||||
702962|0|R-VA004SC01012EB||||R-VA004SC01012EB|04-1012|Zion Hill Lane|004|Amelia County|004|Amelia County|    Dead End| 120254|0|0|0|    04-614 Otterburn Rd| 120061|0|0|.18|    07/23/2018|50|R|||||||X||24|||X||||||||||||||
702965|0|R-VA004SC01015NB||||R-VA004SC01015NB|04-1015|Glebe Lane|004|Amelia County|004|Amelia County|    Bus US 360 Goodes Bridge Rd| 120257|0|0|0|    Dead End| 120258|0|0|.06|    07/23/2018|62|R|||||||X||24|||X||||||||||||||
702966|0|R-VA004SC01016EB||||R-VA004SC01016EB|04-1016|Crowder St|004|Amelia County|004|Amelia County|    Dead End| 120315|0|0|0|    04-634 Leidig St| 120122|0|0|.43|    07/23/2018|220|R|||||||X||24|||X||||||||||||||
782028|0|R-VA004SC01017NB||||R-VA004SC01017NB|04-1017|Dunnston Dr|004|Amelia County|004|Amelia County|    04-1002 Dunn St| 736110|0|0|0|    Cul-de-Sac| 736112|0|0|.12|    07/23/2018|106|R|||||||X||24|||X||||||||||||||
782029|0|R-VA004SC01018EB||||R-VA004SC01018EB|04-1018|Ravencrest Court|004|Amelia County|004|Amelia County|    04-1017 Dunnston Dr| 736113|0|0|0|    Cul-de-Sac| 736115|0|0|.05|    07/23/2018|34|R|||||||X||24|||X||||||||||||||
702967|0|R-VA004SC01020NB||||R-VA004SC01020NB|04-1020|Recreation Lane|004|Amelia County|004|Amelia County|    Dead End| 120260|0|0|0|    SR 38 Five Forks Rd| 120259|0|0|.1|    06/04/2015|96|R|||||||X||24|||X||||||||||||||
794386|0|R-VA004SC01021NB||||R-VA004SC01021NB|04-1021|Pemberton Dr|004|Amelia County|004|Amelia County|    Cul-de-Sac| 748007|0|0|0|    SR 38 Five Forks Rd| 748004|0|0|.76|    06/04/2015|130|R|||||||X||24|||X||||||||||||||
702968|0|R-VA004SC01022NB||||R-VA004SC01022NB|04-1022|Daybreak Dr|004|Amelia County|004|Amelia County|    SR 38 Five Forks Rd| 718136|0|0|0|    Cul-de-Sac| 718137|0|0|.23|    07/23/2018|161|R|||||||X||24|||X||||||||||||||
789970|0|R-VA004SC01023NB||||R-VA004SC01023NB|04-1023|Forestdale Dr|004|Amelia County|004|Amelia County|    04-696 Locust Dale Lane| 738833|0|0|0|    Dead End| 738835|0|0|.29|    03/08/2018|79|R|||||||X||24|||X||||||||||||||
789971|0|R-VA004SC01024EB||||R-VA004SC01024EB|04-1024|Hickory Nut Court|004|Amelia County|004|Amelia County|    Dead End| 738836|0|0|0|    04-1023 Forestdale Dr| 738834|0|0|.05|    03/08/2018|24|R|||||||X||24|||X||||||||||||||
789972|0|R-VA004SC01025NB||||R-VA004SC01025NB|04-1025|Stonewall Place|004|Amelia County|004|Amelia County|    Cul-de-Sac| 738125|0|0|0|    04-602 Bevils Bridge Rd| 738124|0|0|.62|    02/22/2018|112|R|||||||X||24|||X||||||||||||||
794170|0|R-VA004SC01026NB||||R-VA004SC01026NB|04-1026|Stonewall Place|004|Amelia County|004|Amelia County|    Cul-de-Sac| 746338|0|0|0|    04-602 Bevils Bridge Rd| 746337|0|0|.21|    05/04/2021|86|T|||||||X||24|||X||||||||||||||
794388|0|R-VA004SC01027NB||||R-VA004SC01027NB|04-1027|Mica Lane|004|Amelia County|004|Amelia County|    04-630 Winterham Rd| 748090|0|0|0|    Cul-de-Sac| 748091|0|0|.21|    05/04/2021|67|T|||||||X||24|||X||||||||||||||
795525|0|R-VA004SC01028EB||||R-VA004SC01028EB|04-1028|Irisway|004|Amelia County|004|Amelia County|    Cul-de-Sac| 749499|0|0|0|    04-656 Amelia Ave| 749498|0|0|.24|    05/04/2021|133|T|||||||X||24|||X||||||||||||||
795526|0|R-VA004SC01029NB||||R-VA004SC01029NB|04-1029|Dawn Ct|004|Amelia County|004|Amelia County|    Cul-de-Sac| 749501|0|0|0|    04-1028 Irisway| 749500|0|0|.08|    05/04/2021|57|T|||||||X||24|||X||||||||||||||
702969|0|R-VA004SC01030EB||||R-VA004SC01030EB|04-1030|Knobs Hill Lane|004|Amelia County|004|Amelia County|    Dead End| 120316|0|0|0|    04-656, S Amelia Ave| 120161|0|0|.41|    07/23/2018|170|R|||||||X||24|||X||||||||||||||
785963|0|R-VA004SC01031NB||||R-VA004SC01031NB|04-1031|Rolling Meadows Lane|004|Amelia County|004|Amelia County|    Cul-de-Sac| 731100|0|0|0|    04-656, S Amelia Ave| 731099|0|0|.18|    07/23/2018|60|R|||||||X||24|||X||||||||||||||
782146|0|R-VA004SC01035EB||||R-VA004SC01035EB|04-1035|Oak Forest Dr|004|Amelia County|004|Amelia County|    04-628 Butlers Rd| 724642|0|0|0|    04-1036 Red Oak Lane| 724644|0|0|.18|    03/08/2018|319|R|||||||X||24|||X||||||||||||||
785018|0|R-VA004SC01035EB||||R-VA004SC01035EB|04-1035|Oak Forest Dr|004|Amelia County|004|Amelia County|    04-1036 Red Oak Lane| 724644|0|0|.18|    04-1037 White Oak Lane| 724645|0|0|.29|    03/08/2018|153|R|||||||X||24|||X||||||||||||||
785021|0|R-VA004SC01035EB||||R-VA004SC01035EB|04-1035|Oak Forest Dr|004|Amelia County|004|Amelia County|    04-1037 White Oak Lane| 724645|0|0|.29|    Cul-de-Sac| 724643|0|0|.33|    03/08/2018|50|R|||||||X||24|||X||||||||||||||
782147|0|R-VA004SC01036NB||||R-VA004SC01036NB|04-1036|Red Oak Lane|004|Amelia County|004|Amelia County|    Cul-de-Sac| 724646|0|0|0|    04-1035 Oak Forest Dr| 724644|0|0|.14|    03/08/2018|71|R|||||||X||24|||X||||||||||||||
782148|0|R-VA004SC01037NB||||R-VA004SC01037NB|04-1037|White Oak Lane|004|Amelia County|004|Amelia County|    Cul-de-Sac| 724647|0|0|0|    04-1035 Oak Forest Dr| 724645|0|0|.11|    03/08/2018|47|R|||||||X||24|||X||||||||||||||
785579|0|R-VA004SC01040EB||||R-VA004SC01040EB|04-1040|Moorefield Meadows Dr|004|Amelia County|004|Amelia County|    Cul-de-Sac| 729085|0|0|0|    04-628 Butlers Rd| 729084|0|0|.68|    07/19/2018|130|R|||||||X||24|||X||||||||||||||
785964|0|R-VA004SC01045EB||||R-VA004SC01045EB|04-1045|Bridgeforth Mill Dr|004|Amelia County|004|Amelia County|    Cul-de-Sac| 730363|0|0|0|    SR 153 Military Rd| 720105|0|0|.54|    02/22/2018|280|R|||||||X||24|||X||||||||||||||
785965|0|R-VA004SC01046NB||||R-VA004SC01046NB|04-1046|Bridgeforth Lane|004|Amelia County|004|Amelia County|    04-1045 Bridgeforth Mill Dr| 730364|0|0|0|    Cul-de-Sac| 730365|0|0|.22|    07/23/2018|62|R|||||||X||24|||X||||||||||||||
702970|0|R-VA004SC01101NB||||R-VA004SC01101NB|04-1101|Farmers Lane|004|Amelia County|004|Amelia County|    Dead End| 120262|0|0|0|    04-1102 Lee Lane| 120261|0|0|.51|    04/23/2015|194|R|||||||X||24|||X||||||||||||||
702971|0|R-VA004SC01101NB||||R-VA004SC01101NB|04-1101|Farmers Lane|004|Amelia County|004|Amelia County|    04-1102 Lee Lane| 120261|0|0|.51|    04-640 Jetersville Rd| 120137|0|0|.61|    04/23/2015|225|R|||||||X||24|||X||||||||||||||
702972|0|R-VA004SC01102NB||||R-VA004SC01102NB|04-1102|Lee Lane|004|Amelia County|004|Amelia County|    04-1101 Farmers Lane| 120261|0|0|0|    Dead End| 120317|0|0|.1|    07/23/2018|37|R|||||||X||24|||X||||||||||||||
794171|0|R-VA004SC01103EB||||R-VA004SC01103EB|04-1103|Dusty Hill Lane|004|Amelia County|004|Amelia County|    Cul-de-Sac| 746340|0|0|0|    04-640 Richardson Rd| 746339|0|0|.14|    05/04/2021|57|T|||||||X||24|||X||||||||||||||
796194|0|R-VA004SC01104EB||||R-VA004SC01104EB|04-1104|Maple Ct|004|Amelia County|004|Amelia County|    04-640 Richardson Rd| 750440|0|0|0|    Cul-de-Sac| 750441|0|0|.16|    05/04/2021|38|T|||||||X||24|||X||||||||||||||
791305|0|R-VA004SC01105NB||||R-VA004SC01105NB|04-1105|Redfield Dr|004|Amelia County|004|Amelia County|    US 360 Patrick Henry Hwy| 740176|0|0|0|    Cul-de-Sac| 740177|0|0|.56|    03/08/2018|298|R|||||||X||24|||X||||||||||||||
791306|0|R-VA004SC01106EB||||R-VA004SC01106EB|04-1106|Putman Pl|004|Amelia County|004|Amelia County|    04-1105 Redfield Dr| 740178|0|0|0|    Cul-de-Sac| 740179|0|0|.32|    03/08/2018|101|R|||||||X||24|||X||||||||||||||
791307|0|R-VA004SC01107NB||||R-VA004SC01107NB|04-1107|Dutchess Lane|004|Amelia County|004|Amelia County|    04-1106 Putman Pl| 740181|0|0|0|    04-1105 Redfield Dr| 740182|0|0|.46|    03/08/2018|89|R|||||||X||24|||X||||||||||||||
702973|0|R-VA004SC01115EB||||R-VA004SC01115EB|04-1115|Spring Run Dr|004|Amelia County|004|Amelia County|    04-604 Chula Rd| 717123|0|0|0|    Cul-de-Sac| 717124|0|0|.58|    04/18/2018|81|R|||||||X||24|||X||||||||||||||
796769|0|R-VA004SC01117NB||||R-VA004SC01117NB|04-1117|Deaton Ln|004|Amelia County|004|Amelia County|    04-636 N Lodore Rd| 750814|0|0|0|    Cul-de-Sac| 750815|0|0|.31|    07/23/2018|29|R|||||||X||24|||X||||||||||||||
702974|0|R-VA004SC01120EB||||R-VA004SC01120EB|04-1120|Westfield Court|004|Amelia County|004|Amelia County|    04-705 Winchester Dr| 704983|0|0|0|    Cul-de-Sac| 704986|0|0|.05|    07/23/2018|62|R|||||||X||24|||X||||||||||||||
702975|0|R-VA004SC01121EB||||R-VA004SC01121EB|04-1121|Wilderness Terrace|004|Amelia County|004|Amelia County|    04-705 Winchester Dr| 704984|0|0|0|    Cul-de-Sac| 704987|0|0|.05|    05/04/2021|29|T|||||||X||24|||X||||||||||||||
794172|0|R-VA004SC01124NB||||R-VA004SC01124NB|04-1124|Clydesdale Rd|004|Amelia County|004|Amelia County|    Cul-de-Sac| 747777|0|0|0|    04-1126 Appaloosa Dr| 747776|0|0|.33|    05/04/2021|209|T|||||||X||24|||X||||||||||||||
782030|0|R-VA004SC01125NB||||R-VA004SC01125NB|04-1125|Amelia Estates Blvd|004|Amelia County|004|Amelia County|    04-1126 Appaloosa Dr| 736130|0|0|0|    04-630 Egglestetton Rd| 736128|0|0|.14|    04/18/2018|421|R|||||||X||24|||X||||||||||||||
792284|0|R-VA004SC01126EB||||R-VA004SC01126EB|04-1126|Appaloosa Dr|004|Amelia County|004|Amelia County|    Dead End| 736132|0|0|0|    04-1125 Amelia Estates Blvd| 736130|0|0|.05|    04/18/2018|19|R|||||||X||24|||X||||||||||||||
782031|0|R-VA004SC01126EB||||R-VA004SC01126EB|04-1126|Appaloosa Dr|004|Amelia County|004|Amelia County|    04-1125 Amelia Estates Blvd| 736130|0|0|.05|    04-1127 Appaloosa Court| 736134|0|0|.14|    04/18/2018|401|R|||||||X||24|||X||||||||||||||
792283|0|R-VA004SC01126EB||||R-VA004SC01126EB|04-1126|Appaloosa Dr|004|Amelia County|004|Amelia County|    04-1127 Appaloosa Court| 736134|0|0|.14|    Dead End| 736133|0|0|.28|    04/18/2018|36|R|||||||X||24|||X||||||||||||||
782032|0|R-VA004SC01127NB||||R-VA004SC01127NB|04-1127|Appaloosa Court|004|Amelia County|004|Amelia County|    04-1126 Appaloosa Dr| 736134|0|0|0|    Dead End| 736135|0|0|.1|    04/18/2018|31|R|||||||X||24|||X||||||||||||||
794173|0|R-VA004SC01128EB||||R-VA004SC01128EB|04-1128|Janet Dr|004|Amelia County|004|Amelia County|    04-609 Grub Hill Church Rd| 746341|0|0|0|    Cul-de-Sac| 746343|0|0|.11|    05/04/2021|38|T|||||||X||24|||X||||||||||||||
794174|0|R-VA004SC01129EB||||R-VA004SC01129EB|04-1129|Stephanie Dr|004|Amelia County|004|Amelia County|    04-609 Grub Hill Church Rd| 746342|0|0|0|    Cul-de-Sac| 746344|0|0|.12|    05/04/2021|48|T|||||||X||24|||X||||||||||||||
791308|0|R-VA004SC01140EB||||R-VA004SC01140EB|04-1140|Dogwood Trail|004|Amelia County|004|Amelia County|    Cul-de-Sac| 740324|0|0|0|    04-639 Mount Zion Rd| 740323|0|0|.15|    04/18/2018|526|R|||||||X||24|||X||||||||||||||
702976|0|R-VA004SC01201EB||||R-VA004SC01201EB|04-1201|Howard Rd|004|Amelia County|004|Amelia County|    04-604 Genito Rd| 120020|0|0|0|    04-1202 Wright Rd| 120263|0|0|.28|    04/18/2018|549|R|||||||X||24|||X||||||||||||||
702977|0|R-VA004SC01202NB||||R-VA004SC01202NB|04-1202|Wright Rd|004|Amelia County|004|Amelia County|    Dead End| 738155|0|0|0|    04-1201 Howard Rd| 120263|0|0|.47|    05/04/2021|276|T|||||||X||24|||X||||||||||||||
702978|0|R-VA004SC01202NB||||R-VA004SC01202NB|04-1202|Wright Rd|004|Amelia County|004|Amelia County|    04-1201 Howard Rd| 120263|0|0|.47|    Dead End| 120318|0|0|.57|    05/04/2021|76|T|||||||X||24|||X||||||||||||||
795527|0|R-VA004SC01203EB||||R-VA004SC01203EB|04-1203|Plantation Pkwy|004|Amelia County|004|Amelia County|    04-604 Genito Rd| 749718|0|0|0|    04-1204 Granary Hill Dr| 749719|0|0|.26|    06/16/2015|380|R|||||||X||24|||X||||||||||||||
795528|0|R-VA004SC01204NB||||R-VA004SC01204NB|04-1204|Granary Hill Dr|004|Amelia County|004|Amelia County|    04-1203 Plantation Pkwy| 749719|0|0|0|    Cul-de-Sac| 749720|0|0|.23|    05/04/2021|133|T|||||||X||24|||X||||||||||||||
702979|0|R-VA004SC09013NB||||R-VA004SC09013NB|04-9013|Bus Loop|004|Amelia County|004|Amelia County|    04-614 Dennisville Rd| 120265|0|0|0|    Amelia High School| 120264|0|0|.14|    05/24/2012|498|R|||||||X||24|||X||||||||||||||
702980|0|R-VA004SC09014NB||||R-VA004SC09014NB|04-9014|Bus Loop|004|Amelia County|004|Amelia County|    04-614 Otterburn Rd| 120267|0|0|0|    Amelia High School| 120266|0|0|.08|    05/24/2012|242|R|||||||X||24|||X||||||||||||||
785580|0|R-VA004SC09061NB||||R-VA004SC09061NB|04-9061|Bus Loop|004|Amelia County|004|Amelia County|    SR 38 Five Forks Rd| 120259|0|0|0|    Amelia Elem School| 729088|1|0|.15|    05/24/2012|524|R|||||||X||24|||X||||||||||||||
702981|0|R-VA004SC09756NB||||R-VA004SC09756NB|04-9756|Bus Loop|004|Amelia County|004|Amelia County|    04-614 Otterburn Rd| 120269|0|0|0|    Amelia Elem School| 120268|0|0|.09|    05/24/2012|338|R|||||||X||24|||X||||||||||||||
