sep=|
- - 2022 AADT Report for City of Lexington - -
LINKID|SEQUENCENUMBER|RTE_NM|RTE_NM_2|RTE_NM_3|RTE_NM_4|Host RTE_NM|Route Label|Street Name|Physical Jurisdiction|Physical Jurisdiciton Name|Maintenance Jurisdiction|Maintenance Jurisdiciton Name|    Start Label|Start Node|Start Node Route Sequence|Star tOffset|Start Milepoint|    End Label|End Node|End Node Route Sequence|End Offset|End Milepoint|    VPDDate|AADT|AADT Quality|Passenger Vehicle|Bus|Truck 2 Axle|Truck 3 Axle|Truck 1 Trailer|Truck 2 Trailer|Class Quality|K Factor|K Factor Quality|Direction Factor|AAWDT|AAWDT Quality|AADT Dir|AADT Quality Dir|PassengerVehicle Dir|Bus Dir|Truck 2 Axle Dir|Truck 3 Axle Dir|Truck 1 Trailer Dir|Truck 2 Trailer Dir|Class Quality Dir|K Factor Dir|K Factor Quality Dir|Direction Factor Dir|AAWDT Dir|AAWDT Quality Dir
645216|0|R-VA   SR00251EB||||R-VA   SR00251EB|VA 251|Thornhill Rd|117|City of Lexington|117|City of Lexington|    WCL Lexington| 581492|0|0|9.33|    | 581842|0|0|9.71|    01/01/2022|5132|F|97|0|1|0|1|0|C|.097|6 |.66|5448|F||||||||||||||
645222|0|R-VA   SR00251EB||||R-VA   SR00251EB|VA 251|Link Rd|117|City of Lexington|117|City of Lexington|    Thornhill Rd| 581842|0|0|9.71|    Main St| 581705|0|0|9.95|    01/01/2022|4625|F|97|0|1|0|1|0|F|.096|6 |.67|4909|F||||||||||||||
645217|0|R-VA   US00011NB||||R-VA   US00011NB|US 11|S Lee Highway|117|City of Lexington|117|City of Lexington|    SCL Lexington| 581701|0|0|203.3|    Jurisdiction Boundary: 081 Rockbridge County / 117 City of Lexington| 581699|0|0|203.89|    01/01/2022|11631|F|97|0|1|1|1|0|C|.095|6 |.51|12346|F||||||||||||||
645212|0|R-VA   US00011NB||||R-VA   US00011NB|US 11|N Lee Highway|117|City of Lexington|117|City of Lexington|    Main St| 581699|0|0|203.89|    Bus US 11| 581699|0|.04|203.93|    01/01/2022|10933|G|97|0|1|1|1|0|F|.091|6 |.5|11623|G||||||||||||||
080407|0|R-VA   US00011NB||||R-VA   US00011NB|US 11|N Lee Highway|117|City of Lexington|117|City of Lexington|    Bus US 11| 581699|0|.04|203.93|    Jurisdiction Boundary: 117 City of Lexington / 081 Rockbridge County| 581698|0|0|204.01|    01/01/2022|18369|F|98|0|1|0|1|0|C|.093|6 |.55|19484|F||||||||||||||
645215|0|R-VA   US00011NBBUS002||||R-VA   US00011NBBUS002|BUS US 11|Main St|117|City of Lexington|117|City of Lexington|    Jurisdiction Boundary: 081 Rockbridge County| 581725|0|0|.03|    | 581724|0|0|.42|    01/01/2022|2433|F|97|0|2|0|0|0|C|.102|6 |.56|2582|F||||||||||||||
645202|0|R-VA   US00011NBBUS002||||R-VA   US00011NBBUS002|BUS US 11|Main St|117|City of Lexington|117|City of Lexington|    Thornhill Rd| 581724|0|0|.42|    Wallace St| 581727|0|0|.58|    01/01/2022|4333|F|97|0|2|0|0|0|F|.097|6 |.71|4597|F||||||||||||||
645201|0|R-VA   US00011NBBUS002||||R-VA   US00011NBBUS002|BUS US 11|Main St|117|City of Lexington|117|City of Lexington|    Wallace St| 581727|0|0|.58|    White St| 582098|0|0|.89|    01/01/2022|3945|F|97|0|2|0|0|0|F|.103|6 |.6|4186|F||||||||||||||
645205|0|R-VA   US00011NBBUS002||||R-VA   US00011NBBUS002|BUS US 11|Main St|117|City of Lexington|117|City of Lexington|    White St| 582098|0|0|.89|    Nelson St| 581721|0|0|1.2|    01/01/2022|2933|F|98|0|1|0|0|0|F|.127|6 |1|3112|F||||||||||||||
645192|0|R-VA   US00011NBBUS002||||R-VA   US00011NBBUS002|BUS US 11|Main St|117|City of Lexington|117|City of Lexington|    Nelson St| 581721|0|0|1.2|    Jefferson St| 581719|0|0|1.44|    01/01/2022|4521|F|98|0|1|0|0|0|F|.093|6 |1|4797|F||||||||||||||
645190|0|R-VA   US00011NBBUS002||||R-VA   US00011NBBUS002|BUS US 11|Main St|117|City of Lexington|117|City of Lexington|    Jefferson St| 581719|0|0|1.44|    Letcher St| 581718|0|0|1.617|    01/01/2022|6434|G|98|0|1|0|0|0|F|.087|6 |.52|6826|G||||||||||||||
645218|0|R-VA   US00011NBBUS002||||R-VA   US00011NBBUS002|BUS US 11|Main St|117|City of Lexington|117|City of Lexington|    Letcher St| 581718|0|0|1.617|    US 11 N Lee Highway; S Lee Highway| 581699|0|0|2.15|    01/01/2022|8292|F|98|0|1|0|0|0|C|.091|6 |.63|8799|F||||||||||||||
784998|0|R-VA   US00011PABUS002||||R-VA   US00011PABUS002|BUS US 11|Jefferson St|117|City of Lexington|117|City of Lexington|    Bus US 11 Main St| 582098|0|0|0|    | 581772|0|0|.35|    01/01/2022|1687|F|98|0|1|0|0|0|C|.125|6 |1|1790|F||||||||||||||
785019|0|R-VA   US00011PABUS002||||R-VA   US00011PABUS002|BUS US 11|Jefferson St|117|City of Lexington|117|City of Lexington|    US 60 Nelson St| 581772|0|0|.35|    Bus US 11 Main St| 581719|0|0|.59|    01/01/2022|3188|F|95|1|2|0|0|0|C|.089|6 |1|3383|F||||||||||||||
645207|0|R-VA   US00060EB||||R-VA   US00060EB|US 60|Nelson St|117|City of Lexington|117|City of Lexington|    WCL Lexington| 581777|0|0|57.21|    Borden Rd| 581776|0|0|57.338|    01/01/2022|3049|F|97|0|2|1|0|0|C|.09|6 |.6|3237|F||||||||||||||
645195|0|R-VA   US00060EB||||R-VA   US00060EB|US 60|Nelson St|117|City of Lexington|117|City of Lexington|    Borden Rd| 581776|0|0|57.338|    | 581774|0|0|57.79|    01/01/2022|4368|F|97|0|2|1|0|0|F|.085|6 |.62|4637|F||||||||||||||
645220|0|R-VA   US00060EB||||R-VA   US00060EB|US 60|Nelson St|117|City of Lexington|117|City of Lexington|    Glasgow Street| 581774|0|0|57.79|    C2US 11-P, S Jefferson St| 581772|0|0|57.99|    01/01/2022|5326|F|97|0|2|1|0|0|F|.09|6 |.57|5654|F||||||||||||||
645221|0|R-VA   US00060EB||||R-VA   US00060EB|US 60|Nelson St|117|City of Lexington|117|City of Lexington|    C2US 11-P, S Jefferson St| 581772|0|0|57.99|    Randolph St| 581771|0|0|58.1|    01/01/2022|7132|F|95|1|1|0|1|0|F|.086|6 |.58|7570|F||||||||||||||
645198|0|R-VA   US00060EB||||R-VA   US00060EB|US 60|Nelson St|117|City of Lexington|117|City of Lexington|    Randolph Street| 581771|0|0|58.1|    Spotswood Dr| 581769|0|0|58.31|    01/01/2022|7222|F|95|1|1|0|1|0|F|.092|6 |.6|7667|F||||||||||||||
645213|0|R-VA   US00060EB||||R-VA   US00060EB|US 60|Nelson St|117|City of Lexington|117|City of Lexington|    Spotswood Dr| 581769|0|0|58.31|    ECL Lexington at US 11| 581767|0|0|58.66|    01/01/2022|12957|F|95|1|1|0|1|0|C|.089|6 |.57|13753|F||||||||||||||
645208|0|S-VA117PR BORDEN RD||||S-VA117PR BORDEN RD|Borden Rd|Borden Rd|117|City of Lexington|117|City of Lexington|    WCL Lexington| 581776|0|0|0|    Jurisdiction Boundary: 117 City of Lexington / |1252731|0|0|.417|    01/01/2022|975|F|97|0|1|1|1|0|C|.093|6 |.58|1035|F||||||||||||||
645503|0|S-VA117PR DIAMOND ST||||S-VA117PR DIAMOND ST|Diamond St|Diamond St|117|City of Lexington|117|City of Lexington|    Main St| 581718|0|0|0|    Lewis St| 582002|0|0|.35|    01/01/2022|1154|F|97|1|1|1|0|0|C|.168|6 |.7|1224|F||||||||||||||
645502|0|S-VA117PR ENFIELD RD||||S-VA117PR ENFIELD RD|Enfield Rd|Enfield Rd|117|City of Lexington|117|City of Lexington|    Lime Kiln Rd| 581971|0|0|0|    WCL Lexington| 581248|0|0|.41|    01/01/2022|1204|F|98|0|1|0|0|0|C|.091|6 |.56|1278|F||||||||||||||
645223|0|S-VA117PR GLASGOW ST||||S-VA117PR GLASGOW ST|Glasgow St|Glasgow St|117|City of Lexington|117|City of Lexington|    Nelson St| 581774|0|0|0|    McLaughlin St| 582010|0|0|.06|    01/01/2022|677|F|98|0|1|0|0|0|C|.114|6 |.68|718|F||||||||||||||
645224|0|S-VA117PR HENRY ST||||S-VA117PR HENRY ST|Henry St|Henry St|117|City of Lexington|117|City of Lexington|    Main St| 581965|0|0|0|    Jurisdiction Boundary: 117 City of Lexington / |1001395|0|0|.17|    01/01/2022|778|F|94|1|2|1|0|0|C|.093|6 |.59|826|F||||||||||||||
645225|0|S-VA117PR HOUSTON ST||||S-VA117PR HOUSTON ST|Houston St|Houston St|117|City of Lexington|117|City of Lexington|    Main St| 581726|0|0|0|    Taylor St| 581988|0|0|.17|    01/01/2022|1596|F|98|0|1|0|0|0|C|.109|6 |.55|1693|F||||||||||||||
645214|0|S-VA117PR HOUSTON ST||||S-VA117PR HOUSTON ST|Houston St|Houston St|117|City of Lexington|117|City of Lexington|    Taylor St| 581988|0|0|.17|    SCL Lexington| 581243|0|0|.58|    01/01/2022|1721|F|98|0|1|0|0|0|C|.113|6 |.55|1827|F||||||||||||||
645226|0|S-VA117PR JACKSON AVE||||S-VA117PR JACKSON AVE|Jackson Ave|Jackson Ave|117|City of Lexington|117|City of Lexington|    Ross Rd| 581981|0|0|.18|    Jurisdiction Boundary: 117 City of Lexington / |1001294|0|0|.59|    01/01/2022|1314|F|97|0|1|0|1|0|C|.143|6 |.68|1395|F||||||||||||||
645500|0|S-VA117PR LEE AVE||||S-VA117PR LEE AVE|Lee Ave|Lee Ave|117|City of Lexington|117|City of Lexington|    Nelson St| 581996|0|0|0|    Jurisdiction Boundary: 117 City of Lexington / |1001340|0|0|.19|    01/01/2022|1182|F|94|1|1|0|0|0|C|.111|6 |.51|1255|F||||||||||||||
645196|0|S-VA117PR LEWIS ST||||S-VA117PR LEWIS ST|Lewis St|Lewis St|117|City of Lexington|117|City of Lexington|    Nelson St| 722246|0|0|0|    Washington St| 581990|0|0|.08|    01/01/2022|2435|F|96|0|1|1|0|0|C|.123|6 |.62|2585|F||||||||||||||
645227|0|S-VA117PR LEWIS ST||||S-VA117PR LEWIS ST|Lewis St|Lewis St|117|City of Lexington|117|City of Lexington|    Washington St| 581990|0|0|.08|    Jurisdiction Boundary: 117 City of Lexington / |1001374|0|0|.58|    01/01/2022|1341|F|97|0|0|1|0|0|C|.146|6 |.62|1423|F||||||||||||||
645209|0|S-VA117PR LIME KILN RD||||S-VA117PR LIME KILN RD|Lime Kiln Rd|Lime Kiln Rd|117|City of Lexington|117|City of Lexington|    Enfield Rd| 581973|0|0|0|    Jurisdiction Boundary: 117 City of Lexington / |1001545|0|0|.565|    01/01/2022|2031|F|98|0|1|0|0|0|C|.089|6 |.54|2155|F||||||||||||||
645228|0|S-VA117PR MCDOWELL ST||||S-VA117PR MCDOWELL ST|McDowell St|McDowell St|117|City of Lexington|117|City of Lexington|    Main St| 581964|0|0|.209|    |1001459|0|0|.388|    01/01/2022|251|F|99|0|0|0|0|0|C|.126|6 |.52|266|F||||||||||||||
645229|0|S-VA117PR MCLAUGHLIN ST||||S-VA117PR MCLAUGHLIN ST|McLaughlin St|McLaughlin St|117|City of Lexington|117|City of Lexington|    Glasgow St| 582010|0|0|.1|    White St|1001313|0|0|.34|    01/01/2022|1873|F|98|0|1|0|0|0|C|.088|6 |.67|1987|F||||||||||||||
645230|0|S-VA117PR PRESTON ST||||S-VA117PR PRESTON ST|Preston St|Preston St|117|City of Lexington|117|City of Lexington|    Main St| 581722|0|0|.181|    | 713750|0|0|.477|    01/01/2022|1312|F|99|0|0|0|0|0|F|.111|6 |.83|1392|F||||||||||||||
645501|0|S-VA117PR ROSS RD||||S-VA117PR ROSS RD|Ross Rd|Ross Rd|117|City of Lexington|117|City of Lexington|    Jackson Ave| 581976|0|0|0|    WCL Lexington| 581288|0|0|.3|    01/01/2022|1019|F|96|0|2|0|0|0|C|.102|6 |.51|1082|F||||||||||||||
645211|0|S-VA117PR SPOTSWOOD DR||||S-VA117PR SPOTSWOOD DR|Spotswood Dr|Spottswood Dr|117|City of Lexington|117|City of Lexington|    Nelson St| 581769|0|0|0|    Houston St| 581988|0|0|.399|    01/01/2022|2136|F|98|0|1|0|0|0|C|.114|6 |.54|2267|F||||||||||||||
645204|0|S-VA117PR THORNHILL RD||||S-VA117PR THORNHILL RD|Thornhill Rd|Thornhill Rd|117|City of Lexington|117|City of Lexington|    Main St| 581724|0|0|0|    | 581842|0|0|.38|    01/01/2022|1924|F|99|0|0|0|0|0|C|.105|6 |.81|2041|F||||||||||||||
645231|0|S-VA117PR WALKER ST||||S-VA117PR WALKER ST|Walker St|Walker St|117|City of Lexington|117|City of Lexington|    Nelson St| 581768|0|0|0|    Houston St| 581985|0|0|.39|    01/01/2022|2252|F|98|0|1|0|0|0|C|.101|6 |.51|2390|F||||||||||||||
645193|0|S-VA117PR WASHINGTON ST||||S-VA117PR WASHINGTON ST|Washington St|Washington St|117|City of Lexington|117|City of Lexington|    Nelson St| 581775|0|0|0|    Lee Ave| 581996|0|0|.206|    01/01/2022|2074|F|96|0|1|1|0|0|F|.092|6 |.76|2202|F||||||||||||||
645232|0|S-VA117PR WASHINGTON ST||||S-VA117PR WASHINGTON ST|Washington St|Washington St|117|City of Lexington|117|City of Lexington|    Lee Ave| 581996|0|0|.206|    Jefferson St| 581720|0|0|.26|    01/01/2022|3059|F|96|0|1|1|0|0|F|.085|6 |.73|3247|F||||||||||||||
645206|0|S-VA117PR WASHINGTON ST||||S-VA117PR WASHINGTON ST|Washington St|Washington St|117|City of Lexington|117|City of Lexington|    Jefferson St| 581720|0|0|.26|    Main St| 581730|0|0|.32|    01/01/2022|2500|F|96|0|1|1|0|0|F|.092|6 |.64|2653|F||||||||||||||
645233|0|S-VA117PR WASHINGTON ST||||S-VA117PR WASHINGTON ST|Washington St|Washington St|117|City of Lexington|117|City of Lexington|    Main St| 581730|0|0|.32|    Lewis St| 581990|0|0|.61|    01/01/2022|1686|F|97|0|1|0|0|0|C|.111|6 |.55|1790|F||||||||||||||
645234|0|S-VA117PR WHITE ST||||S-VA117PR WHITE ST|White St|White St|117|City of Lexington|117|City of Lexington|    Jefferson St| 581723|0|0|.05|    Mclaughlin St (pre-update)|1001313|0|0|.29|    01/01/2022|1097|F|98|0|1|0|0|0|C|.097|6 |.65|1164|F||||||||||||||
