sep=|
- - 2022 AADT Report for Town of Warsaw - -
LINKID|SEQUENCENUMBER|RTE_NM|RTE_NM_2|RTE_NM_3|RTE_NM_4|Host RTE_NM|Route Label|Street Name|Physical Jurisdiction|Physical Jurisdiciton Name|Maintenance Jurisdiction|Maintenance Jurisdiciton Name|    Start Label|Start Node|Start Node Route Sequence|Star tOffset|Start Milepoint|    End Label|End Node|End Node Route Sequence|End Offset|End Milepoint|    VPDDate|AADT|AADT Quality|Passenger Vehicle|Bus|Truck 2 Axle|Truck 3 Axle|Truck 1 Trailer|Truck 2 Trailer|Class Quality|K Factor|K Factor Quality|Direction Factor|AAWDT|AAWDT Quality|AADT Dir|AADT Quality Dir|PassengerVehicle Dir|Bus Dir|Truck 2 Axle Dir|Truck 3 Axle Dir|Truck 1 Trailer Dir|Truck 2 Trailer Dir|Class Quality Dir|K Factor Dir|K Factor Quality Dir|Direction Factor Dir|AAWDT Dir|AAWDT Quality Dir
160052|0|R-VA   SR00003EB||||R-VA   SR00003EB|VA 3|Historyland Hwy|321|Town of Warsaw|079|Richmond County|    | 712495|0|0|89.56|    Bus SR 3 Main St| 729617|0|0|89.76|    01/01/2022|5890|F|92|1|2|1|4|0|C|.09|6 |.54|5759|F||||||||||||||
785873|0|R-VA   SR00003EB||||R-VA   SR00003EB|VA 3|Historyland Hwy|321|Town of Warsaw|079|Richmond County|    Bus SR 3 Main St| 729617|0|0|89.76|    US 360, SR 3 Bus Richmond Rd| 566296|0|0|90.99|    01/01/2022|2875|F|88|1|1|2|8|0|C|.09|6 |.54|2811|F||||||||||||||
160054|0|R-VA   SR00003EB||||R-VA   SR00003EB|VA 3|Historyland Hwy|321|Town of Warsaw|079|Richmond County|    US 360, SR 3 Bus Richmond Rd| 566296|0|0|90.99|    SCL Warsaw| 566305|0|0|91.1|    01/01/2022|7807|F|92|1|2|2|3|0|F|.111|6 |.52|7634|F||||||||||||||
160086|0|R-VA   SR00003EB||||R-VA   SR00003EB|VA 3|Historyland Hwy|321|Town of Warsaw|079|Richmond County|    SCL Warsaw| 566305|0|0|91.1|    Physical Jurisdiction Boundary: 321 Town of Warsaw / 079 Richmond County|1276759|0|0|91.44|    01/01/2022|5412|F|92|1|2|2|3|0|F|.092|6 |.64|5292|F||||||||||||||
785862|0|R-VA   SR00003EBBUS002||||R-VA   SR00003EBBUS002|BUS VA 3|Main St|321|Town of Warsaw|079|Richmond County|    SR 3 Historyland Hwy|1141420|0|0|0|    US 360 Richmond Rd| 566208|0|0|.77|    01/01/2022|6195|F|94|1|1|1|3|0|F|.086|6 |.51|6073|F||||||||||||||
060128|0|R-VA   SR00003EBBUS002|R-VA   US00360EB|||R-VA   US00360EB|US 360, BUS VA 3|Richmond Rd|321|Town of Warsaw|079|Richmond County|    W SR 3 Bus| 566208|0|0|.77|    |1092925|0|0|1.448|    01/01/2022|12036|F|94|1|1|1|3|0|F|.084|6 |.61|11776|F||||||||||||||
060130|0|R-VA   US00360EB||||R-VA   US00360EB|US 360|Richmond Rd|321|Town of Warsaw|079|Richmond County|    | 712500|0|0|190.71|    W SR 3 Bus| 566208|0|0|192.73|    01/01/2022|12886|A|94|1|1|1|3|0|C|.103|1 |.55|13702|A||||||||||||||
060128|0|R-VA   US00360EB|R-VA   SR00003EBBUS002|||R-VA   US00360EB|US 360, BUS VA 3|Richmond Rd|321|Town of Warsaw|079|Richmond County|    W SR 3 Bus| 566208|0|0|192.73|    |1092925|0|0|193.51|    01/01/2022|12036|F|94|1|1|1|3|0|F|.084|6 |.61|11776|F||||||||||||||
060288|0|R-VA   US00360EB||||R-VA   US00360EB|US 360|Richmond Rd|321|Town of Warsaw|079|Richmond County|    E SR 3 Bus, SR 3|1092925|0|0|193.51|    Physical Jurisdiction Boundary: 321 Town of Warsaw / 079 Richmond County| 712501|0|0|193.88|    01/01/2022|7605|F|94|1|1|1|3|0|F|.085|6 |.62|7440|F||||||||||||||
765371|0|R-VA079SC00624NB||||R-VA079SC00624NB|79-624|Sabine Hall Rd|321|Town of Warsaw|079|Richmond County|    Jurisdiction Boundary: 079 Richmond County| 566086|0|0|1.2|    US 360 E, Richmond Rd|1053767|0|0|1.31|    07/26/2022|22|R|||||||X||24|||X||||||||||||||
765411|0|R-VA079SC00649EB||||R-VA079SC00649EB|79-649|Meadowbrook Rd|321|Town of Warsaw|079|Richmond County|    US 360 W, Richmond Rd| 566139|0|0|0|    US 360 E, Richmond Rd| 566136|0|0|.26|    03/26/2019|110|R|||||||X||24|||X||||||||||||||
765438|0|R-VA079SC00670EB||||R-VA079SC00670EB|79-670|Scott Town Rd|321|Town of Warsaw|079|Richmond County|    US 360 Richmond Rd| 566163|0|0|0|    Physical Jurisdiction Boundary: 321 Town of Warsaw / 079 Richmond County|1276907|0|0|.452|    07/27/2022|141|R|||||||X||24|||X||||||||||||||
404623|0|R-VA079SC00690NB||||R-VA079SC00690NB|79-690|Menokin Rd|321|Town of Warsaw|079|Richmond County|    SR 3 Bus| 566183|0|0|0|    NCL Warsaw| 566185|0|0|.2|    01/01/2022|700|F|97|1|1|0|0|0|C|.099|6 |.52|686|F||||||||||||||
765473|0|R-VA079SC00700NB||||R-VA079SC00700NB|79-700|Selftown Rd|321|Town of Warsaw|079|Richmond County|    US 360 Richmond Rd| 566194|0|0|0|    Dead End| 566196|0|0|.33|    04/10/2019|212|R|||||||X||24|||X||||||||||||||
765480|0|R-VA079SC01000NB||||R-VA079SC01000NB|79-1000|Harris Ave|321|Town of Warsaw|079|Richmond County|    SR 3| 707774|0|0|0|    Cul-de-Sac| 707775|0|0|.25|    04/03/2019|52|T|||||||X||24|||X||||||||||||||
404626|0|R-VA079SC01001NB||||R-VA079SC01001NB|79-1001|Hamilton Blvd|321|Town of Warsaw|079|Richmond County|    US 360 Richmond Rd| 566201|0|0|0|    Bus SR 3| 566199|0|0|.75|    01/01/2022|352|F|96|1|2|1|0|0|C|.111|6 |1|345|F||||||||||||||
765481|0|R-VA079SC01002EB||||R-VA079SC01002EB|79-1002|Belleville Lane|321|Town of Warsaw|079|Richmond County|    SR 3| 566202|0|0|0|    79-1001 Hamilton Blvd| 566200|0|0|.23|    03/26/2019|265|R|||||||X||24|||X||||||||||||||
765482|0|R-VA079SC01003EB||||R-VA079SC01003EB|79-1003|St Johns St|321|Town of Warsaw|079|Richmond County|    SR 3| 566205|0|0|0|    US 360 Richmond Rd| 566207|0|0|.23|    03/26/2019|671|R|||||||X||24|||X||||||||||||||
765483|0|R-VA079SC01004NB||||R-VA079SC01004NB|79-1004|Court Circle|321|Town of Warsaw|079|Richmond County|    US 360 Richmond Rd; Bus SR 3| 566208|0|0|0|    79-1036 Campus Dr| 566210|0|0|.17|    03/26/2019|471|R|||||||X||24|||X||||||||||||||
765485|0|R-VA079SC01005NB||||R-VA079SC01005NB|79-1005|Lakeside Dr|321|Town of Warsaw|079|Richmond County|    79-1012 Sunset Lane| 566213|0|0|0|    79-1006 Ridgeway Rd| 566212|0|0|.18|    07/27/2022|35|R|||||||X||24|||X||||||||||||||
765486|0|R-VA079SC01005NB||||R-VA079SC01005NB|79-1005|Lakeside Dr|321|Town of Warsaw|079|Richmond County|    79-1006 Rideway Rd| 566212|0|0|.18|    79-1020 Ivy Lane| 566211|0|0|.35|    07/27/2022|42|R|||||||X||24|||X||||||||||||||
765487|0|R-VA079SC01005NB||||R-VA079SC01005NB|79-1005|Lakeside Dr|321|Town of Warsaw|079|Richmond County|    79-1020 Ivy Lane| 566211|0|0|.35|    79-690 Menokin Rd| 566184|0|0|.43|    07/27/2022|83|R|||||||X||24|||X||||||||||||||
765488|0|R-VA079SC01006EB||||R-VA079SC01006EB|79-1006|Ridgeway Rd|321|Town of Warsaw|079|Richmond County|    79-1012 Sunset Lane| 566215|0|0|0|    79-1005 Lakeside Dr| 566212|0|0|.08|    03/26/2019|192|R|||||||X||24|||X||||||||||||||
765489|0|R-VA079SC01006EB||||R-VA079SC01006EB|79-1006|Ridgeway Rd|321|Town of Warsaw|079|Richmond County|    79-1005 Lakeside Dr| 566212|0|0|.08|    SR 3| 566214|0|0|.18|    03/26/2019|350|R|||||||X||24|||X||||||||||||||
765490|0|R-VA079SC01007NB||||R-VA079SC01007NB|79-1007|Sabine Hall Rd|321|Town of Warsaw|079|Richmond County|    US 360 Richmond Rd|1053767|0|0|.01|    Dead End| 720018|0|0|.13|    06/25/2019|556|R|||||||X||24|||X||||||||||||||
765491|0|R-VA079SC01008NB||||R-VA079SC01008NB|79-1008|Pine St|321|Town of Warsaw|079|Richmond County|    US 360 Richmond Rd| 566218|0|0|0|    79-1002 Belleville Lane| 566204|0|0|.19|    03/26/2019|62|R|||||||X||24|||X||||||||||||||
765492|0|R-VA079SC01009NB||||R-VA079SC01009NB|79-1009|Washington Ave|321|Town of Warsaw|079|Richmond County|    79-1028 Level Blvd| 566222|0|0|0|    79-1014 S, E Monroe Ave| 566221|0|0|.09|    07/26/2022|87|R|||||||X||24|||X||||||||||||||
765493|0|R-VA079SC01009NB||||R-VA079SC01009NB|79-1009|Washington Ave|321|Town of Warsaw|079|Richmond County|    79-1014 S, E Monroe Ave| 566221|0|0|.09|    79-1014 N, W Monroe Ave| 566283|0|0|.11|    07/26/2022|155|R|||||||X||24|||X||||||||||||||
765494|0|R-VA079SC01009NB||||R-VA079SC01009NB|79-1009|Washington Ave|321|Town of Warsaw|079|Richmond County|    79-1014 N, W Monroe Ave| 566283|0|0|.11|    79-1010 S, E Jefferson Ave| 566220|0|0|.17|    07/26/2022|157|R|||||||X||24|||X||||||||||||||
765495|0|R-VA079SC01009NB||||R-VA079SC01009NB|79-1009|Washington Ave|321|Town of Warsaw|079|Richmond County|    79-1010 S, E Jefferson Ave| 566220|0|0|.17|    79-1010 N, W Jefferson Ave| 566282|0|0|.2|    07/26/2022|205|R|||||||X||24|||X||||||||||||||
765496|0|R-VA079SC01009NB||||R-VA079SC01009NB|79-1009|Washington Ave|321|Town of Warsaw|079|Richmond County|    79-1010 N, W Jefferson Ave| 566282|0|0|.2|    US 360 Richmond Rd| 566219|0|0|.25|    03/26/2019|382|R|||||||X||24|||X||||||||||||||
765497|0|R-VA079SC01010EB||||R-VA079SC01010EB|79-1010|W Jefferson Ave|321|Town of Warsaw|079|Richmond County|    WCL Warsaw| 566225|0|0|0|    79-1011 Madison Ave| 566224|0|0|.06|    07/26/2022|30|R|||||||X||24|||X||||||||||||||
765498|0|R-VA079SC01010EB||||R-VA079SC01010EB|79-1010|W Jefferson Ave|321|Town of Warsaw|079|Richmond County|    79-1011 Madison Ave| 566224|0|0|.06|    79-1009 Washington Ave| 566282|0|0|.15|    07/26/2022|154|R|||||||X||24|||X||||||||||||||
765499|0|R-VA079SC01010EB||||R-VA079SC01010EB|79-1010|E Jefferson Ave|321|Town of Warsaw|079|Richmond County|    79-1009 S, Washington Ave| 566220|0|0|.18|    79-1018 Memorial Dr| 566223|0|0|.32|    07/26/2022|32|R|||||||X||24|||X||||||||||||||
765500|0|R-VA079SC01011NB||||R-VA079SC01011NB|79-1011|Madison Ave|321|Town of Warsaw|079|Richmond County|    79-1014 W Monroe Ave| 566226|0|0|0|    79-1010 W Jefferson Ave| 566224|0|0|.09|    07/26/2022|32|R|||||||X||24|||X||||||||||||||
765501|0|R-VA079SC01012NB||||R-VA079SC01012NB|79-1012|Sunset Lane|321|Town of Warsaw|079|Richmond County|    Dead End| 566284|0|0|0|    79-1005 Lakeside Dr| 566213|0|0|.11|    07/13/2022|80|T|||||||X||24|||X||||||||||||||
765502|0|R-VA079SC01012NB||||R-VA079SC01012NB|79-1012|Sunset Lane|321|Town of Warsaw|079|Richmond County|    79-1005 Lakeside Dr| 566213|0|0|.11|    79-1006 Ridgeway Rd| 566215|0|0|.19|    07/27/2022|103|R|||||||X||24|||X||||||||||||||
765503|0|R-VA079SC01012NB||||R-VA079SC01012NB|79-1012|Sunset Lane|321|Town of Warsaw|079|Richmond County|    79-1006 Ridgeway Rd| 566215|0|0|.19|    Dead End| 566227|0|0|.47|    07/13/2022|100|T|||||||X||24|||X||||||||||||||
765504|0|R-VA079SC01013NB||||R-VA079SC01013NB|79-1013|Jones Lane|321|Town of Warsaw|079|Richmond County|    US 360 Richmond Rd| 566232|0|0|0|    Dead End| 722302|0|0|.18|    06/25/2019|258|R|||||||X||24|||X||||||||||||||
765505|0|R-VA079SC01014EB||||R-VA079SC01014EB|79-1014|W Monroe Ave|321|Town of Warsaw|079|Richmond County|    WCL Warsaw| 566229|0|0|0|    79-1011 Madison Ave| 566226|0|0|.04|    07/28/2022|29|R|||||||X||24|||X||||||||||||||
765506|0|R-VA079SC01014EB||||R-VA079SC01014EB|79-1014|W Monroe Ave|321|Town of Warsaw|079|Richmond County|    79-1011 Madison Ave| 566226|0|0|.04|    79-1009 Washington Ave| 566283|0|0|.13|    07/26/2022|33|R|||||||X||24|||X||||||||||||||
765507|0|R-VA079SC01014EB||||R-VA079SC01014EB|79-1014|E Monroe Ave|321|Town of Warsaw|079|Richmond County|    79-1009 Washington Ave| 566221|0|0|.15|    79-1018 Memorial Dr| 566228|0|0|.3|    07/26/2022|38|R|||||||X||24|||X||||||||||||||
765508|0|R-VA079SC01015NB||||R-VA079SC01015NB|79-1015|Wallace St|321|Town of Warsaw|079|Richmond County|    Cul-de-Sac| 702308|0|0|0|    0.23 MN Cul-de-Sac| 702308|0|.23|.23|    04/03/2019|90|T|||||||X||24|||X||||||||||||||
765509|0|R-VA079SC01015NB||||R-VA079SC01015NB|79-1015|Wallace St|321|Town of Warsaw|079|Richmond County|    0.23 MN Cul-de-Sac| 702308|0|.23|.23|    79-1036 Campus Dr| 566231|0|0|.56|    06/25/2019|571|R|||||||X||24|||X||||||||||||||
765510|0|R-VA079SC01015NB||||R-VA079SC01015NB|79-1015|Wallace St|321|Town of Warsaw|079|Richmond County|    79-1036 Campus Dr| 566231|0|0|.56|    US 360 Richmond Rd| 566230|0|0|.65|    07/26/2022|551|R|||||||X||24|||X||||||||||||||
765511|0|R-VA079SC01016NB||||R-VA079SC01016NB|79-1016|Morgan Lane|321|Town of Warsaw|079|Richmond County|    79-1017 West Morgan Lane| 566233|0|0|0|    US 360 Richmond Rd| 566232|0|0|.41|    07/27/2022|343|R|||||||X||24|||X||||||||||||||
765512|0|R-VA079SC01017EB||||R-VA079SC01017EB|79-1017|West Morgan Lane|321|Town of Warsaw|079|Richmond County|    Dead End| 566286|0|0|0|    79-1016 Morgan Lane| 566233|0|0|.04|    07/13/2022|20|T|||||||X||24|||X||||||||||||||
765513|0|R-VA079SC01017EB||||R-VA079SC01017EB|79-1017|Morgan Lane|321|Town of Warsaw|079|Richmond County|    79-1016 Morgan Lane| 566233|0|0|.04|    79-1023 Quail Trail| 566234|0|0|.11|    07/27/2022|182|R|||||||X||24|||X||||||||||||||
765514|0|R-VA079SC01017EB||||R-VA079SC01017EB|79-1017|Morgan Lane|321|Town of Warsaw|079|Richmond County|    79-1023 Quail Trail| 566234|0|0|.11|    Dead End| 566287|0|0|.21|    07/13/2022|50|T|||||||X||24|||X||||||||||||||
765515|0|R-VA079SC01018NB||||R-VA079SC01018NB|79-1018|Memorial Dr|321|Town of Warsaw|079|Richmond County|    SCL Warsaw| 566235|0|0|0|    79-1014 E Monroe Ave| 566228|0|0|.068|    07/26/2022|56|R|||||||X||24|||X||||||||||||||
765516|0|R-VA079SC01018NB||||R-VA079SC01018NB|79-1018|Memorial Dr|321|Town of Warsaw|079|Richmond County|    79-1014 E Monroe Ave| 566228|0|0|.068|    79-1010 E Jefferson Ave| 566223|0|0|.145|    08/03/2022|89|R|||||||X||24|||X||||||||||||||
765517|0|R-VA079SC01018NB||||R-VA079SC01018NB|79-1018|Memorial Dr|321|Town of Warsaw|079|Richmond County|    79-1010 E Jefferson Ave| 566223|0|0|.145|    79-649 Meadowbrook Rd| 566138|0|0|.23|    07/26/2022|161|R|||||||X||24|||X||||||||||||||
765518|0|R-VA079SC01019NB||||R-VA079SC01019NB|79-1019|Gordon Lane|321|Town of Warsaw|079|Richmond County|    US 360 Richmond Rd| 566236|0|0|0|    Dead End| 566237|0|0|.15|    08/25/2022|57|R|||||||X||24|||X||||||||||||||
765519|0|R-VA079SC01020NB||||R-VA079SC01020NB|79-1020|Ivy Lane|321|Town of Warsaw|079|Richmond County|    79-1005 Lakeside Dr| 566211|0|0|0|    NCL Warsaw| 566238|0|0|.12|    07/27/2022|19|R|||||||X||24|||X||||||||||||||
765520|0|R-VA079SC01021NB||||R-VA079SC01021NB|79-1021|Maple St|321|Town of Warsaw|079|Richmond County|    79-1022 Walnut St| 566240|0|0|0|    US 360 Richmond Rd| 566239|0|0|.15|    08/25/2022|530|R|||||||X||24|||X||||||||||||||
765521|0|R-VA079SC01022EB||||R-VA079SC01022EB|79-1022|Walnut St|321|Town of Warsaw|079|Richmond County|    SR 3 Historyland Hwy| 566241|0|0|0|    79-1021 Maple St| 566240|0|0|.18|    08/25/2022|1588|R|||||||X||24|||X||||||||||||||
765522|0|R-VA079SC01022EB||||R-VA079SC01022EB|79-1022|Walnut St|321|Town of Warsaw|079|Richmond County|    79-1021 Maple St| 566240|0|0|.18|    Dead End| 566288|0|0|.22|    08/25/2022|1679|R|||||||X||24|||X||||||||||||||
765523|0|R-VA079SC01023NB||||R-VA079SC01023NB|79-1023|Quail Trail|321|Town of Warsaw|079|Richmond County|    Dead End| 566289|0|0|0|    79-1017 West Morgan Lane| 566234|0|0|.16|    07/13/2022|60|T|||||||X||24|||X||||||||||||||
765524|0|R-VA079SC01027NB||||R-VA079SC01027NB|79-1027|Sturman Lane|321|Town of Warsaw|079|Richmond County|    Dead End| 566290|0|0|0|    79-649 Meadowbrook Rd| 566137|0|0|.15|    07/13/2022|90|T|||||||X||24|||X||||||||||||||
765525|0|R-VA079SC01028EB||||R-VA079SC01028EB|79-1028|Level Blvd|321|Town of Warsaw|079|Richmond County|    79-1029 Georgia Ave| 566242|0|0|0|    79-1009 Washington Ave| 566222|0|0|.13|    07/26/2022|39|R|||||||X||24|||X||||||||||||||
765526|0|R-VA079SC01028EB||||R-VA079SC01028EB|79-1028|Level Blvd|321|Town of Warsaw|079|Richmond County|    79-1009 Washington Ave| 566222|0|0|.13|    Dead End| 566291|0|0|.15|    07/13/2022|20|T|||||||X||24|||X||||||||||||||
765528|0|R-VA079SC01033NB||||R-VA079SC01033NB|79-1033|Lee Ave|321|Town of Warsaw|079|Richmond County|    US 360 Richmond Rd| 566243|0|0|0|    79-1034 Jackson Court| 566244|0|0|.17|    07/27/2022|151|R|||||||X||24|||X||||||||||||||
765529|0|R-VA079SC01033NB||||R-VA079SC01033NB|79-1033|Lee Ave|321|Town of Warsaw|079|Richmond County|    79-1034 Jackon Court| 566244|0|0|.17|    Dead End| 566293|0|0|.26|    07/13/2022|50|T|||||||X||24|||X||||||||||||||
765530|0|R-VA079SC01034EB||||R-VA079SC01034EB|79-1034|Jackson Court|321|Town of Warsaw|079|Richmond County|    79-1033 Lee Ave| 566244|0|0|0|    Cul-de-Sac| 566245|0|0|.05|    07/13/2022|30|T|||||||X||24|||X||||||||||||||
765531|0|R-VA079SC01035NB||||R-VA079SC01035NB|79-1035|College Ave|321|Town of Warsaw|079|Richmond County|    US 360 Richmond Rd| 566246|0|0|0|    79-1037 Atkinson Dr| 566247|0|0|.07|    03/26/2019|335|R|||||||X||24|||X||||||||||||||
765532|0|R-VA079SC01035NB||||R-VA079SC01035NB|79-1035|College Ave|321|Town of Warsaw|079|Richmond County|    79-1037 Atkinson Dr| 566247|0|0|.07|    79-1038 Freedom Way| 708806|0|0|.29|    03/26/2019|165|R|||||||X||24|||X||||||||||||||
765534|0|R-VA079SC01035NB||||R-VA079SC01035NB|79-1035|College Ave|321|Town of Warsaw|079|Richmond County|    79-1038 Freedom Way| 708806|0|0|.29|    Dead End| 713956|0|0|.33|    04/03/2019|10|T|||||||X||24|||X||||||||||||||
765535|0|R-VA079SC01036EB||||R-VA079SC01036EB|79-1036|Campus Dr|321|Town of Warsaw|079|Richmond County|    79-1004 Court Circle| 566210|0|0|0|    79-1015 Wallace St| 566231|0|0|.04|    08/25/2022|279|R|||||||X||24|||X||||||||||||||
765536|0|R-VA079SC01037NB||||R-VA079SC01037NB|79-1037|Atkinson Dr|321|Town of Warsaw|079|Richmond County|    79-1035 College Ave| 566247|0|0|0|    0.18 MN 79-1035 College Ave| 566247|0|.18|.18|    07/27/2022|76|R|||||||X||24|||X||||||||||||||
765537|0|R-VA079SC01037NB||||R-VA079SC01037NB|79-1037|Atkinson Dr|321|Town of Warsaw|079|Richmond County|    0.18 MN 79-1035 College Ave| 566247|0|.18|.18|    Dead End| 566294|0|0|.2|    07/13/2022|30|T|||||||X||24|||X||||||||||||||
765538|0|R-VA079SC01038EB||||R-VA079SC01038EB|79-1038|Freedom Way|321|Town of Warsaw|079|Richmond County|    Cul-de-Sac| 708805|0|0|0|    79-1035 College Ave| 708806|0|0|.16|    07/13/2022|120|T|||||||X||24|||X||||||||||||||
765539|0|R-VA079SC01038EB||||R-VA079SC01038EB|79-1038|Freedom Way|321|Town of Warsaw|079|Richmond County|    79-1035 College Ave| 708806|0|0|.16|    Cul-de-Sac| 708808|0|0|.21|    07/13/2022|70|T|||||||X||24|||X||||||||||||||
765548|0|R-VA079SC09838NB||||R-VA079SC09838NB|79-9838|Rappahannock High School|321|Town of Warsaw|079|Richmond County|    US 360 Richmond Rd| 566252|0|0|0|    US 360 Richmond Rd| 566251|0|0|.15|    05/02/2007|263|R|||||||X||24|||X||||||||||||||
