sep=|
- - 2022 AADT Report for Town of Quantico - -
LINKID|SEQUENCENUMBER|RTE_NM|RTE_NM_2|RTE_NM_3|RTE_NM_4|Host RTE_NM|Route Label|Street Name|Physical Jurisdiction|Physical Jurisdiciton Name|Maintenance Jurisdiction|Maintenance Jurisdiciton Name|    Start Label|Start Node|Start Node Route Sequence|Star tOffset|Start Milepoint|    End Label|End Node|End Node Route Sequence|End Offset|End Milepoint|    VPDDate|AADT|AADT Quality|Passenger Vehicle|Bus|Truck 2 Axle|Truck 3 Axle|Truck 1 Trailer|Truck 2 Trailer|Class Quality|K Factor|K Factor Quality|Direction Factor|AAWDT|AAWDT Quality|AADT Dir|AADT Quality Dir|PassengerVehicle Dir|Bus Dir|Truck 2 Axle Dir|Truck 3 Axle Dir|Truck 1 Trailer Dir|Truck 2 Trailer Dir|Class Quality Dir|K Factor Dir|K Factor Quality Dir|Direction Factor Dir|AAWDT Dir|AAWDT Quality Dir
794664|0|R-VA076SC01126NB||||R-VA076SC01126NB|76-1126|Virginia Ave|287|Town of Quantico|076|Prince William County|    76-1400 Fifth Ave| 746377|0|0|0|    76-1401 Potomac Ave| 746378|0|0|.04|    07/09/2013|156|R|||||||X||24|||X||||||||||||||
762044|0|R-VA076SC01400EB||||R-VA076SC01400EB|76-1400|Fifth Ave|287|Town of Quantico|076|Prince William County|    Dead End| 548832|0|0|0|    76-1402, C St| 547199|0|0|.03|    07/09/2013|1127|R|||||||X||24|||X||||||||||||||
762045|0|R-VA076SC01400EB||||R-VA076SC01400EB|76-1400|Fifth Ave|287|Town of Quantico|076|Prince William County|    76-1402, C St| 547199|0|0|.03|    76-1406 Broadway St| 547200|0|0|.1|    07/09/2013|865|R|||||||X||24|||X||||||||||||||
762046|0|R-VA076SC01400EB||||R-VA076SC01400EB|76-1400|Fifth Ave|287|Town of Quantico|076|Prince William County|    76-1406 Broadway St| 547200|0|0|.1|    Dead End| 548833|0|0|.25|    07/09/2013|275|R|||||||X||24|||X||||||||||||||
762047|0|R-VA076SC01401EB||||R-VA076SC01401EB|76-1401|Potomac Ave|287|Town of Quantico|076|Prince William County|    Dead End| 547202|0|0|0|    ECL Quantico| 547204|0|0|.22|    12/03/2013|7017|R|||||||X||24|||X||||||||||||||
762048|0|R-VA076SC01402NB||||R-VA076SC01402NB|76-1402|C St|287|Town of Quantico|076|Prince William County|    76-1400 Fifth Ave| 547199|0|0|0|    76-1401 Potomac Ave| 547202|0|0|.05|    07/09/2013|586|R|||||||X||24|||X||||||||||||||
762049|0|R-VA076SC01402NB||||R-VA076SC01402NB|76-1402|C St|287|Town of Quantico|076|Prince William County|    76-1401 Potomac Ave| 547202|0|0|.05|    76-1403 Fourth Ave| 547206|0|0|.1|    07/09/2013|421|R|||||||X||24|||X||||||||||||||
762050|0|R-VA076SC01402NB||||R-VA076SC01402NB|76-1402|C St|287|Town of Quantico|076|Prince William County|    76-1403 Fourth Ave| 547206|0|0|.1|    76-1404 Third Ave| 547205|0|0|.14|    07/09/2013|202|R|||||||X||24|||X||||||||||||||
762051|0|R-VA076SC01402NB||||R-VA076SC01402NB|76-1402|C St|287|Town of Quantico|076|Prince William County|    76-1404 Third Ave| 547205|0|0|.14|    Dead End| 548834|0|0|.21|    07/09/2013|83|R|||||||X||24|||X||||||||||||||
762052|0|R-VA076SC01403EB||||R-VA076SC01403EB|76-1403|Fourth Ave|287|Town of Quantico|076|Prince William County|    76-1402, C St| 547206|0|0|0|    76-1406 Broadway St| 547207|0|0|.062|    07/09/2013|177|R|||||||X||24|||X||||||||||||||
762053|0|R-VA076SC01403EB||||R-VA076SC01403EB|76-1403|Fourth Ave|287|Town of Quantico|076|Prince William County|    76-1406 Broadway St| 547207|0|0|.062|    ECL Quantico| 547208|0|0|.19|    07/09/2013|169|R|||||||X||24|||X||||||||||||||
762054|0|R-VA076SC01404EB||||R-VA076SC01404EB|76-1404|Third Ave|287|Town of Quantico|076|Prince William County|    76-1402, C St| 547205|0|0|0|    76-1406 Broadway St| 547209|0|0|.064|    07/09/2013|145|R|||||||X||24|||X||||||||||||||
762055|0|R-VA076SC01404EB||||R-VA076SC01404EB|76-1404|Third Ave|287|Town of Quantico|076|Prince William County|    76-1406 Broadway St| 547209|0|0|.064|    ECL Quantico| 547210|0|0|.18|    07/09/2013|177|R|||||||X||24|||X||||||||||||||
762056|0|R-VA076SC01405EB||||R-VA076SC01405EB|76-1405|Second Ave|287|Town of Quantico|076|Prince William County|    76-1406 Broadway St| 547211|0|0|0|    Dead End| 547212|0|0|.04|    07/09/2013|45|R|||||||X||24|||X||||||||||||||
762057|0|R-VA076SC01406NB||||R-VA076SC01406NB|76-1406|Broadway St|287|Town of Quantico|076|Prince William County|    76-1400 Fifth Ave| 547200|0|0|0|    76-1401 Potomac Ave| 547203|0|0|.05|    12/03/2013|2571|R|||||||X||24|||X||||||||||||||
762058|0|R-VA076SC01406NB||||R-VA076SC01406NB|76-1406|Broadway St|287|Town of Quantico|076|Prince William County|    76-1401 Potomac Ave| 547203|0|0|.05|    76-1403 Fourth Ave| 547207|0|0|.11|    12/03/2013|725|R|||||||X||24|||X||||||||||||||
762059|0|R-VA076SC01406NB||||R-VA076SC01406NB|76-1406|Broadway St|287|Town of Quantico|076|Prince William County|    76-1403 Fourth Ave| 547207|0|0|.11|    76-1404 Third Ave| 547209|0|0|.16|    12/03/2013|309|R|||||||X||24|||X||||||||||||||
762060|0|R-VA076SC01406NB||||R-VA076SC01406NB|76-1406|Broadway St|287|Town of Quantico|076|Prince William County|    76-1404 Third Ave| 547209|0|0|.16|    76-1405 Second Ave| 547211|0|0|.21|    07/09/2013|148|R|||||||X||24|||X||||||||||||||
