sep=|
- - 2022 AADT Report for Mathews County - -
LINKID|SEQUENCENUMBER|RTE_NM|RTE_NM_2|RTE_NM_3|RTE_NM_4|Host RTE_NM|Route Label|Street Name|Physical Jurisdiction|Physical Jurisdiciton Name|Maintenance Jurisdiction|Maintenance Jurisdiciton Name|    Start Label|Start Node|Start Node Route Sequence|Star tOffset|Start Milepoint|    End Label|End Node|End Node Route Sequence|End Offset|End Milepoint|    VPDDate|AADT|AADT Quality|Passenger Vehicle|Bus|Truck 2 Axle|Truck 3 Axle|Truck 1 Trailer|Truck 2 Trailer|Class Quality|K Factor|K Factor Quality|Direction Factor|AAWDT|AAWDT Quality|AADT Dir|AADT Quality Dir|PassengerVehicle Dir|Bus Dir|Truck 2 Axle Dir|Truck 3 Axle Dir|Truck 1 Trailer Dir|Truck 2 Trailer Dir|Class Quality Dir|K Factor Dir|K Factor Quality Dir|Direction Factor Dir|AAWDT Dir|AAWDT Quality Dir
160068|0|R-VA   SR00003EB||||R-VA   SR00003EB|VA 3|Twiggs Ferry Rd|057|Mathews County|057|Mathews County|    |1098867|0|0|139.35|    VA 198 EAST| 448336|0|0|140.55|    01/01/2022|7161|G|96|1|1|1|1|0|F|.089|6 |.55|6959|G||||||||||||||
160070|0|R-VA   SR00003EB|R-VA   SR00198EB|||R-VA   SR00003EB|VA 3, VA 198|Buckley Hall Rd|057|Mathews County|057|Mathews County|    SR 198 East| 448336|0|0|140.55|    SR 198 W, Dutton Rd| 448335|0|0|142.1|    01/01/2022|8631|F|97|0|1|0|1|0|F|.088|6 |.59|8249|F||||||||||||||
160071|0|R-VA   SR00003EB||||R-VA   SR00003EB|VA 3|Windsor Rd|057|Mathews County|057|Mathews County|    SR 198 W, Dutton Rd| 448335|0|0|142.1|    SR 14 John Clayton Memorial Hwy| 448334|0|0|144.17|    01/01/2022|7021|F|97|0|1|0|1|0|C|.09|6 |.61|6883|F||||||||||||||
160072|0|R-VA   SR00003EB||||R-VA   SR00003EB|VA 3|John Clayton Mem Hwy|057|Mathews County|057|Mathews County|    SR 14; Windor Rd, Fort Nonsense| 448334|0|0|144.17|    Gloucester County Line|  50071|0|0|144.28|    01/01/2022|13583|F|97|0|1|0|1|0|F|.091|6 |.61|13290|F||||||||||||||
060256|0|R-VA   SR00014EB||||R-VA   SR00014EB|VA 14|John Clayton Mem Hwy|057|Mathews County|057|Mathews County|    SR 3 Windsor Rd|1092703|0|0|53.23|    57-617 North River Rd| 448063|0|0|55.99|    01/01/2022|6559|F|97|0|1|1|1|0|F|.09|6 |.63|6417|F||||||||||||||
060255|0|R-VA   SR00014EB||||R-VA   SR00014EB|VA 14|John Clayton Mem Hwy|057|Mathews County|057|Mathews County|    57-617 North River Rd| 448063|0|0|55.99|    57-660 Philpotts Ave| 448178|0|0|57.37|    01/01/2022|5366|F|97|0|1|1|1|0|F|.091|6 |.64|5249|F||||||||||||||
060254|0|R-VA   SR00014EB||||R-VA   SR00014EB|VA 14|John Clayton Mem Hwy|057|Mathews County|057|Mathews County|    57-660 Philpotts Ave| 448178|0|0|57.37|    SR 198 WEST| 448339|0|0|60.52|    01/01/2022|5917|F|97|0|1|1|1|0|F|.09|6 |.6|5789|F||||||||||||||
060253|0|R-VA   SR00014EB|R-VA   SR00198EB|||R-VA   SR00014EB|VA 14, VA 198| |057|Mathews County|057|Mathews County|    SR 198 WEST| 448339|0|0|60.52|    SR 198 E, Buckley Hall Rd| 448338|0|0|62.21|    01/01/2022|6212|F|97|0|1|1|1|0|C|.088|6 |.53|6077|F||||||||||||||
060252|0|R-VA   SR00014EB||||R-VA   SR00014EB|VA 14|Main St|057|Mathews County|057|Mathews County|    SR 198 E, Buckley Hall Rd| 448338|0|0|62.21|    57-611 Tabernacle Rd| 448323|0|0|62.83|    01/01/2022|4921|F|97|0|1|1|0|0|C|.1|6 |.59|4825|F||||||||||||||
060251|0|R-VA   SR00014EB||||R-VA   SR00014EB|VA 14|John Clayton Mem Hwy|057|Mathews County|057|Mathews County|    57-611 Tabernacle Rd| 448323|0|0|62.83|    57-604 Antioch Rd| 448014|0|0|67.48|    01/01/2022|3022|F|97|0|1|1|0|0|C|.096|6 |.6|2962|F||||||||||||||
060250|0|R-VA   SR00014EB||||R-VA   SR00014EB|VA 14|John Clayton Mem Hwy|057|Mathews County|057|Mathews County|    57-604 Antioch Rd| 448014|0|0|67.48|    57-602 Sand Bank Rd| 448009|0|0|69.36|    01/01/2022|1180|F|98|0|1|0|0|0|C|.095|6 |.68|1157|F||||||||||||||
060036|0|R-VA   SR00014EB||||R-VA   SR00014EB|VA 14|John Clayton Mem Hwy|057|Mathews County|057|Mathews County|    57-602 Sand Bank Rd| 448009|0|0|69.36|    Bayside Wharf| 448337|0|0|71.1|    01/01/2022|310|F|96|0|2|1|0|0|C|.114|6 |.59|304|F||||||||||||||
060005|0|R-VA   SR00198EB||||R-VA   SR00198EB|VA 198|Dutton Rd|057|Mathews County|057|Mathews County|    |1286468|0|0|11.452|    SR 3 W, Winsdor Rd| 448335|0|0|11.91|    01/01/2022|2792|G|94|1|2|2|1|0|C|.093|6 |.57|2710|G||||||||||||||
160070|0|R-VA   SR00198EB|R-VA   SR00003EB|||R-VA   SR00003EB|VA 3, VA 198|Buckley Hall Rd|057|Mathews County|057|Mathews County|    SR 198 East| 448335|0|0|11.91|    SR 198 W, Dutton Rd| 448335|0|0|13.46|    01/01/2022|8631|F|97|0|1|0|1|0|F|.088|6 |.59|8249|F||||||||||||||
060258|0|R-VA   SR00198EB||||R-VA   SR00198EB|VA 198|Buckley Hall Rd|057|Mathews County|057|Mathews County|    SR 3 E| 448336|0|0|13.46|    SR 223 Cricket Hill Rd| 448340|0|0|19.7|    01/01/2022|4127|F|96|1|2|1|1|0|C|.087|6 |.58|4046|F||||||||||||||
060257|0|R-VA   SR00198EB||||R-VA   SR00198EB|VA 198|Buckley Hall Rd|057|Mathews County|057|Mathews County|    SR 223 Cricket Hill Rd| 448340|0|0|19.7|    SR 14 N, John Clayton Mem Hwy| 448339|0|0|20.63|    01/01/2022|6422|F|96|1|2|1|1|0|F|.084|6 |.53|6283|F||||||||||||||
060253|0|R-VA   SR00198EB|R-VA   SR00014EB|||R-VA   SR00014EB|VA 14, VA 198| |057|Mathews County|057|Mathews County|    SR 198 WEST| 448339|0|0|20.63|    SR 198 E, Buckley Hall Rd| 448338|0|0|22.32|    01/01/2022|6212|F|97|0|1|1|1|0|C|.088|6 |.53|6077|F||||||||||||||
060038|0|R-VA   SR00198EB||||R-VA   SR00198EB|VA 198|Buckley Hall Rd|057|Mathews County|057|Mathews County|    SR 14 Main St| 448338|0|0|22.32|    57-642 Fitchetts Wharf Rd| 448142|0|0|23.33|    01/01/2022|1449|F|96|0|1|1|1|0|C|.102|6 |.54|1418|F||||||||||||||
060260|0|R-VA   SR00223EB||||R-VA   SR00223EB|VA 223|Cricket Hill Rd|057|Mathews County|057|Mathews County|    SR 198 Hudgins| 448340|0|0|0|    57-633 Old Ferry Rd; Gwynn Island| 448109|0|0|2.07|    01/01/2022|2398|F|96|0|1|0|1|0|C|.09|6 |.56|2351|F||||||||||||||
752777|0|R-VA057SC00600NB||||R-VA057SC00600NB|57-600|Point Rd|057|Mathews County|057|Mathews County|    Dead End| 448006|0|0|0|    SR 14 S, John Clayton Mem Hwy| 448001|0|0|1.1|    08/11/2022|167|R|||||||X||24|||X||||||||||||||
404557|0|R-VA057SC00600NB||||R-VA057SC00600NB|57-600|Circle Dr|057|Mathews County|057|Mathews County|    SR 14 Mid, John Clayton Mem Hwy| 448005|0|0|1.27|    SR 14 N, John Clayton Mem Hwy| 448319|0|0|2.89|    01/01/2022|238|F|98|0|1|0|0|0|C|.138|6 |.52|234|F||||||||||||||
752778|0|R-VA057SC00601NB||||R-VA057SC00601NB|57-601|Dyers Creek Rd|057|Mathews County|057|Mathews County|    Dead End| 448284|0|0|0|    57-602 E, Sand Bank Rd| 448007|0|0|.54|    08/02/2022|45|R|||||||X||24|||X||||||||||||||
752779|0|R-VA057SC00601NB||||R-VA057SC00601NB|57-601|Horn Harbor Ave|057|Mathews County|057|Mathews County|    57-602 W, Sand Bank Rd| 448320|0|0|1.14|    Dead End| 448285|0|0|2.21|    08/02/2022|140|R|||||||X||24|||X||||||||||||||
752780|0|R-VA057SC00602EB||||R-VA057SC00602EB|57-602|Sand Bank Rd|057|Mathews County|057|Mathews County|    SR 14 John Clayton Mem Hwy| 448009|0|0|0|    57-691 Heath Rd| 448010|0|0|.42|    01/01/2022|372|F|97|0|1|0|1|0|C|.114|6 |.63|365|F||||||||||||||
752781|0|R-VA057SC00602EB||||R-VA057SC00602EB|57-602|Sand Bank Rd|057|Mathews County|057|Mathews County|    57-691 Heath Rd| 448010|0|0|.42|    57-601 E, Dyers Creek Rd| 448007|0|0|.72|    01/01/2022|301|F|97|0|1|0|1|0|C|.108|6 |.61|295|F||||||||||||||
752782|0|R-VA057SC00602EB||||R-VA057SC00602EB|57-602|Sand Bank Rd|057|Mathews County|057|Mathews County|    57-601 E, Dyers Creek Rd| 448007|0|0|.72|    Dead End| 448011|0|0|1.02|    01/01/2022|227|F|97|0|1|0|1|0|C|.126|6 |.56|222|F||||||||||||||
752783|0|R-VA057SC00603NB||||R-VA057SC00603NB|57-603|Belleview Rd|057|Mathews County|057|Mathews County|    Dead End| 448286|0|0|0|    57-673 Pepper Creek Rd| 448013|0|0|.66|    07/10/2019|25|R|||||||X||24|||X||||||||||||||
752784|0|R-VA057SC00603NB||||R-VA057SC00603NB|57-603|Belleview Rd|057|Mathews County|057|Mathews County|    57-673 Pepper Creek Rd| 448013|0|0|.66|    SR 14 John Clayton Mem Hwy| 448012|0|0|1.41|    07/10/2019|113|R|||||||X||24|||X||||||||||||||
752785|0|R-VA057SC00604NB||||R-VA057SC00604NB|57-604|Antoich Rd|057|Mathews County|057|Mathews County|    Dead End| 448015|0|0|0|    SR 14 John Clayton Mem Hwy| 448014|0|0|1.08|    08/04/2022|145|R|||||||X||24|||X||||||||||||||
752786|0|R-VA057SC00605EB||||R-VA057SC00605EB|57-605|Old Creek House Rd|057|Mathews County|057|Mathews County|    Dead End| 448020|0|0|0|    SR 14 S, John Clayton Mem Hwy| 448321|0|0|.8|    07/24/2019|128|R|||||||X||24|||X||||||||||||||
752787|0|R-VA057SC00605EB||||R-VA057SC00605EB|57-605|Old Creek House Rd|057|Mathews County|057|Mathews County|    SR 14 N, John Clayton Mem Hwy| 448018|0|0|.87|    57-710 Railway Rd| 448017|0|0|1.97|    07/10/2019|124|R|||||||X||24|||X||||||||||||||
752788|0|R-VA057SC00605EB||||R-VA057SC00605EB|57-605|Old Creek House Rd|057|Mathews County|057|Mathews County|    57-710 Railway Rd| 448017|0|0|1.97|    57-607 Gully Branch Rd| 448016|0|0|2.07|    07/10/2019|183|R|||||||X||24|||X||||||||||||||
752789|0|R-VA057SC00606EB||||R-VA057SC00606EB|57-606|Diggs Wharf Rd|057|Mathews County|057|Mathews County|    Dead End| 448023|0|0|0|    57-646 Bar Neck Rd| 448022|0|0|.5|    07/05/2022|110|T|||||||X||24|||X||||||||||||||
752790|0|R-VA057SC00606EB||||R-VA057SC00606EB|57-606|Diggs Wharf Rd|057|Mathews County|057|Mathews County|    57-646 Bar Neck Rd| 448022|0|0|.5|    SR 14 John Clayton Mem Hwy| 448021|0|0|.9|    08/11/2022|430|R|||||||X||24|||X||||||||||||||
752791|0|R-VA057SC00607NB||||R-VA057SC00607NB|57-607|Gully Branch Rd|057|Mathews County|057|Mathews County|    Dead End| 448025|0|0|0|    57-608 Hamburg Rd, Potato Neck Rd| 448024|0|0|1.9|    07/10/2019|274|R|||||||X||24|||X||||||||||||||
404558|0|R-VA057SC00608EB||||R-VA057SC00608EB|57-608|Hamburg Rd, Potato Neck Rd|057|Mathews County|057|Mathews County|    SR 14 John Clayton Mem Hwy| 448026|0|0|0|    57-609 Bethel Beach Rd| 448027|0|0|1.5|    01/01/2022|665|F|98|0|1|0|0|0|C|.112|6 |.66|652|F||||||||||||||
404559|0|R-VA057SC00608EB||||R-VA057SC00608EB|57-608|Potato Neck Rd|057|Mathews County|057|Mathews County|    57-609 Bethel Beach Rd| 448027|0|0|1.5|    57-649 Peary Rd| 448029|0|0|2.8|    01/01/2022|394|F|98|0|0|0|0|0|C|.108|6 |.66|387|F||||||||||||||
752792|0|R-VA057SC00608EB||||R-VA057SC00608EB|57-608|Potato Neck Rd|057|Mathews County|057|Mathews County|    57-649 Peary Rd| 448029|0|0|2.8|    Dead End| 448030|0|0|4.1|    08/11/2022|130|R|||||||X||24|||X||||||||||||||
404560|0|R-VA057SC00609NB||||R-VA057SC00609NB|57-609|Bethel Beach Rd|057|Mathews County|057|Mathews County|    57-608 Potato Neck Rd| 448027|0|0|0|    57-611 Tabernacle Rd| 448034|0|0|1|    01/01/2022|216|F|97|0|2|0|0|0|C|.117|6 |.63|212|F||||||||||||||
752793|0|R-VA057SC00609NB||||R-VA057SC00609NB|57-609|Bethel Beach Rd|057|Mathews County|057|Mathews County|    57-611 Tabernacle Rd| 448034|0|0|1|    57-705 Kings Landing Rd| 448035|0|0|1.12|    08/02/2022|217|R|||||||X||24|||X||||||||||||||
752794|0|R-VA057SC00609NB||||R-VA057SC00609NB|57-609|Bethel Beach Rd|057|Mathews County|057|Mathews County|    57-705 Kings Landing Rd| 448035|0|0|1.12|    57-610 Old Garden Creek Rd| 448038|0|0|1.7|    08/02/2022|172|R|||||||X||24|||X||||||||||||||
752795|0|R-VA057SC00609NB||||R-VA057SC00609NB|57-609|Bethel Beach Rd|057|Mathews County|057|Mathews County|    57-610 Old Garden Creek Rd| 448038|0|0|1.7|    57-720 Bashl Shore Dr| 448039|0|0|2.88|    08/02/2022|91|R|||||||X||24|||X||||||||||||||
752797|0|R-VA057SC00609NB||||R-VA057SC00609NB|57-609|Bethel Beach Rd|057|Mathews County|057|Mathews County|    57-720 Bashi Shores Dr| 448039|0|0|2.88|    Dead End| 448287|0|0|3.1|    08/25/2022|55|R|||||||X||24|||X||||||||||||||
752798|0|R-VA057SC00610EB||||R-VA057SC00610EB|57-610|Marsh Hawk Rd|057|Mathews County|057|Mathews County|    57-614 Ridgefield Rd| 448041|0|0|0|    57-611 N, Tabernacle Rd| 448322|0|0|.9|    08/02/2022|36|R|||||||X||24|||X||||||||||||||
752799|0|R-VA057SC00610EB||||R-VA057SC00610EB|57-610|Old Garden Creek Rd|057|Mathews County|057|Mathews County|    57-611 S, Tabernacle Rd| 448040|0|0|.95|    0.75 ME 57-611 S, Tabernacle Rd| 448040|0|.75|1.7|    08/02/2022|31|R|||||||X||24|||X||||||||||||||
752800|0|R-VA057SC00610EB||||R-VA057SC00610EB|57-610|Old Garden Creek Rd|057|Mathews County|057|Mathews County|    0.75 ME 57-611 S, Tabernacle Rd| 448040|0|.75|1.7|    57-609 Bethel Beach Rd| 448038|0|0|2.75|    08/02/2022|50|R|||||||X||24|||X||||||||||||||
404561|0|R-VA057SC00611EB||||R-VA057SC00611EB|57-611|Church St|057|Mathews County|057|Mathews County|    SR 14 N, John Clayton Mem Hwy| 448042|0|0|0|    57-1003 Brickbat Rd| 448044|0|0|2.35|    01/01/2022|2339|F|97|0|1|0|0|0|C|.101|6 |.67|2289|F||||||||||||||
404562|0|R-VA057SC00611EB||||R-VA057SC00611EB|57-611|Church St|057|Mathews County|057|Mathews County|    57-1003 Brickbat Rd| 448044|0|0|2.35|    SR 14 MID| 448046|0|0|2.43|    01/01/2022|2645|F|97|0|1|0|0|0|F|.092|6 |.59|2588|F||||||||||||||
404563|0|R-VA057SC00611EB||||R-VA057SC00611EB|57-611|Tabernacle Rd|057|Mathews County|057|Mathews County|    SR 14 S, John Clayton Mem Hwy; Main St| 448323|0|0|2.84|    57-613 W, Beaver Dam Rd| 448048|0|0|5.1|    01/01/2022|801|F|93|0|3|3|0|0|C|.097|6 |.58|786|F||||||||||||||
404564|0|R-VA057SC00611EB||||R-VA057SC00611EB|57-611|Tabernacle Rd|057|Mathews County|057|Mathews County|    57-613 W, Beaver Dam Rd| 448048|0|0|5.1|    57-609 Bethel Beach Rd| 448034|0|0|7.26|    01/01/2022|403|F|97|0|1|0|0|0|C|.111|6 |.65|395|F||||||||||||||
752801|0|R-VA057SC00611EB||||R-VA057SC00611EB|57-611|Tabernacle Rd|057|Mathews County|057|Mathews County|    57-609 Bethel Beach Rd| 448034|0|0|7.26|    Dead End| 448051|0|0|7.56|    03/27/2019|25|T|||||||X||24|||X||||||||||||||
752802|0|R-VA057SC00612EB||||R-VA057SC00612EB|57-612|Garden Creek Rd|057|Mathews County|057|Mathews County|    57-613 Beaverdam Rd| 448052|0|0|0|    57-611 Tabernacle Rd| 448049|0|0|.5|    07/11/2019|63|R|||||||X||24|||X||||||||||||||
404565|0|R-VA057SC00613NB||||R-VA057SC00613NB|57-613|Beaver Dam Rd|057|Mathews County|057|Mathews County|    SR 14 John Clayton Mem Hwy| 448053|0|0|0|    57-611 W, Tabernacle Rd| 448048|0|0|2.8|    01/01/2022|62|F|95|1|1|0|0|0|C|.169|6 |.64|60|F||||||||||||||
752803|0|R-VA057SC00613NB||||R-VA057SC00613NB|57-613|Knights Woods Rd|057|Mathews County|057|Mathews County|    57-611 E, Tabernacle Rd| 448325|0|0|2.96|    57-643 Haven Beach Rd| 448055|0|0|4.66|    07/10/2019|148|R|||||||X||24|||X||||||||||||||
752804|0|R-VA057SC00614EB||||R-VA057SC00614EB|57-614|Williams Wharf Rd|057|Mathews County|057|Mathews County|    Dead End| 448058|0|0|0|    SR 14 N, John Clayton Mem Hwy| 448326|0|0|1|    07/11/2019|260|R|||||||X||24|||X||||||||||||||
752805|0|R-VA057SC00614EB||||R-VA057SC00614EB|57-614|Williams Wharf Rd|057|Mathews County|057|Mathews County|    SR 14 S, John Clayton Mem Hwy| 448057|0|0|1.07|    57-644 Bandy Ridge Rd; 57-730 Old Ruff Rd| 448056|0|0|1.97|    07/11/2019|121|R|||||||X||24|||X||||||||||||||
752806|0|R-VA057SC00614EB||||R-VA057SC00614EB|57-614|Williams Wharf Rd|057|Mathews County|057|Mathews County|    57-644 Bandy Ridge Rd; 57-730 Old Ruff Rd| 448056|0|0|1.97|    57-613 Beaver Dam Rd| 448054|0|0|2.27|    07/11/2019|80|R|||||||X||24|||X||||||||||||||
752807|0|R-VA057SC00614EB||||R-VA057SC00614EB|57-614|Ridgefield Rd|057|Mathews County|057|Mathews County|    57-613 Beaver Dam Rd| 448054|0|0|2.27|    57-610 Marsh Hawk Rd| 448041|0|0|3.47|    07/11/2019|48|R|||||||X||24|||X||||||||||||||
752808|0|R-VA057SC00614EB||||R-VA057SC00614EB|57-614|Ridgefield Rd|057|Mathews County|057|Mathews County|    57-610 Marsh Hawk Rd| 448041|0|0|3.47|    57-609 Bethel Beach Rd| 448032|0|0|4.67|    07/11/2019|45|R|||||||X||24|||X||||||||||||||
752809|0|R-VA057SC00615EB||||R-VA057SC00615EB|57-615|Town Point Landing|057|Mathews County|057|Mathews County|    Dead End| 448060|0|0|0|    SR 14 John Clayton Mem Hwy| 448059|0|0|.6|    07/11/2019|96|R|||||||X||24|||X||||||||||||||
752810|0|R-VA057SC00616NB||||R-VA057SC00616NB|57-616|Hookemfair Rd|057|Mathews County|057|Mathews County|    SR 198| 448061|0|0|0|    Dead End| 448062|0|0|.54|    07/09/2019|140|R|||||||X||24|||X||||||||||||||
752811|0|R-VA057SC00617NB||||R-VA057SC00617NB|57-617|N River Rd|057|Mathews County|057|Mathews County|    Dead End| 448068|0|0|0|    57-660 S, East River Rd| 448328|0|0|.8|    07/09/2019|161|R|||||||X||24|||X||||||||||||||
404566|0|R-VA057SC00617NB||||R-VA057SC00617NB|57-617|N River Rd|057|Mathews County|057|Mathews County|    57-660 NORTH| 448067|0|0|1.1|    57-618 Cardinal Rd| 448065|0|0|4.47|    01/01/2022|217|F|96|0|3|2|0|0|C|.12|6 |.65|212|F||||||||||||||
404567|0|R-VA057SC00617NB||||R-VA057SC00617NB|57-617|N River Rd|057|Mathews County|057|Mathews County|    57-618 Cardinal Rd| 448065|0|0|4.47|    57-654 Gum Spring Rd| 448064|0|0|5.41|    01/01/2022|1144|F|95|0|1|2|1|0|C|.102|6 |.56|1120|F||||||||||||||
404568|0|R-VA057SC00617NB||||R-VA057SC00617NB|57-617|N River Rd|057|Mathews County|057|Mathews County|    57-654 Gum Spring Rd| 448064|0|0|5.41|    SR 14 John Clayton Mem Hwy| 448063|0|0|6.47|    01/01/2022|1365|F|96|0|1|2|0|0|C|.101|6 |.61|1337|F||||||||||||||
404569|0|R-VA057SC00618EB||||R-VA057SC00618EB|57-618|Cardinal Rd|057|Mathews County|057|Mathews County|    57-617 N River Rd| 448065|0|0|0|    57-660 E River Rd| 448069|0|0|.5|    01/01/2022|983|F|97|0|1|0|0|0|C|.098|6 |.54|963|F||||||||||||||
752812|0|R-VA057SC00619EB||||R-VA057SC00619EB|57-619|Cakes Creek Lane|057|Mathews County|057|Mathews County|    Dead End| 448071|0|0|0|    57-617 WEST| 448066|0|0|.65|    07/09/2019|39|R|||||||X||24|||X||||||||||||||
752813|0|R-VA057SC00619EB||||R-VA057SC00619EB|57-619|Turnpike Rd|057|Mathews County|057|Mathews County|    57-617 EAST| 448327|0|0|.83|    57-660 E River Rd| 448070|0|0|1.64|    07/26/2022|87|R|||||||X||24|||X||||||||||||||
752814|0|R-VA057SC00619EB||||R-VA057SC00619EB|57-619|Mill Lane Rd|057|Mathews County|057|Mathews County|    57-660| 448070|0|0|1.64|    Dead End| 448288|0|0|2.14|    07/05/2022|170|T|||||||X||24|||X||||||||||||||
752815|0|R-VA057SC00620EB||||R-VA057SC00620EB|57-620|Chapel Neck Rd|057|Mathews County|057|Mathews County|    Dead End| 448073|0|0|0|    SR 14 John Clayton Mem Hwy| 448072|0|0|2.1|    07/26/2022|302|R|||||||X||24|||X||||||||||||||
752816|0|R-VA057SC00621NB||||R-VA057SC00621NB|57-621|Glebe Rd|057|Mathews County|057|Mathews County|    Dead End| 448289|0|0|0|    0.28 MN Dead End| 448289|0|.28|.28|    03/27/2019|52|T|||||||X||24|||X||||||||||||||
752817|0|R-VA057SC00621NB||||R-VA057SC00621NB|57-621|Glebe Rd|057|Mathews County|057|Mathews County|    0.28 MN Dead End| 448289|0|.28|.28|    57-684 Gayle Lane| 448076|0|0|.4|    03/27/2019|109|T|||||||X||24|||X||||||||||||||
404570|0|R-VA057SC00621NB||||R-VA057SC00621NB|57-621|Glebe Rd|057|Mathews County|057|Mathews County|    57-684 Gayle Lane| 448076|0|0|.4|    57-622 Long Rd| 448075|0|0|1.35|    01/01/2022|233|F|98|0|1|0|0|0|C|.106|6 |.52|228|F||||||||||||||
404571|0|R-VA057SC00621NB||||R-VA057SC00621NB|57-621|Glebe Rd|057|Mathews County|057|Mathews County|    57-622 Long Rd| 448075|0|0|1.35|    57-611 Church St| 448043|0|0|1.75|    01/01/2022|723|F|98|0|1|1|0|0|C|.112|6 |.61|708|F||||||||||||||
404572|0|R-VA057SC00621NB||||R-VA057SC00621NB|57-621|Glebe Rd|057|Mathews County|057|Mathews County|    57-611 Church St| 448043|0|0|1.75|    SR 14 Buckley Hall Rd| 448074|0|0|2.55|    01/01/2022|702|F|96|1|2|1|0|0|C|.11|6 |.53|687|F||||||||||||||
752818|0|R-VA057SC00622EB||||R-VA057SC00622EB|57-622|Evans Rd|057|Mathews County|057|Mathews County|    Dead End| 448079|0|0|0|    57-623 W, Thurston Rd| 448330|0|0|.5|    03/27/2019|148|T|||||||X||24|||X||||||||||||||
752819|0|R-VA057SC00622EB||||R-VA057SC00622EB|57-622|Evans Rd|057|Mathews County|057|Mathews County|    57-623 W, Thurston Rd| 448330|0|0|.5|    57-623 Mid, Bendall Lane| 448329|0|0|.54|    01/01/2022|251|F|||||||X|.127|6 |.61|246|F||||||||||||||
404573|0|R-VA057SC00622EB||||R-VA057SC00622EB|57-622|Long Rd|057|Mathews County|057|Mathews County|    57-623 Mid, Bendall Lane| 448329|0|0|.54|    57-621 Glebe Rd| 448075|0|0|1.54|    01/01/2022|418|F|97|0|2|1|0|0|C|.109|6 |.63|409|F||||||||||||||
752820|0|R-VA057SC00623EB||||R-VA057SC00623EB|57-623|Thurston Rd|057|Mathews County|057|Mathews County|    Dead End| 448081|0|0|0|    0.46 MN Dead End| 448081|0|.46|.46|    07/05/2022|90|T|||||||X||24|||X||||||||||||||
752821|0|R-VA057SC00623EB||||R-VA057SC00623EB|57-623|Thurston Rd|057|Mathews County|057|Mathews County|    Dead End| 448081|0|.46|.46|    57-622 W, Long Rd| 448330|0|0|.56|    07/05/2022|80|T|||||||X||24|||X||||||||||||||
752822|0|R-VA057SC00623EB||||R-VA057SC00623EB|57-623|Greene Rd|057|Mathews County|057|Mathews County|    57-622 Mid, Long Rd| 448329|0|0|.6|    57-670 Magnolia Rd| 448080|0|0|1|    07/26/2022|20|R|||||||X||24|||X||||||||||||||
752823|0|R-VA057SC00623EB||||R-VA057SC00623EB|57-623|Magnolia Rd|057|Mathews County|057|Mathews County|    57-670 Bendall Lane| 448080|0|0|1|    57-622 E, Long Rd| 448077|0|0|1.3|    07/26/2022|90|R|||||||X||24|||X||||||||||||||
752824|0|R-VA057SC00624NB||||R-VA057SC00624NB|57-624|Store Rd|057|Mathews County|057|Mathews County|    57-625 Tick Neck Rd| 448082|0|0|0|    57-671 Safers Rd| 448083|0|0|.15|    07/09/2019|145|R|||||||X||24|||X||||||||||||||
752825|0|R-VA057SC00624NB||||R-VA057SC00624NB|57-624|Store Rd|057|Mathews County|057|Mathews County|    57-671 Safers Rd| 448083|0|0|.15|    Dead End| 448084|0|0|.2|    03/28/2019|48|T|||||||X||24|||X||||||||||||||
752826|0|R-VA057SC00625EB||||R-VA057SC00625EB|57-625|Tick Neck Rd|057|Mathews County|057|Mathews County|    57-660 E River Rd| 448085|0|0|0|    57-624 Store Rd| 448082|0|0|.6|    07/26/2022|190|R|||||||X||24|||X||||||||||||||
752827|0|R-VA057SC00625EB||||R-VA057SC00625EB|57-625|Tick Neck Rd|057|Mathews County|057|Mathews County|    57-624 Store Rd| 448082|0|0|.6|    Dead End| 448086|0|0|.8|    07/05/2022|60|T|||||||X||24|||X||||||||||||||
404574|0|R-VA057SC00626NB||||R-VA057SC00626NB|57-626|Ridge Rd|057|Mathews County|057|Mathews County|    SR 14 John Clayton Mem Hwy| 448087|0|0|0|    SR 198 SOUTH| 448088|0|0|3.4|    01/01/2022|443|F|96|0|1|1|1|0|C|.094|6 |.69|435|F||||||||||||||
404575|0|R-VA057SC00626NB||||R-VA057SC00626NB|57-626|Hallieford Rd|057|Mathews County|057|Mathews County|    SR 198 NORTH| 448331|0|0|3.76|    57-666 Johnson Point Rd| 448091|0|0|5.56|    01/01/2022|972|F|98|0|1|0|0|0|C|.09|6 |.66|952|F||||||||||||||
752828|0|R-VA057SC00626NB||||R-VA057SC00626NB|57-626|Hallieford Rd|057|Mathews County|057|Mathews County|    57-666 Johnson Point Rd| 448091|0|0|5.56|    57-652 Lewis Ln| 448093|0|0|5.72|    07/26/2022|282|R|||||||X||24|||X||||||||||||||
752829|0|R-VA057SC00626NB||||R-VA057SC00626NB|57-626|Hallieford Rd|057|Mathews County|057|Mathews County|    57-652 Lewis Ln| 448093|0|0|5.72|    57-662 Mathews Ln| 448094|0|0|5.86|    07/26/2022|241|R|||||||X||24|||X||||||||||||||
752830|0|R-VA057SC00626NB||||R-VA057SC00626NB|57-626|Hallieford Rd|057|Mathews County|057|Mathews County|    57-662 Mathews Ln| 448094|0|0|5.86|    Dead End| 448095|0|0|6.16|    07/05/2022|50|T|||||||X||24|||X||||||||||||||
752831|0|R-VA057SC00627NB||||R-VA057SC00627NB|57-627|Smithers Rd|057|Mathews County|057|Mathews County|    SR 198| 448096|0|0|0|    Dead End| 448097|0|0|.3|    07/05/2022|30|T|||||||X||24|||X||||||||||||||
404576|0|R-VA057SC00628NB||||R-VA057SC00628NB|57-628| |057|Mathews County|057|Mathews County|    SR 198| 448098|0|0|0|    57-725 King Fisher Ln| 448099|0|0|.7|    01/01/2022|518|F|95|0|2|1|1|0|C|.114|6 |1|508|F||||||||||||||
752832|0|R-VA057SC00628NB||||R-VA057SC00628NB|57-628|Cobbs Creek Lane|057|Mathews County|057|Mathews County|    57-725 Kingfisher Ln| 448099|0|0|.7|    57-724 Creeknoll Lane| 448100|0|0|1.5|    07/09/2019|252|R|||||||X||24|||X||||||||||||||
752833|0|R-VA057SC00628NB||||R-VA057SC00628NB|57-628|Cobbs Creek Lane|057|Mathews County|057|Mathews County|    57-724 Creeknoll Lane| 448100|0|0|1.5|    Dead End| 448290|0|0|1.67|    07/09/2019|139|R|||||||X||24|||X||||||||||||||
752834|0|R-VA057SC00629NB||||R-VA057SC00629NB|57-629|Ebenezer Church Rd|057|Mathews County|057|Mathews County|    SR 198| 448101|0|0|0|    57-722 Dinwiddie Way| 448102|0|0|1.28|    07/09/2019|532|R|||||||X||24|||X||||||||||||||
752835|0|R-VA057SC00629NB||||R-VA057SC00629NB|57-629|Ebenezer Church Rd|057|Mathews County|057|Mathews County|    57-722 Dinwiddie Way| 448102|0|0|1.28|    Dead End| 448291|0|0|1.72|    03/27/2019|143|T|||||||X||24|||X||||||||||||||
752836|0|R-VA057SC00630NB||||R-VA057SC00630NB|57-630|Roane Point Dr|057|Mathews County|057|Mathews County|    SR 198| 448103|0|0|0|    Dead End| 448104|0|0|1.5|    07/26/2022|109|R|||||||X||24|||X||||||||||||||
752837|0|R-VA057SC00631NB||||R-VA057SC00631NB|57-631|Chapel Lane|057|Mathews County|057|Mathews County|    SR 198| 448105|0|0|0|    Dead End| 448106|0|0|1.2|    08/03/2022|308|R|||||||X||24|||X||||||||||||||
752838|0|R-VA057SC00632NB||||R-VA057SC00632NB|57-632|Godfrey Bay Rd|057|Mathews County|057|Mathews County|    57-626 Hallieford Rd| 448089|0|0|0|    Dead End| 448107|0|0|.5|    03/27/2019|105|T|||||||X||24|||X||||||||||||||
752839|0|R-VA057SC00633EB||||R-VA057SC00633EB|57-633|Cricket Hill Rd|057|Mathews County|057|Mathews County|    Dead End| 448108|0|0|0|    SR 223 Cricket Hill Rd| 448109|0|0|.2|    09/14/2022|111|R|||||||X||24|||X||||||||||||||
404577|0|R-VA057SC00633EB||||R-VA057SC00633EB|57-633|Old Ferry Rd|057|Mathews County|057|Mathews County|    SR 223 Cricket Hill Rd| 448109|0|0|.2|    Dead End| 448119|0|0|2.86|    01/01/2022|1090|F|97|0|1|0|0|0|C|.106|6 |.58|1069|F||||||||||||||
752840|0|R-VA057SC00634NB||||R-VA057SC00634NB|57-634|Callis Wharf Rd|057|Mathews County|057|Mathews County|    Dead End| 448120|0|0|0|    57-633 Old Ferry Rd| 448111|0|0|.5|    07/24/2019|118|R|||||||X||24|||X||||||||||||||
752841|0|R-VA057SC00635EB||||R-VA057SC00635EB|57-635|Ivison Lane|057|Mathews County|057|Mathews County|    57-609 Bethel Beach Rd| 448031|0|0|0|    Dead End| 448121|0|0|.6|    08/02/2022|73|R|||||||X||24|||X||||||||||||||
752842|0|R-VA057SC00636NB||||R-VA057SC00636NB|57-636|S Bay Haven Rd|057|Mathews County|057|Mathews County|    Dead End| 448123|0|0|0|    57-672 Edwards Landing Rd| 448122|0|0|.35|    03/27/2019|71|T|||||||X||24|||X||||||||||||||
404578|0|R-VA057SC00636NB||||R-VA057SC00636NB|57-636|S Bay Haven Rd|057|Mathews County|057|Mathews County|    57-672 Edwards Landing Rd| 448122|0|0|.35|    57-633 Old Ferry Rd| 448116|0|0|.98|    01/01/2022|113|F|96|0|1|1|0|0|C|.117|6 |.67|111|F||||||||||||||
752843|0|R-VA057SC00636NB||||R-VA057SC00636NB|57-636|S Bay Haven Rd|057|Mathews County|057|Mathews County|    57-633 Old Ferry Rd| 448116|0|0|.98|    Dead End| 448292|0|0|1.48|    03/27/2019|143|T|||||||X||24|||X||||||||||||||
752844|0|R-VA057SC00637NB||||R-VA057SC00637NB|57-637|Gwynnsville Rd|057|Mathews County|057|Mathews County|    Dead End| 448125|0|0|0|    57-680 Henrys Rd| 448124|0|0|.6|    07/26/2022|133|R|||||||X||24|||X||||||||||||||
404579|0|R-VA057SC00637NB||||R-VA057SC00637NB|57-637|Gwynnville Rd|057|Mathews County|057|Mathews County|    57-680 Henrys Rd| 448124|0|0|.6|    57-633 Old Ferry Rd| 448117|0|0|1.1|    01/01/2022|262|F|96|1|1|1|0|0|C|.104|6 |.57|258|F||||||||||||||
752845|0|R-VA057SC00638NB||||R-VA057SC00638NB|57-638|Gum Thicket Rd|057|Mathews County|057|Mathews County|    Dead End| 448126|0|0|0|    57-633 Old Ferry Rd| 448118|0|0|1|    07/26/2022|75|R|||||||X||24|||X||||||||||||||
752846|0|R-VA057SC00639EB||||R-VA057SC00639EB|57-639|Hills Bay Dr|057|Mathews County|057|Mathews County|    Dead End| 448127|0|0|0|    SR 223 W, Cricket Hill Rd| 448128|0|0|.85|    07/26/2022|55|R|||||||X||24|||X||||||||||||||
404580|0|R-VA057SC00639EB||||R-VA057SC00639EB|57-639|Crab Neck Rd|057|Mathews County|057|Mathews County|    SR 223 E, Cricket Hill Rd| 448332|0|0|1.09|    57-648 Big Gum Rd| 448132|0|0|2.12|    01/01/2022|471|F|97|0|1|1|0|0|C|.115|6 |.51|461|F||||||||||||||
752847|0|R-VA057SC00639EB||||R-VA057SC00639EB|57-639|Crab Neck Rd|057|Mathews County|057|Mathews County|    57-648 Big Gum Rd| 448132|0|0|2.12|    57-676 Traders Rd| 448133|0|0|2.22|    07/26/2022|141|R|||||||X||24|||X||||||||||||||
752848|0|R-VA057SC00639EB||||R-VA057SC00639EB|57-639|Crab Neck Rd|057|Mathews County|057|Mathews County|    57-676 Traders Rd| 448133|0|0|2.22|    Tidal Pond Ln| 448134|0|0|2.42|    07/05/2022|70|T|||||||X||24|||X||||||||||||||
752849|0|R-VA057SC00640EB||||R-VA057SC00640EB|57-640|Point Breeze Rd|057|Mathews County|057|Mathews County|    SR 223 Cricket Hill Rd| 448135|0|0|0|    57-716 Tobacco Rd| 448136|0|0|.14|    07/26/2022|220|R|||||||X||24|||X||||||||||||||
752850|0|R-VA057SC00640EB||||R-VA057SC00640EB|57-640|Point Breeze Rd|057|Mathews County|057|Mathews County|    57-716 Tobacco Rd| 448136|0|0|.14|    Dead End| 448293|0|0|1.55|    08/03/2022|236|R|||||||X||24|||X||||||||||||||
404581|0|R-VA057SC00641NB||||R-VA057SC00641NB|57-641|Pine Hall Rd|057|Mathews County|057|Mathews County|    SR 14| 448138|0|0|0|    Dead End| 448141|0|0|1.64|    01/01/2022|351|F|98|0|1|0|1|0|C|.117|6 |.57|343|F||||||||||||||
404582|0|R-VA057SC00642NB||||R-VA057SC00642NB|57-642|Buckley Hall Rd|057|Mathews County|057|Mathews County|    SR 198 Buckley Hall Rd| 448142|0|0|0|    57-643 Haven Beach Rd| 448143|0|0|.7|    01/01/2022|1271|F|97|0|1|1|1|0|C|.102|6 |.55|1243|F||||||||||||||
404583|0|R-VA057SC00642NB||||R-VA057SC00642NB|57-642|Fitchetts Wharf Rd|057|Mathews County|057|Mathews County|    57-643 Haven Beach Rd| 448143|0|0|.7|    57-708 Billups Creek Ln| 448146|0|0|1.66|    01/01/2022|341|F|99|0|1|0|0|0|C|.119|6 |.51|334|F||||||||||||||
404584|0|R-VA057SC00642NB||||R-VA057SC00642NB|57-642|Fitchetts Wharf Rd|057|Mathews County|057|Mathews County|    57-708 Billups Creek Ln| 448146|0|0|1.66|    Dead End| 448147|0|0|1.8|    01/01/2022|28|F|91|0|7|0|0|0|C|.25|6 |.71|28|F||||||||||||||
404585|0|R-VA057SC00643EB||||R-VA057SC00643EB|57-643|Haven Beach Rd|057|Mathews County|057|Mathews County|    57-642 Fitchetts Wharf Rd| 448143|0|0|0|    57-644 Lillys Neck Rd| 448148|0|0|.8|    01/01/2022|862|F|96|0|1|1|1|0|C|.092|6 |.52|844|F||||||||||||||
406684|0|R-VA057SC00643EB||||R-VA057SC00643EB|57-643|Lillys Neck Rd|057|Mathews County|057|Mathews County|    57-644; Haven Beach Rd| 448148|0|0|.8|    57-644; Haven Beach Rd| 448333|0|0|1|    01/01/2022|746|F|94|0|2|2|1|0|C|.097|6 |.5|731|F||||||||||||||
404586|0|R-VA057SC00643EB||||R-VA057SC00643EB|57-643|Haven Beach Rd|057|Mathews County|057|Mathews County|    57-644 Lillys Neck Rd| 448333|0|0|1|    57-645 Aarons Beach Rd| 448149|0|0|1.8|    01/01/2022|473|F|94|1|1|2|1|0|C|.112|6 |.58|463|F||||||||||||||
752851|0|R-VA057SC00643EB||||R-VA057SC00643EB|57-643|Haven Beach Rd|057|Mathews County|057|Mathews County|    57-645 Aarons Beach Rd| 448149|0|0|1.8|    57-682 Whites Creek Lane| 448150|0|0|1.83|    07/26/2022|230|R|||||||X||24|||X||||||||||||||
752852|0|R-VA057SC00643EB||||R-VA057SC00643EB|57-643|Haven Beach Rd|057|Mathews County|057|Mathews County|    57-682 Whites Creek Lane| 448150|0|0|1.83|    57-704 Old House Woods Rd| 448151|0|0|2.33|    07/26/2022|120|R|||||||X||24|||X||||||||||||||
752853|0|R-VA057SC00643EB||||R-VA057SC00643EB|57-643|Haven Beach Rd|057|Mathews County|057|Mathews County|    57-704 Old House Woods Rd| 448151|0|0|2.33|    Dead End| 448152|0|0|3|    07/26/2022|69|R|||||||X||24|||X||||||||||||||
752855|0|R-VA057SC00644NB||||R-VA057SC00644NB|57-644|Bandy Ridge Rd|057|Mathews County|057|Mathews County|    57-614 Williams Wharf Rd| 448056|0|0|0|    1.00 MN 57-614 Williams Wharf Rd| 448056|0|1|1|    07/11/2019|16|R|||||||X||24|||X||||||||||||||
752856|0|R-VA057SC00644NB||||R-VA057SC00644NB|57-644|Bandy Ridge Rd|057|Mathews County|057|Mathews County|    1.00 MN 57-614 Williams Wharf Rd| 448056|0|1|1|    57-611 W, Tabernacle Rd| 448047|0|0|1.3|    07/10/2019|20|R|||||||X||24|||X||||||||||||||
752857|0|R-VA057SC00644NB||||R-VA057SC00644NB|57-644|Lillys Neck Rd|057|Mathews County|057|Mathews County|    57-611 E, Tabernacle Rd| 448324|0|0|1.64|    57-643 S, Haven Beach Rd| 448148|0|0|2.84|    07/10/2019|205|R|||||||X||24|||X||||||||||||||
752858|0|R-VA057SC00644NB||||R-VA057SC00644NB|57-644|Lillys Neck Rd|057|Mathews County|057|Mathews County|    57-643 N, Haven Beach Rd| 448333|0|0|3.04|    Dead End| 448153|0|0|4.04|    07/10/2019|286|R|||||||X||24|||X||||||||||||||
752859|0|R-VA057SC00645EB||||R-VA057SC00645EB|57-645|Garden Creek Rd|057|Mathews County|057|Mathews County|    57-643 Haven Beach Rd| 448149|0|0|0|    57-717 Butts Lane| 448155|0|0|.5|    07/26/2022|206|R|||||||X||24|||X||||||||||||||
752860|0|R-VA057SC00645EB||||R-VA057SC00645EB|57-645|Garden Creek Rd|057|Mathews County|057|Mathews County|    57-717 Butts Lane| 448155|0|0|.5|    Betty Lane| 448155|0|.69|1.19|    08/02/2022|67|R|||||||X||24|||X||||||||||||||
752861|0|R-VA057SC00645EB||||R-VA057SC00645EB|57-645|Garden Creek Rd|057|Mathews County|057|Mathews County|    Betty Lane| 448155|0|.69|1.19|    Dead End| 448294|0|0|1.62|    07/05/2022|10|T|||||||X||24|||X||||||||||||||
752862|0|R-VA057SC00646NB||||R-VA057SC00646NB|57-646|Bar Neck Rd|057|Mathews County|057|Mathews County|    Dead End| 448295|0|0|0|    57-726 Bay Shore Point| 448158|0|0|.14|    03/27/2019|33|T|||||||X||24|||X||||||||||||||
752863|0|R-VA057SC00646NB||||R-VA057SC00646NB|57-646|Bar Neck Rd|057|Mathews County|057|Mathews County|    57-726 Bay Shore Point| 448158|0|0|.14|    57-721 Old Bar Neck| 448157|0|0|.34|    07/24/2019|72|R|||||||X||24|||X||||||||||||||
752864|0|R-VA057SC00646NB||||R-VA057SC00646NB|57-646|Bar Neck Rd|057|Mathews County|057|Mathews County|    57-721 Old Bar Neck| 448157|0|0|.34|    57-606 Diggs Wharf Rd| 448022|0|0|.84|    07/10/2019|184|R|||||||X||24|||X||||||||||||||
752865|0|R-VA057SC00647EB||||R-VA057SC00647EB|57-647|Lovers Lane|057|Mathews County|057|Mathews County|    57-641 Pine Hall Rd| 448139|0|0|0|    Dead End| 448159|0|0|.7|    07/26/2022|299|R|||||||X||24|||X||||||||||||||
752866|0|R-VA057SC00648NB||||R-VA057SC00648NB|57-648|Big Gum Rd|057|Mathews County|057|Mathews County|    57-639 Crab Neck Rd| 448132|0|0|0|    57-640 Point Breeze Rd| 448137|0|0|.3|    07/09/2019|97|R|||||||X||24|||X||||||||||||||
752867|0|R-VA057SC00649NB||||R-VA057SC00649NB|57-649|Peary Rd|057|Mathews County|057|Mathews County|    Dead End| 448296|0|0|0|    57-608 Potato Neck Rd| 448029|0|0|.67|    07/10/2019|143|R|||||||X||24|||X||||||||||||||
752868|0|R-VA057SC00650EB||||R-VA057SC00650EB|57-650|Hicks Wharf Rd|057|Mathews County|057|Mathews County|    57-660| 448161|0|0|0|    57-727 Heron Point Rd| 448163|0|0|.5|    07/26/2022|200|R|||||||X||24|||X||||||||||||||
752869|0|R-VA057SC00650EB||||R-VA057SC00650EB|57-650|Hicks Wharf Rd|057|Mathews County|057|Mathews County|    57-727 Heron Point Rd| 448163|0|0|.5|    Dead End| 448297|0|0|.8|    07/05/2022|50|T|||||||X||24|||X||||||||||||||
752870|0|R-VA057SC00651EB||||R-VA057SC00651EB|57-651|Myrtle Grove Lane|057|Mathews County|057|Mathews County|    57-660 E River Rd| 448164|0|0|0|    Dead End| 448165|0|0|.8|    07/09/2019|92|R|||||||X||24|||X||||||||||||||
752871|0|R-VA057SC00652NB||||R-VA057SC00652NB|57-652|Lewis Ln|057|Mathews County|057|Mathews County|    Dead End| 448166|0|0|0|    57-626 Hallieford Rd| 448093|0|0|.4|    03/27/2019|71|T|||||||X||24|||X||||||||||||||
752872|0|R-VA057SC00653NB||||R-VA057SC00653NB|57-653|Holly Point Rd|057|Mathews County|057|Mathews County|    SR 198 Buckley Hall Rd| 448167|0|0|0|    Dead End| 448168|0|0|1|    07/10/2019|135|R|||||||X||24|||X||||||||||||||
752873|0|R-VA057SC00654NB||||R-VA057SC00654NB|57-654|Gum Spring Rd|057|Mathews County|057|Mathews County|    57-617 N River Rd| 448064|0|0|0|    Dead End| 448169|0|0|.4|    03/28/2019|19|T|||||||X||24|||X||||||||||||||
752874|0|R-VA057SC00655NB||||R-VA057SC00655NB|57-655|Dutchmans Rd|057|Mathews County|057|Mathews County|    Dead End| 448170|0|0|0|    57-600 Circle Dr| 448003|0|0|.85|    07/10/2019|93|R|||||||X||24|||X||||||||||||||
752875|0|R-VA057SC00656NB||||R-VA057SC00656NB|57-656|Risby Town Rd|057|Mathews County|057|Mathews County|    Dead End| 448171|0|0|0|    57-633 Old Ferry Rd| 448112|0|0|.3|    01/01/2022|50|F|95|0|5|0|0|0|C|.161|6 |.78|50|F||||||||||||||
752876|0|R-VA057SC00657NB||||R-VA057SC00657NB|57-657|Bookers Lane|057|Mathews County|057|Mathews County|    SR 14 John Clayton Mem Hwy| 448172|0|0|0|    Dead End| 448173|0|0|1.1|    07/26/2022|128|R|||||||X||24|||X||||||||||||||
752877|0|R-VA057SC00658EB||||R-VA057SC00658EB|57-658|Kingston Lane|057|Mathews County|057|Mathews County|    Dead End| 448175|0|0|0|    SR 14 John Clayton Mem Hwy| 448174|0|0|1.21|    07/09/2019|197|R|||||||X||24|||X||||||||||||||
752878|0|R-VA057SC00659NB||||R-VA057SC00659NB|57-659|Osprey Rd|057|Mathews County|057|Mathews County|    57-660| 448176|0|0|0|    Dead End| 448177|0|0|.5|    07/05/2022|120|T|||||||X||24|||X||||||||||||||
752879|0|R-VA057SC00660NB||||R-VA057SC00660NB|57-660|Grace St|057|Mathews County|057|Mathews County|    57-660 Begin Loop| 448184|0|0|0|    57-660 End Loop| 448185|0|.23|.32|    01/01/2022|73|F|97|0|1|1|0|0|C|.162|6 |.75|73|F||||||||||||||
752880|0|R-VA057SC00660NB||||R-VA057SC00660NB|57-660|East River Rd|057|Mathews County|057|Mathews County|    57-660 End Loop| 448185|0|.23|.32|    Jurisdiction Boundary: 057 Mathews County| 448328|0|0|.85|    01/01/2022|158|F|91|2|5|0|0|0|C|.145|6 |1|158|F||||||||||||||
404587|0|R-VA057SC00660NB||||R-VA057SC00660NB|57-660|E River Rd|057|Mathews County|057|Mathews County|    57-617 S, White Neck Dr| 448328|0|0|.85|    57-617 N, N River Rd| 448067|0|0|1.15|    01/01/2022|321|F|96|0|3|0|0|0|C|.122|6 |.5|314|F||||||||||||||
404588|0|R-VA057SC00660NB||||R-VA057SC00660NB|57-660|E River Rd|057|Mathews County|057|Mathews County|    57-617 N, N River Rd| 448067|0|0|1.15|    57-703 Quail Rd| 448183|0|0|1.51|    01/01/2022|360|F|97|0|2|0|0|0|C|.119|6 |.55|353|F||||||||||||||
404589|0|R-VA057SC00660NB||||R-VA057SC00660NB|57-660|E River Rd|057|Mathews County|057|Mathews County|    57-703 Quail Rd| 448183|0|0|1.51|    57-618 Cardinal Rd| 448069|0|0|4.16|    01/01/2022|793|F|97|0|2|1|0|0|C|.102|6 |.59|777|F||||||||||||||
404590|0|R-VA057SC00660NB||||R-VA057SC00660NB|57-660|E River Rd|057|Mathews County|057|Mathews County|    57-618 Cardinal Rd| 448069|0|0|4.16|    SR 14 John Clayton Mem Hwy| 448178|0|0|6.59|    01/01/2022|730|F|96|0|2|0|0|0|C|.098|6 |.53|715|F||||||||||||||
752881|0|R-VA057SC00661NB||||R-VA057SC00661NB|57-661|Chesapeake Dr|057|Mathews County|057|Mathews County|    57-633 Old Ferry Rd| 448115|0|0|0|    Dead End| 448186|0|0|.42|    07/05/2022|80|T|||||||X||24|||X||||||||||||||
752882|0|R-VA057SC00662NB||||R-VA057SC00662NB|57-662|Mathews Ln|057|Mathews County|057|Mathews County|    Dead End| 448187|0|0|0|    57-626 Hallieford Rd| 448094|0|0|.4|    03/27/2019|119|T|||||||X||24|||X||||||||||||||
752883|0|R-VA057SC00663EB||||R-VA057SC00663EB|57-663|Rose Lane|057|Mathews County|057|Mathews County|    Dead End| 448188|0|0|0|    57-633 Old Ferry Rd| 448113|0|0|.2|    07/05/2022|80|T|||||||X||24|||X||||||||||||||
752884|0|R-VA057SC00664NB||||R-VA057SC00664NB|57-664|Gatten Rd|057|Mathews County|057|Mathews County|    57-633 Old Ferry Rd| 448114|0|0|0|    Dead End| 448189|0|0|.9|    07/09/2019|192|R|||||||X||24|||X||||||||||||||
752885|0|R-VA057SC00665EB||||R-VA057SC00665EB|57-665|Blue Water Dr|057|Mathews County|057|Mathews County|    Dead End| 448191|0|0|0|    57-1006 Fleetwood Circle| 448190|0|0|.04|    03/27/2019|19|T|||||||X||24|||X||||||||||||||
752886|0|R-VA057SC00665EB||||R-VA057SC00665EB|57-665|Fleetwood Circle|057|Mathews County|057|Mathews County|    57-1006 Fleetwood Circle| 448190|0|0|.04|    57-642 Fitchetts Wharf Rd| 448145|0|0|.6|    07/10/2019|237|R|||||||X||24|||X||||||||||||||
752887|0|R-VA057SC00666NB||||R-VA057SC00666NB|57-666|Johnson Point Rd|057|Mathews County|057|Mathews County|    Dead End| 448193|0|0|0|    57-732 Skipjack Lane| 448192|0|0|.38|    03/27/2019|171|T|||||||X||24|||X||||||||||||||
752888|0|R-VA057SC00666NB||||R-VA057SC00666NB|57-666|Johnson Point Rd|057|Mathews County|057|Mathews County|    57-732 Skipjack Lane| 448192|0|0|.38|    57-626 Hallieford Rd| 448091|0|0|.52|    07/09/2019|424|R|||||||X||24|||X||||||||||||||
752889|0|R-VA057SC00667EB||||R-VA057SC00667EB|57-667|Rains Lane|057|Mathews County|057|Mathews County|    57-660| 448182|0|0|0|    Dead End| 448194|0|0|.5|    07/05/2022|70|T|||||||X||24|||X||||||||||||||
752890|0|R-VA057SC00668NB||||R-VA057SC00668NB|57-668|Linden Lane|057|Mathews County|057|Mathews County|    Dead End| 448196|0|0|0|    SR 198| 448195|0|0|.13|    03/28/2019|67|T|||||||X||24|||X||||||||||||||
752891|0|R-VA057SC00669EB||||R-VA057SC00669EB|57-669|Mill Point Rd|057|Mathews County|057|Mathews County|    SR 223 Cricket Hill Rd| 448197|0|0|0|    Dead End| 448198|0|0|.51|    07/26/2022|136|R|||||||X||24|||X||||||||||||||
752892|0|R-VA057SC00670NB||||R-VA057SC00670NB|57-670|Bendall Lane|057|Mathews County|057|Mathews County|    57-623 Magnolia Rd; Bendall Lane| 448080|0|0|0|    Dead End| 448199|0|0|.42|    03/27/2019|81|T|||||||X||24|||X||||||||||||||
752893|0|R-VA057SC00671EB||||R-VA057SC00671EB|57-671|Safers Rd|057|Mathews County|057|Mathews County|    57-624 Store Rd| 448083|0|0|0|    Dead End| 448200|0|0|.3|    03/28/2019|67|T|||||||X||24|||X||||||||||||||
752894|0|R-VA057SC00672EB||||R-VA057SC00672EB|57-672|Edwards Landing Rd|057|Mathews County|057|Mathews County|    Dead End| 448201|0|0|0|    57-636, S Bay Haven Rd| 448122|0|0|.07|    07/05/2022|40|T|||||||X||24|||X||||||||||||||
752895|0|R-VA057SC00673NB||||R-VA057SC00673NB|57-673|Pepper Creek Rd|057|Mathews County|057|Mathews County|    Dead End| 448202|0|0|0|    57-603 Belleview Rd| 448013|0|0|.6|    07/10/2019|51|R|||||||X||24|||X||||||||||||||
752896|0|R-VA057SC00674NB||||R-VA057SC00674NB|57-674|Queens Creek|057|Mathews County|057|Mathews County|    Dead End| 448203|0|0|0|    57-626 Hallieford Rd| 448092|0|0|.35|    07/05/2022|160|T|||||||X||24|||X||||||||||||||
752897|0|R-VA057SC00675EB||||R-VA057SC00675EB|57-675|Sandberg Lane|057|Mathews County|057|Mathews County|    57-660| 448180|0|0|0|    0.30 ME 57-660| 448180|0|.3|.3|    08/02/2022|102|R|||||||X||24|||X||||||||||||||
752898|0|R-VA057SC00675EB||||R-VA057SC00675EB|57-675|Sandberg Lane|057|Mathews County|057|Mathews County|    0.30 ME 57-660| 448180|0|.3|.3|    Dead End| 448204|0|0|.4|    07/05/2022|50|T|||||||X||24|||X||||||||||||||
752899|0|R-VA057SC00676NB||||R-VA057SC00676NB|57-676|Traders Rd-Lillies Ln|057|Mathews County|057|Mathews County|    Dead End| 448205|0|0|0|    57-639 Crab Neck Rd| 448133|0|0|.35|    03/27/2019|57|T|||||||X||24|||X||||||||||||||
752900|0|R-VA057SC00677EB||||R-VA057SC00677EB|57-677|Canoe Yard Trail|057|Mathews County|057|Mathews County|    57-611 Tabernacle Rd| 448050|0|0|0|    57-609 Bethel Beach Rd| 448037|0|0|.66|    07/11/2019|79|R|||||||X||24|||X||||||||||||||
752901|0|R-VA057SC00678EB||||R-VA057SC00678EB|57-678|Baby Lane|057|Mathews County|057|Mathews County|    Dead End| 448206|0|0|0|    57-622 Long Rd| 448078|0|0|.39|    03/27/2019|57|T|||||||X||24|||X||||||||||||||
752902|0|R-VA057SC00679EB||||R-VA057SC00679EB|57-679|Brittnay Lane|057|Mathews County|057|Mathews County|    57-660 E River Rd| 448179|0|0|0|    Dead End| 448207|0|0|.54|    07/24/2019|33|R|||||||X||24|||X||||||||||||||
752903|0|R-VA057SC00680NB||||R-VA057SC00680NB|57-680|Henrys Rd|057|Mathews County|057|Mathews County|    Dead End| 448208|0|0|0|    57-637 Gwynnsville Rd| 448124|0|0|.49|    07/05/2022|180|T|||||||X||24|||X||||||||||||||
752904|0|R-VA057SC00681NB||||R-VA057SC00681NB|57-681|Burton Point Rd|057|Mathews County|057|Mathews County|    57-626 Hallieford Rd| 448090|0|0|0|    Dead End| 448209|0|0|.53|    07/24/2019|74|R|||||||X||24|||X||||||||||||||
752905|0|R-VA057SC00682NB||||R-VA057SC00682NB|57-682|Whites Creek Lane|057|Mathews County|057|Mathews County|    57-643 Haven Beach Rd| 448150|0|0|0|    Dead End| 448210|0|0|.87|    07/26/2022|95|R|||||||X||24|||X||||||||||||||
752906|0|R-VA057SC00683NB||||R-VA057SC00683NB|57-683|Storehouse Rd|057|Mathews County|057|Mathews County|    Dead End| 448212|0|0|0|    SR 14 John Clayton Mem Hwy| 448211|0|0|.37|    03/28/2019|10|T|||||||X||24|||X||||||||||||||
752907|0|R-VA057SC00684EB||||R-VA057SC00684EB|57-684|Gayle Lane|057|Mathews County|057|Mathews County|    57-621 Glebe Rd| 448076|0|0|0|    0.25 ME 57-621 Glebe Rd| 448076|0|.25|.25|    07/09/2019|121|R|||||||X||24|||X||||||||||||||
752908|0|R-VA057SC00684EB||||R-VA057SC00684EB|57-684|Gayle Lane|057|Mathews County|057|Mathews County|    0.25 ME 57-621 Glebe Rd| 448076|0|.25|.25|    Dead End| 448213|0|0|.55|    03/27/2019|95|T|||||||X||24|||X||||||||||||||
752909|0|R-VA057SC00685EB||||R-VA057SC00685EB|57-685|East River Rd|057|Mathews County|057|Mathews County|    Dead End| 448214|0|0|0|    57-660 Grace St| 448185|0|0|.07|    07/05/2022|80|T|||||||X||24|||X||||||||||||||
752910|0|R-VA057SC00686EB||||R-VA057SC00686EB|57-686|Riverview Rd|057|Mathews County|057|Mathews County|    Dead End| 448215|0|0|0|    57-605 Old Creek House Rd| 448019|0|0|.33|    03/27/2019|57|T|||||||X||24|||X||||||||||||||
752911|0|R-VA057SC00687EB||||R-VA057SC00687EB|57-687|Careys Lane|057|Mathews County|057|Mathews County|    Dead End| 448216|0|0|0|    57-660| 448181|0|0|.24|    07/05/2022|50|T|||||||X||24|||X||||||||||||||
752912|0|R-VA057SC00687EB||||R-VA057SC00687EB|57-687|Providence Rd|057|Mathews County|057|Mathews County|    57-660| 448181|0|0|.24|    0.40 ME 57-660| 448298|0|0|.64|    07/26/2022|78|R|||||||X||24|||X||||||||||||||
752913|0|R-VA057SC00688NB||||R-VA057SC00688NB|57-688|Dixon Rd|057|Mathews County|057|Mathews County|    Dead End| 448217|0|0|0|    57-639 Crab Neck Rd| 448131|0|0|.34|    03/28/2019|171|T|||||||X||24|||X||||||||||||||
752914|0|R-VA057SC00689NB||||R-VA057SC00689NB|57-689|Davis Creek Rd|057|Mathews County|057|Mathews County|    Dead End| 448218|0|0|0|    57-600 Circle Dr| 448004|0|0|.36|    07/05/2022|110|T|||||||X||24|||X||||||||||||||
752915|0|R-VA057SC00690NB||||R-VA057SC00690NB|57-690|Field Point Rd|057|Mathews County|057|Mathews County|    57-642 Fitchetts Wharf Rd| 448144|0|0|0|    Dead End| 448219|0|0|.37|    03/27/2019|43|T|||||||X||24|||X||||||||||||||
752916|0|R-VA057SC00691NB||||R-VA057SC00691NB|57-691|Heath Rd|057|Mathews County|057|Mathews County|    57-602 Sand Bank Rd| 448010|0|0|0|    Dead End| 448221|0|0|.25|    03/27/2019|29|T|||||||X||24|||X||||||||||||||
752917|0|R-VA057SC00692EB||||R-VA057SC00692EB|57-692|E Horn Harbor Ave|057|Mathews County|057|Mathews County|    57-601 Horn Harbor Ave| 448008|0|0|0|    Dead End| 448299|0|0|.52|    07/24/2019|15|R|||||||X||24|||X||||||||||||||
752918|0|R-VA057SC00693NB||||R-VA057SC00693NB|57-693|Buzzard Point Rd|057|Mathews County|057|Mathews County|    Dead End| 448222|0|0|0|    57-645 Aarons Beach Rd| 448154|0|0|.62|    07/10/2019|58|R|||||||X||24|||X||||||||||||||
752919|0|R-VA057SC00694NB||||R-VA057SC00694NB|57-694|Waverly Lane|057|Mathews County|057|Mathews County|    SR 198| 448223|0|0|0|    Dead End| 448224|0|0|.4|    07/05/2022|100|T|||||||X||24|||X||||||||||||||
752920|0|R-VA057SC00695NB||||R-VA057SC00695NB|57-695|Wharf Creek Rd|057|Mathews County|057|Mathews County|    Dead End| 448225|0|0|0|    57-633 Old Ferry Rd| 448110|0|0|.1|    07/05/2022|60|T|||||||X||24|||X||||||||||||||
752921|0|R-VA057SC00696NB||||R-VA057SC00696NB|57-696|Yacht Club Rd|057|Mathews County|057|Mathews County|    Dead End| 448226|0|0|0|    57-639 Crab Neck Rd| 448130|0|0|.42|    07/09/2019|183|R|||||||X||24|||X||||||||||||||
752922|0|R-VA057SC00697EB||||R-VA057SC00697EB|57-697|Millers Lane|057|Mathews County|057|Mathews County|    SR 14 John Clayton Mem Hwy| 448227|0|0|0|    Dead End| 448228|0|0|.45|    07/05/2022|140|T|||||||X||24|||X||||||||||||||
752923|0|R-VA057SC00698EB||||R-VA057SC00698EB|57-698|Captains Grenes Rd|057|Mathews County|057|Mathews County|    57-649 Peary Rd| 448160|0|0|0|    Dead End| 448229|0|0|.2|    03/27/2019|38|T|||||||X||24|||X||||||||||||||
752924|0|R-VA057SC00699EB||||R-VA057SC00699EB|57-699|Doctors creek|057|Mathews County|057|Mathews County|    57-691 Heath Rd| 448220|0|0|0|    Dead End| 448230|0|0|.37|    03/27/2019|19|T|||||||X||24|||X||||||||||||||
752925|0|R-VA057SC00700EB||||R-VA057SC00700EB|57-700|Around The Fence Rd|057|Mathews County|057|Mathews County|    SR 198| 448231|0|0|0|    Dead End| 448232|0|0|.48|    07/05/2022|150|T|||||||X||24|||X||||||||||||||
752926|0|R-VA057SC00701NB||||R-VA057SC00701NB|57-701|Green Point Lane|057|Mathews County|057|Mathews County|    SR 3 Windsor Rd| 448233|0|0|0|    Dead End| 448234|0|0|.35|    07/05/2022|70|T|||||||X||24|||X||||||||||||||
752927|0|R-VA057SC00702NB||||R-VA057SC00702NB|57-702|Piney Point Rd|057|Mathews County|057|Mathews County|    Dead End| 448300|0|0|0|    57-609 Bethel Beach Rd| 448036|0|0|.38|    03/27/2019|33|T|||||||X||24|||X||||||||||||||
752928|0|R-VA057SC00703EB||||R-VA057SC00703EB|57-703|Quail Rd|057|Mathews County|057|Mathews County|    57-660 E River Rd| 448183|0|0|0|    Dead End| 448301|0|0|.61|    07/26/2022|73|R|||||||X||24|||X||||||||||||||
752929|0|R-VA057SC00704NB||||R-VA057SC00704NB|57-704|Old House Woods Rd|057|Mathews County|057|Mathews County|    57-643 Haven Beach Rd| 448151|0|0|0|    Dead End| 448302|0|0|.36|    03/27/2019|38|T|||||||X||24|||X||||||||||||||
752930|0|R-VA057SC00705NB||||R-VA057SC00705NB|57-705|Kings Landing Rd|057|Mathews County|057|Mathews County|    Dead End| 448303|0|0|0|    57-609 Bethel Beach Rd| 448035|0|0|.4|    03/27/2019|29|T|||||||X||24|||X||||||||||||||
752931|0|R-VA057SC00706EB||||R-VA057SC00706EB|57-706|Ballast Point Rd|057|Mathews County|057|Mathews County|    SR 223 Cricket Hill Rd| 448235|0|0|0|    Dead End| 448236|0|0|.32|    07/05/2022|70|T|||||||X||24|||X||||||||||||||
752932|0|R-VA057SC00707NB||||R-VA057SC00707NB|57-707|Hurst Neck Rd|057|Mathews County|057|Mathews County|    Dead End| 448304|0|0|0|    57-609 Bethel Beach Rd| 448033|0|0|.18|    03/27/2019|48|T|||||||X||24|||X||||||||||||||
752933|0|R-VA057SC00708EB||||R-VA057SC00708EB|57-708|Billups Creek Lane|057|Mathews County|057|Mathews County|    57-642 Fitchetts Wharf Rd| 448146|0|0|0|    Dead End| 448305|0|0|.27|    03/27/2019|100|T|||||||X||24|||X||||||||||||||
752934|0|R-VA057SC00709NB||||R-VA057SC00709NB|57-709|Whitfield Rd|057|Mathews County|057|Mathews County|    57-650 Hicks Wharf Rd| 448162|0|0|0|    Dead End| 448306|0|0|.54|    08/02/2022|52|R|||||||X||24|||X||||||||||||||
752935|0|R-VA057SC00710NB||||R-VA057SC00710NB|57-710|Railway Rd|057|Mathews County|057|Mathews County|    Dead End| 448307|0|0|0|    57-605 Old Creek House Rd| 448017|0|0|.28|    07/05/2022|120|T|||||||X||24|||X||||||||||||||
752936|0|R-VA057SC00711EB||||R-VA057SC00711EB|57-711|W Landing Creek Rd|057|Mathews County|057|Mathews County|    Dead End| 448308|0|0|0|    57-646 Bar Neck Rd| 448156|0|0|.24|    03/27/2019|19|T|||||||X||24|||X||||||||||||||
752937|0|R-VA057SC00712NB||||R-VA057SC00712NB|57-712|Point Rd|057|Mathews County|057|Mathews County|    57-600 Circle Dr| 448002|0|0|0|    SR 14 John Clayton Mem Hwy| 448237|0|0|.02|    03/27/2019|20|T|||||||X||24|||X||||||||||||||
752938|0|R-VA057SC00713EB||||R-VA057SC00713EB|57-713|Mogers Corner Rd|057|Mathews County|057|Mathews County|    SR 14| 448238|0|0|0|    57-641 Pine Hall Rd| 448140|0|0|.16|    07/10/2019|627|R|||||||X||24|||X||||||||||||||
752939|0|R-VA057SC00714NB||||R-VA057SC00714NB|57-714|Williams Corner Rd|057|Mathews County|057|Mathews County|    SR 14 S, John Clayton Mem Hwy| 448240|0|0|0|    SR 14 N, John Clayton Mem Hwy| 448239|0|0|.2|    07/10/2019|28|R|||||||X||24|||X||||||||||||||
752940|0|R-VA057SC00715NB||||R-VA057SC00715NB|57-715|Red Mens Hall Rd|057|Mathews County|057|Mathews County|    SR 14 S, John Clayton Mem Hwy| 448242|0|0|0|    SR 14 N, John Clayton Mem Hwy| 448241|0|0|.32|    07/10/2019|15|R|||||||X||24|||X||||||||||||||
752941|0|R-VA057SC00716NB||||R-VA057SC00716NB|57-716|Hicksville Rd|057|Mathews County|057|Mathews County|    57-640 Point Breeze Rd| 448136|0|0|0|    SR 223 Cricket Hill Rd| 448243|0|0|.17|    07/26/2022|80|R|||||||X||24|||X||||||||||||||
752942|0|R-VA057SC00717NB||||R-VA057SC00717NB|57-717|Butts Ln|057|Mathews County|057|Mathews County|    Dead End| 448309|0|0|0|    57-645 Aarons Beach Rd| 448155|0|0|.14|    07/10/2019|70|R|||||||X||24|||X||||||||||||||
752943|0|R-VA057SC00718NB||||R-VA057SC00718NB|57-718|Oak Point Rd|057|Mathews County|057|Mathews County|    Dead End| 448310|0|0|0|    57-639 Crab Neck Rd| 448129|0|0|.38|    07/05/2022|50|T|||||||X||24|||X||||||||||||||
752944|0|R-VA057SC00719EB||||R-VA057SC00719EB|57-719|Brooks Ln|057|Mathews County|057|Mathews County|    Dead End| 448245|0|0|0|    SR 198| 448244|0|0|.16|    03/27/2019|48|T|||||||X||24|||X||||||||||||||
752945|0|R-VA057SC00720NB||||R-VA057SC00720NB|57-720|Bashl Shore Dr|057|Mathews County|057|Mathews County|    57-609 Bethel Beach Rd| 448039|0|0|0|    Dead End| 448311|0|0|.23|    03/27/2019|14|T|||||||X||24|||X||||||||||||||
752946|0|R-VA057SC00721NB||||R-VA057SC00721NB|57-721|Old Bar Neck|057|Mathews County|057|Mathews County|    Dead End| 448312|0|0|0|    57-646 Bar Neck Rd| 448157|0|0|.43|    07/24/2019|104|R|||||||X||24|||X||||||||||||||
752947|0|R-VA057SC00722NB||||R-VA057SC00722NB|57-722|Dinwiddie Way|057|Mathews County|057|Mathews County|    57-629 Ebenezer Church Rd| 448102|0|0|0|    57-723 Piankatank Way| 448246|0|0|.2|    07/26/2022|66|R|||||||X||24|||X||||||||||||||
752948|0|R-VA057SC00723EB||||R-VA057SC00723EB|57-723|Piankatank Way|057|Mathews County|057|Mathews County|    Dead End| 448314|0|0|0|    57-722 Dinwiddie Way| 448246|0|0|.02|    07/05/2022|30|T|||||||X||24|||X||||||||||||||
752949|0|R-VA057SC00723EB||||R-VA057SC00723EB|57-723|Piankatank Way|057|Mathews County|057|Mathews County|    57-722 Dinwiddie Way| 448246|0|0|.02|    Dead End| 448313|0|0|.1|    07/05/2022|40|T|||||||X||24|||X||||||||||||||
752950|0|R-VA057SC00724EB||||R-VA057SC00724EB|57-724|Creeknoll Lane|057|Mathews County|057|Mathews County|    57-628 Cobbs Creek Lane| 448100|0|0|0|    Dead End| 448315|0|0|.12|    08/25/2022|62|R|||||||X||24|||X||||||||||||||
752951|0|R-VA057SC00725NB||||R-VA057SC00725NB|57-725|Kingfisher Ln|057|Mathews County|057|Mathews County|    57-628 Cobbs Creek Lane| 448099|0|0|0|    Dead End| 448316|0|0|.13|    03/27/2019|62|T|||||||X||24|||X||||||||||||||
752952|0|R-VA057SC00726EB||||R-VA057SC00726EB|57-726|Bay Shore Point|057|Mathews County|057|Mathews County|    Dead End| 448317|0|0|0|    57-646 Bar Neck Rd| 448158|0|0|.22|    03/27/2019|86|T|||||||X||24|||X||||||||||||||
752953|0|R-VA057SC00727NB||||R-VA057SC00727NB|57-727|Heron Point Rd|057|Mathews County|057|Mathews County|    Dead End| 448318|0|0|0|    57-650 Hicks Wharf Rd| 448163|0|0|.35|    07/09/2019|89|R|||||||X||24|||X||||||||||||||
752954|0|R-VA057SC00728EB||||R-VA057SC00728EB|57-728|Beulah Rd|057|Mathews County|057|Mathews County|    SR 14 John Clayton Mem Hwy| 448247|0|0|0|    Dead End| 448248|0|0|.22|    03/27/2019|48|T|||||||X||24|||X||||||||||||||
752955|0|R-VA057SC00729EB||||R-VA057SC00729EB|57-729|Weston Hall Rd|057|Mathews County|057|Mathews County|    Dead End| 448250|0|0|0|    SR 14 John Clayton Mem Hwy| 448249|0|0|.43|    07/05/2022|200|T|||||||X||24|||X||||||||||||||
752956|0|R-VA057SC00730NB||||R-VA057SC00730NB|57-730|Old Ruff Rd|057|Mathews County|057|Mathews County|    57-614 Williams Wharf Rd| 448056|0|0|0|    Dead End| 448251|0|0|.12|    03/28/2019|19|T|||||||X||24|||X||||||||||||||
752957|0|R-VA057SC00731NB||||R-VA057SC00731NB|57-731|Borum Creek Rd|057|Mathews County|057|Mathews County|    SR 14 John Clayton Mem Hwy| 448252|0|0|0|    Dead End| 448253|0|0|.48|    07/05/2022|90|T|||||||X||24|||X||||||||||||||
752958|0|R-VA057SC00732EB||||R-VA057SC00732EB|57-732|Skipjack Lane|057|Mathews County|057|Mathews County|    Cul-de-Sac| 448255|0|0|0|    57-733 Sail Cove Court| 448254|0|0|.07|    03/30/2016|40|T|||||||X||24|||X||||||||||||||
752959|0|R-VA057SC00732EB||||R-VA057SC00732EB|57-732|Skipjack Lane|057|Mathews County|057|Mathews County|    57-733 Sail Cove Court| 448254|0|0|.07|    57-666 Johnson Point Rd| 448192|0|0|.98|    07/26/2022|183|R|||||||X||24|||X||||||||||||||
752960|0|R-VA057SC00733NB||||R-VA057SC00733NB|57-733|Sail Cove Court|057|Mathews County|057|Mathews County|    Cul-de-Sac| 448256|0|0|0|    57-732 Skipjack Lane| 448254|0|0|.05|    03/30/2016|30|T|||||||X||24|||X||||||||||||||
752961|0|R-VA057SC00734EB||||R-VA057SC00734EB|57-734|Windsor Rd|057|Mathews County|057|Mathews County|    Dead End| 448258|0|0|0|    SR 3 Windsor Rd| 448257|0|0|.05|    03/30/2016|40|T|||||||X||24|||X||||||||||||||
752962|0|R-VA057SC00735NB||||R-VA057SC00735NB|57-735|Easy St|057|Mathews County|057|Mathews County|    SR 3 Windsor Rd| 448259|0|0|0|    Cul-de-Sac| 448260|0|0|.17|    03/30/2016|120|T|||||||X||24|||X||||||||||||||
752963|0|R-VA057SC00736NB||||R-VA057SC00736NB|57-736|Belle Isle Lane|057|Mathews County|057|Mathews County|    SR 198| 448261|0|0|0|    Dead End| 448262|0|0|.2|    07/05/2022|50|T|||||||X||24|||X||||||||||||||
752964|0|R-VA057SC00737NB||||R-VA057SC00737NB|57-737|Morse Point Rd|057|Mathews County|057|Mathews County|    Cul-de-Sac| 448263|0|0|0|    57-608 Potato Neck Rd| 448028|0|0|.7|    07/10/2019|65|R|||||||X||24|||X||||||||||||||
752965|0|R-VA057SC00738NB||||R-VA057SC00738NB|57-738|Blue Heron Lane|057|Mathews County|057|Mathews County|    SR 198| 448264|0|0|0|    Cul-de-Sac| 448265|0|0|.25|    03/27/2019|105|T|||||||X||24|||X||||||||||||||
752966|0|R-VA057SC00739NB||||R-VA057SC00739NB|57-739|Postle Cove Rd|057|Mathews County|057|Mathews County|    SR 198| 448266|0|0|0|    Dead End| 448267|0|0|.15|    03/27/2019|114|T|||||||X||24|||X||||||||||||||
784262|0|R-VA057SC00740NB||||R-VA057SC00740NB|57-740|Hill Plantation Rd|057|Mathews County|057|Mathews County|    Dead End| 726805|0|0|0|    57-633 Old Ferry Rd| 448119|0|0|.56|    07/09/2019|114|R|||||||X||24|||X||||||||||||||
796117|0|R-VA057SC00742EB||||R-VA057SC00742EB|57-742|Idyll Acres|057|Mathews County|057|Mathews County|    Cul-de-Sac| 750167|0|0|0|    57-666 Johnson Point Rd| 750165|0|0|.12|    07/05/2022|30|T|||||||X||24|||X||||||||||||||
786510|0|R-VA057SC00745NB||||R-VA057SC00745NB|57-745|Peach Point Rd|057|Mathews County|057|Mathews County|    Cul-de-Sac| 731874|0|0|0|    SR 14 John Clayton Mem Hwy| 731871|0|0|.93|    07/26/2022|170|R|||||||X||24|||X||||||||||||||
786511|0|R-VA057SC00746EB||||R-VA057SC00746EB|57-746|Gales Neck Place|057|Mathews County|057|Mathews County|    57-745 Peach Point Rd| 731876|0|0|0|    Dead End| 731877|0|0|.42|    07/05/2022|40|T|||||||X||24|||X||||||||||||||
752967|0|R-VA057SC01001EB||||R-VA057SC01001EB|57-1001|Brickbat Rd|057|Mathews County|057|Mathews County|    57-1003 Brickbat Rd| 448270|0|0|0|    57-1002 Court St| 448269|0|0|.05|    07/11/2019|368|R|||||||X||24|||X||||||||||||||
752968|0|R-VA057SC01001EB||||R-VA057SC01001EB|57-1001|Brickbat Rd|057|Mathews County|057|Mathews County|    57-1002 Court St| 448269|0|0|.05|    SR 14 Main St| 448268|0|0|.08|    07/24/2019|530|R|||||||X||24|||X||||||||||||||
752969|0|R-VA057SC01002NB||||R-VA057SC01002NB|57-1002|Court St|057|Mathews County|057|Mathews County|    57-1001 Brickbat Rd| 448269|0|0|0|    57-611 Church St| 448045|0|0|.05|    07/24/2019|389|R|||||||X||24|||X||||||||||||||
752970|0|R-VA057SC01003NB||||R-VA057SC01003NB|57-1003|Brickbat Rd|057|Mathews County|057|Mathews County|    57-1001 Brickbat Rd| 448270|0|0|0|    57-611 Church St| 448044|0|0|.05|    07/26/2022|233|R|||||||X||24|||X||||||||||||||
752971|0|R-VA057SC01004NB||||R-VA057SC01004NB|57-1004|Southwind Dr|057|Mathews County|057|Mathews County|    Dead End| 448272|0|0|0|    SR 14| 448271|0|0|.16|    08/25/2022|138|R|||||||X||24|||X||||||||||||||
752972|0|R-VA057SC01006NB||||R-VA057SC01006NB|57-1006|Fleetwood Circle|057|Mathews County|057|Mathews County|    57-665 Fleetwood Circle; Blue Water Dr| 448190|0|0|0|    Begin Loop| 448273|0|0|.07|    07/26/2022|60|R|||||||X||24|||X||||||||||||||
752973|0|R-VA057SC01006NB||||R-VA057SC01006NB|57-1006|Fleetwood Circle|057|Mathews County|057|Mathews County|    Begin Loop| 448273|0|0|.07|    57-1007 Water Edge Dr| 448274|0|0|.14|    07/26/2022|11|R|||||||X||24|||X||||||||||||||
752975|0|R-VA057SC01007EB||||R-VA057SC01007EB|57-1007|Water Edge Dr|057|Mathews County|057|Mathews County|    57-1006 Fleetwood Circle| 448274|0|0|0|    Cul-de-Sac| 448275|0|0|.06|    03/30/2016|40|T|||||||X||24|||X||||||||||||||
790521|0|R-VA057SC01010EB||||R-VA057SC01010EB|57-1010|Dixie Dr|057|Mathews County|057|Mathews County|    Cul-de-Sac| 737905|0|0|0|    SR 3 Windsor Rd| 448233|0|0|.42|    07/05/2022|270|T|||||||X||24|||X||||||||||||||
790522|0|R-VA057SC01011NB||||R-VA057SC01011NB|57-1011|Edwards Ct|057|Mathews County|057|Mathews County|    Cul-de-Sac| 737907|0|0|0|    57-1010 Martin St| 737906|0|0|.12|    03/27/2019|57|T|||||||X||24|||X||||||||||||||
752976|0|R-VA057SC01015NB||||R-VA057SC01015NB|57-1015|Cross Ct|057|Mathews County|057|Mathews County|    SR 198 Buckley Hall Rd| 708742|0|0|0|    Cul-de-Sac| 708743|0|0|.19|    07/10/2019|226|R|||||||X||24|||X||||||||||||||
752977|0|R-VA057SC01016EB||||R-VA057SC01016EB|57-1016|Catlett Rd|057|Mathews County|057|Mathews County|    Cul-de-Sac| 708739|0|0|0|    57-1015 Cross Ct| 708740|0|0|.07|    03/27/2019|48|T|||||||X||24|||X||||||||||||||
752978|0|R-VA057SC01101EB||||R-VA057SC01101EB|57-1101|Raymond N Lowe Dr|057|Mathews County|057|Mathews County|    Dead End| 448277|0|0|0|    SR 198| 448276|0|0|.12|    08/25/2022|105|R|||||||X||24|||X||||||||||||||
752980|0|R-VA057SC09249NB||||R-VA057SC09249NB|57-9249|Mathews Co High School|057|Mathews County|057|Mathews County|    SR 14| 448280|0|0|0|    Mathews County HS| 448281|0|0|.08|    05/19/2010|211|R|||||||X||24|||X||||||||||||||
752981|0|R-VA057SC09250NB||||R-VA057SC09250NB|57-9250| |057|Mathews County|057|Mathews County|    57-611 Thomas| 448283|0|0|0|    Hunter Int Sch| 448282|0|0|.1|    08/20/2007|17|R|||||||X||24|||X||||||||||||||
