sep=|
- - 2022 AADT Report for City of Poquoson - -
LINKID|SEQUENCENUMBER|RTE_NM|RTE_NM_2|RTE_NM_3|RTE_NM_4|Host RTE_NM|Route Label|Street Name|Physical Jurisdiction|Physical Jurisdiciton Name|Maintenance Jurisdiction|Maintenance Jurisdiciton Name|    Start Label|Start Node|Start Node Route Sequence|Star tOffset|Start Milepoint|    End Label|End Node|End Node Route Sequence|End Offset|End Milepoint|    VPDDate|AADT|AADT Quality|Passenger Vehicle|Bus|Truck 2 Axle|Truck 3 Axle|Truck 1 Trailer|Truck 2 Trailer|Class Quality|K Factor|K Factor Quality|Direction Factor|AAWDT|AAWDT Quality|AADT Dir|AADT Quality Dir|PassengerVehicle Dir|Bus Dir|Truck 2 Axle Dir|Truck 3 Axle Dir|Truck 1 Trailer Dir|Truck 2 Trailer Dir|Class Quality Dir|K Factor Dir|K Factor Quality Dir|Direction Factor Dir|AAWDT Dir|AAWDT Quality Dir
659408|0|R-VA   SR00171EB||||R-VA   SR00171EB|VA 171|Victory Blvd|147|City of Poquoson|147|City of Poquoson|    York County Line| 672313|0|0|5.28|    SR 172 Wythe Creek Rd| 672314|0|0|6.07|    01/01/2022|11293|F|98|0|0|1|0|0|C|.09|6 |.55|11994|F||||||||||||||
659406|0|R-VA   SR00171EB||||R-VA   SR00171EB|VA 171|Little Florida Rd|147|City of Poquoson|147|City of Poquoson|    SR 172 Wythe Creek Rd| 672314|0|0|6.07|    Far Street| 672314|0|1|7.07|    01/01/2022|10713|F|98|0|0|1|0|0|F|.093|6 |.6|11366|F||||||||||||||
659415|0|R-VA   SR00171EB||||R-VA   SR00171EB|VA 171|Little Florida  Rd|147|City of Poquoson|147|City of Poquoson|    Far Street| 672314|0|1|7.07|    Poquoson Ave| 672315|0|0|7.51|    01/01/2022|7546|F|98|0|0|1|0|0|F|.09|6 |.61|8005|F||||||||||||||
659405|0|R-VA   SR00171EB||||R-VA   SR00171EB|VA 171|Poquoson Ave|147|City of Poquoson|147|City of Poquoson|    Poquoson Ave| 672315|0|0|7.51|    | 672316|0|.4|8.01|    01/01/2022|6648|F|97|2|0|0|0|0|C|.095|6 |.6|7053|F||||||||||||||
659409|0|R-VA   SR00171EB||||R-VA   SR00171EB|VA 171|Poquoson Ave|147|City of Poquoson|147|City of Poquoson|    Bunting Rd| 672316|0|.4|8.01|    147-7050 Ridge Rd| 672317|0|0|8.92|    01/01/2022|3484|G|97|2|0|0|0|0|F|.095|6 |.63|3698|G||||||||||||||
659420|0|R-VA   SR00171EB||||R-VA   SR00171EB|VA 171|Poquoson Ave|147|City of Poquoson|147|City of Poquoson|    147-7050 Ridge Rd| 672317|0|0|8.92|    Messick Rd| 672320|0|0|9.92|    01/01/2021|2608|G|||||||X|.096|6 |.64||X||||||||||||||
659404|0|R-VA   SR00171EB||||R-VA   SR00171EB|VA 171|Messick Rd|147|City of Poquoson|147|City of Poquoson|    Poquoson Ave| 672320|0|0|9.92|    | 672322|0|0|11.19|    01/01/2022|1099|F|98|1|0|0|0|0|C|.108|6 |.6|1166|F||||||||||||||
659402|0|R-VA   SR00172NB||||R-VA   SR00172NB|VA 172|Wythe Creek Rd|147|City of Poquoson|147|City of Poquoson|    NCL Hampton|  50653|0|0|2.91|    SR 171 Little Florida Rd; Victory Blvd| 672314|0|0|3.99|    01/01/2022|10782|F|98|0|1|0|0|0|C|.098|6 |.66|11433|F||||||||||||||
659412|0|R-VA   SR00172NB||||R-VA   SR00172NB|VA 172|Wythe Creek Rd|147|City of Poquoson|147|City of Poquoson|    SR 171 Little Florida Rd; Victory Blvd| 672314|0|0|3.99|    Hudgins Rd| 672324|0|0|4.23|    01/01/2022|11138|F|98|0|1|0|0|0|F|.093|6 |.6|11817|F||||||||||||||
659407|0|R-VA   SR00172NB||||R-VA   SR00172NB|VA 172|Wythe Creek Rd|147|City of Poquoson|147|City of Poquoson|    Hudgins Rd| 672324|0|0|4.23|    Poquoson Ave| 672323|0|0|4.85|    01/01/2022|6048|F|98|0|1|0|0|0|F|.092|6 |.6|6417|F||||||||||||||
659421|0|S-VA147PR CARYS CHAPEL RD||||S-VA147PR CARYS CHAPEL RD|Carys Chapel Rd|Cary Chapel Rd|147|City of Poquoson|147|City of Poquoson|    Wythe Creek Rd| 672325|0|0|0|    York County Line| 671469|0|0|.16|    01/01/2022|2889|F|98|0|1|0|0|0|C|.119|6 |.81|3063|F||||||||||||||
659417|0|S-VA147PR HUNTS NECK RD||||S-VA147PR HUNTS NECK RD|Hunts Neck Rd|Hunts Neck Rd|147|City of Poquoson|147|City of Poquoson|    Yorktown Rd| 672393|0|0|0|    Browns Neck Rd| 672395|0|0|.17|    01/01/2022|5823|F|97|1|1|0|0|0|F|.096|6 |.64|6174|F||||||||||||||
659419|0|S-VA147PR HUNTS NECK RD||||S-VA147PR HUNTS NECK RD|Hunts Neck Rd|Hunts Neck Rd|147|City of Poquoson|147|City of Poquoson|    Browns Neck Rd| 672395|0|0|.17|    | 672397|0|0|.53|    01/01/2022|4050|F|97|1|1|0|0|0|F|.096|6 |.65|4294|F||||||||||||||
659418|0|S-VA147PR HUNTS NECK RD||||S-VA147PR HUNTS NECK RD|Hunts Neck Rd|Hunts Neck Rd|147|City of Poquoson|147|City of Poquoson|    Pasture Rd| 672397|0|0|.53|    Jurisdiction Boundary: 147 City of Poquoson / |1081718|0|0|1.6|    01/01/2022|2241|F|98|1|0|0|0|0|C|.106|6 |.61|2376|F||||||||||||||
659403|0|S-VA147PR POQUOSON AVE||||S-VA147PR POQUOSON AVE|Poquoson Ave|Poquoson Ave|147|City of Poquoson|147|City of Poquoson|    Wythe Creek Rd| 672323|0|0|0|    Rens Rd| 672409|0|0|.671|    01/01/2022|2865|F|96|2|1|0|0|0|C|.106|6 |.63|3040|F||||||||||||||
659416|0|S-VA147PR POQUOSON AVE||||S-VA147PR POQUOSON AVE|Poquoson Ave|Poquoson Ave|147|City of Poquoson|147|City of Poquoson|    Rens Rd| 672409|0|0|.671|    Little Fla Rd| 672315|0|0|1.56|    01/01/2022|2467|F|94|4|1|0|0|0|C|.109|6 |.53|2617|F||||||||||||||
659413|0|S-VA147PR RIDGE RD||||S-VA147PR RIDGE RD|Ridge Rd|Ridge Rd|147|City of Poquoson|147|City of Poquoson|    Poquoson Ave| 672317|0|0|0|    Messick Rd| 672320|0|0|1.08|    01/01/2022|559|F|96|3|0|0|0|0|C|.104|6 |.53|594|F||||||||||||||
781838|0|S-VA147PR YORKTOWN RD||||S-VA147PR YORKTOWN RD|Yorktown Rd|E Yorktown Rd|147|City of Poquoson|147|City of Poquoson|    York County Line| 671471|0|0|0|    Hunts Neck Rd| 672393|0|0|1.18|    01/01/2022|3724|F|98|1|0|0|0|0|C|.098|6 |.6|3948|F||||||||||||||
659401|0|S-VA147PR YORKTOWN RD||||S-VA147PR YORKTOWN RD|Yorktown Rd|Yorktown Rd|147|City of Poquoson|147|City of Poquoson|    Yorktown Rd| 672393|0|0|1.18|    Poquoson Ave, Wythe Creek Rd| 672323|0|0|1.38|    01/01/2022|6725|F|97|1|1|0|0|0|C|.099|6 |.61|7135|F||||||||||||||
