sep=|
- - 2022 AADT Report for City of Falls Church - -
LINKID|SEQUENCENUMBER|RTE_NM|RTE_NM_2|RTE_NM_3|RTE_NM_4|Host RTE_NM|Route Label|Street Name|Physical Jurisdiction|Physical Jurisdiciton Name|Maintenance Jurisdiction|Maintenance Jurisdiciton Name|    Start Label|Start Node|Start Node Route Sequence|Star tOffset|Start Milepoint|    End Label|End Node|End Node Route Sequence|End Offset|End Milepoint|    VPDDate|AADT|AADT Quality|Passenger Vehicle|Bus|Truck 2 Axle|Truck 3 Axle|Truck 1 Trailer|Truck 2 Trailer|Class Quality|K Factor|K Factor Quality|Direction Factor|AAWDT|AAWDT Quality|AADT Dir|AADT Quality Dir|PassengerVehicle Dir|Bus Dir|Truck 2 Axle Dir|Truck 3 Axle Dir|Truck 1 Trailer Dir|Truck 2 Trailer Dir|Class Quality Dir|K Factor Dir|K Factor Quality Dir|Direction Factor Dir|AAWDT Dir|AAWDT Quality Dir
628036|0|R-VA   SR00007EB||||R-VA   SR00007EB|VA 7|Broad St|110|City of Falls Church|110|City of Falls Church|    | 278602|0|0|62.61|    110-6749 West St| 279503|0|0|62.99|    01/01/2022|27894|G|97|1|1|1|1|0|F|.084|6 |.5|29721|G||||||||||||||
628037|0|R-VA   SR00007EB||||R-VA   SR00007EB|VA 7|Broad St|110|City of Falls Church|110|City of Falls Church|    110-6749 West St| 279503|0|0|62.99|    US 29 Washington St| 278601|0|0|63.92|    01/01/2022|22011|G|97|1|1|1|1|0|F|.087|6 |.51|23452|G||||||||||||||
628002|0|R-VA   SR00007EB||||R-VA   SR00007EB|VA 7|Broad St|110|City of Falls Church|110|City of Falls Church|    US 29 Washington St| 278601|0|0|63.92|    110-6799 Cherry St| 279499|0|0|64.26|    01/01/2022|18342|G|97|1|1|1|1|0|F|.095|6 |.52|19543|G||||||||||||||
628003|0|R-VA   SR00007EB||||R-VA   SR00007EB|VA 7|Broad St|110|City of Falls Church|110|City of Falls Church|    110-6799 Cherry St| 279499|0|0|64.26|    ECL Falls Church| 278599|0|0|64.79|    01/01/2022|18169|G|97|1|1|1|1|0|F|.092|6 |.52|19359|G||||||||||||||
090286|0|R-VA   SR00237EB|R-VA   US00029NB|||R-VA   US00029NB|US 29, VA 237|Lee Highway|110|City of Falls Church|110|City of Falls Church|    |1245048|0|0|6.851|    29-1717 Marshall St; WCL Falls Church| 266988|0|0|7.13|    01/01/2022|17684|G|97|0|1|1|0|0|F|.096|6 |.6|19889|G||||||||||||||
090327|0|R-VA   SR00237EB|R-VA   US00029NB|||R-VA   US00029NB|US 29, VA 237|Washington St|110|City of Falls Church|110|City of Falls Church|    29-1717 Marshall St; WCL Falls Church| 266988|0|0|7.13|    29-1712 Cavalier Trail| 266958|0|0|7.42|    01/01/2022|24241|G|97|0|1|1|0|0|F|.101|6 |.59|27263|G||||||||||||||
628032|0|R-VA   SR00237EB|R-VA   US00029NB|||R-VA   US00029NB|US 29, VA 237|Washington St|110|City of Falls Church|110|City of Falls Church|    Jurisdiction Boundary: 110 City of Falls Church / 029 Fairfax County|1037999|0|0|7.492|    SR 338 Hillwood Ave| 278714|0|0|7.66|    01/01/2022|19382|G|97|0|1|1|0|0|F|.098|6 |.55|21603|G||||||||||||||
628021|0|R-VA   SR00237EB|R-VA   US00029NB|||R-VA   US00029NB|US 29, VA 237|Washington St|110|City of Falls Church|110|City of Falls Church|    SR 338 Hillwood Ave| 278714|0|0|7.66|    SR 7 Broad St| 278601|0|0|7.94|    01/01/2022|11695|G|97|0|1|1|0|0|F|.1|6 |.56|13035|G||||||||||||||
628022|0|R-VA   SR00237EB|R-VA   US00029NB|||R-VA   US00029NB|US 29, VA 237|Washington St|110|City of Falls Church|110|City of Falls Church|    SR 7 Broad St| 278601|0|0|7.94|    110-6767 Great Falls St| 279505|0|0|8.12|    01/01/2022|23467|G|97|0|1|1|0|0|F|.09|6 |.66|26393|G||||||||||||||
628023|0|R-VA   SR00237EB|R-VA   US00029NB|||R-VA   US00029NB|US 29, VA 237|Washington St|110|City of Falls Church|110|City of Falls Church|    110-6767 Great Falls St| 279505|0|0|8.12|    Arlington County Line|  50582|0|0|8.44|    01/01/2022|19050|G|97|0|1|1|0|0|F|.087|6 |.56|21246|G||||||||||||||
628009|0|R-VA   SR00338EB||||R-VA   SR00338EB|VA 338|Hillwood Ave|110|City of Falls Church|110|City of Falls Church|    US 29 Washington St|1035595|0|0|0|    110-6609 Annandale Rd| 279037|0|0|.1|    01/01/2022|10518|G|97|0|1|1|0|0|F|.104|6 |.54|11220|G||||||||||||||
628010|0|R-VA   SR00338EB||||R-VA   SR00338EB|VA 338|Hillwood Ave|110|City of Falls Church|110|City of Falls Church|    110-6609 Annandale Rd| 279037|0|0|.1|    110-6799 Cherry St| 279034|0|0|.46|    01/01/2022|8250|G|97|0|1|1|0|0|C|.11|6 |.55|8728|G||||||||||||||
628011|0|R-VA   SR00338EB||||R-VA   SR00338EB|VA 338|Hillwood Ave|110|City of Falls Church|110|City of Falls Church|    110-6799 Cherry St| 279034|0|0|.46|    110-6792 South St| 279032|0|0|.91|    01/01/2022|6983|G|97|0|1|1|0|0|F|.108|6 |.55|7387|G||||||||||||||
628012|0|R-VA   SR00338EB||||R-VA   SR00338EB|VA 338|Hillwood Ave|110|City of Falls Church|110|City of Falls Church|    110-6792 South St| 279032|0|0|.91|    ECL Falls Church| 279031|0|0|1.02|    01/01/2022|5720|G|97|0|1|1|0|0|F|.107|6 |.54|6050|G||||||||||||||
090286|0|R-VA   US00029NB|R-VA   SR00237EB|||R-VA   US00029NB|US 29, VA 237|Lee Highway|110|City of Falls Church|110|City of Falls Church|    |1245048|0|0|242.171|    29-1717 Marshall St; WCL Falls Church| 266988|0|0|242.45|    01/01/2022|17684|G|97|0|1|1|0|0|F|.096|6 |.6|19889|G||||||||||||||
090327|0|R-VA   US00029NB|R-VA   SR00237EB|||R-VA   US00029NB|US 29, VA 237|Washington St|110|City of Falls Church|110|City of Falls Church|    29-1717 Marshall St; WCL Falls Church| 266988|0|0|242.45|    29-1712 Cavalier Trail| 266958|0|0|242.74|    01/01/2022|24241|G|97|0|1|1|0|0|F|.101|6 |.59|27263|G||||||||||||||
628032|0|R-VA   US00029NB|R-VA   SR00237EB|||R-VA   US00029NB|US 29, VA 237|Washington St|110|City of Falls Church|110|City of Falls Church|    Jurisdiction Boundary: 110 City of Falls Church / 029 Fairfax County|1037999|0|0|242.812|    SR 338 Hillwood Ave| 278714|0|0|242.98|    01/01/2022|19382|G|97|0|1|1|0|0|F|.098|6 |.55|21603|G||||||||||||||
628021|0|R-VA   US00029NB|R-VA   SR00237EB|||R-VA   US00029NB|US 29, VA 237|Washington St|110|City of Falls Church|110|City of Falls Church|    SR 338 Hillwood Ave| 278714|0|0|242.98|    SR 7 Broad St| 278601|0|0|243.26|    01/01/2022|11695|G|97|0|1|1|0|0|F|.1|6 |.56|13035|G||||||||||||||
628022|0|R-VA   US00029NB|R-VA   SR00237EB|||R-VA   US00029NB|US 29, VA 237|Washington St|110|City of Falls Church|110|City of Falls Church|    SR 7 Broad St| 278601|0|0|243.26|    110-6767 Great Falls St| 279505|0|0|243.44|    01/01/2022|23467|G|97|0|1|1|0|0|F|.09|6 |.66|26393|G||||||||||||||
628023|0|R-VA   US00029NB|R-VA   SR00237EB|||R-VA   US00029NB|US 29, VA 237|Washington St|110|City of Falls Church|110|City of Falls Church|    110-6767 Great Falls St| 279505|0|0|243.44|    Arlington County Line|  50582|0|0|243.76|    01/01/2022|19050|G|97|0|1|1|0|0|F|.087|6 |.56|21246|G||||||||||||||
736433|0|R-VA029SC09600NB||||R-VA029SC09600NB|29-9600|Hunton Ave|110|City of Falls Church|029|Fairfax County|    Falls Church School| 275791|0|0|0|    SR 338 Hillwood Ave| 275790|0|0|.16|    01/05/2021|192|R|||||||X||24|||X||||||||||||||
200576|0|S-VA029PR WASHINGTON & OLD DOMINION TRL||||S-VA029PR WASHINGTON & OLD DOMINION TRL|Washington & Old Dominion Trl|Washington and Old Dominion Trail|110|City of Falls Church|   ||    Little Falls St, Falls Church|1273318|0|0|0|    Physical Jurisdiction Boundary: 110 City of Falls Church / 029 Fairfax County|1273359|0|.4|1.39|    01/01/2022||X|||||||X||24|||X||||||||||||||
784973|0|S-VA110PR 11TH ST||||S-VA110PR 11TH ST|11th St|11th St|110|City of Falls Church|110|City of Falls Church|    ECL Falls Church| 725951|0|0|0|    110-85, N Van Buren St| 725938|0|0|.14|    ||X||||||||||||||||||||||||||
784873|0|S-VA110PR ABBOTT LN||||S-VA110PR ABBOTT LN|Abbott Ln|Abbott Lane|110|City of Falls Church|110|City of Falls Church|    110-6749 West St| 279511|0|0|0|    Dead End| 725737|0|0|.09|    ||X||||||||||||||||||||||||||
628001|0|S-VA110PR ANNANDALE RD E||||S-VA110PR ANNANDALE RD E|Annandale Rd E|Annandale Rd|110|City of Falls Church|110|City of Falls Church|    US 29 Washington Highway| 279504|0|0|0|    SCL Falls Church; 29-649| 263959|0|0|.095|    01/01/2022|11365|G|97|1|1|0|0|0|C|.095|6 |.64|12029|G||||||||||||||
784974|0|S-VA110PR ANNANDALE RD W||||S-VA110PR ANNANDALE RD W|Annandale Rd W|Annandale Rd|110|City of Falls Church|110|City of Falls Church|    SR 7 Broad St| 725740|0|0|0|    US 29 Washington St| 279504|0|0|.355|    01/01/2022|5138|G|97|1|1|0|0|0|F|.1|6 |.5|5439|G||||||||||||||
784874|0|S-VA110PR ANNE ST||||S-VA110PR ANNE ST|Anne St|Anne St|110|City of Falls Church|110|City of Falls Church|    110-34 Jackson St| 725742|0|0|0|    110-40 Knollwood Dr| 725741|0|0|.19|    ||X||||||||||||||||||||||||||
795791|0|S-VA110PR BERRY ST||||S-VA110PR BERRY ST|Berry St|Berry St|110|City of Falls Church|110|City of Falls Church|    VA 338 Hillwood Ave| 279033|0|0|0|    Berry St Spur| 725743|0|0|.147|    ||X||||||||||||||||||||||||||
795792|0|S-VA110PR BERRY ST||||S-VA110PR BERRY ST|Berry St|Berry St|110|City of Falls Church|110|City of Falls Church|    SR 7 Broad St|1274009|0|0|.19|    | 725743|1|0|.23|    ||X||||||||||||||||||||||||||
784876|0|S-VA110PR BIRCH ST||||S-VA110PR BIRCH ST|Birch St|Birch St|110|City of Falls Church|110|City of Falls Church|    |1002157|0|0|.007|    29-1744 NCL FALLS CHURCH| 267089|0|0|.23|    ||X||||||||||||||||||||||||||
784877|0|S-VA110PR BROADMONT TER||||S-VA110PR BROADMONT TER|Broadmont Ter|Broadmont Terrace|110|City of Falls Church|110|City of Falls Church|    110-82, N Tuckahoe St| 725748|0|0|0|    Cul-de-Sac| 725747|0|0|.04|    ||X||||||||||||||||||||||||||
724101|1|S-VA110PR BROOK DR||||S-VA110PR BROOK DR|Brook Dr|Brook Dr|110|City of Falls Church|110|City of Falls Church|    SR 338 Hillwood Ave| 279033|0|0|0|    SCL Falls Church| 266946|0|0|.03|    07/19/2011|223|R|||||||X||24|||X||||||||||||||
784878|0|S-VA110PR BUXTON RD||||S-VA110PR BUXTON RD|Buxton Rd|Buxton Rd|110|City of Falls Church|110|City of Falls Church|    SR 7 Broad St| 725749|0|0|0|    110-18 Forest Dr| 725753|0|0|.32|    ||X||||||||||||||||||||||||||
784879|0|S-VA110PR CAMERON RD W||||S-VA110PR CAMERON RD W|Cameron Rd W|W Cameron Rd|110|City of Falls Church|110|City of Falls Church|    US 29 Washington St| 266980|0|0|0|    110-71; 110-73| 725754|0|0|.241|    ||X||||||||||||||||||||||||||
628019|0|S-VA110PR CHERRY ST N||||S-VA110PR CHERRY ST N|Cherry St N|Cherry St|110|City of Falls Church|110|City of Falls Church|    SR 7 Broad St| 279499|0|0|0|    Columbia St| 279552|0|0|.26|    01/01/2022|1342|G|82|1|1|1|0|0|C|.103|6 |.56|1419|G||||||||||||||
784981|0|S-VA110PR CHERRY ST N||||S-VA110PR CHERRY ST N|Cherry St N|Cherry St|110|City of Falls Church|110|City of Falls Church|    Columbia St| 279552|0|0|.26|    110-37 Jefferson St| 725774|0|0|.35|    01/01/2022|612|G|||||||X|.116|6 |.64|612|G||||||||||||||
628029|0|S-VA110PR CHERRY ST S||||S-VA110PR CHERRY ST S|Cherry St S|Cherry St|110|City of Falls Church|110|City of Falls Church|    SR 7 Broad St| 279499|0|0|0|    SR 338 Hillwood Ave| 279034|0|0|.14|    01/01/2022|1400|G|97|0|1|0|0|0|C|.091|6 |.5|1481|G||||||||||||||
401388|1|S-VA110PR CHERRY ST S||||S-VA110PR CHERRY ST S|Cherry St S||110|City of Falls Church|110|City of Falls Church|    SR 338 Hillwood Ave| 279034|0|0|.14|    SCL Falls Church| 266954|0|0|.17|    01/01/2022|2428|G|95|0|2|0|0|0|C|.115|6 |.53|4536|G||||||||||||||
784880|0|S-VA110PR CHESTNUT ST||||S-VA110PR CHESTNUT ST|Chestnut St|Chestnut St|110|City of Falls Church|110|City of Falls Church|    110-28 Grove Ave| 725755|0|0|0|    Dead End| 725756|0|0|.06|    ||X||||||||||||||||||||||||||
784881|0|S-VA110PR CHURCH PL||||S-VA110PR CHURCH PL|Church Pl|Church Place|110|City of Falls Church|110|City of Falls Church|    SR 7, E Broad St| 725757|0|0|0|    | 725758|0|0|.094|    ||X||||||||||||||||||||||||||
784882|0|S-VA110PR CLEAVE DR||||S-VA110PR CLEAVE DR|Cleave Dr|Cleave Dr|110|City of Falls Church|110|City of Falls Church|    110-3 Berry St|1002190|0|0|0|    29-1704 SCL Falls Church| 266939|0|0|.09|    ||X||||||||||||||||||||||||||
628004|0|S-VA110PR COLUMBIA ST E||||S-VA110PR COLUMBIA ST E|Columbia St E|W Columbia St|110|City of Falls Church|110|City of Falls Church|    US 29 Washington St| 279506|0|0|0|    110-6799 Cherry St| 279552|0|0|.2|    01/01/2022|5128|G|91|1|1|1|0|0|F|.116|6 |.55|5427|G||||||||||||||
628005|0|S-VA110PR COLUMBIA ST E||||S-VA110PR COLUMBIA ST E|Columbia St E|E Columbia St|110|City of Falls Church|110|City of Falls Church|    110-6799 Cherry St| 279552|0|0|.2|    WCL Arlington; 16th St| 800016|0|0|.59|    01/01/2022|2002|G|91|1|1|1|0|0|C|.114|6 |.55|2119|G||||||||||||||
784978|0|S-VA110PR COLUMBIA ST W||||S-VA110PR COLUMBIA ST W|Columbia St W|W Columbia St|110|City of Falls Church|110|City of Falls Church|    US 29 Washington St| 279506|0|0|0|    Jurisdiction Boundary: 110 City of Falls Church / | 279568|0|0|.181|    01/01/2022|1097|G|||||||X|.121|6 |.65|1097|G||||||||||||||
795951|0|S-VA110PR COLUMBIA ST W||||S-VA110PR COLUMBIA ST W|Columbia St W|W Columbia St|110|City of Falls Church|110|City of Falls Church|    Little Falls St| 279567|0|0|.181|    Cul-de-Sac| 725785|0|0|.361|    01/01/2022|120|G|||||||X|.121|6 |.65|120|G||||||||||||||
784883|0|S-VA110PR CRANE ST||||S-VA110PR CRANE ST|Crane St|Crane St|110|City of Falls Church|110|City of Falls Church|    110-19 Fowler St| 725761|0|0|0|    110-38 Kennedy St| 725760|0|0|.09|    ||X||||||||||||||||||||||||||
784884|0|S-VA110PR DORCHESTER RD||||S-VA110PR DORCHESTER RD|Dorchester Rd|Dorchester Rd|110|City of Falls Church|110|City of Falls Church|    110-6767 Great Falls St| 279535|0|0|0|    110-51 S, Meridian St| 725764|0|0|.13|    ||X||||||||||||||||||||||||||
784885|0|S-VA110PR DORCHESTER RD||||S-VA110PR DORCHESTER RD|Dorchester Rd|Dorchester Rd|110|City of Falls Church|110|City of Falls Church|    110-51 N, Meridian St| 725765|0|0|.13|    Cul-de-Sac; ECL Falls Church| 725766|0|0|.19|    ||X||||||||||||||||||||||||||
784886|0|S-VA110PR DOUGLASS AVE||||S-VA110PR DOUGLASS AVE|Douglass Ave|Douglass Ave|110|City of Falls Church|110|City of Falls Church|    SR 338 Hillwood Ave| 725767|0|0|0|    110-15 E Fairfax St (pre-update)|1231385|0|0|.179|    ||X||||||||||||||||||||||||||
784888|0|S-VA110PR ELLISON ST||||S-VA110PR ELLISON ST|Ellison St|Ellison St|110|City of Falls Church|110|City of Falls Church|    110-32 Irving St| 725773|0|0|.054|    110-6749 E, South West St| 279524|0|0|.2|    ||X||||||||||||||||||||||||||
784887|0|S-VA110PR ELLISON ST||||S-VA110PR ELLISON ST|Ellison St|Ellison St|110|City of Falls Church|110|City of Falls Church|    110-6749 W, S West St| 279523|0|0|.2|    29-1766; 29-2378; 110-19 (pre-update)|1002246|0|0|.6|    ||X||||||||||||||||||||||||||
784889|0|S-VA110PR FAIRFAX ST E||||S-VA110PR FAIRFAX ST E|Fairfax St E|E Fairfax St|110|City of Falls Church|110|City of Falls Church|    US 29 Washington St|1002220|0|0|0|    | 725795|0|0|.246|    ||X||||||||||||||||||||||||||
201202|0|S-VA110PR FAIRFAX ST N||||S-VA110PR FAIRFAX ST N|Fairfax St N||110|City of Falls Church|110|City of Falls Church|    VA 7 Leesburg Pike|1002612|0|0|.007|    Cherry St N| 279572|0|0|.237|    ||X||||||||||||||||||||||||||
784890|0|S-VA110PR FALLS AVE||||S-VA110PR FALLS AVE|Falls Ave|Falls Ave|110|City of Falls Church|110|City of Falls Church|    SR 7 Broad St| 725797|0|0|0|    Dead End| 725799|0|0|.128|    ||X||||||||||||||||||||||||||
784891|0|S-VA110PR FELLOWS CT||||S-VA110PR FELLOWS CT|Fellows Ct|Fellows Court|110|City of Falls Church|110|City of Falls Church|    110-6795, S Oak St| 279559|0|0|0|    Cul-de-Sac| 725800|0|0|.06|    ||X||||||||||||||||||||||||||
784892|0|S-VA110PR FOREST DR||||S-VA110PR FOREST DR|Forest Dr|Forest Dr|110|City of Falls Church|110|City of Falls Church|    110-86 Villa Ridge Rd| 725802|0|0|0|    110-6794, E Columbia St| 279554|0|0|.29|    ||X||||||||||||||||||||||||||
784893|0|S-VA110PR FOWLER ST||||S-VA110PR FOWLER ST|Fowler St|Fowler St|110|City of Falls Church|110|City of Falls Church|    110-6749 West St| 279518|0|0|0|    29-1766; 29-2378; 110-14 (pre-update)|1002178|0|0|.35|    ||X||||||||||||||||||||||||||
784894|0|S-VA110PR FULTON AVE||||S-VA110PR FULTON AVE|Fulton Ave|Fulton Ave|110|City of Falls Church|110|City of Falls Church|    110-76 N Spring St| 725803|0|0|0|    110-61, N Pennsylvania Ave| 725805|0|0|.26|    ||X||||||||||||||||||||||||||
784895|0|S-VA110PR GARDEN CT||||S-VA110PR GARDEN CT|Garden Ct|Garden Court|110|City of Falls Church|110|City of Falls Church|    110-49 North Maple Ave| 725806|0|0|0|    Dead End| 725807|0|0|.06|    ||X||||||||||||||||||||||||||
784896|0|S-VA110PR GEORGE MASON RD W||||S-VA110PR GEORGE MASON RD W|George Mason Rd W|W George Mason Rd|110|City of Falls Church|110|City of Falls Church|    US 29 Washington St| 266986|0|0|0|    110-71 Seaton Lane| 725808|0|0|.24|    ||X||||||||||||||||||||||||||
784898|0|S-VA110PR GIBSON PL||||S-VA110PR GIBSON PL|Gibson Pl|Gibson Place|110|City of Falls Church|110|City of Falls Church|    110-63 Poplar Dr| 725811|0|0|0|    110-69 Rosemary Lane| 725812|0|0|.1|    ||X||||||||||||||||||||||||||
784899|0|S-VA110PR GORDON RD||||S-VA110PR GORDON RD|Gordon Rd|Gordon Rd|110|City of Falls Church|110|City of Falls Church|    SR 7 Broad St|1002172|0|0|0|    | 725813|0|0|.156|    ||X||||||||||||||||||||||||||
628006|0|S-VA110PR GREAT FALLS ST||||S-VA110PR GREAT FALLS ST|Great Falls St|Great Falls St|110|City of Falls Church|110|City of Falls Church|    US 29 Washington St| 279505|0|0|0|    Little Falls St| 279540|0|0|.192|    01/01/2022|2700|G|95|0|1|1|1|0|C|.103|6 |.57|2856|G||||||||||||||
628007|0|S-VA110PR GREAT FALLS ST||||S-VA110PR GREAT FALLS ST|Great Falls St|Great Falls St|110|City of Falls Church|110|City of Falls Church|    Little Falls St| 279540|0|0|.192|    110-6774 Lincoln Ave| 279536|0|0|.542|    01/01/2022|4525|G|98|0|1|1|0|0|C|.113|6 |.52|4787|G||||||||||||||
628008|0|S-VA110PR GREAT FALLS ST||||S-VA110PR GREAT FALLS ST|Great Falls St|Great Falls St|110|City of Falls Church|110|City of Falls Church|    110-6774 Lincoln Ave| 279536|0|0|.542|    NCL Falls Church; 29-694| 264630|0|0|.782|    01/01/2022|6655|G|98|0|1|1|0|0|F|.12|6 |.55|7058|G||||||||||||||
784900|0|S-VA110PR GREENWAY BLVD W||||S-VA110PR GREENWAY BLVD W|Greenway Blvd W|W Greenway Blvd|110|City of Falls Church|110|City of Falls Church|    US 29 Washington St| 266982|0|0|0|    110-71 Seaton Lane| 725816|0|0|.27|    ||X||||||||||||||||||||||||||
528001|0|S-VA110PR GREENWICH ST||||S-VA110PR GREENWICH ST|Greenwich St|Greenwich St|110|City of Falls Church|110|City of Falls Church|    110-6774 Lincoln Ave| 279544|0|0|0|    110-6749 N West St| 279533|0|0|.175|    01/01/2022|303|G|||||||X|.151|6 |.66|303|G||||||||||||||
784902|0|S-VA110PR GREENWICH ST||||S-VA110PR GREENWICH ST|Greenwich St|Greenwich St|110|City of Falls Church|110|City of Falls Church|    110-6749; N West St| 279532|0|0|.175|    29-1747 NCL Falls Church| 267096|0|0|.25|    ||X||||||||||||||||||||||||||
784903|0|S-VA110PR GROVE AVE||||S-VA110PR GROVE AVE|Grove Ave|Grove Ave|110|City of Falls Church|110|City of Falls Church|    110-6749 West St| 279525|0|0|0|    29-1745; 110-77; NCL Falls Church| 267092|0|0|.29|    ||X||||||||||||||||||||||||||
784904|0|S-VA110PR GUNDRY DR||||S-VA110PR GUNDRY DR|Gundry Dr|Gundry Dr|110|City of Falls Church|110|City of Falls Church|    110-6609 Annandale Rd| 725739|0|0|0|    110-87 Virginia Ave| 725817|0|0|.17|    ||X||||||||||||||||||||||||||
784905|0|S-VA110PR HAMPTON CT||||S-VA110PR HAMPTON CT|Hampton Ct|Hampton Court|110|City of Falls Church|110|City of Falls Church|    110-87 Virginia Ave| 725820|0|0|0|    Cul-de-Sac| 725819|0|0|.1|    ||X||||||||||||||||||||||||||
201204|0|S-VA110PR HAYCOCK RD||||S-VA110PR HAYCOCK RD|Haycock Rd||110|City of Falls Church|110|City of Falls Church|    29-703 Haycock Rd, Shreve Rd|1266388|0|0|0|    VA 7 Leesburg Pike|1033612|0|0|.13|    ||X||||||||||||||||||||||||||
784906|0|S-VA110PR HIGHLAND AVE||||S-VA110PR HIGHLAND AVE|Highland Ave|Highland Ave|110|City of Falls Church|110|City of Falls Church|    29-2318; NCL Falls Church| 268200|0|0|0|    110-6749 West St| 279529|0|0|.16|    ||X||||||||||||||||||||||||||
794220|0|S-VA110PR HILLIER ST||||S-VA110PR HILLIER ST|Hillier St|Hillier St|110|City of Falls Church|110|City of Falls Church|    Cul-de-Sac| 747942|0|0|0|    110-6795, S Oak St| 747941|0|0|.09|    01/01/2022|78|G|||||||X|.153|6 |.52|78|G||||||||||||||
784907|0|S-VA110PR IRVING ST||||S-VA110PR IRVING ST|Irving St|Irving St|110|City of Falls Church|110|City of Falls Church|    110-59 Parker Ave| 725823|0|0|0|    110-14 Ellison St|1002166|0|0|.07|    ||X||||||||||||||||||||||||||
784908|0|S-VA110PR JACKSON CT||||S-VA110PR JACKSON CT|Jackson Ct|Jackson Court|110|City of Falls Church|110|City of Falls Church|    110-34 S, Jackson St| 725824|0|0|0|    110-34 N, Jackson St| 725825|0|0|.17|    ||X||||||||||||||||||||||||||
784909|0|S-VA110PR JACKSON ST||||S-VA110PR JACKSON ST|Jackson St|Jackson St|110|City of Falls Church|110|City of Falls Church|    US 29 Lee Highway| 278713|0|0|0|    | 725826|0|0|.35|    ||X||||||||||||||||||||||||||
784910|0|S-VA110PR JACKSON ST||||S-VA110PR JACKSON ST|Jackson St|Jackson St|110|City of Falls Church|110|City of Falls Church|    110-80 E, Timber Lane| 725827|0|0|.35|    110-59 Parker Ave| 725830|0|0|.6|    ||X||||||||||||||||||||||||||
795786|0|S-VA110PR JAMES CT||||S-VA110PR JAMES CT|James Ct|James Court|110|City of Falls Church|110|City of Falls Church|    110-87 Virginia Ave| 725831|0|0|0|    Cul-de-Sac| 725832|0|0|.07|    ||X||||||||||||||||||||||||||
784911|0|S-VA110PR JAMES ST||||S-VA110PR JAMES ST|James St|James St|110|City of Falls Church|110|City of Falls Church|    110-29 Gundry Dr| 725818|0|0|0|    110-87 Virginia Ave| 725831|0|0|.11|    ||X||||||||||||||||||||||||||
784912|0|S-VA110PR JAMES THURBER CT||||S-VA110PR JAMES THURBER CT|James Thurber Ct|James Thurber Court|110|City of Falls Church|110|City of Falls Church|    110-49, North Maple Ave| 725833|0|0|0|    Cul-de-Sac| 725834|0|0|.06|    ||X||||||||||||||||||||||||||
784913|0|S-VA110PR JEFFERSON ST E||||S-VA110PR JEFFERSON ST E|Jefferson St E|East Jefferson St|110|City of Falls Church|110|City of Falls Church|    Cul-de-Sac| 725774|0|0|.19|    110-6799 Cherry St| 725835|0|0|.29|    01/01/2022|159|G|88|1|3|2|0|0|C|.134|6 |.62|159|G||||||||||||||
784914|0|S-VA110PR KENNEDY ST||||S-VA110PR KENNEDY ST|Kennedy St|Kennedy St|110|City of Falls Church|110|City of Falls Church|    29-2377; NCL Falls Church| 268279|0|0|0|    110-6749 West St| 279516|0|0|.09|    ||X||||||||||||||||||||||||||
784915|0|S-VA110PR KENT ST||||S-VA110PR KENT ST|Kent St|Kent St|110|City of Falls Church|110|City of Falls Church|    110-14 Ellison St| 725772|0|0|0|    Cul-de-Sac| 725838|0|0|.2|    ||X||||||||||||||||||||||||||
784916|0|S-VA110PR KNOLLWOOD DR||||S-VA110PR KNOLLWOOD DR|Knollwood Dr|Knollwood Dr|110|City of Falls Church|110|City of Falls Church|    110-80 Timber Lane| 725840|0|0|0|    110-76 S Spring St| 725841|0|0|.15|    ||X||||||||||||||||||||||||||
784917|0|S-VA110PR LANGSTON LN||||S-VA110PR LANGSTON LN|Langston Ln|Langston Lane|110|City of Falls Church|110|City of Falls Church|    110-12 Dorchester Rd| 725763|0|0|0|    Cul-de-Sac|1002153|0|0|.07|    ||X||||||||||||||||||||||||||
784918|0|S-VA110PR LAURA DR||||S-VA110PR LAURA DR|Laura Dr|Laura Dr|110|City of Falls Church|110|City of Falls Church|    | 276215|0|0|.01|    110-6749 West St| 279513|0|0|.23|    ||X||||||||||||||||||||||||||
784919|0|S-VA110PR LAWTON ST||||S-VA110PR LAWTON ST|Lawton St|Lawton St|110|City of Falls Church|110|City of Falls Church|    110-6794 Columbia St| 279551|0|0|0|    SR 7 Broad St| 725844|0|0|.275|    ||X||||||||||||||||||||||||||
784920|0|S-VA110PR LEA CT||||S-VA110PR LEA CT|Lea Ct|Lea Court|110|City of Falls Church|110|City of Falls Church|    110-76, S Spring St| 725845|0|0|0|    Cul-de-Sac| 725846|0|0|.05|    ||X||||||||||||||||||||||||||
795787|0|S-VA110PR LEE ST N||||S-VA110PR LEE ST N|Lee St N|N Lee St|110|City of Falls Church|110|City of Falls Church|    SR 7 Broad St| 725847|0|0|0|    Dead End| 725849|0|0|.25|    ||X||||||||||||||||||||||||||
784921|0|S-VA110PR LEE ST S||||S-VA110PR LEE ST S|Lee St S|S Lee St|110|City of Falls Church|110|City of Falls Church|    SR 7 Broad St| 725847|0|0|0|    110-6795, S Oak St| 279562|0|0|.31|    ||X||||||||||||||||||||||||||
628015|0|S-VA110PR LINCOLN AVE||||S-VA110PR LINCOLN AVE|Lincoln Ave|Lincoln Ave|110|City of Falls Church|110|City of Falls Church|    WCL Arlington; 110-6774 Fairfax Drive| 279547|0|0|0|    110-6767 Great Falls St| 279536|0|0|.25|    01/01/2022|6057|G|95|1|1|1|1|0|F|.164|6 |.6|6425|G||||||||||||||
628014|0|S-VA110PR LINCOLN AVE||||S-VA110PR LINCOLN AVE|Lincoln Ave|Lincoln Ave|110|City of Falls Church|110|City of Falls Church|    110-6767 Great Falls St| 279536|0|0|.25|    Spring Street| 279542|0|0|.554|    01/01/2022|2897|G|95|1|1|1|1|0|C|.138|6 |.54|3073|G||||||||||||||
628013|0|S-VA110PR LINCOLN AVE||||S-VA110PR LINCOLN AVE|Lincoln Ave|Lincoln Ave|110|City of Falls Church|110|City of Falls Church|    Spring Street| 279542|0|0|.554|    110-6749 West St| 279528|0|0|.66|    01/01/2022|2744|G|97|0|1|1|0|0|C|.147|6 |.54|2910|G||||||||||||||
784976|0|S-VA110PR LINCOLN AVE||||S-VA110PR LINCOLN AVE|Lincoln Ave|Lincoln Ave|110|City of Falls Church|110|City of Falls Church|    110-6749 West St N| 279528|0|0|.66|    110-78 Sycamore St| 725794|0|0|.85|    01/01/2022|253|G|||||||X|.127|6 |.56|253|G||||||||||||||
784922|0|S-VA110PR LINDEN LN||||S-VA110PR LINDEN LN|Linden Ln|Linden Lane|110|City of Falls Church|110|City of Falls Church|    SR 338 Hillwood Ave| 725858|0|0|0|    29-1705; SCL Falls Church| 266943|0|0|.03|    ||X||||||||||||||||||||||||||
628016|0|S-VA110PR LITTLE FALLS ST N||||S-VA110PR LITTLE FALLS ST N|Little Falls St N|Little Falls St|110|City of Falls Church|110|City of Falls Church|    SR 7 Broad St| 279500|0|0|0|    110-6767 Great Falls St| 279540|0|0|.21|    01/01/2022|2214|G|96|1|1|1|0|0|C|.101|6 |.64|2340|G||||||||||||||
628017|0|S-VA110PR LITTLE FALLS ST N||||S-VA110PR LITTLE FALLS ST N|Little Falls St N|Little Falls St|110|City of Falls Church|110|City of Falls Church|    110-6767 Great Falls St| 279540|0|0|.21|    WCL Arlington ; 110-6797| 800017|0|0|.51|    01/01/2022|1714|G|96|1|1|0|0|0|C|.11|6 |.61|1812|G||||||||||||||
784923|0|S-VA110PR LYNN PL||||S-VA110PR LYNN PL|Lynn Pl|Lynn Place|110|City of Falls Church|110|City of Falls Church|    110-64 Randolf St| 725861|0|0|0|    Dead End| 725860|0|0|.03|    ||X||||||||||||||||||||||||||
795784|0|S-VA110PR MADISON LN||||S-VA110PR MADISON LN|Madison Ln|Madison Lane|110|City of Falls Church|110|City of Falls Church|    110-64 Randolf St| 725862|0|0|0|    110-6749 E, West St| 279519|0|0|.122|    ||X||||||||||||||||||||||||||
784924|0|S-VA110PR MADISON LN||||S-VA110PR MADISON LN|Madison Ln|Madison Lane|110|City of Falls Church|110|City of Falls Church|    110-6749 E, West St| 279520|0|0|.122|    110-14 Ellison St| 725769|0|0|.272|    ||X||||||||||||||||||||||||||
628018|0|S-VA110PR MARSHALL ST W||||S-VA110PR MARSHALL ST W|Marshall St W|Marshall St|110|City of Falls Church|110|City of Falls Church|    US 29; SCL Falls Church; 29-1717| 266988|0|0|0|    Seaton Lane| 279558|0|0|.25|    01/01/2022|1393|G|95|0|1|0|1|0|C|.104|6 |.58|1477|G||||||||||||||
784926|0|S-VA110PR MEADOW LN||||S-VA110PR MEADOW LN|Meadow Ln|Meadow Lane|110|City of Falls Church|110|City of Falls Church|    SR 338 Hillwood Ave| 725867|0|0|0|    29-1707; SCL Falls Church| 266950|0|0|.03|    ||X||||||||||||||||||||||||||
784927|0|S-VA110PR MERIDIAN ST||||S-VA110PR MERIDIAN ST|Meridian St|Meridian St|110|City of Falls Church|110|City of Falls Church|    110-6774 Lincoln Ave| 279545|0|0|0|    NCL Falls Church (pre-update)|1002173|0|0|.175|    ||X||||||||||||||||||||||||||
784928|0|S-VA110PR MIDVALE ST||||S-VA110PR MIDVALE ST|Midvale St|Midvale St|110|City of Falls Church|110|City of Falls Church|    110-54 Noland St| 725869|0|0|0|    N Fairfax St| 725870|0|0|.2|    ||X||||||||||||||||||||||||||
731343|1|S-VA110PR NANJEMOY CT||||S-VA110PR NANJEMOY CT|Nanjemoy Ct||110|City of Falls Church|110|City of Falls Church|    29-5171; WCL Falls Church| 272376|0|0|0|    Dead End| 725872|0|0|.01|    12/02/2014|40|T|||||||X||24|||X||||||||||||||
784930|0|S-VA110PR NOLAND ST||||S-VA110PR NOLAND ST|Noland St|Noland St|110|City of Falls Church|110|City of Falls Church|    SR 7, E Broad St| 725874|0|0|0|    110-6794, E Columbia St| 279553|0|0|.293|    ||X||||||||||||||||||||||||||
784931|0|S-VA110PR OAK HAVEN DR||||S-VA110PR OAK HAVEN DR|Oak Haven Dr|Oak Haven Dr|110|City of Falls Church|110|City of Falls Church|    110-12 Dorchester Rd| 725762|0|0|0|    Cul-de-Sac| 725883|0|0|.1|    ||X||||||||||||||||||||||||||
628020|0|S-VA110PR OAK ST N||||S-VA110PR OAK ST N|Oak St N|N Oak St|110|City of Falls Church|110|City of Falls Church|    SR 7 Broad St| 279502|0|0|0|    110-6774 Lincoln Ave| 279543|0|0|.29|    01/01/2022|1120|G|96|1|1|1|0|0|F|.153|6 |.56|1187|G||||||||||||||
784979|0|S-VA110PR OAK ST N||||S-VA110PR OAK ST N|Oak St N|N Oak St|110|City of Falls Church|110|City of Falls Church|    110-6774 Lincoln Ave| 279543|0|0|.29|    110-6749 West St E| 279531|0|0|.41|    01/01/2022|795|G|||||||X|.127|6 |.52|795|G||||||||||||||
784980|0|S-VA110PR OAK ST N||||S-VA110PR OAK ST N|Oak St N|N Oak St|110|City of Falls Church|110|City of Falls Church|    110-6749 West St N| 279530|0|0|.41|    29-1746; NCL Falls Church| 267093|0|0|.52|    01/01/2022|437|G|||||||X|.155|6 |.75|437|G||||||||||||||
628031|0|S-VA110PR OAK ST S||||S-VA110PR OAK ST S|Oak St S|S Oak St|110|City of Falls Church|110|City of Falls Church|    SR 7 Broad St| 279501|0|0|0|    Timber Lane| 279561|0|0|.302|    01/01/2022|1801|G|96|1|1|1|0|0|C|.108|6 |.64|1908|G||||||||||||||
628030|0|S-VA110PR OAK ST S||||S-VA110PR OAK ST S|Oak St S|S Oak St|110|City of Falls Church|110|City of Falls Church|    Timber Lane| 279561|0|0|.302|    Seaton Lane| 279558|0|0|.47|    01/01/2022|1887|G|97|1|1|0|0|0|C|.104|6 |.51|1998|G||||||||||||||
784932|0|S-VA110PR OFFUTT DR||||S-VA110PR OFFUTT DR|Offutt Dr|Offutt Dr|110|City of Falls Church|110|City of Falls Church|    110-4 Birch St| 725746|0|0|0|    110-16 Falls Ave| 725798|0|0|.16|    ||X||||||||||||||||||||||||||
784933|0|S-VA110PR PARK AVE||||S-VA110PR PARK AVE|Park Ave|Park Ave|110|City of Falls Church|110|City of Falls Church|    US 29 Washington St| 278715|0|0|0|    110-6749 West St| 279526|0|0|.882|    ||X||||||||||||||||||||||||||
784934|0|S-VA110PR PARK PL||||S-VA110PR PARK PL|Park Pl|Park Place|110|City of Falls Church|110|City of Falls Church|    US 29 Washington St| 725889|0|0|0|    Cul-de-Sac| 725890|0|0|.07|    ||X||||||||||||||||||||||||||
784935|0|S-VA110PR PARKER ST||||S-VA110PR PARKER ST|Parker St|Parker Ave|110|City of Falls Church|110|City of Falls Church|    110-6795, S Oak St| 279560|0|0|0|    110-6749 E, S West St| 279522|0|0|.43|    ||X||||||||||||||||||||||||||
784936|0|S-VA110PR PARKER ST||||S-VA110PR PARKER ST|Parker St|Parker St|110|City of Falls Church|110|City of Falls Church|    110-6749 W, S West St| 279521|0|0|.43|    110-14 Ellison St| 725770|0|0|.56|    ||X||||||||||||||||||||||||||
784937|0|S-VA110PR PATTERSON ST||||S-VA110PR PATTERSON ST|Patterson St|Patterson St|110|City of Falls Church|110|City of Falls Church|    110-14 Ellison St| 725771|0|0|0|    110-59 Parker St| 725893|0|0|.14|    ||X||||||||||||||||||||||||||
784938|0|S-VA110PR PENNSYLVANIA AVE||||S-VA110PR PENNSYLVANIA AVE|Pennsylvania Ave|N Pennsylvania Ave|110|City of Falls Church|110|City of Falls Church|    SR 7 Broad St| 725894|0|0|0|    110-6767 Great Falls St| 279537|0|0|.33|    ||X||||||||||||||||||||||||||
784939|0|S-VA110PR PINE ST||||S-VA110PR PINE ST|Pine St|Pine St|110|City of Falls Church|110|City of Falls Church|    110-6774 Lincoln Ave| 725791|0|0|0|    110-31 Highland Ave| 725821|0|0|.1|    ||X||||||||||||||||||||||||||
784940|0|S-VA110PR POPLAR DR||||S-VA110PR POPLAR DR|Poplar Dr|Poplar Dr|110|City of Falls Church|110|City of Falls Church|    Cul-de-Sac| 725895|0|0|0|    110-6749 E; S West St| 279515|0|0|.63|    ||X||||||||||||||||||||||||||
784941|0|S-VA110PR POPLAR DR||||S-VA110PR POPLAR DR|Poplar Dr|Poplar Dr|110|City of Falls Church|110|City of Falls Church|    110-6749 W, S West St| 279514|0|0|.63|    29-2612; WCL Falls Church| 268636|0|0|.67|    ||X||||||||||||||||||||||||||
784942|0|S-VA110PR RANDOLPH ST||||S-VA110PR RANDOLPH ST|Randolph St|Randolf St|110|City of Falls Church|110|City of Falls Church|    110-6749 West St| 279517|0|0|0|    110-34 Jackson St| 725829|0|0|.28|    ||X||||||||||||||||||||||||||
784943|0|S-VA110PR RIDGE PL||||S-VA110PR RIDGE PL|Ridge Pl|Ridge Place|110|City of Falls Church|110|City of Falls Church|    110-6792 W; Roosevelt St| 279548|0|0|0|    110-6792 E; Roosevelt St| 279549|0|0|.14|    ||X||||||||||||||||||||||||||
784944|0|S-VA110PR RILEY ST||||S-VA110PR RILEY ST|Riley St|Riley St|110|City of Falls Church|110|City of Falls Church|    110-6767 Great Falls St| 279538|0|0|0|    110-87, N Virginia Ave| 725910|0|0|.22|    ||X||||||||||||||||||||||||||
528002|0|S-VA110PR ROBINSON PL||||S-VA110PR ROBINSON PL|Robinson Pl|Robinson Place|110|City of Falls Church|110|City of Falls Church|    110-63 Poplar Drive| 725897|0|0|0|    110-69 Rosemary Lane| 725911|0|0|.11|    01/01/2022|129|G|||||||X|.215|6 |.68|129|G||||||||||||||
784946|0|S-VA110PR ROLLINS ST||||S-VA110PR ROLLINS ST|Rollins St|Rollins St|110|City of Falls Church|110|City of Falls Church|    Dead End| 725912|0|0|0|    110-87 S, Virginia Ave| 725913|0|0|.095|    ||X||||||||||||||||||||||||||
784947|0|S-VA110PR ROLLINS ST||||S-VA110PR ROLLINS ST|Rollins St|Rollins St|110|City of Falls Church|110|City of Falls Church|    110-87 N, Virginia Ave| 725914|0|0|.095|    Dead End| 725915|0|0|.235|    ||X||||||||||||||||||||||||||
628024|0|S-VA110PR ROOSEVELT BLVD||||S-VA110PR ROOSEVELT BLVD|Roosevelt Blvd|Roosevelt Blvd|110|City of Falls Church|110|City of Falls Church|    110-6729 Roosevelt St| 279508|0|0|0|    29-613 Wilson Blvd; SCL Falls Church| 279507|0|0|.346|    01/01/2022|14710|G|99|0|0|0|0|0|C|.087|6 |.58|15584|G||||||||||||||
628026|1|S-VA110PR ROOSEVELT ST N||||S-VA110PR ROOSEVELT ST N|Roosevelt St N|Roosevelt St N|110|City of Falls Church|110|City of Falls Church|    VA 7 Broad St|1002160|0|0|0|    Tuckahoe St| 279550|0|0|.287|    01/01/2022|2187|G|97|0|1|0|0|0|C|.1|6 |.53|2316|G||||||||||||||
628027|0|S-VA110PR ROOSEVELT ST N||||S-VA110PR ROOSEVELT ST N|Roosevelt St N|Roosevelt St|110|City of Falls Church|110|City of Falls Church|    Tuckahoe St| 279550|0|0|.287|    Roosevelt Blvd| 279508|0|0|.407|    01/01/2022|3243|G|97|0|1|0|0|0|F|.099|6 |.56|3459|G||||||||||||||
628025|0|S-VA110PR ROOSEVELT ST N||||S-VA110PR ROOSEVELT ST N|Roosevelt St N|Roosevelt St|110|City of Falls Church|110|City of Falls Church|    110-6792 Roosevelt St| 279508|0|0|.407|    00-6682; NCL Falls Church| 725732|0|0|.457|    01/01/2022|16441|G|99|0|0|0|0|0|F|.086|6 |.57|17417|G||||||||||||||
628034|0|S-VA110PR ROOSEVELT ST S||||S-VA110PR ROOSEVELT ST S|Roosevelt St S|S Roosevelt St|110|City of Falls Church|110|City of Falls Church|    VA 7 Broad St| 278600|0|0|0|    SR 338 Hillwood Ave| 279032|0|0|.06|    01/01/2022|3193|G|97|0|1|0|0|0|F|.111|6 |.64|3382|G||||||||||||||
784948|0|S-VA110PR ROSEMARY LN W||||S-VA110PR ROSEMARY LN W|Rosemary Ln W|Rosemary Lane|110|City of Falls Church|110|City of Falls Church|    US 29 Lee Highway| 278712|0|0|0|    110-71 Seaton Lane| 725917|0|0|.28|    ||X||||||||||||||||||||||||||
784949|0|S-VA110PR SEATON CIR||||S-VA110PR SEATON CIR|Seaton Cir|Seaton Circle|110|City of Falls Church|110|City of Falls Church|    110-71 Seaton Lane| 725919|0|0|0|    Cul-de-Sac| 725918|0|0|.04|    ||X||||||||||||||||||||||||||
784950|0|S-VA110PR SEATON LN||||S-VA110PR SEATON LN|Seaton Ln|Seaton Lane|110|City of Falls Church|110|City of Falls Church|    110-7; 110-73| 725754|0|0|0|    110-63 Poplar Dr| 725898|0|0|.48|    ||X||||||||||||||||||||||||||
784951|0|S-VA110PR SHADY LN||||S-VA110PR SHADY LN|Shady Ln|Shady Lane|110|City of Falls Church|110|City of Falls Church|    SR 338 Hillwood Ave| 725921|0|0|0|    29-1703; SCL Falls Church| 266937|0|0|.03|    ||X||||||||||||||||||||||||||
784952|0|S-VA110PR SHERROW AVE||||S-VA110PR SHERROW AVE|Sherrow Ave|Sherrow Ave|110|City of Falls Church|110|City of Falls Church|    110-87 N Virginia Ave| 725922|0|0|0|    110-7; 110-71| 725754|0|0|.22|    ||X||||||||||||||||||||||||||
784897|2|S-VA110PR SHIRLEY ST||||S-VA110PR SHIRLEY ST|Shirley St|Shirley St|110|City of Falls Church|110|City of Falls Church|    Dead End| 725923|0|0|0|    110-23 Gibson St|1002156|0|0|.099|    ||X||||||||||||||||||||||||||
401386|1|S-VA110PR SOUTH ST||||S-VA110PR SOUTH ST|South St||110|City of Falls Church|110|City of Falls Church|    SCL Falls Church; 29-1702| 266934|0|0|0|    SR 338 Hillwood Ave| 279032|0|0|.02|    01/01/2022|3040|G|98|0|0|0|0|0|F|.099|6 |.67|5316|G||||||||||||||
784954|0|S-VA110PR SPRING CT||||S-VA110PR SPRING CT|Spring Ct|Spring Court|110|City of Falls Church|110|City of Falls Church|    110-76 S Spring St| 725924|0|0|0|    Cul-de-Sac|1002159|0|0|.04|    ||X||||||||||||||||||||||||||
795785|0|S-VA110PR SPRING ST N||||S-VA110PR SPRING ST N|Spring St N|N Spring St|110|City of Falls Church|110|City of Falls Church|    SR 7 Broad St| 725926|0|0|0|    110-6774 Lincoln Ave| 279542|0|0|.22|    ||X||||||||||||||||||||||||||
784955|0|S-VA110PR SPRING ST S||||S-VA110PR SPRING ST S|Spring St S|S Spring St|110|City of Falls Church|110|City of Falls Church|    SR 7 Broad St| 725926|0|0|0|    110-63 Poplar Dr| 725900|0|0|.66|    ||X||||||||||||||||||||||||||
784956|0|S-VA110PR SPRUCE ST||||S-VA110PR SPRUCE ST|Spruce St|Spruce St|110|City of Falls Church|110|City of Falls Church|    110-56 Offutt Dr| 725884|0|0|0|    29-1745; 110-28; NCL Falls Church| 267092|0|0|.13|    ||X||||||||||||||||||||||||||
784957|0|S-VA110PR SYCAMORE ST||||S-VA110PR SYCAMORE ST|Sycamore St|Sycamore St|110|City of Falls Church|110|City of Falls Church|    110-6774 Lincoln Ave| 725794|0|0|0|    29-2375; NCL Falls Church| 268277|0|0|.06|    ||X||||||||||||||||||||||||||
784958|0|S-VA110PR SYCAMORE ST N||||S-VA110PR SYCAMORE ST N|Sycamore St N|N Sycamore St|110|City of Falls Church|110|City of Falls Church|    110-6792, N Roosevelt St| 279509|0|0|0|    110-93 11th St| 279510|0|0|.12|    ||X||||||||||||||||||||||||||
784959|0|S-VA110PR TIMBER LN||||S-VA110PR TIMBER LN|Timber Ln|Timber Lane|110|City of Falls Church|110|City of Falls Church|    110-6795; S Oak St| 279561|0|0|0|    29-1777; WCL Falls Church| 267144|0|0|.52|    ||X||||||||||||||||||||||||||
784960|0|S-VA110PR TRACY PL||||S-VA110PR TRACY PL|Tracy Pl|Tracy Place|110|City of Falls Church|110|City of Falls Church|    110-69 Rosemary Lane| 725916|0|0|0|    110-63 Poplar Dr| 725896|0|0|.11|    ||X||||||||||||||||||||||||||
784961|0|S-VA110PR TUCKAHOE ST N||||S-VA110PR TUCKAHOE ST N|Tuckahoe St N|N Tuckahoe St|110|City of Falls Church|110|City of Falls Church|    110-6792 Roosevelt St| 279550|0|0|0|    NCL FallsChurch| 725933|0|0|.24|    ||X||||||||||||||||||||||||||
784962|0|S-VA110PR TYSON DR||||S-VA110PR TYSON DR|Tyson Dr|Tyson Dr|110|City of Falls Church|110|City of Falls Church|    110-6 S, Buxton Rd| 725751|0|0|0|    110-6 N, Buxton Rd| 725752|0|0|.19|    ||X||||||||||||||||||||||||||
784963|0|S-VA110PR UNDERWOOD ST N||||S-VA110PR UNDERWOOD ST N|Underwood St N|Underwood St|110|City of Falls Church|110|City of Falls Church|    110-93 11th St| 279557|0|0|0|    110-6794 Columbia St (pre-update)|1002630|0|0|.191|    ||X||||||||||||||||||||||||||
784964|0|S-VA110PR VAN BUREN ST||||S-VA110PR VAN BUREN ST|Van Buren St|N Van Buren St|110|City of Falls Church|110|City of Falls Church|    110-86 Villa Ridge Rd| 725937|0|0|0|    110-6794 Columbia St (pre-update)|1097180|0|0|.434|    ||X||||||||||||||||||||||||||
784965|0|S-VA110PR VILLA RDG||||S-VA110PR VILLA RDG|Villa Rdg|Villa Ridge Rd|110|City of Falls Church|110|City of Falls Church|    110-6 Buxton Rd| 725750|0|0|0|    Dead End| 725940|0|0|.26|    ||X||||||||||||||||||||||||||
784967|0|S-VA110PR VIRGINIA AVE N||||S-VA110PR VIRGINIA AVE N|Virginia Ave N|N Virginia Ave|110|City of Falls Church|110|City of Falls Church|    110-6767 Great Falls St| 279539|0|0|0|    110-57 W, Park Ave| 725887|0|0|.21|    ||X||||||||||||||||||||||||||
784966|0|S-VA110PR VIRGINIA AVE S||||S-VA110PR VIRGINIA AVE S|Virginia Ave S|S Virginia Ave|110|City of Falls Church|110|City of Falls Church|    SR 7 Broad St| 725944|0|0|0|    Cul-de-Sac| 725943|0|0|.38|    ||X||||||||||||||||||||||||||
784968|0|S-VA110PR WALDEN CT||||S-VA110PR WALDEN CT|Walden Ct|Walden Court|110|City of Falls Church|110|City of Falls Church|    110-6774 Lincoln Ave| 279546|0|0|0|    Cul-de-Sac| 725946|0|0|.04|    ||X||||||||||||||||||||||||||
784969|0|S-VA110PR WALNUT ST||||S-VA110PR WALNUT ST|Walnut St|Walnut St|110|City of Falls Church|110|City of Falls Church|    110-31 Highland Ave| 725822|0|0|0|    110-6774 Lincoln Ave| 725793|0|0|.1|    ||X||||||||||||||||||||||||||
784970|0|S-VA110PR WELCOME DR||||S-VA110PR WELCOME DR|Welcome Dr|Welcome Dr|110|City of Falls Church|110|City of Falls Church|    29-5169 Waldorf Lane; WCL Falls Church| 272374|0|0|0|    Cul-de-Sac| 725948|0|0|.1|    ||X||||||||||||||||||||||||||
628041|0|S-VA110PR WEST ST N||||S-VA110PR WEST ST N|West St N|West St|110|City of Falls Church|110|City of Falls Church|    SR 7 Broad St| 279503|0|0|0|    110-6767 Great Falls St (pre-update)| 267165|0|0|.56|    01/01/2022|4178|G|96|1|1|1|0|0|C|.124|6 |.65|4431|G||||||||||||||
628040|0|S-VA110PR WEST ST S||||S-VA110PR WEST ST S|West St S|West St|110|City of Falls Church|110|City of Falls Church|    SR 7 Broad St| 279503|0|0|0|    Parker St| 279521|0|0|.242|    01/01/2022|6161|G|97|0|1|1|0|0|C|.094|6 |.57|6519|G||||||||||||||
628039|0|S-VA110PR WEST ST S||||S-VA110PR WEST ST S|West St S|West St|110|City of Falls Church|110|City of Falls Church|    Parker St| 279521|0|0|.242|    Poplar Dr| 279514|0|0|.52|    01/01/2022|5390|G|97|0|1|1|0|0|F|.096|6 |.6|5703|G||||||||||||||
628038|0|S-VA110PR WEST ST S||||S-VA110PR WEST ST S|West St S|West St|110|City of Falls Church|110|City of Falls Church|    Poplar Dr| 279514|0|0|.52|    WCL Falls Church; 29-705| 264790|0|0|.64|    01/01/2022|5359|G|97|0|1|1|0|0|F|.102|6 |.63|5671|G||||||||||||||
784971|0|S-VA110PR WESTMORELAND RD W||||S-VA110PR WESTMORELAND RD W|Westmoreland Rd W|W Westmorland Rd|110|City of Falls Church|110|City of Falls Church|    US 29 Washington St| 266962|0|0|0|    | 725949|0|0|.18|    ||X||||||||||||||||||||||||||
784972|0|S-VA110PR YUCATAN ST N||||S-VA110PR YUCATAN ST N|Yucatan St N|Yucatan St|110|City of Falls Church|110|City of Falls Church|    110-6774 Lincoln Ave| 279547|0|0|0|    NCL Falls Church| 725950|0|0|.02|    ||X||||||||||||||||||||||||||
