sep=|
- - 2022 AADT Report for Town of Rich Creek - -
LINKID|SEQUENCENUMBER|RTE_NM|RTE_NM_2|RTE_NM_3|RTE_NM_4|Host RTE_NM|Route Label|Street Name|Physical Jurisdiction|Physical Jurisdiciton Name|Maintenance Jurisdiction|Maintenance Jurisdiciton Name|    Start Label|Start Node|Start Node Route Sequence|Star tOffset|Start Milepoint|    End Label|End Node|End Node Route Sequence|End Offset|End Milepoint|    VPDDate|AADT|AADT Quality|Passenger Vehicle|Bus|Truck 2 Axle|Truck 3 Axle|Truck 1 Trailer|Truck 2 Trailer|Class Quality|K Factor|K Factor Quality|Direction Factor|AAWDT|AAWDT Quality|AADT Dir|AADT Quality Dir|PassengerVehicle Dir|Bus Dir|Truck 2 Axle Dir|Truck 3 Axle Dir|Truck 1 Trailer Dir|Truck 2 Trailer Dir|Class Quality Dir|K Factor Dir|K Factor Quality Dir|Direction Factor Dir|AAWDT Dir|AAWDT Quality Dir
020296|0|R-VA   US00219EB||||R-VA   US00219EB|US 219|Federal St|289|Town of Rich Creek|035|Giles County|    US 460 Virginia Ave| 338724|0|0|0|    Physical Jurisdiction Boundary: 289 Town of Rich Creek / 035 Giles County| 338723|0|0|.57|    01/01/2022|9105|G|97|0|1|0|2|0|C|.09|6 |.67|9960|G||||||||||||||
020305|0|R-VA   US00460EB||||R-VA   US00460EB|US 460|Virginia Ave|289|Town of Rich Creek|035|Giles County|    |1093572|0|0|83.58|    US 219 Rich Creek| 338724|0|0|84.16|    01/01/2022|9377|G|90|1|1|1|7|0|F|.083|6 |.51|9929|G||||||||||||||
020304|0|R-VA   US00460EB||||R-VA   US00460EB|US 460|Virginia Ave|289|Town of Rich Creek|035|Giles County|    US 219 Rich Creek; Island St| 338724|0|0|84.16|    35-712 Riverside Dr| 338296|0|0|84.89|    01/01/2022|7535|G|90|1|1|1|7|0|F|.083|6 |.64|5199|G||||||||||||||
652001|0|R-VA   US00460EB||||R-VA   US00460EB|US 460|Virginia Ave|289|Town of Rich Creek|035|Giles County|    35-712 Riverside Dr| 338296|0|0|84.89|    Physical Jurisdiction Boundary: 289 Town of Rich Creek / 035 Giles County|1093576|0|0|85.07|    01/01/2022|13492|G|90|1|1|1|7|0|F|.089|6 |.61|9310|G||||||||||||||
740366|0|R-VA035SC00647EB||||R-VA035SC00647EB|35-647|Powell Mtn Rd|289|Town of Rich Creek|035|Giles County|    | 338174|0|0|2.38|    35-1024 Powell Mtn Rd| 338173|0|0|2.67|    10/19/2017|177|R|||||||X||24|||X||||||||||||||
740674|0|R-VA035SC00647EB||||R-VA035SC00647EB|35-647||289|Town of Rich Creek|035|Giles County|    35-647 Powell Mtn Rd| 338173|0|0|2.67|    35-806 Virginia Ave| 338433|0|0|2.81|    10/19/2017|261|R|||||||X||24|||X||||||||||||||
740473|0|R-VA035SC00712NB||||R-VA035SC00712NB|35-712|Riverside Dr|289|Town of Rich Creek|035|Giles County|    US 460 S, Virginia Ave| 338296|0|0|0|    35-1021 Old Virginia Ave| 338297|0|0|.52|    10/25/2017|141|R|||||||X||24|||X||||||||||||||
740495|0|R-VA035SC00726NB||||R-VA035SC00726NB|35-726|Old Peterstown Rd|289|Town of Rich Creek|035|Giles County|    35-1006 Woodland St| 338322|0|0|0|    Physical Jurisdiction Boundary: 289 Town of Rich Creek / 035 Giles County| 338320|0|0|.14|    04/26/2011|253|R|||||||X||24|||X||||||||||||||
740610|0|R-VA035SC00806EB||||R-VA035SC00806EB|35-806|Virginia Ave|289|Town of Rich Creek|035|Giles County|    WCL Rich Creek| 721922|0|0|0|    35-1018 Powells Lane| 338435|0|0|.04|    10/19/2017|10|R|||||||X||24|||X||||||||||||||
740611|0|R-VA035SC00806EB||||R-VA035SC00806EB|35-806|Virginia Ave|289|Town of Rich Creek|035|Giles County|    35-1018 Powells Lane| 338435|0|0|.04|    35-1025 Summit Dr| 338434|0|0|.08|    10/19/2017|98|R|||||||X||24|||X||||||||||||||
740612|0|R-VA035SC00806EB||||R-VA035SC00806EB|35-806|Virginia Ave|289|Town of Rich Creek|035|Giles County|    35-1025 Summit Dr| 338434|0|0|.08|    35-1024 Powell Mtn Rd| 338433|0|0|.22|    10/19/2017|253|R|||||||X||24|||X||||||||||||||
740613|0|R-VA035SC00806EB||||R-VA035SC00806EB|35-806|Virginia Ave|289|Town of Rich Creek|035|Giles County|    35-1024 Powell Mtn Rd| 338433|0|0|.22|    35-1010 Spruce St| 338432|0|0|.31|    10/19/2017|645|R|||||||X||24|||X||||||||||||||
740614|0|R-VA035SC00806EB||||R-VA035SC00806EB|35-806|Virginia Ave|289|Town of Rich Creek|035|Giles County|    35-1010 Spruce St| 338432|0|0|.31|    35-1020 North St| 338431|0|0|.46|    10/19/2017|1089|R|||||||X||24|||X||||||||||||||
740615|0|R-VA035SC00806EB||||R-VA035SC00806EB|35-806|Virginia Ave|289|Town of Rich Creek|035|Giles County|    35-1020 North St| 338431|0|0|.46|    US 219 Federal St| 338430|0|0|.52|    10/19/2017|1469|R|||||||X||24|||X||||||||||||||
740631|0|R-VA035SC01001NB||||R-VA035SC01001NB|35-1001|Church St|289|Town of Rich Creek|035|Giles County|    US 219 Federal St| 338445|0|0|0|    0.20 MN US 219| 338445|0|.2|.2|    10/25/2017|121|R|||||||X||24|||X||||||||||||||
740632|0|R-VA035SC01001NB||||R-VA035SC01001NB|35-1001|Church St|289|Town of Rich Creek|035|Giles County|    0.20 MN US 219| 338445|0|.2|.2|    Dead End| 338446|0|0|.62|    10/25/2017|148|R|||||||X||24|||X||||||||||||||
740633|0|R-VA035SC01002EB||||R-VA035SC01002EB|35-1002|Knob St|289|Town of Rich Creek|035|Giles County|    35-1023 Federal St| 338450|0|0|0|    35-1021 Old Virginia Ave| 338449|0|0|.04|    10/25/2017|1148|R|||||||X||24|||X||||||||||||||
740634|0|R-VA035SC01002EB||||R-VA035SC01002EB|35-1002|Knob St|289|Town of Rich Creek|035|Giles County|    35-1021 Old Virginia Ave| 338449|0|0|.04|    35-1019 Giles Ave| 338448|0|0|.09|    10/25/2017|350|R|||||||X||24|||X||||||||||||||
740635|0|R-VA035SC01002EB||||R-VA035SC01002EB|35-1002|Knob St|289|Town of Rich Creek|035|Giles County|    35-1019 Giles Ave| 338448|0|0|.09|    35-1003 Shumate Ave| 338447|0|0|.15|    10/25/2017|177|R|||||||X||24|||X||||||||||||||
740636|0|R-VA035SC01003NB||||R-VA035SC01003NB|35-1003|Shumate Ave|289|Town of Rich Creek|035|Giles County|    35-1006 Woodland St| 338451|0|0|0|    35-1002 Knob St| 338447|0|0|.05|    10/25/2017|43|R|||||||X||24|||X||||||||||||||
740637|0|R-VA035SC01005NB||||R-VA035SC01005NB|35-1005|Mercer Rd|289|Town of Rich Creek|035|Giles County|    35-1006 Woodland St| 338452|0|0|0|    35-1006 Woodland St| 338656|0|0|.25|    10/25/2017|69|R|||||||X||24|||X||||||||||||||
740638|0|R-VA035SC01006NB||||R-VA035SC01006NB|35-1006|Woodland St|289|Town of Rich Creek|035|Giles County|    Dead End| 338458|0|0|0|    35-1012 Highland Court| 338457|0|0|.04|    08/15/2008|42|R|||||||X||24|||X||||||||||||||
740639|0|R-VA035SC01006NB||||R-VA035SC01006NB|35-1006|Woodland St|289|Town of Rich Creek|035|Giles County|    35-1012 Highland Court| 338457|0|0|.04|    35-1014 E, Greenbrier Dr| 338657|0|0|.18|    10/25/2017|57|R|||||||X||24|||X||||||||||||||
740640|0|R-VA035SC01006NB||||R-VA035SC01006NB|35-1006|Woodland St|289|Town of Rich Creek|035|Giles County|    35-1014 E, Greenbrier Dr| 338657|0|0|.18|    35-1014 W, Greenbrier Dr| 338456|0|0|.35|    10/25/2017|85|R|||||||X||24|||X||||||||||||||
740641|0|R-VA035SC01006NB||||R-VA035SC01006NB|35-1006|Woodland St|289|Town of Rich Creek|035|Giles County|    35-1014 W, Greenbrier Dr| 338456|0|0|.35|    35-726 Old Peterstown Rd| 338322|0|0|.5|    10/25/2017|294|R|||||||X||24|||X||||||||||||||
740642|0|R-VA035SC01006NB||||R-VA035SC01006NB|35-1006|Woodland St|289|Town of Rich Creek|035|Giles County|    35-726 Old Peterstown Rd| 338322|0|0|.5|    35-1005 E, Mercer Rd| 338656|0|0|.58|    10/25/2017|413|R|||||||X||24|||X||||||||||||||
740643|0|R-VA035SC01006NB||||R-VA035SC01006NB|35-1006|Woodland St|289|Town of Rich Creek|035|Giles County|    35-1005 E, Mercer Rd| 338656|0|0|.58|    35-1005 W, Mercer Rd| 338452|0|0|.63|    10/25/2017|434|R|||||||X||24|||X||||||||||||||
740644|0|R-VA035SC01006NB||||R-VA035SC01006NB|35-1006|Woodland St|289|Town of Rich Creek|035|Giles County|    35-1005 W, Mercer Rd| 338452|0|0|.63|    35-1003 Shumate Ave| 338451|0|0|.99|    10/25/2017|527|R|||||||X||24|||X||||||||||||||
740645|0|R-VA035SC01006NB||||R-VA035SC01006NB|35-1006|Woodland St|289|Town of Rich Creek|035|Giles County|    35-1003 Shumate Ave| 338451|0|0|.99|    35-1019 Giles Ave| 338455|0|0|1.05|    10/25/2017|561|R|||||||X||24|||X||||||||||||||
740646|0|R-VA035SC01006NB||||R-VA035SC01006NB|35-1006|Woodland St|289|Town of Rich Creek|035|Giles County|    35-1019 Giles Ave| 338455|0|0|1.05|    35-1021 Old Virginia Ave| 338454|0|0|1.1|    10/25/2017|879|R|||||||X||24|||X||||||||||||||
740647|0|R-VA035SC01006NB||||R-VA035SC01006NB|35-1006|Federal St|289|Town of Rich Creek|035|Giles County|    35-1021 Old Virginia Ave| 338454|0|0|1.1|    35-1023 Federal St| 338453|0|0|1.14|    10/25/2017|133|R|||||||X||24|||X||||||||||||||
740648|0|R-VA035SC01007EB||||R-VA035SC01007EB|35-1007|Hilltop St|289|Town of Rich Creek|035|Giles County|    35-712 Riverside Dr| 338298|0|0|0|    Dead End| 338459|0|0|.1|    10/10/2017|50|T|||||||X||24|||X||||||||||||||
740649|0|R-VA035SC01008EB||||R-VA035SC01008EB|35-1008|Walnut St|289|Town of Rich Creek|035|Giles County|    35-712 Riverside Dr| 338300|0|0|0|    Dead End| 338658|0|0|.15|    10/10/2017|71|R|||||||X||24|||X||||||||||||||
740650|0|R-VA035SC01009EB||||R-VA035SC01009EB|35-1009|Locust St|289|Town of Rich Creek|035|Giles County|    35-712 Riverside Dr| 338301|0|0|0|    Dead End| 338659|0|0|.1|    10/10/2017|55|R|||||||X||24|||X||||||||||||||
740651|0|R-VA035SC01010EB||||R-VA035SC01010EB|35-1010|Spruce St|289|Town of Rich Creek|035|Giles County|    35-806 Virginia Ave| 338432|0|0|0|    35-1022 Rt 1022| 338460|0|0|.06|    10/19/2017|279|R|||||||X||24|||X||||||||||||||
740652|0|R-VA035SC01010EB||||R-VA035SC01010EB|35-1010|Spruce St|289|Town of Rich Creek|035|Giles County|    35-1022 Rt 1022| 338460|0|0|.06|    35-1020 North St| 338461|0|0|.08|    10/19/2017|94|R|||||||X||24|||X||||||||||||||
740653|0|R-VA035SC01011EB||||R-VA035SC01011EB|35-1011|Pleasant St|289|Town of Rich Creek|035|Giles County|    35-712 Riverside Dr| 338299|0|0|0|    Dead End| 338660|0|0|.12|    10/10/2017|52|R|||||||X||24|||X||||||||||||||
740654|0|R-VA035SC01012EB||||R-VA035SC01012EB|35-1012|Highland Court|289|Town of Rich Creek|035|Giles County|    35-1015 Pine Place| 338463|0|0|0|    35-1013 Taylor Court| 338462|0|0|.04|    10/25/2017|21|R|||||||X||24|||X||||||||||||||
740655|0|R-VA035SC01012EB||||R-VA035SC01012EB|35-1012|Highland Court|289|Town of Rich Creek|035|Giles County|    35-1013 Taylor Court| 338462|0|0|.04|    35-1006 Woodland St| 338457|0|0|.08|    10/25/2017|21|R|||||||X||24|||X||||||||||||||
740656|0|R-VA035SC01013NB||||R-VA035SC01013NB|35-1013|Taylor Court|289|Town of Rich Creek|035|Giles County|    35-1012 Highland Court| 338462|0|0|0|    35-1014 Greenbrier Dr| 338464|0|0|.09|    10/25/2017|50|R|||||||X||24|||X||||||||||||||
740657|0|R-VA035SC01014EB||||R-VA035SC01014EB|35-1014|Greenbrier Dr|289|Town of Rich Creek|035|Giles County|    35-1006 Woodland St| 338456|0|0|0|    35-1015 Pine Place| 338465|0|0|.05|    10/25/2017|48|R|||||||X||24|||X||||||||||||||
740658|0|R-VA035SC01014EB||||R-VA035SC01014EB|35-1014|Greenbrier Dr|289|Town of Rich Creek|035|Giles County|    35-1015 Pine Place| 338465|0|0|.05|    35-1013 Taylor Court| 338464|0|0|.09|    10/25/2017|72|R|||||||X||24|||X||||||||||||||
740659|0|R-VA035SC01014EB||||R-VA035SC01014EB|35-1014|Greenbrier Dr|289|Town of Rich Creek|035|Giles County|    35-1013 Taylor Court| 338464|0|0|.09|    35-1006 Woodland St| 338657|0|0|.13|    10/25/2017|23|R|||||||X||24|||X||||||||||||||
740660|0|R-VA035SC01015NB||||R-VA035SC01015NB|35-1015|Pine Place|289|Town of Rich Creek|035|Giles County|    Cul-de-Sac| 715263|0|0|0|    35-1012 Highland Court| 338463|0|0|.23|    10/10/2017|50|T|||||||X||24|||X||||||||||||||
740661|0|R-VA035SC01015NB||||R-VA035SC01015NB|35-1015|Pine Place|289|Town of Rich Creek|035|Giles County|    35-1012 Highland Court| 338463|0|0|.23|    35-1014 Greenbrier Dr| 338465|0|0|.33|    10/25/2017|51|R|||||||X||24|||X||||||||||||||
740662|0|R-VA035SC01016NB||||R-VA035SC01016NB|35-1016|Cherry Ave|289|Town of Rich Creek|035|Giles County|    Dead End| 700756|0|0|0|    35-712 Riverside Dr| 338302|0|0|.05|    06/05/2014|27|R|||||||X||24|||X||||||||||||||
740663|0|R-VA035SC01017EB||||R-VA035SC01017EB|35-1017|Park Lane|289|Town of Rich Creek|035|Giles County|    Dead End| 700757|0|0|0|    35-726 Old Peterstown Rd| 338321|0|0|.15|    10/10/2017|10|T|||||||X||24|||X||||||||||||||
740664|0|R-VA035SC01018NB||||R-VA035SC01018NB|35-1018|Powells Lane|289|Town of Rich Creek|035|Giles County|    Dead End| 700758|0|0|0|    35-806 Virginia Ave| 338435|0|0|.25|    10/19/2017|40|T|||||||X||24|||X||||||||||||||
740665|0|R-VA035SC01019NB||||R-VA035SC01019NB|35-1019|Giles Ave|289|Town of Rich Creek|035|Giles County|    35-1006 Woodland St| 338455|0|0|0|    35-1002 Knob St| 338448|0|0|.05|    10/25/2017|414|R|||||||X||24|||X||||||||||||||
740666|0|R-VA035SC01019NB||||R-VA035SC01019NB|35-1019|Giles Ave|289|Town of Rich Creek|035|Giles County|    35-1002 Knob St| 338448|0|0|.05|    US 219 Federal St| 338466|0|0|.1|    10/25/2017|431|R|||||||X||24|||X||||||||||||||
740667|0|R-VA035SC01020NB||||R-VA035SC01020NB|35-1020|North St|289|Town of Rich Creek|035|Giles County|    35-806 Virginia Ave| 338431|0|0|0|    35-1010 Spruce St| 338461|0|0|.2|    10/19/2017|139|R|||||||X||24|||X||||||||||||||
740474|0|R-VA035SC01021NB||||R-VA035SC01021NB|35-1021||289|Town of Rich Creek|035|Giles County|    US 460 N, Virginia Ave| 338303|0|0|0|    35-1021 Old Virginia Ave| 338297|0|0|.08|    10/25/2017|4901|R|||||||X||24|||X||||||||||||||
740668|0|R-VA035SC01021NB||||R-VA035SC01021NB|35-1021|Old Virginia Ave|289|Town of Rich Creek|035|Giles County|    35-712 Old Va Ave; Riverside Dr| 338297|0|0|.08|    35-1006 Federal St; Woodland St| 338454|0|0|.18|    10/25/2017|6417|R|||||||X||24|||X||||||||||||||
740669|0|R-VA035SC01021NB||||R-VA035SC01021NB|35-1021|Old Virginia Ave|289|Town of Rich Creek|035|Giles County|    35-1006 Federal St; Woodland St| 338454|0|0|.18|    35-1002 Knob St| 338449|0|0|.25|    10/25/2017|5224|R|||||||X||24|||X||||||||||||||
740670|0|R-VA035SC01021NB||||R-VA035SC01021NB|35-1021|Old Virginia Ave|289|Town of Rich Creek|035|Giles County|    35-1002 Knob St| 338449|0|0|.25|    US 219 Federal St| 338467|0|0|.31|    10/25/2017|5561|R|||||||X||24|||X||||||||||||||
740671|0|R-VA035SC01022NB||||R-VA035SC01022NB|35-1022|Rt 1022|289|Town of Rich Creek|035|Giles County|    35-1010 Spruce St| 338460|0|0|0|    Dead End| 338661|0|0|.05|    10/19/2017|54|R|||||||X||24|||X||||||||||||||
740672|0|R-VA035SC01023NB||||R-VA035SC01023NB|35-1023|Federal St|289|Town of Rich Creek|035|Giles County|    35-1006 Federal St| 338453|0|0|0|    35-1002 Knob St| 338450|0|0|.06|    10/25/2017|109|R|||||||X||24|||X||||||||||||||
740673|0|R-VA035SC01023NB||||R-VA035SC01023NB|35-1023|Federal St|289|Town of Rich Creek|035|Giles County|    35-1002 Knob St| 338450|0|0|.06|    Dead End| 338662|0|0|.14|    06/05/2014|40|R|||||||X||24|||X||||||||||||||
740675|0|R-VA035SC01024NB||||R-VA035SC01024NB|35-1024|Powell Mtn Rd|289|Town of Rich Creek|035|Giles County|    35-647 Powell Mtn Rd| 338173|0|0|0|    Dead End| 338663|0|0|.04|    10/19/2017|213|R|||||||X||24|||X||||||||||||||
740676|0|R-VA035SC01025NB||||R-VA035SC01025NB|35-1025|Summit Dr|289|Town of Rich Creek|035|Giles County|    35-806 Virginia Ave| 338434|0|0|0|    NCL Rich Creek| 338468|0|0|.3|    10/10/2017|58|R|||||||X||24|||X||||||||||||||
